fecha,anio,mes_num,departamento,visitantes_no_residentes,n_registros_origen,n_ciudades,n_paises_residencia
2015-01-01,2015,1,AMAZONAS,322.0,39,3,37
2015-01-01,2015,1,ANTIOQUIA,9358.416,297,50,99
2015-01-01,2015,1,ARAUCA,16.0,8,3,8
2015-01-01,2015,1,ATLANTICO,3024.0,105,11,68
2015-01-01,2015,1,BOGOTA D.C.,12633.006,139,1,139
2015-01-01,2015,1,BOLIVAR,7012.974,150,25,102
2015-01-01,2015,1,BOYACA,280.0,87,19,29
2015-01-01,2015,1,CALDAS,653.0,90,17,48
2015-01-01,2015,1,CAQUETA,16.0,11,2,10
2015-01-01,2015,1,CASANARE,44.0,22,4,17
2015-01-01,2015,1,CAUCA,288.0,52,12,35
2015-01-01,2015,1,CESAR,155.0,38,7,27
2015-01-01,2015,1,CHOCO,149.0,39,9,26
2015-01-01,2015,1,CORDOBA,166.0,55,13,30
2015-01-01,2015,1,CUNDINAMARCA,727.0,267,55,49
2015-01-01,2015,1,GUAINIA,3.0,2,1,2
2015-01-01,2015,1,GUAVIARE,3.0,1,1,1
2015-01-01,2015,1,HUILA,210.0,53,10,29
2015-01-01,2015,1,LA GUAJIRA,136.0,58,8,31
2015-01-01,2015,1,MAGDALENA,2147.0,83,9,56
2015-01-01,2015,1,META,284.0,61,11,35
2015-01-01,2015,1,NARINO,1376.0,96,18,46
2015-01-01,2015,1,NORTE DE SANTANDER,1806.0,82,13,53
2015-01-01,2015,1,PUTUMAYO,57.0,23,8,15
2015-01-01,2015,1,QUINDIO,578.0,75,9,41
2015-01-01,2015,1,RISARALDA,1302.0,100,9,56
2015-01-01,2015,1,"SAN ANDRES, PROVIDENCIA Y SANTA CATALINA",3784.024,59,2,43
2015-01-01,2015,1,SANTANDER,1275.0,150,19,57
2015-01-01,2015,1,SIN ESPECIFICAR,24.0,10,1,10
2015-01-01,2015,1,SUCRE,89.0,38,7,22
2015-01-01,2015,1,TOLIMA,390.0,70,19,39
2015-01-01,2015,1,VALLE DEL CAUCA,7443.816,374,36,92
2015-01-01,2015,1,VICHADA,16.0,8,1,8
2015-02-01,2015,2,AMAZONAS,260.0,37,2,34
2015-02-01,2015,2,ANTIOQUIA,7932.611,251,46,97
2015-02-01,2015,2,ARAUCA,13.0,10,5,9
2015-02-01,2015,2,ATLANTICO,2700.923,109,11,77
2015-02-01,2015,2,BOGOTA D.C.,11722.713,147,1,147
2015-02-01,2015,2,BOLIVAR,7429.834,141,17,94
2015-02-01,2015,2,BOYACA,314.0,97,27,31
2015-02-01,2015,2,CALDAS,571.0,69,18,35
2015-02-01,2015,2,CAQUETA,25.0,12,6,8
2015-02-01,2015,2,CASANARE,55.0,23,6,18
2015-02-01,2015,2,CAUCA,243.0,43,11,27
2015-02-01,2015,2,CESAR,101.0,28,7,19
2015-02-01,2015,2,CHOCO,179.0,37,6,31
2015-02-01,2015,2,CORDOBA,107.0,45,13,25
2015-02-01,2015,2,CUNDINAMARCA,508.0,211,42,44
2015-02-01,2015,2,GUAINIA,7.0,5,2,5
2015-02-01,2015,2,GUAVIARE,1.0,1,1,1
2015-02-01,2015,2,HUILA,167.0,52,11,27
2015-02-01,2015,2,LA GUAJIRA,123.0,50,10,25
2015-02-01,2015,2,MAGDALENA,2664.0,92,13,51
2015-02-01,2015,2,META,213.0,48,8,31
2015-02-01,2015,2,NARINO,1212.0,94,16,42
2015-02-01,2015,2,NORTE DE SANTANDER,1318.0,71,11,46
2015-02-01,2015,2,PUTUMAYO,36.0,13,6,7
2015-02-01,2015,2,QUINDIO,671.0,79,9,42
2015-02-01,2015,2,RISARALDA,1405.0,85,8,53
2015-02-01,2015,2,"SAN ANDRES, PROVIDENCIA Y SANTA CATALINA",2615.148,69,2,47
2015-02-01,2015,2,SANTANDER,993.0,128,19,54
2015-02-01,2015,2,SIN ESPECIFICAR,62.0,18,1,18
2015-02-01,2015,2,SUCRE,72.0,29,7,17
2015-02-01,2015,2,TOLIMA,253.0,59,11,38
2015-02-01,2015,2,VALLE DEL CAUCA,5721.612,312,34,86
2015-02-01,2015,2,VAUPES,1.0,1,1,1
2015-02-01,2015,2,VICHADA,32.0,10,3,9
2015-03-01,2015,3,AMAZONAS,444.0,40,4,36
2015-03-01,2015,3,ANTIOQUIA,8727.587,267,48,97
2015-03-01,2015,3,ARAUCA,14.0,9,2,8
2015-03-01,2015,3,ATLANTICO,1954.131,100,10,68
2015-03-01,2015,3,BOGOTA D.C.,11336.153,146,1,146
2015-03-01,2015,3,BOLIVAR,7892.483,145,16,107
2015-03-01,2015,3,BOYACA,226.0,81,22,25
2015-03-01,2015,3,CALDAS,425.0,65,15,33
2015-03-01,2015,3,CAQUETA,23.0,11,1,11
2015-03-01,2015,3,CASANARE,46.0,23,4,19
2015-03-01,2015,3,CAUCA,357.0,56,10,35
2015-03-01,2015,3,CESAR,128.0,35,8,24
2015-03-01,2015,3,CHOCO,190.0,40,8,28
2015-03-01,2015,3,CORDOBA,134.0,44,11,27
2015-03-01,2015,3,CUNDINAMARCA,826.0,224,46,44
2015-03-01,2015,3,GUAINIA,10.0,6,1,6
2015-03-01,2015,3,GUAVIARE,1.0,1,1,1
2015-03-01,2015,3,HUILA,152.0,58,9,32
2015-03-01,2015,3,LA GUAJIRA,139.0,55,10,31
2015-03-01,2015,3,MAGDALENA,2232.0,95,15,60
2015-03-01,2015,3,META,252.0,48,7,39
2015-03-01,2015,3,NARINO,989.0,85,17,43
2015-03-01,2015,3,NORTE DE SANTANDER,1597.0,89,12,53
2015-03-01,2015,3,PUTUMAYO,46.0,17,7,10
2015-03-01,2015,3,QUINDIO,632.0,77,9,39
2015-03-01,2015,3,RISARALDA,1508.0,96,10,52
2015-03-01,2015,3,"SAN ANDRES, PROVIDENCIA Y SANTA CATALINA",2855.652,74,2,51
2015-03-01,2015,3,SANTANDER,1063.0,119,26,49
2015-03-01,2015,3,SIN ESPECIFICAR,372.0,12,1,12
2015-03-01,2015,3,SUCRE,51.0,22,7,13
2015-03-01,2015,3,TOLIMA,312.0,70,16,40
2015-03-01,2015,3,VALLE DEL CAUCA,6250.482,311,36,90
2015-03-01,2015,3,VAUPES,13.0,3,1,3
2015-03-01,2015,3,VICHADA,7.0,4,1,4
2015-04-01,2015,4,AMAZONAS,485.0,28,1,28
2015-04-01,2015,4,ANTIOQUIA,8469.31,259,53,103
2015-04-01,2015,4,ARAUCA,28.0,13,3,10
2015-04-01,2015,4,ATLANTICO,1744.0430000000001,99,13,68
2015-04-01,2015,4,BOGOTA D.C.,10869.094000000001,146,1,146
2015-04-01,2015,4,BOLIVAR,6386.6939999999995,140,9,111
2015-04-01,2015,4,BOYACA,229.0,87,18,31
2015-04-01,2015,4,CALDAS,478.0,56,12,36
2015-04-01,2015,4,CAQUETA,21.0,11,3,9
2015-04-01,2015,4,CASANARE,37.0,20,5,14
2015-04-01,2015,4,CAUCA,300.0,46,10,32
2015-04-01,2015,4,CESAR,264.0,38,10,24
2015-04-01,2015,4,CHOCO,143.0,38,6,28
2015-04-01,2015,4,CORDOBA,190.0,52,12,34
2015-04-01,2015,4,CUNDINAMARCA,504.0,206,44,41
2015-04-01,2015,4,GUAINIA,1.0,1,1,1
2015-04-01,2015,4,GUAVIARE,2.0,2,1,2
2015-04-01,2015,4,HUILA,183.0,52,14,27
2015-04-01,2015,4,LA GUAJIRA,153.0,54,8,33
2015-04-01,2015,4,MAGDALENA,1488.0,80,11,57
2015-04-01,2015,4,META,177.0,47,11,30
2015-04-01,2015,4,NARINO,1064.0,87,18,43
2015-04-01,2015,4,NORTE DE SANTANDER,1420.0,75,10,48
2015-04-01,2015,4,PUTUMAYO,45.0,16,7,9
2015-04-01,2015,4,QUINDIO,612.0,73,10,41
2015-04-01,2015,4,RISARALDA,1469.0,93,12,52
2015-04-01,2015,4,"SAN ANDRES, PROVIDENCIA Y SANTA CATALINA",1417.597,69,2,53
2015-04-01,2015,4,SANTANDER,958.0,127,21,58
2015-04-01,2015,4,SIN ESPECIFICAR,53.0,11,2,11
2015-04-01,2015,4,SUCRE,51.0,24,5,16
2015-04-01,2015,4,TOLIMA,285.0,54,12,37
2015-04-01,2015,4,VALLE DEL CAUCA,6050.055,305,33,78
2015-04-01,2015,4,VAUPES,2.0,1,1,1
2015-04-01,2015,4,VICHADA,4.0,3,1,3
2015-05-01,2015,5,AMAZONAS,492.0,38,2,37
2015-05-01,2015,5,ANTIOQUIA,8280.388,246,38,100
2015-05-01,2015,5,ARAUCA,16.0,8,3,8
2015-05-01,2015,5,ATLANTICO,1834.19,108,14,77
2015-05-01,2015,5,BOGOTA D.C.,10309.226,132,1,132
2015-05-01,2015,5,BOLIVAR,6696.976,152,16,119
2015-05-01,2015,5,BOYACA,281.0,84,21,26
2015-05-01,2015,5,CALDAS,503.0,73,13,40
2015-05-01,2015,5,CAQUETA,20.0,11,3,9
2015-05-01,2015,5,CASANARE,29.0,15,5,11
2015-05-01,2015,5,CAUCA,468.0,53,13,30
2015-05-01,2015,5,CESAR,123.0,31,8,20
2015-05-01,2015,5,CHOCO,230.0,47,9,34
2015-05-01,2015,5,CORDOBA,121.0,34,7,23
2015-05-01,2015,5,CUNDINAMARCA,519.0,194,43,38
2015-05-01,2015,5,GUAINIA,6.0,2,1,2
2015-05-01,2015,5,GUAVIARE,2.0,2,1,2
2015-05-01,2015,5,HUILA,277.0,60,10,33
2015-05-01,2015,5,LA GUAJIRA,151.0,53,8,29
2015-05-01,2015,5,MAGDALENA,1453.0,82,14,55
2015-05-01,2015,5,META,253.0,39,10,28
2015-05-01,2015,5,NARINO,1084.0,84,15,43
2015-05-01,2015,5,NORTE DE SANTANDER,1428.0,81,11,52
2015-05-01,2015,5,PUTUMAYO,61.0,19,4,13
2015-05-01,2015,5,QUINDIO,688.0,76,9,38
2015-05-01,2015,5,RISARALDA,1509.0,89,10,52
2015-05-01,2015,5,"SAN ANDRES, PROVIDENCIA Y SANTA CATALINA",1384.206,65,2,51
2015-05-01,2015,5,SANTANDER,978.0,125,19,57
2015-05-01,2015,5,SIN ESPECIFICAR,41.0,10,2,10
2015-05-01,2015,5,SUCRE,43.0,28,7,19
2015-05-01,2015,5,TOLIMA,312.0,62,15,33
2015-05-01,2015,5,VALLE DEL CAUCA,6741.884,325,35,94
2015-05-01,2015,5,VAUPES,1.0,1,1,1
2015-05-01,2015,5,VICHADA,9.0,4,1,4
2015-06-01,2015,6,AMAZONAS,534.0,32,1,32
2015-06-01,2015,6,ANTIOQUIA,9182.954,288,50,118
2015-06-01,2015,6,ARAUCA,28.0,14,3,12
2015-06-01,2015,6,ATLANTICO,2452.391,100,8,76
2015-06-01,2015,6,BOGOTA D.C.,11593.326000000001,146,1,146
2015-06-01,2015,6,BOLIVAR,6922.905,141,16,114
2015-06-01,2015,6,BOYACA,298.0,111,25,39
2015-06-01,2015,6,CALDAS,656.0,75,18,37
2015-06-01,2015,6,CAQUETA,20.0,9,2,8
2015-06-01,2015,6,CASANARE,65.0,23,6,18
2015-06-01,2015,6,CAUCA,392.0,60,14,35
2015-06-01,2015,6,CESAR,210.0,49,7,36
2015-06-01,2015,6,CHOCO,176.0,38,6,30
2015-06-01,2015,6,CORDOBA,232.0,46,12,24
2015-06-01,2015,6,CUNDINAMARCA,864.0,235,48,45
2015-06-01,2015,6,GUAINIA,7.0,3,1,3
2015-06-01,2015,6,GUAVIARE,2.0,2,1,2
2015-06-01,2015,6,HUILA,592.0,80,16,37
2015-06-01,2015,6,LA GUAJIRA,147.0,51,9,28
2015-06-01,2015,6,MAGDALENA,1364.0,79,15,54
2015-06-01,2015,6,META,304.0,52,10,31
2015-06-01,2015,6,NARINO,1265.0,105,16,53
2015-06-01,2015,6,NORTE DE SANTANDER,1292.0,88,15,49
2015-06-01,2015,6,PUTUMAYO,30.0,12,5,9
2015-06-01,2015,6,QUINDIO,1045.0,86,10,38
2015-06-01,2015,6,RISARALDA,2119.0,105,11,58
2015-06-01,2015,6,"SAN ANDRES, PROVIDENCIA Y SANTA CATALINA",3633.049,66,2,48
2015-06-01,2015,6,SANTANDER,1453.0,138,24,52
2015-06-01,2015,6,SIN ESPECIFICAR,25.0,11,1,11
2015-06-01,2015,6,SUCRE,100.0,21,6,15
2015-06-01,2015,6,TOLIMA,595.0,87,18,46
2015-06-01,2015,6,VALLE DEL CAUCA,7940.991,353,38,94
2015-06-01,2015,6,VAUPES,2.0,1,1,1
2015-06-01,2015,6,VICHADA,8.0,7,1,7
2015-07-01,2015,7,AMAZONAS,779.0,42,2,41
2015-07-01,2015,7,ANTIOQUIA,8860.666,325,55,112
2015-07-01,2015,7,ARAUCA,31.0,14,4,8
2015-07-01,2015,7,ATLANTICO,2556.212,112,16,79
2015-07-01,2015,7,BOGOTA D.C.,11547.749,141,1,141
2015-07-01,2015,7,BOLIVAR,6349.49,140,21,99
2015-07-01,2015,7,BOYACA,487.0,115,29,37
2015-07-01,2015,7,CALDAS,748.0,89,18,44
2015-07-01,2015,7,CAQUETA,20.0,12,3,12
2015-07-01,2015,7,CASANARE,63.0,28,7,19
2015-07-01,2015,7,CAUCA,321.0,52,15,31
2015-07-01,2015,7,CESAR,173.0,41,10,30
2015-07-01,2015,7,CHOCO,273.0,40,7,28
2015-07-01,2015,7,CORDOBA,198.0,54,14,28
2015-07-01,2015,7,CUNDINAMARCA,923.0,262,49,50
2015-07-01,2015,7,GUAINIA,12.0,4,2,3
2015-07-01,2015,7,GUAVIARE,2.0,2,1,2
2015-07-01,2015,7,HUILA,308.0,67,10,35
2015-07-01,2015,7,LA GUAJIRA,185.0,54,10,28
2015-07-01,2015,7,MAGDALENA,1949.0,75,11,53
2015-07-01,2015,7,META,313.0,47,8,29
2015-07-01,2015,7,NARINO,1584.0,112,21,50
2015-07-01,2015,7,NORTE DE SANTANDER,1418.0,85,16,52
2015-07-01,2015,7,PUTUMAYO,64.0,19,8,14
2015-07-01,2015,7,QUINDIO,1175.0,90,10,40
2015-07-01,2015,7,RISARALDA,2467.0,103,12,53
2015-07-01,2015,7,"SAN ANDRES, PROVIDENCIA Y SANTA CATALINA",1646.993,65,2,49
2015-07-01,2015,7,SANTANDER,1667.0,142,22,55
2015-07-01,2015,7,SIN ESPECIFICAR,36.0,13,1,13
2015-07-01,2015,7,SUCRE,77.0,32,9,21
2015-07-01,2015,7,TOLIMA,490.0,76,14,46
2015-07-01,2015,7,VALLE DEL CAUCA,10205.803,423,40,147
2015-07-01,2015,7,VAUPES,8.0,4,2,3
2015-07-01,2015,7,VICHADA,12.0,6,1,6
2015-08-01,2015,8,AMAZONAS,566.0,37,4,34
2015-08-01,2015,8,ANTIOQUIA,9116.199,307,55,108
2015-08-01,2015,8,ARAUCA,17.0,12,4,9
2015-08-01,2015,8,ATLANTICO,2097.712,95,12,69
2015-08-01,2015,8,BOGOTA D.C.,12352.598,155,1,155
2015-08-01,2015,8,BOLIVAR,6808.698,139,14,106
2015-08-01,2015,8,BOYACA,352.0,121,26,41
2015-08-01,2015,8,CALDAS,651.0,71,14,46
2015-08-01,2015,8,CAQUETA,22.0,6,2,5
2015-08-01,2015,8,CASANARE,38.0,19,4,15
2015-08-01,2015,8,CAUCA,316.0,51,10,33
2015-08-01,2015,8,CESAR,206.0,32,9,21
2015-08-01,2015,8,CHOCO,244.0,41,6,31
2015-08-01,2015,8,CORDOBA,161.0,46,10,30
2015-08-01,2015,8,CUNDINAMARCA,794.0,246,50,42
2015-08-01,2015,8,GUAINIA,12.0,3,1,3
2015-08-01,2015,8,HUILA,347.0,58,10,31
2015-08-01,2015,8,LA GUAJIRA,223.0,51,7,27
2015-08-01,2015,8,MAGDALENA,1790.0,97,14,57
2015-08-01,2015,8,META,296.0,53,8,33
2015-08-01,2015,8,NARINO,2043.0,97,17,49
2015-08-01,2015,8,NORTE DE SANTANDER,1619.0,79,11,49
2015-08-01,2015,8,PUTUMAYO,50.0,15,8,9
2015-08-01,2015,8,QUINDIO,957.0,81,11,44
2015-08-01,2015,8,RISARALDA,1979.0,97,10,54
2015-08-01,2015,8,"SAN ANDRES, PROVIDENCIA Y SANTA CATALINA",2320.663,65,2,51
2015-08-01,2015,8,SANTANDER,1287.0,143,23,57
2015-08-01,2015,8,SIN ESPECIFICAR,34.0,14,1,14
2015-08-01,2015,8,SUCRE,66.0,33,7,20
2015-08-01,2015,8,TOLIMA,396.0,81,20,40
2015-08-01,2015,8,VALLE DEL CAUCA,7186.326,361,36,99
2015-08-01,2015,8,VAUPES,5.0,2,1,2
2015-08-01,2015,8,VICHADA,3.0,2,1,2
2015-09-01,2015,9,AMAZONAS,337.0,33,1,33
2015-09-01,2015,9,ANTIOQUIA,8805.193,314,48,147
2015-09-01,2015,9,ARAUCA,17.0,13,1,13
2015-09-01,2015,9,ATLANTICO,2005.398,102,12,78
2015-09-01,2015,9,BOGOTA D.C.,11660.926,147,1,147
2015-09-01,2015,9,BOLIVAR,6102.642,129,12,110
2015-09-01,2015,9,BOYACA,239.0,99,21,29
2015-09-01,2015,9,CALDAS,613.0,73,17,41
2015-09-01,2015,9,CAQUETA,16.0,7,1,7
2015-09-01,2015,9,CASANARE,57.0,18,4,15
2015-09-01,2015,9,CAUCA,406.0,47,11,31
2015-09-01,2015,9,CESAR,95.0,31,6,23
2015-09-01,2015,9,CHOCO,179.0,36,7,27
2015-09-01,2015,9,CORDOBA,164.0,43,9,28
2015-09-01,2015,9,CUNDINAMARCA,640.0,227,48,44
2015-09-01,2015,9,GUAINIA,10.0,3,2,3
2015-09-01,2015,9,HUILA,272.0,56,10,28
2015-09-01,2015,9,LA GUAJIRA,79.0,33,6,22
2015-09-01,2015,9,MAGDALENA,1598.0,82,12,56
2015-09-01,2015,9,META,242.0,40,9,28
2015-09-01,2015,9,NARINO,1370.0,75,13,42
2015-09-01,2015,9,NORTE DE SANTANDER,829.0,66,11,41
2015-09-01,2015,9,PUTUMAYO,47.0,17,8,11
2015-09-01,2015,9,QUINDIO,604.0,72,9,36
2015-09-01,2015,9,RISARALDA,1449.0,98,12,54
2015-09-01,2015,9,"SAN ANDRES, PROVIDENCIA Y SANTA CATALINA",2446.631,70,2,52
2015-09-01,2015,9,SANTANDER,1188.0,116,19,52
2015-09-01,2015,9,SIN ESPECIFICAR,35.0,17,1,17
2015-09-01,2015,9,SUCRE,51.0,17,4,16
2015-09-01,2015,9,TOLIMA,332.0,69,13,40
2015-09-01,2015,9,VALLE DEL CAUCA,8322.128,314,35,86
2015-09-01,2015,9,VAUPES,1.0,1,1,1
2015-09-01,2015,9,VICHADA,6.0,3,2,3
2015-10-01,2015,10,AMAZONAS,283.0,40,4,37
2015-10-01,2015,10,ANTIOQUIA,8532.431,277,43,104
2015-10-01,2015,10,ARAUCA,14.0,10,4,8
2015-10-01,2015,10,ATLANTICO,2619.342,100,11,73
2015-10-01,2015,10,BOGOTA D.C.,11261.252,148,1,148
2015-10-01,2015,10,BOLIVAR,7380.32,139,15,111
2015-10-01,2015,10,BOYACA,510.0,108,21,39
2015-10-01,2015,10,CALDAS,477.0,66,14,37
2015-10-01,2015,10,CAQUETA,37.0,12,1,12
2015-10-01,2015,10,CASANARE,59.0,27,6,22
2015-10-01,2015,10,CAUCA,352.0,40,11,23
2015-10-01,2015,10,CESAR,136.0,43,11,29
2015-10-01,2015,10,CHOCO,233.0,56,11,34
2015-10-01,2015,10,CORDOBA,149.0,47,8,32
2015-10-01,2015,10,CUNDINAMARCA,663.0,242,51,46
2015-10-01,2015,10,GUAINIA,9.0,4,2,3
2015-10-01,2015,10,GUAVIARE,1.0,1,1,1
2015-10-01,2015,10,HUILA,274.0,64,13,32
2015-10-01,2015,10,LA GUAJIRA,79.0,32,7,22
2015-10-01,2015,10,MAGDALENA,1800.0,89,9,60
2015-10-01,2015,10,META,394.0,58,11,40
2015-10-01,2015,10,NARINO,1686.0,101,13,52
2015-10-01,2015,10,NORTE DE SANTANDER,785.0,55,10,37
2015-10-01,2015,10,PUTUMAYO,62.0,21,7,14
2015-10-01,2015,10,QUINDIO,634.0,81,10,36
2015-10-01,2015,10,RISARALDA,1646.0,99,12,52
2015-10-01,2015,10,"SAN ANDRES, PROVIDENCIA Y SANTA CATALINA",1470.634,59,2,44
2015-10-01,2015,10,SANTANDER,1168.0,120,17,59
2015-10-01,2015,10,SIN ESPECIFICAR,18.0,8,1,8
2015-10-01,2015,10,SUCRE,71.0,35,8,22
2015-10-01,2015,10,TOLIMA,465.0,61,13,38
2015-10-01,2015,10,VALLE DEL CAUCA,7955.199,316,33,101
2015-10-01,2015,10,VICHADA,2.0,2,1,2
2015-11-01,2015,11,AMAZONAS,290.0,46,4,39
2015-11-01,2015,11,ANTIOQUIA,9903.57,306,51,110
2015-11-01,2015,11,ARAUCA,13.0,10,4,7
2015-11-01,2015,11,ATLANTICO,2281.492,116,10,84
2015-11-01,2015,11,BOGOTA D.C.,11948.277,152,1,152
2015-11-01,2015,11,BOLIVAR,7572.615,147,13,123
2015-11-01,2015,11,BOYACA,308.0,113,27,39
2015-11-01,2015,11,CALDAS,483.0,69,14,37
2015-11-01,2015,11,CAQUETA,28.0,11,2,10
2015-11-01,2015,11,CASANARE,45.0,17,4,14
2015-11-01,2015,11,CAUCA,268.0,53,11,31
2015-11-01,2015,11,CESAR,227.0,40,7,28
2015-11-01,2015,11,CHOCO,215.0,40,9,27
2015-11-01,2015,11,CORDOBA,371.0,60,16,29
2015-11-01,2015,11,CUNDINAMARCA,674.0,244,49,46
2015-11-01,2015,11,GUAINIA,12.0,5,2,5
2015-11-01,2015,11,GUAVIARE,2.0,2,1,2
2015-11-01,2015,11,HUILA,294.0,65,12,34
2015-11-01,2015,11,LA GUAJIRA,78.0,28,5,22
2015-11-01,2015,11,MAGDALENA,1637.0,81,8,61
2015-11-01,2015,11,META,296.0,56,10,33
2015-11-01,2015,11,NARINO,1359.0,90,12,47
2015-11-01,2015,11,NORTE DE SANTANDER,808.0,72,13,48
2015-11-01,2015,11,PUTUMAYO,49.0,22,8,15
2015-11-01,2015,11,QUINDIO,766.0,81,9,40
2015-11-01,2015,11,RISARALDA,1617.0,95,10,56
2015-11-01,2015,11,"SAN ANDRES, PROVIDENCIA Y SANTA CATALINA",2661.064,73,2,50
2015-11-01,2015,11,SANTANDER,1210.0,132,17,59
2015-11-01,2015,11,SIN ESPECIFICAR,39.0,17,1,17
2015-11-01,2015,11,SUCRE,61.0,29,7,19
2015-11-01,2015,11,TOLIMA,377.0,68,15,38
2015-11-01,2015,11,VALLE DEL CAUCA,6922.57,372,35,95
2015-11-01,2015,11,VAUPES,2.0,2,1,2
2015-11-01,2015,11,VICHADA,2.0,2,2,2
2015-12-01,2015,12,AMAZONAS,311.0,42,4,39
2015-12-01,2015,12,ANTIOQUIA,10359.193,369,62,107
2015-12-01,2015,12,ARAUCA,19.0,10,2,10
2015-12-01,2015,12,ATLANTICO,3121.516,121,16,73
2015-12-01,2015,12,BOGOTA D.C.,13016.426,144,1,144
2015-12-01,2015,12,BOLIVAR,8920.716,161,20,112
2015-12-01,2015,12,BOYACA,466.0,152,35,40
2015-12-01,2015,12,CALDAS,1311.0,126,22,47
2015-12-01,2015,12,CAQUETA,47.0,15,4,14
2015-12-01,2015,12,CASANARE,94.0,25,3,20
2015-12-01,2015,12,CAUCA,491.0,74,21,37
2015-12-01,2015,12,CESAR,276.0,54,14,34
2015-12-01,2015,12,CHOCO,289.0,52,11,35
2015-12-01,2015,12,CORDOBA,347.0,80,19,32
2015-12-01,2015,12,CUNDINAMARCA,1301.0,369,56,50
2015-12-01,2015,12,GUAINIA,9.0,2,1,2
2015-12-01,2015,12,GUAVIARE,2.0,2,1,2
2015-12-01,2015,12,HUILA,549.0,82,17,30
2015-12-01,2015,12,LA GUAJIRA,129.0,40,8,24
2015-12-01,2015,12,MAGDALENA,2149.0,95,13,60
2015-12-01,2015,12,META,487.0,68,10,39
2015-12-01,2015,12,NARINO,1645.0,108,20,49
2015-12-01,2015,12,NORTE DE SANTANDER,1336.0,85,12,50
2015-12-01,2015,12,PUTUMAYO,62.0,23,7,13
2015-12-01,2015,12,QUINDIO,1751.0,118,9,46
2015-12-01,2015,12,RISARALDA,2317.298,143,13,57
2015-12-01,2015,12,"SAN ANDRES, PROVIDENCIA Y SANTA CATALINA",3615.679,73,2,54
2015-12-01,2015,12,SANTANDER,2535.0,188,30,60
2015-12-01,2015,12,SIN ESPECIFICAR,8.0,3,1,3
2015-12-01,2015,12,SUCRE,140.0,50,10,31
2015-12-01,2015,12,TOLIMA,900.0,125,27,48
2015-12-01,2015,12,VALLE DEL CAUCA,11118.746,479,39,96
2015-12-01,2015,12,VAUPES,2.0,2,1,2
2015-12-01,2015,12,VICHADA,2.0,2,1,2
2016-01-01,2016,1,AMAZONAS,280.0,41,3,37
2016-01-01,2016,1,ANTIOQUIA,10204.351,338,61,112
2016-01-01,2016,1,ARAUCA,13.0,8,3,6
2016-01-01,2016,1,ATLANTICO,2739.555,118,12,76
2016-01-01,2016,1,BOGOTA D.C.,12706.021,146,1,146
2016-01-01,2016,1,BOLIVAR,7880.802,155,18,116
2016-01-01,2016,1,BOYACA,395.0,123,30,36
2016-01-01,2016,1,CALDAS,763.0,85,15,41
2016-01-01,2016,1,CAQUETA,22.0,7,1,7
2016-01-01,2016,1,CASANARE,59.0,17,4,15
2016-01-01,2016,1,CAUCA,331.0,59,11,38
2016-01-01,2016,1,CESAR,142.0,46,10,30
2016-01-01,2016,1,CHOCO,404.0,52,10,35
2016-01-01,2016,1,CORDOBA,186.0,54,15,31
2016-01-01,2016,1,CUNDINAMARCA,854.0,310,55,57
2016-01-01,2016,1,GUAINIA,22.0,2,1,2
2016-01-01,2016,1,GUAVIARE,2.0,2,2,2
2016-01-01,2016,1,HUILA,252.0,62,10,31
2016-01-01,2016,1,LA GUAJIRA,151.0,38,6,22
2016-01-01,2016,1,MAGDALENA,2409.0,81,12,60
2016-01-01,2016,1,META,379.0,65,13,33
2016-01-01,2016,1,NARINO,1233.0,114,24,54
2016-01-01,2016,1,NORTE DE SANTANDER,1027.0,73,12,51
2016-01-01,2016,1,PUTUMAYO,66.0,24,7,16
2016-01-01,2016,1,QUINDIO,947.0,84,10,41
2016-01-01,2016,1,RISARALDA,1712.0,114,12,60
2016-01-01,2016,1,"SAN ANDRES, PROVIDENCIA Y SANTA CATALINA",3573.422,71,2,51
2016-01-01,2016,1,SANTANDER,1472.0,139,19,55
2016-01-01,2016,1,SIN ESPECIFICAR,4.0,4,1,4
2016-01-01,2016,1,SUCRE,97.0,37,7,24
2016-01-01,2016,1,TOLIMA,359.0,68,14,37
2016-01-01,2016,1,VALLE DEL CAUCA,8365.97,402,39,97
2016-01-01,2016,1,VAUPES,9.0,5,2,5
2016-01-01,2016,1,VICHADA,4.0,3,1,3
2016-02-01,2016,2,AMAZONAS,346.0,41,4,37
2016-02-01,2016,2,ANTIOQUIA,10022.08,306,54,101
2016-02-01,2016,2,ARAUCA,13.0,8,4,5
2016-02-01,2016,2,ATLANTICO,2989.384,115,15,79
2016-02-01,2016,2,BOGOTA D.C.,12547.56,148,1,148
2016-02-01,2016,2,BOLIVAR,8340.718,141,12,113
2016-02-01,2016,2,BOYACA,326.0,109,19,35
2016-02-01,2016,2,CALDAS,465.0,74,19,38
2016-02-01,2016,2,CAQUETA,33.0,12,2,11
2016-02-01,2016,2,CASANARE,53.0,18,5,14
2016-02-01,2016,2,CAUCA,284.0,52,12,33
2016-02-01,2016,2,CESAR,92.0,33,7,22
2016-02-01,2016,2,CHOCO,280.0,48,9,33
2016-02-01,2016,2,CORDOBA,131.0,43,14,25
2016-02-01,2016,2,CUNDINAMARCA,729.0,261,44,46
2016-02-01,2016,2,GUAINIA,17.0,6,2,5
2016-02-01,2016,2,HUILA,246.0,61,15,33
2016-02-01,2016,2,LA GUAJIRA,106.0,40,9,23
2016-02-01,2016,2,MAGDALENA,2455.0,91,10,60
2016-02-01,2016,2,META,257.0,56,8,36
2016-02-01,2016,2,NARINO,1526.0,90,12,45
2016-02-01,2016,2,NORTE DE SANTANDER,741.0,69,9,48
2016-02-01,2016,2,PUTUMAYO,53.0,29,9,15
2016-02-01,2016,2,QUINDIO,1018.0,99,10,45
2016-02-01,2016,2,RISARALDA,1672.0,98,9,58
2016-02-01,2016,2,"SAN ANDRES, PROVIDENCIA Y SANTA CATALINA",2710.267,73,2,55
2016-02-01,2016,2,SANTANDER,957.0,122,20,51
2016-02-01,2016,2,SIN ESPECIFICAR,19.0,7,1,7
2016-02-01,2016,2,SUCRE,85.0,35,8,23
2016-02-01,2016,2,TOLIMA,294.0,71,15,43
2016-02-01,2016,2,VALLE DEL CAUCA,7661.736,390,37,100
2016-02-01,2016,2,VAUPES,2.0,2,1,2
2016-02-01,2016,2,VICHADA,15.0,9,3,9
2016-03-01,2016,3,AMAZONAS,385.0,40,3,37
2016-03-01,2016,3,ANTIOQUIA,10575.366,341,50,131
2016-03-01,2016,3,ARAUCA,9.0,8,3,8
2016-03-01,2016,3,ATLANTICO,2943.866,108,13,76
2016-03-01,2016,3,BOGOTA D.C.,12298.373,142,1,142
2016-03-01,2016,3,BOLIVAR,7879.774,152,18,116
2016-03-01,2016,3,BOYACA,302.0,112,25,37
2016-03-01,2016,3,CALDAS,525.0,76,15,35
2016-03-01,2016,3,CAQUETA,26.0,8,1,8
2016-03-01,2016,3,CASANARE,40.0,23,7,19
2016-03-01,2016,3,CAUCA,341.0,51,13,29
2016-03-01,2016,3,CESAR,161.0,36,9,22
2016-03-01,2016,3,CHOCO,309.0,42,7,30
2016-03-01,2016,3,CORDOBA,171.0,40,11,25
2016-03-01,2016,3,CUNDINAMARCA,759.0,237,52,45
2016-03-01,2016,3,GUAINIA,22.0,5,1,5
2016-03-01,2016,3,HUILA,215.0,58,14,28
2016-03-01,2016,3,LA GUAJIRA,128.0,40,9,23
2016-03-01,2016,3,MAGDALENA,2018.0,79,13,56
2016-03-01,2016,3,META,292.0,53,9,32
2016-03-01,2016,3,NARINO,1421.0,94,14,55
2016-03-01,2016,3,NORTE DE SANTANDER,828.0,67,10,42
2016-03-01,2016,3,PUTUMAYO,77.0,24,9,13
2016-03-01,2016,3,QUINDIO,1010.0,86,9,39
2016-03-01,2016,3,RISARALDA,1663.0,95,11,53
2016-03-01,2016,3,"SAN ANDRES, PROVIDENCIA Y SANTA CATALINA",3041.884,72,2,47
2016-03-01,2016,3,SANTANDER,1264.0,135,19,50
2016-03-01,2016,3,SIN ESPECIFICAR,3.0,3,1,3
2016-03-01,2016,3,SUCRE,77.0,31,6,23
2016-03-01,2016,3,TOLIMA,369.0,67,16,37
2016-03-01,2016,3,VALLE DEL CAUCA,7512.603,343,37,91
2016-03-01,2016,3,VAUPES,2.0,2,1,2
2016-03-01,2016,3,VICHADA,3.0,1,1,1
2016-04-01,2016,4,AMAZONAS,296.0,36,1,36
2016-04-01,2016,4,ANTIOQUIA,9322.816,310,51,111
2016-04-01,2016,4,ARAUCA,11.0,5,2,5
2016-04-01,2016,4,ATLANTICO,1968.465,100,13,70
2016-04-01,2016,4,BOGOTA D.C.,9967.436,159,1,159
2016-04-01,2016,4,BOLIVAR,7386.284,143,20,103
2016-04-01,2016,4,BOYACA,269.0,97,22,35
2016-04-01,2016,4,CALDAS,412.0,57,13,33
2016-04-01,2016,4,CAQUETA,19.0,10,2,9
2016-04-01,2016,4,CASANARE,40.0,19,6,13
2016-04-01,2016,4,CAUCA,262.0,51,12,30
2016-04-01,2016,4,CESAR,260.0,40,8,27
2016-04-01,2016,4,CHOCO,282.0,42,7,29
2016-04-01,2016,4,CORDOBA,140.0,40,9,24
2016-04-01,2016,4,CUNDINAMARCA,590.0,235,48,46
2016-04-01,2016,4,GUAINIA,14.0,2,1,2
2016-04-01,2016,4,GUAVIARE,1.0,1,1,1
2016-04-01,2016,4,HUILA,170.0,63,14,30
2016-04-01,2016,4,LA GUAJIRA,87.0,34,9,19
2016-04-01,2016,4,MAGDALENA,1931.0,85,11,58
2016-04-01,2016,4,META,310.0,48,8,32
2016-04-01,2016,4,NARINO,1497.0,92,14,49
2016-04-01,2016,4,NORTE DE SANTANDER,812.0,62,9,44
2016-04-01,2016,4,PUTUMAYO,69.0,21,8,12
2016-04-01,2016,4,QUINDIO,797.0,79,11,35
2016-04-01,2016,4,RISARALDA,1514.0,91,10,49
2016-04-01,2016,4,"SAN ANDRES, PROVIDENCIA Y SANTA CATALINA",2628.875,75,2,52
2016-04-01,2016,4,SANTANDER,1047.0,121,17,55
2016-04-01,2016,4,SIN ESPECIFICAR,4.0,4,1,4
2016-04-01,2016,4,SUCRE,64.0,19,6,16
2016-04-01,2016,4,TOLIMA,251.0,57,14,30
2016-04-01,2016,4,VALLE DEL CAUCA,6839.342000000001,321,34,90
2016-04-01,2016,4,VICHADA,3.0,2,1,2
2016-05-01,2016,5,AMAZONAS,408.0,42,4,37
2016-05-01,2016,5,ANTIOQUIA,10167.421,342,54,109
2016-05-01,2016,5,ARAUCA,7.0,5,3,4
2016-05-01,2016,5,ATLANTICO,1798.63,109,14,77
2016-05-01,2016,5,BOGOTA D.C.,10846.834,141,1,141
2016-05-01,2016,5,BOLIVAR,7361.217,136,17,106
2016-05-01,2016,5,BOYACA,240.0,91,18,36
2016-05-01,2016,5,CALDAS,515.0,76,16,38
2016-05-01,2016,5,CAQUETA,21.0,8,1,8
2016-05-01,2016,5,CASANARE,37.0,19,3,19
2016-05-01,2016,5,CAUCA,212.0,41,10,28
2016-05-01,2016,5,CESAR,121.0,25,6,19
2016-05-01,2016,5,CHOCO,235.0,43,8,33
2016-05-01,2016,5,CORDOBA,162.0,45,12,25
2016-05-01,2016,5,CUNDINAMARCA,734.0,244,52,46
2016-05-01,2016,5,GUAINIA,12.0,5,1,5
2016-05-01,2016,5,HUILA,282.0,62,13,32
2016-05-01,2016,5,LA GUAJIRA,84.0,34,7,22
2016-05-01,2016,5,MAGDALENA,1673.0,76,10,59
2016-05-01,2016,5,META,256.0,44,9,28
2016-05-01,2016,5,NARINO,1444.0,93,15,46
2016-05-01,2016,5,NORTE DE SANTANDER,784.0,61,10,41
2016-05-01,2016,5,PUTUMAYO,75.0,22,8,12
2016-05-01,2016,5,QUINDIO,902.0,89,10,41
2016-05-01,2016,5,RISARALDA,1511.0,89,12,48
2016-05-01,2016,5,"SAN ANDRES, PROVIDENCIA Y SANTA CATALINA",1486.739,82,2,59
2016-05-01,2016,5,SANTANDER,982.0,113,17,51
2016-05-01,2016,5,SIN ESPECIFICAR,34.0,12,1,12
2016-05-01,2016,5,SUCRE,75.0,26,6,20
2016-05-01,2016,5,TOLIMA,251.0,56,11,37
2016-05-01,2016,5,VALLE DEL CAUCA,7255.718,338,34,98
2016-05-01,2016,5,VAUPES,1.0,1,1,1
2016-05-01,2016,5,VICHADA,4.0,4,2,4
2016-06-01,2016,6,AMAZONAS,446.0,45,3,41
2016-06-01,2016,6,ANTIOQUIA,9342.869,361,55,107
2016-06-01,2016,6,ARAUCA,8.0,4,2,4
2016-06-01,2016,6,ATLANTICO,2170.512,107,16,70
2016-06-01,2016,6,BOGOTA D.C.,11785.133,145,1,145
2016-06-01,2016,6,BOLIVAR,6217.175,143,18,109
2016-06-01,2016,6,BOYACA,363.0,118,32,40
2016-06-01,2016,6,CALDAS,803.0,83,20,38
2016-06-01,2016,6,CAQUETA,27.0,14,2,13
2016-06-01,2016,6,CASANARE,56.0,19,3,17
2016-06-01,2016,6,CAUCA,375.0,63,16,35
2016-06-01,2016,6,CESAR,171.0,29,5,23
2016-06-01,2016,6,CHOCO,289.0,37,6,30
2016-06-01,2016,6,CORDOBA,235.0,47,12,28
2016-06-01,2016,6,CUNDINAMARCA,940.0,284,54,53
2016-06-01,2016,6,GUAINIA,15.0,2,1,2
2016-06-01,2016,6,GUAVIARE,1.0,1,1,1
2016-06-01,2016,6,HUILA,517.0,84,16,36
2016-06-01,2016,6,LA GUAJIRA,126.0,45,10,28
2016-06-01,2016,6,MAGDALENA,1451.0,74,13,54
2016-06-01,2016,6,META,312.0,59,12,37
2016-06-01,2016,6,NARINO,1394.0,92,15,50
2016-06-01,2016,6,NORTE DE SANTANDER,682.0,66,13,42
2016-06-01,2016,6,PUTUMAYO,67.0,28,8,17
2016-06-01,2016,6,QUINDIO,1186.0,99,10,46
2016-06-01,2016,6,RISARALDA,1301.011,102,10,59
2016-06-01,2016,6,"SAN ANDRES, PROVIDENCIA Y SANTA CATALINA",3789.4300000000003,75,2,51
2016-06-01,2016,6,SANTANDER,1585.0,158,23,61
2016-06-01,2016,6,SIN ESPECIFICAR,11.0,6,1,6
2016-06-01,2016,6,SUCRE,95.0,34,9,23
2016-06-01,2016,6,TOLIMA,669.0,96,25,40
2016-06-01,2016,6,VALLE DEL CAUCA,7718.5509999999995,353,39,90
2016-06-01,2016,6,VICHADA,5.0,4,2,4
2016-07-01,2016,7,AMAZONAS,665.0,44,2,43
2016-07-01,2016,7,ANTIOQUIA,11316.664,398,63,114
2016-07-01,2016,7,ARAUCA,23.0,12,4,9
2016-07-01,2016,7,ATLANTICO,3080.381,109,9,74
2016-07-01,2016,7,BOGOTA D.C.,12345.557,147,1,147
2016-07-01,2016,7,BOLIVAR,6872.578,140,17,103
2016-07-01,2016,7,BOYACA,457.0,117,28,34
2016-07-01,2016,7,CALDAS,757.0,96,17,41
2016-07-01,2016,7,CAQUETA,38.0,16,4,15
2016-07-01,2016,7,CASANARE,50.0,25,7,18
2016-07-01,2016,7,CAUCA,486.0,67,13,38
2016-07-01,2016,7,CESAR,159.0,44,6,28
2016-07-01,2016,7,CHOCO,240.0,35,8,23
2016-07-01,2016,7,CORDOBA,225.0,54,11,36
2016-07-01,2016,7,CUNDINAMARCA,1243.0,312,52,50
2016-07-01,2016,7,GUAINIA,8.0,1,1,1
2016-07-01,2016,7,GUAVIARE,2.0,2,1,2
2016-07-01,2016,7,HUILA,390.0,72,12,40
2016-07-01,2016,7,LA GUAJIRA,137.0,40,9,24
2016-07-01,2016,7,MAGDALENA,1944.0,77,9,50
2016-07-01,2016,7,META,413.0,63,11,40
2016-07-01,2016,7,NARINO,1982.0,94,10,51
2016-07-01,2016,7,NORTE DE SANTANDER,808.0,81,9,50
2016-07-01,2016,7,PUTUMAYO,97.0,30,10,13
2016-07-01,2016,7,QUINDIO,1470.0,110,10,48
2016-07-01,2016,7,RISARALDA,2713.045,127,11,67
2016-07-01,2016,7,"SAN ANDRES, PROVIDENCIA Y SANTA CATALINA",2011.944,72,2,51
2016-07-01,2016,7,SANTANDER,1839.0,166,23,64
2016-07-01,2016,7,SIN ESPECIFICAR,36.0,13,1,13
2016-07-01,2016,7,SUCRE,114.0,39,8,28
2016-07-01,2016,7,TOLIMA,501.0,75,20,38
2016-07-01,2016,7,VALLE DEL CAUCA,9623.463,422,41,98
2016-07-01,2016,7,VAUPES,1.0,1,1,1
2016-07-01,2016,7,VICHADA,2.0,2,1,2
2016-08-01,2016,8,AMAZONAS,365.0,38,2,36
2016-08-01,2016,8,ANTIOQUIA,10784.81,351,54,112
2016-08-01,2016,8,ARAUCA,18.0,15,5,11
2016-08-01,2016,8,ATLANTICO,2484.552,118,14,82
2016-08-01,2016,8,BOGOTA D.C.,10505.030999999999,156,1,156
2016-08-01,2016,8,BOLIVAR,7603.528,145,20,109
2016-08-01,2016,8,BOYACA,389.0,126,25,39
2016-08-01,2016,8,CALDAS,642.0,85,17,41
2016-08-01,2016,8,CAQUETA,37.0,13,1,13
2016-08-01,2016,8,CASANARE,66.0,22,6,18
2016-08-01,2016,8,CAUCA,425.0,55,11,38
2016-08-01,2016,8,CESAR,167.0,36,7,30
2016-08-01,2016,8,CHOCO,251.0,42,7,32
2016-08-01,2016,8,CORDOBA,177.0,51,12,29
2016-08-01,2016,8,CUNDINAMARCA,991.0,296,57,49
2016-08-01,2016,8,GUAINIA,23.0,3,1,3
2016-08-01,2016,8,HUILA,328.0,68,15,34
2016-08-01,2016,8,LA GUAJIRA,90.0,36,7,22
2016-08-01,2016,8,MAGDALENA,1714.0,83,15,48
2016-08-01,2016,8,META,349.0,52,9,35
2016-08-01,2016,8,NARINO,1777.0,101,18,47
2016-08-01,2016,8,NORTE DE SANTANDER,1099.0,65,10,42
2016-08-01,2016,8,PUTUMAYO,50.0,27,10,15
2016-08-01,2016,8,QUINDIO,1249.0,106,11,39
2016-08-01,2016,8,RISARALDA,2115.0,111,13,55
2016-08-01,2016,8,"SAN ANDRES, PROVIDENCIA Y SANTA CATALINA",1868.211,74,2,55
2016-08-01,2016,8,SANTANDER,1375.0,139,21,60
2016-08-01,2016,8,SIN ESPECIFICAR,63.0,16,1,16
2016-08-01,2016,8,SUCRE,92.0,27,7,20
2016-08-01,2016,8,TOLIMA,391.0,70,19,34
2016-08-01,2016,8,VALLE DEL CAUCA,8807.088,354,34,99
2016-08-01,2016,8,VAUPES,5.0,4,3,4
2016-08-01,2016,8,VICHADA,13.0,5,1,5
2016-09-01,2016,9,AMAZONAS,308.0,38,3,35
2016-09-01,2016,9,ANTIOQUIA,9861.005,331,52,110
2016-09-01,2016,9,ARAUCA,17.0,11,3,10
2016-09-01,2016,9,ATLANTICO,2314.052,107,13,72
2016-09-01,2016,9,BOGOTA D.C.,12246.538,152,1,152
2016-09-01,2016,9,BOLIVAR,9372.59,132,8,109
2016-09-01,2016,9,BOYACA,321.0,96,26,29
2016-09-01,2016,9,CALDAS,645.0,77,13,41
2016-09-01,2016,9,CAQUETA,47.0,16,5,13
2016-09-01,2016,9,CASANARE,68.0,19,3,17
2016-09-01,2016,9,CAUCA,270.0,53,8,37
2016-09-01,2016,9,CESAR,138.0,34,8,26
2016-09-01,2016,9,CHOCO,167.0,44,9,31
2016-09-01,2016,9,CORDOBA,118.0,37,16,22
2016-09-01,2016,9,CUNDINAMARCA,774.0,269,50,47
2016-09-01,2016,9,GUAINIA,14.0,3,1,3
2016-09-01,2016,9,GUAVIARE,3.0,2,1,2
2016-09-01,2016,9,HUILA,219.0,55,9,29
2016-09-01,2016,9,LA GUAJIRA,153.0,46,8,32
2016-09-01,2016,9,MAGDALENA,1558.0,84,14,59
2016-09-01,2016,9,META,303.0,45,11,30
2016-09-01,2016,9,NARINO,1196.0,91,15,43
2016-09-01,2016,9,NORTE DE SANTANDER,893.0,67,13,42
2016-09-01,2016,9,PUTUMAYO,41.0,22,6,15
2016-09-01,2016,9,QUINDIO,832.0,93,9,39
2016-09-01,2016,9,RISARALDA,1321.0,85,8,53
2016-09-01,2016,9,"SAN ANDRES, PROVIDENCIA Y SANTA CATALINA",3426.685,76,2,57
2016-09-01,2016,9,SANTANDER,1364.0,136,17,62
2016-09-01,2016,9,SIN ESPECIFICAR,41.0,4,1,4
2016-09-01,2016,9,SUCRE,58.0,28,4,22
2016-09-01,2016,9,TOLIMA,328.0,63,13,36
2016-09-01,2016,9,VALLE DEL CAUCA,7863.822,348,35,105
2016-09-01,2016,9,VAUPES,2.0,2,1,2
2016-09-01,2016,9,VICHADA,4.0,3,1,3
2016-10-01,2016,10,AMAZONAS,353.0,43,4,36
2016-10-01,2016,10,ANTIOQUIA,9836.704,358,56,104
2016-10-01,2016,10,ARAUCA,17.0,9,4,7
2016-10-01,2016,10,ATLANTICO,2503.213,105,13,76
2016-10-01,2016,10,BOGOTA D.C.,13185.458,163,1,163
2016-10-01,2016,10,BOLIVAR,8053.04,149,18,106
2016-10-01,2016,10,BOYACA,631.0,117,25,37
2016-10-01,2016,10,CALDAS,568.0,71,15,41
2016-10-01,2016,10,CAQUETA,35.0,10,2,9
2016-10-01,2016,10,CASANARE,63.0,20,2,19
2016-10-01,2016,10,CAUCA,231.0,55,10,34
2016-10-01,2016,10,CESAR,134.0,40,6,30
2016-10-01,2016,10,CHOCO,123.0,34,6,26
2016-10-01,2016,10,CORDOBA,192.0,45,9,30
2016-10-01,2016,10,CUNDINAMARCA,773.0,288,61,49
2016-10-01,2016,10,GUAINIA,12.0,4,1,4
2016-10-01,2016,10,GUAVIARE,1.0,1,1,1
2016-10-01,2016,10,HUILA,301.0,72,15,35
2016-10-01,2016,10,LA GUAJIRA,119.0,50,9,26
2016-10-01,2016,10,MAGDALENA,1666.0,85,13,58
2016-10-01,2016,10,META,264.0,44,6,31
2016-10-01,2016,10,NARINO,1173.0,95,15,48
2016-10-01,2016,10,NORTE DE SANTANDER,1065.0,72,9,50
2016-10-01,2016,10,PUTUMAYO,74.0,22,8,12
2016-10-01,2016,10,QUINDIO,903.0,91,10,44
2016-10-01,2016,10,RISARALDA,1673.0,98,9,57
2016-10-01,2016,10,"SAN ANDRES, PROVIDENCIA Y SANTA CATALINA",1818.724,66,2,47
2016-10-01,2016,10,SANTANDER,1347.0,142,20,53
2016-10-01,2016,10,SIN ESPECIFICAR,8.0,4,1,4
2016-10-01,2016,10,SUCRE,53.0,23,6,19
2016-10-01,2016,10,TOLIMA,356.0,69,16,36
2016-10-01,2016,10,VALLE DEL CAUCA,7733.831,340,36,100
2016-10-01,2016,10,VAUPES,1.0,1,1,1
2016-10-01,2016,10,VICHADA,3.0,2,1,2
2016-11-01,2016,11,AMAZONAS,339.0,48,4,44
2016-11-01,2016,11,ANTIOQUIA,9664.923,353,52,110
2016-11-01,2016,11,ARAUCA,14.0,9,4,7
2016-11-01,2016,11,ATLANTICO,2830.507,102,8,78
2016-11-01,2016,11,BOGOTA D.C.,11295.807,160,1,160
2016-11-01,2016,11,BOLIVAR,8641.87,152,14,118
2016-11-01,2016,11,BOYACA,357.0,100,23,34
2016-11-01,2016,11,CALDAS,772.0,81,17,43
2016-11-01,2016,11,CAQUETA,49.0,21,6,17
2016-11-01,2016,11,CASANARE,79.0,20,5,16
2016-11-01,2016,11,CAUCA,299.0,60,11,37
2016-11-01,2016,11,CESAR,156.0,39,12,24
2016-11-01,2016,11,CHOCO,197.0,49,8,33
2016-11-01,2016,11,CORDOBA,196.0,51,14,29
2016-11-01,2016,11,CUNDINAMARCA,845.0,278,52,44
2016-11-01,2016,11,GUAINIA,15.0,3,1,3
2016-11-01,2016,11,GUAVIARE,2.0,1,1,1
2016-11-01,2016,11,HUILA,300.0,71,18,32
2016-11-01,2016,11,LA GUAJIRA,100.0,49,7,28
2016-11-01,2016,11,MAGDALENA,1797.0,84,12,59
2016-11-01,2016,11,META,343.0,54,11,30
2016-11-01,2016,11,NARINO,1196.0,97,16,50
2016-11-01,2016,11,NORTE DE SANTANDER,848.0,83,11,50
2016-11-01,2016,11,PUTUMAYO,96.0,27,8,17
2016-11-01,2016,11,QUINDIO,906.0,112,11,53
2016-11-01,2016,11,RISARALDA,1703.0,105,12,55
2016-11-01,2016,11,"SAN ANDRES, PROVIDENCIA Y SANTA CATALINA",1748.029,64,2,49
2016-11-01,2016,11,SANTANDER,1290.0,148,19,63
2016-11-01,2016,11,SIN ESPECIFICAR,1.0,1,1,1
2016-11-01,2016,11,SUCRE,65.0,27,8,18
2016-11-01,2016,11,TOLIMA,358.0,74,15,43
2016-11-01,2016,11,VALLE DEL CAUCA,7088.755,371,38,97
2016-11-01,2016,11,VAUPES,3.0,2,1,2
2016-11-01,2016,11,VICHADA,2.0,2,1,2
2016-12-01,2016,12,AMAZONAS,368.0,45,5,41
2016-12-01,2016,12,ANTIOQUIA,11672.772,426,58,111
2016-12-01,2016,12,ARAUCA,23.0,14,3,10
2016-12-01,2016,12,ATLANTICO,3356.243,122,14,80
2016-12-01,2016,12,BOGOTA D.C.,12748.88,143,1,143
2016-12-01,2016,12,BOLIVAR,9431.613,172,23,107
2016-12-01,2016,12,BOYACA,583.0,173,37,45
2016-12-01,2016,12,CALDAS,1325.0,121,21,42
2016-12-01,2016,12,CAQUETA,64.0,20,4,17
2016-12-01,2016,12,CASANARE,89.0,28,6,21
2016-12-01,2016,12,CAUCA,597.0,89,20,37
2016-12-01,2016,12,CESAR,316.0,60,12,35
2016-12-01,2016,12,CHOCO,334.0,51,10,29
2016-12-01,2016,12,CORDOBA,315.0,87,20,37
2016-12-01,2016,12,CUNDINAMARCA,1311.0,370,60,54
2016-12-01,2016,12,GUAINIA,17.0,3,1,3
2016-12-01,2016,12,GUAVIARE,4.0,4,1,4
2016-12-01,2016,12,HUILA,535.0,103,19,40
2016-12-01,2016,12,LA GUAJIRA,126.0,46,10,23
2016-12-01,2016,12,MAGDALENA,2378.0,101,14,63
2016-12-01,2016,12,META,558.0,78,13,41
2016-12-01,2016,12,NARINO,1242.0,105,20,49
2016-12-01,2016,12,NORTE DE SANTANDER,1265.0,116,18,52
2016-12-01,2016,12,PUTUMAYO,84.0,34,9,20
2016-12-01,2016,12,QUINDIO,1629.0,119,11,48
2016-12-01,2016,12,RISARALDA,2298.135,146,15,66
2016-12-01,2016,12,"SAN ANDRES, PROVIDENCIA Y SANTA CATALINA",2779.349,79,2,52
2016-12-01,2016,12,SANTANDER,2377.0,203,30,70
2016-12-01,2016,12,SIN ESPECIFICAR,17.0,6,1,6
2016-12-01,2016,12,SUCRE,167.0,57,13,34
2016-12-01,2016,12,TOLIMA,822.0,100,23,48
2016-12-01,2016,12,VALLE DEL CAUCA,11324.727,534,40,104
2016-12-01,2016,12,VAUPES,4.0,4,3,4
2016-12-01,2016,12,VICHADA,1.0,1,1,1
2017-01-01,2017,1,AMAZONAS,458.0,48,3,46
2017-01-01,2017,1,ANTIOQUIA,10685.118,351,59,103
2017-01-01,2017,1,ARAUCA,23.0,14,3,12
2017-01-01,2017,1,ATLANTICO,2779.253,110,12,78
2017-01-01,2017,1,BOGOTA D.C.,13174.059,156,1,156
2017-01-01,2017,1,BOLIVAR,9420.571,152,18,110
2017-01-01,2017,1,BOYACA,383.0,115,25,35
2017-01-01,2017,1,CALDAS,836.0,97,18,47
2017-01-01,2017,1,CAQUETA,22.0,10,1,10
2017-01-01,2017,1,CASANARE,47.0,19,4,15
2017-01-01,2017,1,CAUCA,335.0,60,16,36
2017-01-01,2017,1,CESAR,169.0,45,11,28
2017-01-01,2017,1,CHOCO,289.0,53,9,34
2017-01-01,2017,1,CORDOBA,301.0,56,12,31
2017-01-01,2017,1,CUNDINAMARCA,907.0,327,56,49
2017-01-01,2017,1,GUAINIA,12.0,5,1,5
2017-01-01,2017,1,GUAVIARE,6.0,5,2,4
2017-01-01,2017,1,HUILA,309.0,78,13,32
2017-01-01,2017,1,LA GUAJIRA,163.0,54,11,26
2017-01-01,2017,1,MAGDALENA,2495.0,89,14,57
2017-01-01,2017,1,META,395.0,74,12,38
2017-01-01,2017,1,NARINO,1347.0,103,19,51
2017-01-01,2017,1,NORTE DE SANTANDER,930.0,81,14,47
2017-01-01,2017,1,PUTUMAYO,120.0,31,9,19
2017-01-01,2017,1,QUINDIO,878.0,100,10,46
2017-01-01,2017,1,RISARALDA,1648.0,104,10,57
2017-01-01,2017,1,"SAN ANDRES, PROVIDENCIA Y SANTA CATALINA",3503.279,73,2,52
2017-01-01,2017,1,SANTANDER,1389.0,161,25,59
2017-01-01,2017,1,SIN ESPECIFICAR,40.0,13,1,13
2017-01-01,2017,1,SUCRE,128.0,45,9,27
2017-01-01,2017,1,TOLIMA,488.0,88,22,39
2017-01-01,2017,1,VALLE DEL CAUCA,9162.039,421,39,102
2017-01-01,2017,1,VAUPES,1.0,1,1,1
2017-01-01,2017,1,VICHADA,8.0,6,3,5
2017-02-01,2017,2,AMAZONAS,465.0,47,5,41
2017-02-01,2017,2,ANTIOQUIA,9665.851,341,50,112
2017-02-01,2017,2,ARAUCA,27.0,14,3,13
2017-02-01,2017,2,ATLANTICO,3780.505,145,14,96
2017-02-01,2017,2,BOGOTA D.C.,13643.932999999999,153,1,153
2017-02-01,2017,2,BOLIVAR,10652.188,172,20,120
2017-02-01,2017,2,BOYACA,312.0,109,22,37
2017-02-01,2017,2,CALDAS,491.0,80,17,37
2017-02-01,2017,2,CAQUETA,25.0,13,3,12
2017-02-01,2017,2,CASANARE,57.0,20,4,16
2017-02-01,2017,2,CAUCA,277.0,57,13,36
2017-02-01,2017,2,CESAR,162.0,37,10,26
2017-02-01,2017,2,CHOCO,290.0,44,8,32
2017-02-01,2017,2,CORDOBA,216.0,49,10,29
2017-02-01,2017,2,CUNDINAMARCA,746.0,262,55,52
2017-02-01,2017,2,GUAINIA,12.0,3,1,3
2017-02-01,2017,2,GUAVIARE,1.0,1,1,1
2017-02-01,2017,2,HUILA,276.0,59,15,28
2017-02-01,2017,2,LA GUAJIRA,174.0,56,10,31
2017-02-01,2017,2,MAGDALENA,2909.0,101,13,68
2017-02-01,2017,2,META,302.0,56,10,33
2017-02-01,2017,2,NARINO,1329.0,99,15,48
2017-02-01,2017,2,NORTE DE SANTANDER,764.0,73,11,53
2017-02-01,2017,2,PUTUMAYO,105.0,38,9,19
2017-02-01,2017,2,QUINDIO,1047.0,102,11,41
2017-02-01,2017,2,RISARALDA,1641.0,103,11,56
2017-02-01,2017,2,"SAN ANDRES, PROVIDENCIA Y SANTA CATALINA",2664.849,72,2,51
2017-02-01,2017,2,SANTANDER,1146.0,157,19,54
2017-02-01,2017,2,SIN ESPECIFICAR,3.0,3,1,3
2017-02-01,2017,2,SUCRE,76.0,32,7,23
2017-02-01,2017,2,TOLIMA,365.0,67,12,39
2017-02-01,2017,2,VALLE DEL CAUCA,8838.574,383,36,101
2017-02-01,2017,2,VAUPES,1.0,1,1,1
2017-02-01,2017,2,VICHADA,10.0,3,1,3
2017-03-01,2017,3,AMAZONAS,550.0,41,3,38
2017-03-01,2017,3,ANTIOQUIA,11068.34,342,52,112
2017-03-01,2017,3,ARAUCA,22.0,12,5,10
2017-03-01,2017,3,ATLANTICO,2286.443,108,15,77
2017-03-01,2017,3,BOGOTA D.C.,12730.307,157,1,157
2017-03-01,2017,3,BOLIVAR,9122.441,166,16,119
2017-03-01,2017,3,BOYACA,623.0,115,26,35
2017-03-01,2017,3,CALDAS,485.0,71,15,37
2017-03-01,2017,3,CAQUETA,28.0,13,3,11
2017-03-01,2017,3,CASANARE,51.0,26,7,18
2017-03-01,2017,3,CAUCA,233.0,52,12,35
2017-03-01,2017,3,CESAR,139.0,36,10,25
2017-03-01,2017,3,CHOCO,343.0,46,6,33
2017-03-01,2017,3,CORDOBA,187.0,43,14,23
2017-03-01,2017,3,CUNDINAMARCA,808.0,291,61,51
2017-03-01,2017,3,GUAINIA,35.0,6,2,5
2017-03-01,2017,3,GUAVIARE,2.0,2,2,2
2017-03-01,2017,3,HUILA,285.0,72,16,35
2017-03-01,2017,3,LA GUAJIRA,249.0,55,9,27
2017-03-01,2017,3,MAGDALENA,2341.0,83,12,62
2017-03-01,2017,3,META,356.0,64,11,39
2017-03-01,2017,3,NARINO,1094.0,94,14,48
2017-03-01,2017,3,NORTE DE SANTANDER,830.0,80,14,48
2017-03-01,2017,3,PUTUMAYO,105.0,31,7,20
2017-03-01,2017,3,QUINDIO,892.0,99,10,49
2017-03-01,2017,3,RISARALDA,1634.0,106,12,59
2017-03-01,2017,3,"SAN ANDRES, PROVIDENCIA Y SANTA CATALINA",3040.499,77,2,56
2017-03-01,2017,3,SANTANDER,1193.0,143,21,58
2017-03-01,2017,3,SIN ESPECIFICAR,7.0,4,1,4
2017-03-01,2017,3,SUCRE,113.0,39,9,27
2017-03-01,2017,3,TOLIMA,385.0,80,21,40
2017-03-01,2017,3,VALLE DEL CAUCA,7593.742,371,35,102
2017-03-01,2017,3,VAUPES,5.0,3,2,3
2017-03-01,2017,3,VICHADA,6.0,5,2,5
2017-04-01,2017,4,AMAZONAS,580.0,42,2,41
2017-04-01,2017,4,ANTIOQUIA,10977.922,394,61,112
2017-04-01,2017,4,ARAUCA,31.0,14,4,14
2017-04-01,2017,4,ATLANTICO,2483.621,117,11,79
2017-04-01,2017,4,BOGOTA D.C.,10928.773,142,1,142
2017-04-01,2017,4,BOLIVAR,10245.530999999999,152,11,114
2017-04-01,2017,4,BOYACA,535.0,117,26,35
2017-04-01,2017,4,CALDAS,605.0,90,20,47
2017-04-01,2017,4,CAQUETA,24.0,9,1,9
2017-04-01,2017,4,CASANARE,48.0,21,5,17
2017-04-01,2017,4,CAUCA,560.0,69,17,38
2017-04-01,2017,4,CESAR,485.0,52,13,34
2017-04-01,2017,4,CHOCO,284.0,53,6,38
2017-04-01,2017,4,CORDOBA,191.0,64,14,32
2017-04-01,2017,4,CUNDINAMARCA,914.0,304,51,55
2017-04-01,2017,4,GUAINIA,23.0,1,1,1
2017-04-01,2017,4,GUAVIARE,5.0,2,1,2
2017-04-01,2017,4,HUILA,285.0,74,16,35
2017-04-01,2017,4,LA GUAJIRA,227.0,55,8,37
2017-04-01,2017,4,MAGDALENA,2219.0,98,15,59
2017-04-01,2017,4,META,271.0,56,9,34
2017-04-01,2017,4,NARINO,1276.0,79,12,49
2017-04-01,2017,4,NORTE DE SANTANDER,801.0,71,12,44
2017-04-01,2017,4,PUTUMAYO,142.0,30,7,17
2017-04-01,2017,4,QUINDIO,1031.0,102,9,44
2017-04-01,2017,4,RISARALDA,1770.0,98,11,52
2017-04-01,2017,4,"SAN ANDRES, PROVIDENCIA Y SANTA CATALINA",2422.0969999999998,81,2,57
2017-04-01,2017,4,SANTANDER,1259.0,141,23,60
2017-04-01,2017,4,SIN ESPECIFICAR,3.0,2,2,1
2017-04-01,2017,4,SUCRE,88.0,32,6,23
2017-04-01,2017,4,TOLIMA,342.0,66,17,30
2017-04-01,2017,4,VALLE DEL CAUCA,8283.632,357,38,89
2017-04-01,2017,4,VICHADA,4.0,4,2,4
2017-05-01,2017,5,AMAZONAS,567.0,51,2,49
2017-05-01,2017,5,ANTIOQUIA,11167.601999999999,335,51,107
2017-05-01,2017,5,ARAUCA,33.0,17,4,12
2017-05-01,2017,5,ATLANTICO,1938.531,110,11,81
2017-05-01,2017,5,BOGOTA D.C.,11032.667,150,1,150
2017-05-01,2017,5,BOLIVAR,8183.524,145,15,117
2017-05-01,2017,5,BOYACA,289.0,101,23,33
2017-05-01,2017,5,CALDAS,489.0,65,16,34
2017-05-01,2017,5,CAQUETA,24.0,11,2,10
2017-05-01,2017,5,CASANARE,42.0,22,2,20
2017-05-01,2017,5,CAUCA,242.0,57,14,35
2017-05-01,2017,5,CESAR,137.0,41,8,29
2017-05-01,2017,5,CHOCO,193.0,38,7,28
2017-05-01,2017,5,CORDOBA,218.0,52,12,29
2017-05-01,2017,5,CUNDINAMARCA,804.0,264,51,44
2017-05-01,2017,5,GUAINIA,6.0,1,1,1
2017-05-01,2017,5,GUAVIARE,1.0,1,1,1
2017-05-01,2017,5,HUILA,297.0,59,11,29
2017-05-01,2017,5,LA GUAJIRA,229.0,57,9,36
2017-05-01,2017,5,MAGDALENA,1902.0,71,12,54
2017-05-01,2017,5,META,247.0,47,11,32
2017-05-01,2017,5,NARINO,1549.0,105,18,53
2017-05-01,2017,5,NORTE DE SANTANDER,801.0,70,11,48
2017-05-01,2017,5,PUTUMAYO,187.0,29,10,14
2017-05-01,2017,5,QUINDIO,834.0,95,10,44
2017-05-01,2017,5,RISARALDA,1520.0,113,11,72
2017-05-01,2017,5,"SAN ANDRES, PROVIDENCIA Y SANTA CATALINA",2066.345,71,2,49
2017-05-01,2017,5,SANTANDER,1085.0,134,17,57
2017-05-01,2017,5,SIN ESPECIFICAR,3.0,3,1,3
2017-05-01,2017,5,SUCRE,91.0,29,7,21
2017-05-01,2017,5,TOLIMA,336.0,64,11,39
2017-05-01,2017,5,VALLE DEL CAUCA,7099.63,362,38,96
2017-05-01,2017,5,VAUPES,3.0,3,3,2
2017-05-01,2017,5,VICHADA,2.0,2,1,2
2017-06-01,2017,6,AMAZONAS,689.0,46,2,45
2017-06-01,2017,6,ANTIOQUIA,9596.322,351,62,110
2017-06-01,2017,6,ARAUCA,19.0,12,3,9
2017-06-01,2017,6,ATLANTICO,2509.6,109,17,74
2017-06-01,2017,6,BOGOTA D.C.,13491.012,154,1,154
2017-06-01,2017,6,BOLIVAR,7374.331,155,17,112
2017-06-01,2017,6,BOYACA,416.0,106,25,35
2017-06-01,2017,6,CALDAS,1047.0,99,16,51
2017-06-01,2017,6,CAQUETA,32.0,16,2,15
2017-06-01,2017,6,CASANARE,64.0,19,4,16
2017-06-01,2017,6,CAUCA,356.0,61,12,36
2017-06-01,2017,6,CESAR,188.0,42,8,30
2017-06-01,2017,6,CHOCO,181.0,41,11,29
2017-06-01,2017,6,CORDOBA,300.0,62,16,31
2017-06-01,2017,6,CUNDINAMARCA,1400.0,351,64,58
2017-06-01,2017,6,GUAINIA,1.0,1,1,1
2017-06-01,2017,6,GUAVIARE,7.0,6,1,6
2017-06-01,2017,6,HUILA,623.0,83,16,36
2017-06-01,2017,6,LA GUAJIRA,183.0,61,10,35
2017-06-01,2017,6,MAGDALENA,2008.0,88,12,59
2017-06-01,2017,6,META,447.0,65,13,38
2017-06-01,2017,6,NARINO,1536.0,110,22,47
2017-06-01,2017,6,NORTE DE SANTANDER,822.0,71,10,46
2017-06-01,2017,6,PUTUMAYO,209.0,33,11,13
2017-06-01,2017,6,QUINDIO,1473.0,110,10,46
2017-06-01,2017,6,RISARALDA,1502.191,107,12,54
2017-06-01,2017,6,"SAN ANDRES, PROVIDENCIA Y SANTA CATALINA",2312.059,64,2,44
2017-06-01,2017,6,SANTANDER,1754.0,158,25,63
2017-06-01,2017,6,SIN ESPECIFICAR,5.0,5,1,5
2017-06-01,2017,6,SUCRE,88.0,28,6,21
2017-06-01,2017,6,TOLIMA,682.0,86,19,47
2017-06-01,2017,6,VALLE DEL CAUCA,8696.032,381,38,102
2017-06-01,2017,6,VICHADA,4.0,3,1,3
2017-07-01,2017,7,AMAZONAS,906.0,49,4,43
2017-07-01,2017,7,ANTIOQUIA,10147.25,380,60,119
2017-07-01,2017,7,ARAUCA,48.0,16,4,13
2017-07-01,2017,7,ATLANTICO,3139.172,130,12,85
2017-07-01,2017,7,BOGOTA D.C.,13049.172,162,1,162
2017-07-01,2017,7,BOLIVAR,10312.243,169,19,126
2017-07-01,2017,7,BOYACA,649.0,137,32,42
2017-07-01,2017,7,CALDAS,810.0,94,18,46
2017-07-01,2017,7,CAQUETA,70.0,21,2,20
2017-07-01,2017,7,CASANARE,57.0,21,6,15
2017-07-01,2017,7,CAUCA,422.0,72,19,40
2017-07-01,2017,7,CESAR,260.0,47,12,29
2017-07-01,2017,7,CHOCO,254.0,45,10,29
2017-07-01,2017,7,CORDOBA,245.0,57,12,30
2017-07-01,2017,7,CUNDINAMARCA,1341.0,330,57,54
2017-07-01,2017,7,GUAINIA,12.0,2,1,2
2017-07-01,2017,7,GUAVIARE,3.0,3,1,3
2017-07-01,2017,7,HUILA,502.0,68,14,32
2017-07-01,2017,7,LA GUAJIRA,279.0,66,10,33
2017-07-01,2017,7,MAGDALENA,2855.0,91,14,60
2017-07-01,2017,7,META,544.0,59,13,34
2017-07-01,2017,7,NARINO,1924.0,120,20,55
2017-07-01,2017,7,NORTE DE SANTANDER,841.0,73,11,43
2017-07-01,2017,7,PUTUMAYO,166.0,37,11,21
2017-07-01,2017,7,QUINDIO,1400.0,113,10,49
2017-07-01,2017,7,RISARALDA,2482.0,112,10,61
2017-07-01,2017,7,"SAN ANDRES, PROVIDENCIA Y SANTA CATALINA",1789.783,79,2,53
2017-07-01,2017,7,SANTANDER,1941.0,161,23,65
2017-07-01,2017,7,SIN ESPECIFICAR,10.0,4,1,4
2017-07-01,2017,7,SUCRE,78.0,40,9,28
2017-07-01,2017,7,TOLIMA,634.0,89,20,38
2017-07-01,2017,7,VALLE DEL CAUCA,9488.233,420,38,94
2017-07-01,2017,7,VICHADA,4.0,4,1,4
2017-08-01,2017,8,AMAZONAS,518.0,41,2,40
2017-08-01,2017,8,ANTIOQUIA,10399.585,369,53,112
2017-08-01,2017,8,ARAUCA,33.0,17,4,14
2017-08-01,2017,8,ATLANTICO,2506.758,110,11,79
2017-08-01,2017,8,BOGOTA D.C.,13838.75,155,1,155
2017-08-01,2017,8,BOLIVAR,9547.003,153,15,124
2017-08-01,2017,8,BOYACA,602.0,140,35,41
2017-08-01,2017,8,CALDAS,756.0,84,19,36
2017-08-01,2017,8,CAQUETA,26.0,12,2,11
2017-08-01,2017,8,CASANARE,62.0,29,6,19
2017-08-01,2017,8,CAUCA,487.0,69,18,41
2017-08-01,2017,8,CESAR,196.0,43,10,29
2017-08-01,2017,8,CHOCO,305.0,48,10,28
2017-08-01,2017,8,CORDOBA,207.0,42,12,24
2017-08-01,2017,8,CUNDINAMARCA,1240.0,360,62,54
2017-08-01,2017,8,GUAINIA,10.0,3,1,3
2017-08-01,2017,8,GUAVIARE,2.0,2,2,2
2017-08-01,2017,8,HUILA,475.0,76,18,33
2017-08-01,2017,8,LA GUAJIRA,220.0,54,7,28
2017-08-01,2017,8,MAGDALENA,2319.0,90,13,60
2017-08-01,2017,8,META,442.0,72,10,39
2017-08-01,2017,8,NARINO,2019.0,117,20,53
2017-08-01,2017,8,NORTE DE SANTANDER,1089.0,80,11,48
2017-08-01,2017,8,PUTUMAYO,136.0,33,10,15
2017-08-01,2017,8,QUINDIO,1576.0,113,11,54
2017-08-01,2017,8,RISARALDA,2572.0,109,11,57
2017-08-01,2017,8,"SAN ANDRES, PROVIDENCIA Y SANTA CATALINA",2075.007,70,2,49
2017-08-01,2017,8,SANTANDER,1693.0,143,23,54
2017-08-01,2017,8,SIN ESPECIFICAR,6.0,5,2,4
2017-08-01,2017,8,SUCRE,91.0,36,9,28
2017-08-01,2017,8,TOLIMA,509.0,78,16,39
2017-08-01,2017,8,VALLE DEL CAUCA,9009.423999999999,391,41,104
2017-08-01,2017,8,VAUPES,2.0,2,2,2
2017-08-01,2017,8,VICHADA,9.0,5,2,5
2017-09-01,2017,9,AMAZONAS,401.0,42,6,37
2017-09-01,2017,9,ANTIOQUIA,10917.59,382,65,120
2017-09-01,2017,9,ARAUCA,31.0,15,2,13
2017-09-01,2017,9,ATLANTICO,2749.294,105,11,77
2017-09-01,2017,9,BOGOTA D.C.,13467.335,152,1,152
2017-09-01,2017,9,BOLIVAR,8350.53,139,15,114
2017-09-01,2017,9,BOYACA,411.0,124,30,40
2017-09-01,2017,9,CALDAS,801.0,86,20,41
2017-09-01,2017,9,CAQUETA,32.0,16,5,13
2017-09-01,2017,9,CASANARE,40.0,22,6,20
2017-09-01,2017,9,CAUCA,255.0,52,13,34
2017-09-01,2017,9,CESAR,170.0,40,5,33
2017-09-01,2017,9,CHOCO,197.0,42,10,24
2017-09-01,2017,9,CORDOBA,198.0,51,13,29
2017-09-01,2017,9,CUNDINAMARCA,925.0,308,61,56
2017-09-01,2017,9,GUAINIA,5.0,2,1,2
2017-09-01,2017,9,GUAVIARE,5.0,4,1,4
2017-09-01,2017,9,HUILA,270.0,53,10,31
2017-09-01,2017,9,LA GUAJIRA,213.0,64,12,33
2017-09-01,2017,9,MAGDALENA,1838.0,83,9,64
2017-09-01,2017,9,META,346.0,55,10,34
2017-09-01,2017,9,NARINO,1563.0,92,18,47
2017-09-01,2017,9,NORTE DE SANTANDER,959.0,71,8,47
2017-09-01,2017,9,PUTUMAYO,184.0,30,9,15
2017-09-01,2017,9,QUINDIO,956.0,115,9,55
2017-09-01,2017,9,RISARALDA,1424.0,98,10,54
2017-09-01,2017,9,"SAN ANDRES, PROVIDENCIA Y SANTA CATALINA",2465.955,81,2,54
2017-09-01,2017,9,SANTANDER,1198.0,141,22,60
2017-09-01,2017,9,SIN ESPECIFICAR,11.0,5,1,5
2017-09-01,2017,9,SUCRE,104.0,35,9,24
2017-09-01,2017,9,TOLIMA,396.0,65,14,40
2017-09-01,2017,9,VALLE DEL CAUCA,6595.604,345,33,93
2017-09-01,2017,9,VICHADA,4.0,4,2,4
2017-10-01,2017,10,AMAZONAS,363.0,41,2,40
2017-10-01,2017,10,ANTIOQUIA,10736.389,383,58,119
2017-10-01,2017,10,ARAUCA,19.0,10,4,8
2017-10-01,2017,10,ATLANTICO,2314.29,118,13,87
2017-10-01,2017,10,BOGOTA D.C.,14872.061,194,1,194
2017-10-01,2017,10,BOLIVAR,8816.902,156,15,126
2017-10-01,2017,10,BOYACA,345.0,119,29,40
2017-10-01,2017,10,CALDAS,624.0,77,18,39
2017-10-01,2017,10,CAQUETA,44.0,14,3,12
2017-10-01,2017,10,CASANARE,52.0,23,4,20
2017-10-01,2017,10,CAUCA,275.0,49,11,31
2017-10-01,2017,10,CESAR,164.0,35,7,24
2017-10-01,2017,10,CHOCO,227.0,45,9,25
2017-10-01,2017,10,CORDOBA,187.0,56,12,30
2017-10-01,2017,10,CUNDINAMARCA,988.0,327,62,50
2017-10-01,2017,10,GUAINIA,8.0,2,1,2
2017-10-01,2017,10,GUAVIARE,2.0,2,1,2
2017-10-01,2017,10,HUILA,348.0,70,14,35
2017-10-01,2017,10,LA GUAJIRA,126.0,51,9,29
2017-10-01,2017,10,MAGDALENA,1657.0,76,8,59
2017-10-01,2017,10,META,312.0,68,11,37
2017-10-01,2017,10,NARINO,1738.0,92,11,51
2017-10-01,2017,10,NORTE DE SANTANDER,955.0,70,10,41
2017-10-01,2017,10,PUTUMAYO,205.0,30,9,16
2017-10-01,2017,10,QUINDIO,915.0,106,11,45
2017-10-01,2017,10,RISARALDA,1438.0,90,6,54
2017-10-01,2017,10,"SAN ANDRES, PROVIDENCIA Y SANTA CATALINA",1319.85,68,2,50
2017-10-01,2017,10,SANTANDER,1273.0,135,20,49
2017-10-01,2017,10,SIN ESPECIFICAR,3.0,3,1,3
2017-10-01,2017,10,SUCRE,82.0,31,8,20
2017-10-01,2017,10,TOLIMA,342.0,73,18,40
2017-10-01,2017,10,VALLE DEL CAUCA,7923.6720000000005,354,35,93
2017-10-01,2017,10,VICHADA,2.0,2,1,2
2017-11-01,2017,11,AMAZONAS,465.0,46,4,42
2017-11-01,2017,11,ANTIOQUIA,11017.948,402,66,118
2017-11-01,2017,11,ARAUCA,40.0,15,5,12
2017-11-01,2017,11,ATLANTICO,2663.4610000000002,113,11,81
2017-11-01,2017,11,BOGOTA D.C.,14555.461,157,1,157
2017-11-01,2017,11,BOLIVAR,8054.642,142,12,113
2017-11-01,2017,11,BOYACA,318.0,117,26,35
2017-11-01,2017,11,CALDAS,598.0,84,17,35
2017-11-01,2017,11,CAQUETA,102.0,23,5,19
2017-11-01,2017,11,CASANARE,76.0,25,4,19
2017-11-01,2017,11,CAUCA,384.0,59,13,37
2017-11-01,2017,11,CESAR,137.0,32,5,26
2017-11-01,2017,11,CHOCO,203.0,45,7,33
2017-11-01,2017,11,CORDOBA,236.0,45,11,26
2017-11-01,2017,11,CUNDINAMARCA,998.0,325,60,45
2017-11-01,2017,11,GUAINIA,12.0,5,2,4
2017-11-01,2017,11,GUAVIARE,4.0,2,1,2
2017-11-01,2017,11,HUILA,351.0,75,16,39
2017-11-01,2017,11,LA GUAJIRA,171.0,59,9,38
2017-11-01,2017,11,MAGDALENA,4981.0,117,13,69
2017-11-01,2017,11,META,357.0,66,14,33
2017-11-01,2017,11,NARINO,1736.0,103,16,53
2017-11-01,2017,11,NORTE DE SANTANDER,1003.0,82,13,50
2017-11-01,2017,11,PUTUMAYO,145.0,38,12,18
2017-11-01,2017,11,QUINDIO,1139.0,118,11,48
2017-11-01,2017,11,RISARALDA,1912.0,111,12,55
2017-11-01,2017,11,"SAN ANDRES, PROVIDENCIA Y SANTA CATALINA",2958.584,78,2,55
2017-11-01,2017,11,SANTANDER,1403.0,136,19,58
2017-11-01,2017,11,SIN ESPECIFICAR,92.0,17,1,17
2017-11-01,2017,11,SUCRE,78.0,36,9,22
2017-11-01,2017,11,TOLIMA,442.0,68,11,37
2017-11-01,2017,11,VALLE DEL CAUCA,7447.814,393,36,99
2017-11-01,2017,11,VICHADA,4.0,2,2,2
2017-12-01,2017,12,AMAZONAS,447.0,42,3,38
2017-12-01,2017,12,ANTIOQUIA,12178.373,500,71,120
2017-12-01,2017,12,ARAUCA,56.0,19,4,14
2017-12-01,2017,12,ATLANTICO,3310.342,146,18,79
2017-12-01,2017,12,BOGOTA D.C.,11926.747,153,1,153
2017-12-01,2017,12,BOLIVAR,10352.52,162,20,117
2017-12-01,2017,12,BOYACA,666.0,167,42,42
2017-12-01,2017,12,CALDAS,1425.0,140,20,52
2017-12-01,2017,12,CAQUETA,87.0,21,5,18
2017-12-01,2017,12,CASANARE,118.0,31,7,24
2017-12-01,2017,12,CAUCA,517.0,85,18,43
2017-12-01,2017,12,CESAR,311.0,62,14,39
2017-12-01,2017,12,CHOCO,254.0,48,10,32
2017-12-01,2017,12,CORDOBA,401.0,86,18,39
2017-12-01,2017,12,CUNDINAMARCA,1645.0,452,71,57
2017-12-01,2017,12,GUAINIA,5.0,4,2,4
2017-12-01,2017,12,GUAVIARE,11.0,6,1,6
2017-12-01,2017,12,HUILA,625.0,106,18,42
2017-12-01,2017,12,LA GUAJIRA,239.0,66,9,35
2017-12-01,2017,12,MAGDALENA,3143.0,134,15,84
2017-12-01,2017,12,META,648.0,85,16,40
2017-12-01,2017,12,NARINO,2241.0,123,22,58
2017-12-01,2017,12,NORTE DE SANTANDER,1729.0,114,16,59
2017-12-01,2017,12,PUTUMAYO,119.0,31,8,21
2017-12-01,2017,12,QUINDIO,1604.0,133,10,51
2017-12-01,2017,12,RISARALDA,2385.17,143,13,59
2017-12-01,2017,12,"SAN ANDRES, PROVIDENCIA Y SANTA CATALINA",3821.809,66,2,47
2017-12-01,2017,12,SANTANDER,2680.0,231,34,69
2017-12-01,2017,12,SIN ESPECIFICAR,30.0,11,2,11
2017-12-01,2017,12,SUCRE,186.0,60,12,32
2017-12-01,2017,12,TOLIMA,1019.0,128,25,44
2017-12-01,2017,12,VALLE DEL CAUCA,11169.01,542,41,107
2017-12-01,2017,12,VICHADA,7.0,6,1,6
2018-01-01,2018,1,AMAZONAS,592.0,45,3,42
2018-01-01,2018,1,ANTIOQUIA,12015.878,416,65,116
2018-01-01,2018,1,ARAUCA,28.0,17,3,14
2018-01-01,2018,1,ATLANTICO,3156.522,118,13,77
2018-01-01,2018,1,BOGOTA D.C.,13392.461,152,1,152
2018-01-01,2018,1,BOLIVAR,10887.25,153,16,115
2018-01-01,2018,1,BOYACA,491.0,137,30,39
2018-01-01,2018,1,CALDAS,791.0,97,18,43
2018-01-01,2018,1,CAQUETA,42.0,18,5,14
2018-01-01,2018,1,CASANARE,70.0,28,5,21
2018-01-01,2018,1,CAUCA,361.0,66,16,36
2018-01-01,2018,1,CESAR,261.0,52,11,34
2018-01-01,2018,1,CHOCO,305.0,50,7,32
2018-01-01,2018,1,CORDOBA,207.0,53,12,30
2018-01-01,2018,1,CUNDINAMARCA,1102.0,358,60,65
2018-01-01,2018,1,GUAINIA,23.0,10,3,8
2018-01-01,2018,1,GUAVIARE,6.0,6,3,6
2018-01-01,2018,1,HUILA,295.0,65,12,30
2018-01-01,2018,1,LA GUAJIRA,196.0,60,9,32
2018-01-01,2018,1,MAGDALENA,3224.0,92,10,65
2018-01-01,2018,1,META,403.0,76,12,42
2018-01-01,2018,1,NARINO,1740.0,112,14,56
2018-01-01,2018,1,NORTE DE SANTANDER,1661.0,89,17,50
2018-01-01,2018,1,PUTUMAYO,218.0,52,10,29
2018-01-01,2018,1,QUINDIO,928.0,105,11,45
2018-01-01,2018,1,RISARALDA,1906.0,108,11,60
2018-01-01,2018,1,"SAN ANDRES, PROVIDENCIA Y SANTA CATALINA",2961.714,69,2,48
2018-01-01,2018,1,SANTANDER,1518.0,156,23,58
2018-01-01,2018,1,SIN ESPECIFICAR,14.0,10,2,10
2018-01-01,2018,1,SUCRE,135.0,48,10,26
2018-01-01,2018,1,TOLIMA,445.0,78,15,39
2018-01-01,2018,1,VALLE DEL CAUCA,9034.193,425,38,98
2018-01-01,2018,1,VICHADA,32.0,17,1,17
2018-02-01,2018,2,AMAZONAS,513.0,46,2,44
2018-02-01,2018,2,ANTIOQUIA,11780.241,393,63,112
2018-02-01,2018,2,ARAUCA,27.0,13,5,9
2018-02-01,2018,2,ATLANTICO,4233.55,148,14,84
2018-02-01,2018,2,BOGOTA D.C.,12403.153,153,1,153
2018-02-01,2018,2,BOLIVAR,9845.062,162,15,117
2018-02-01,2018,2,BOYACA,382.0,127,26,39
2018-02-01,2018,2,CALDAS,550.0,88,15,38
2018-02-01,2018,2,CAQUETA,25.0,14,3,13
2018-02-01,2018,2,CASANARE,80.0,26,6,16
2018-02-01,2018,2,CAUCA,273.0,47,11,29
2018-02-01,2018,2,CESAR,153.0,35,6,25
2018-02-01,2018,2,CHOCO,226.0,40,8,28
2018-02-01,2018,2,CORDOBA,197.0,51,10,29
2018-02-01,2018,2,CUNDINAMARCA,927.0,319,58,50
2018-02-01,2018,2,GUAINIA,15.0,5,2,5
2018-02-01,2018,2,GUAVIARE,3.0,3,1,3
2018-02-01,2018,2,HUILA,296.0,64,13,29
2018-02-01,2018,2,LA GUAJIRA,173.0,58,9,29
2018-02-01,2018,2,MAGDALENA,3009.0,98,15,67
2018-02-01,2018,2,META,298.0,55,14,29
2018-02-01,2018,2,NARINO,1609.0,92,14,49
2018-02-01,2018,2,NORTE DE SANTANDER,952.0,71,10,46
2018-02-01,2018,2,PUTUMAYO,164.0,36,9,23
2018-02-01,2018,2,QUINDIO,1046.0,107,11,47
2018-02-01,2018,2,RISARALDA,2048.0,105,12,54
2018-02-01,2018,2,"SAN ANDRES, PROVIDENCIA Y SANTA CATALINA",2309.2,80,2,53
2018-02-01,2018,2,SANTANDER,1396.0,156,19,54
2018-02-01,2018,2,SIN ESPECIFICAR,7.0,5,1,5
2018-02-01,2018,2,SUCRE,65.0,31,10,21
2018-02-01,2018,2,TOLIMA,305.0,72,14,40
2018-02-01,2018,2,VALLE DEL CAUCA,8198.56,398,37,98
2018-02-01,2018,2,VAUPES,1.0,1,1,1
2018-02-01,2018,2,VICHADA,13.0,7,1,7
2018-03-01,2018,3,AMAZONAS,503.0,44,4,38
2018-03-01,2018,3,ANTIOQUIA,12031.968,464,65,141
2018-03-01,2018,3,ARAUCA,43.0,17,3,14
2018-03-01,2018,3,ATLANTICO,3148.27,124,16,82
2018-03-01,2018,3,BOGOTA D.C.,13585.32,163,1,163
2018-03-01,2018,3,BOLIVAR,10329.923,177,18,125
2018-03-01,2018,3,BOYACA,404.0,124,36,38
2018-03-01,2018,3,CALDAS,853.0,93,18,44
2018-03-01,2018,3,CAQUETA,29.0,11,2,10
2018-03-01,2018,3,CASANARE,56.0,23,7,16
2018-03-01,2018,3,CAUCA,398.0,60,14,37
2018-03-01,2018,3,CESAR,170.0,38,9,27
2018-03-01,2018,3,CHOCO,313.0,50,6,32
2018-03-01,2018,3,CORDOBA,202.0,54,12,29
2018-03-01,2018,3,CUNDINAMARCA,1181.0,331,58,50
2018-03-01,2018,3,GUAINIA,23.0,9,3,6
2018-03-01,2018,3,GUAVIARE,1.0,1,1,1
2018-03-01,2018,3,HUILA,280.0,55,11,30
2018-03-01,2018,3,LA GUAJIRA,188.0,59,9,31
2018-03-01,2018,3,MAGDALENA,3183.0,102,13,68
2018-03-01,2018,3,META,327.0,60,15,34
2018-03-01,2018,3,NARINO,1468.0,104,17,52
2018-03-01,2018,3,NORTE DE SANTANDER,996.0,86,14,47
2018-03-01,2018,3,PUTUMAYO,176.0,35,10,18
2018-03-01,2018,3,QUINDIO,1152.0,105,11,41
2018-03-01,2018,3,RISARALDA,1949.0,119,14,58
2018-03-01,2018,3,"SAN ANDRES, PROVIDENCIA Y SANTA CATALINA",2817.285,80,2,55
2018-03-01,2018,3,SANTANDER,1633.0,160,21,62
2018-03-01,2018,3,SIN ESPECIFICAR,7.0,5,1,5
2018-03-01,2018,3,SUCRE,134.0,46,11,32
2018-03-01,2018,3,TOLIMA,408.0,72,18,34
2018-03-01,2018,3,VALLE DEL CAUCA,7984.473,371,36,100
2018-03-01,2018,3,VAUPES,1.0,1,1,1
2018-03-01,2018,3,VICHADA,23.0,11,3,10
2018-04-01,2018,4,AMAZONAS,522.0,41,3,39
2018-04-01,2018,4,ANTIOQUIA,12173.681,379,58,110
2018-04-01,2018,4,ARAUCA,40.0,15,4,12
2018-04-01,2018,4,ATLANTICO,2710.625,118,10,84
2018-04-01,2018,4,BOGOTA D.C.,12548.828,155,1,155
2018-04-01,2018,4,BOLIVAR,10594.633,162,16,114
2018-04-01,2018,4,BOYACA,344.0,118,25,35
2018-04-01,2018,4,CALDAS,527.0,74,16,34
2018-04-01,2018,4,CAQUETA,27.0,17,3,16
2018-04-01,2018,4,CASANARE,45.0,17,3,15
2018-04-01,2018,4,CAUCA,284.0,49,13,30
2018-04-01,2018,4,CESAR,441.0,40,6,29
2018-04-01,2018,4,CHOCO,241.0,40,7,26
2018-04-01,2018,4,CORDOBA,197.0,46,10,25
2018-04-01,2018,4,CUNDINAMARCA,1082.0,338,61,49
2018-04-01,2018,4,GUAINIA,14.0,3,1,3
2018-04-01,2018,4,GUAVIARE,3.0,3,1,3
2018-04-01,2018,4,HUILA,254.0,54,13,28
2018-04-01,2018,4,LA GUAJIRA,156.0,60,9,32
2018-04-01,2018,4,MAGDALENA,2670.0,92,11,58
2018-04-01,2018,4,META,289.0,57,12,35
2018-04-01,2018,4,NARINO,1238.0,85,14,42
2018-04-01,2018,4,NORTE DE SANTANDER,1016.0,72,11,47
2018-04-01,2018,4,PUTUMAYO,129.0,33,8,22
2018-04-01,2018,4,QUINDIO,837.0,113,10,47
2018-04-01,2018,4,RISARALDA,1834.0,110,13,52
2018-04-01,2018,4,"SAN ANDRES, PROVIDENCIA Y SANTA CATALINA",1650.324,74,2,48
2018-04-01,2018,4,SANTANDER,1273.0,148,21,59
2018-04-01,2018,4,SIN ESPECIFICAR,4.0,4,1,4
2018-04-01,2018,4,SUCRE,60.0,26,7,19
2018-04-01,2018,4,TOLIMA,276.0,62,16,32
2018-04-01,2018,4,VALLE DEL CAUCA,6780.606,351,38,104
2018-04-01,2018,4,VAUPES,1.0,1,1,1
2018-04-01,2018,4,VICHADA,9.0,8,2,8
2018-05-01,2018,5,AMAZONAS,461.0,45,4,41
2018-05-01,2018,5,ANTIOQUIA,10437.678,400,66,120
2018-05-01,2018,5,ARAUCA,25.0,15,4,12
2018-05-01,2018,5,ATLANTICO,2598.888,110,13,77
2018-05-01,2018,5,BOGOTA D.C.,12255.715,153,1,153
2018-05-01,2018,5,BOLIVAR,9439.528,161,16,128
2018-05-01,2018,5,BOYACA,447.0,107,29,33
2018-05-01,2018,5,CALDAS,609.0,79,17,39
2018-05-01,2018,5,CAQUETA,31.0,11,1,11
2018-05-01,2018,5,CASANARE,33.0,17,3,15
2018-05-01,2018,5,CAUCA,314.0,70,20,40
2018-05-01,2018,5,CESAR,158.0,44,11,27
2018-05-01,2018,5,CHOCO,273.0,48,8,32
2018-05-01,2018,5,CORDOBA,273.0,52,11,28
2018-05-01,2018,5,CUNDINAMARCA,998.0,305,61,50
2018-05-01,2018,5,GUAINIA,12.0,3,2,3
2018-05-01,2018,5,GUAVIARE,1.0,1,1,1
2018-05-01,2018,5,HUILA,350.0,71,15,36
2018-05-01,2018,5,LA GUAJIRA,149.0,57,6,29
2018-05-01,2018,5,MAGDALENA,2233.0,81,9,61
2018-05-01,2018,5,META,321.0,64,11,34
2018-05-01,2018,5,NARINO,1050.0,86,11,46
2018-05-01,2018,5,NORTE DE SANTANDER,792.0,64,11,40
2018-05-01,2018,5,PUTUMAYO,128.0,27,7,16
2018-05-01,2018,5,QUINDIO,1025.0,108,10,48
2018-05-01,2018,5,RISARALDA,1824.0,100,12,54
2018-05-01,2018,5,"SAN ANDRES, PROVIDENCIA Y SANTA CATALINA",1752.69,71,2,46
2018-05-01,2018,5,SANTANDER,1172.0,148,22,61
2018-05-01,2018,5,SIN ESPECIFICAR,14.0,6,1,6
2018-05-01,2018,5,SUCRE,88.0,30,8,21
2018-05-01,2018,5,TOLIMA,382.0,76,21,38
2018-05-01,2018,5,VALLE DEL CAUCA,7269.425,382,38,108
2018-05-01,2018,5,VAUPES,2.0,2,2,2
2018-05-01,2018,5,VICHADA,6.0,5,2,5
2018-06-01,2018,6,AMAZONAS,538.0,49,2,46
2018-06-01,2018,6,ANTIOQUIA,10662.155999999999,436,74,113
2018-06-01,2018,6,ARAUCA,43.0,20,4,17
2018-06-01,2018,6,ATLANTICO,2356.071,125,19,83
2018-06-01,2018,6,BOGOTA D.C.,14314.151,170,1,170
2018-06-01,2018,6,BOLIVAR,8303.278,150,14,119
2018-06-01,2018,6,BOYACA,438.0,145,29,43
2018-06-01,2018,6,CALDAS,947.0,100,22,43
2018-06-01,2018,6,CAQUETA,42.0,19,3,17
2018-06-01,2018,6,CASANARE,67.0,18,5,15
2018-06-01,2018,6,CAUCA,400.0,72,16,35
2018-06-01,2018,6,CESAR,205.0,49,12,30
2018-06-01,2018,6,CHOCO,238.0,43,6,29
2018-06-01,2018,6,CORDOBA,352.0,62,14,30
2018-06-01,2018,6,CUNDINAMARCA,1261.0,331,68,51
2018-06-01,2018,6,GUAINIA,7.0,3,2,3
2018-06-01,2018,6,GUAVIARE,2.0,2,1,2
2018-06-01,2018,6,HUILA,619.0,92,18,38
2018-06-01,2018,6,LA GUAJIRA,181.0,56,8,29
2018-06-01,2018,6,MAGDALENA,2103.0,85,12,62
2018-06-01,2018,6,META,466.0,60,13,32
2018-06-01,2018,6,NARINO,1063.0,92,14,46
2018-06-01,2018,6,NORTE DE SANTANDER,942.0,87,13,47
2018-06-01,2018,6,PUTUMAYO,114.0,37,11,17
2018-06-01,2018,6,QUINDIO,1382.0,120,10,49
2018-06-01,2018,6,RISARALDA,1516.188,116,13,57
2018-06-01,2018,6,"SAN ANDRES, PROVIDENCIA Y SANTA CATALINA",2391.39,71,2,47
2018-06-01,2018,6,SANTANDER,1876.0,169,23,58
2018-06-01,2018,6,SIN ESPECIFICAR,9.0,8,1,8
2018-06-01,2018,6,SUCRE,126.0,41,9,25
2018-06-01,2018,6,TOLIMA,789.0,91,22,43
2018-06-01,2018,6,VALLE DEL CAUCA,7648.452,412,41,100
2018-06-01,2018,6,VAUPES,1.0,1,1,1
2018-06-01,2018,6,VICHADA,11.0,6,3,4
2018-07-01,2018,7,AMAZONAS,821.0,46,3,39
2018-07-01,2018,7,ANTIOQUIA,11743.841,479,72,120
2018-07-01,2018,7,ARAUCA,26.0,16,6,10
2018-07-01,2018,7,ATLANTICO,7515.602,146,15,92
2018-07-01,2018,7,BOGOTA D.C.,11257.318,162,1,162
2018-07-01,2018,7,BOLIVAR,9552.658,144,15,114
2018-07-01,2018,7,BOYACA,614.0,146,35,43
2018-07-01,2018,7,CALDAS,1145.0,111,19,51
2018-07-01,2018,7,CAQUETA,40.0,18,3,14
2018-07-01,2018,7,CASANARE,68.0,25,6,18
2018-07-01,2018,7,CAUCA,496.0,67,15,40
2018-07-01,2018,7,CESAR,338.0,52,13,31
2018-07-01,2018,7,CHOCO,217.0,45,9,31
2018-07-01,2018,7,CORDOBA,243.0,63,13,35
2018-07-01,2018,7,CUNDINAMARCA,1318.0,363,63,63
2018-07-01,2018,7,GUAINIA,10.0,3,1,3
2018-07-01,2018,7,GUAVIARE,4.0,3,1,3
2018-07-01,2018,7,HUILA,396.0,83,14,33
2018-07-01,2018,7,LA GUAJIRA,207.0,70,12,31
2018-07-01,2018,7,MAGDALENA,2677.0,91,14,65
2018-07-01,2018,7,META,527.0,75,11,40
2018-07-01,2018,7,NARINO,1162.0,107,15,54
2018-07-01,2018,7,NORTE DE SANTANDER,1071.0,82,11,48
2018-07-01,2018,7,PUTUMAYO,153.0,43,13,20
2018-07-01,2018,7,QUINDIO,1614.0,122,11,46
2018-07-01,2018,7,RISARALDA,1664.079,104,11,54
2018-07-01,2018,7,"SAN ANDRES, PROVIDENCIA Y SANTA CATALINA",1858.267,70,2,46
2018-07-01,2018,7,SANTANDER,1956.0,186,28,66
2018-07-01,2018,7,SIN ESPECIFICAR,39.0,14,2,14
2018-07-01,2018,7,SUCRE,137.0,36,5,27
2018-07-01,2018,7,TOLIMA,561.0,82,20,39
2018-07-01,2018,7,VALLE DEL CAUCA,9690.082,439,37,113
2018-07-01,2018,7,VICHADA,15.0,8,3,7
2018-08-01,2018,8,AMAZONAS,542.0,48,2,44
2018-08-01,2018,8,ANTIOQUIA,12268.828,500,74,112
2018-08-01,2018,8,ARAUCA,20.0,14,3,12
2018-08-01,2018,8,ATLANTICO,2915.175,118,14,80
2018-08-01,2018,8,BOGOTA D.C.,14274.673,157,1,157
2018-08-01,2018,8,BOLIVAR,8509.094000000001,167,22,120
2018-08-01,2018,8,BOYACA,644.0,147,38,42
2018-08-01,2018,8,CALDAS,804.0,108,21,43
2018-08-01,2018,8,CAQUETA,41.0,13,2,13
2018-08-01,2018,8,CASANARE,63.0,23,5,17
2018-08-01,2018,8,CAUCA,501.0,71,12,38
2018-08-01,2018,8,CESAR,191.0,41,9,26
2018-08-01,2018,8,CHOCO,171.0,42,7,25
2018-08-01,2018,8,CORDOBA,274.0,63,15,35
2018-08-01,2018,8,CUNDINAMARCA,1295.0,375,67,51
2018-08-01,2018,8,GUAINIA,6.0,4,2,4
2018-08-01,2018,8,GUAVIARE,4.0,4,2,4
2018-08-01,2018,8,HUILA,361.0,69,14,30
2018-08-01,2018,8,LA GUAJIRA,209.0,66,8,36
2018-08-01,2018,8,MAGDALENA,2506.0,93,15,66
2018-08-01,2018,8,META,370.0,65,11,36
2018-08-01,2018,8,NARINO,1418.0,103,15,48
2018-08-01,2018,8,NORTE DE SANTANDER,1239.0,88,13,47
2018-08-01,2018,8,PUTUMAYO,143.0,41,11,20
2018-08-01,2018,8,QUINDIO,1725.0,143,12,53
2018-08-01,2018,8,RISARALDA,2519.0,125,11,64
2018-08-01,2018,8,"SAN ANDRES, PROVIDENCIA Y SANTA CATALINA",1988.021,81,3,54
2018-08-01,2018,8,SANTANDER,1768.0,184,32,66
2018-08-01,2018,8,SIN ESPECIFICAR,1259.0,25,1,25
2018-08-01,2018,8,SUCRE,99.0,39,8,24
2018-08-01,2018,8,TOLIMA,497.0,89,15,44
2018-08-01,2018,8,VALLE DEL CAUCA,7645.825,441,39,112
2018-08-01,2018,8,VAUPES,3.0,3,2,3
2018-08-01,2018,8,VICHADA,9.0,6,2,5
2018-09-01,2018,9,AMAZONAS,340.0,40,4,33
2018-09-01,2018,9,ANTIOQUIA,11333.27,436,73,117
2018-09-01,2018,9,ARAUCA,23.0,13,5,10
2018-09-01,2018,9,ATLANTICO,2448.451,107,11,75
2018-09-01,2018,9,BOGOTA D.C.,12435.695,158,2,157
2018-09-01,2018,9,BOLIVAR,9553.315,164,17,123
2018-09-01,2018,9,BOYACA,289.0,124,26,40
2018-09-01,2018,9,CALDAS,692.0,94,17,44
2018-09-01,2018,9,CAQUETA,28.0,12,3,10
2018-09-01,2018,9,CASANARE,67.0,20,5,17
2018-09-01,2018,9,CAUCA,290.0,53,12,30
2018-09-01,2018,9,CESAR,252.0,45,10,30
2018-09-01,2018,9,CHOCO,105.0,34,6,22
2018-09-01,2018,9,CORDOBA,190.0,52,11,29
2018-09-01,2018,9,CUNDINAMARCA,1234.0,356,64,52
2018-09-01,2018,9,GUAINIA,5.0,3,2,2
2018-09-01,2018,9,GUAVIARE,2.0,2,1,2
2018-09-01,2018,9,HUILA,247.0,63,11,29
2018-09-01,2018,9,LA GUAJIRA,176.0,64,10,33
2018-09-01,2018,9,MAGDALENA,1985.0,92,13,63
2018-09-01,2018,9,META,284.0,72,13,42
2018-09-01,2018,9,NARINO,1380.0,94,16,46
2018-09-01,2018,9,NORTE DE SANTANDER,1020.0,88,15,51
2018-09-01,2018,9,PUTUMAYO,117.0,24,8,16
2018-09-01,2018,9,QUINDIO,1097.0,119,11,54
2018-09-01,2018,9,RISARALDA,1604.0,107,11,58
2018-09-01,2018,9,"SAN ANDRES, PROVIDENCIA Y SANTA CATALINA",2706.6620000000003,64,2,45
2018-09-01,2018,9,SANTANDER,1570.0,148,19,61
2018-09-01,2018,9,SIN ESPECIFICAR,1999.0,27,1,27
2018-09-01,2018,9,SUCRE,103.0,35,6,25
2018-09-01,2018,9,TOLIMA,371.0,74,20,34
2018-09-01,2018,9,VALLE DEL CAUCA,7568.208,384,36,98
2018-09-01,2018,9,VAUPES,1.0,1,1,1
2018-09-01,2018,9,VICHADA,11.0,5,1,5
2018-10-01,2018,10,AMAZONAS,345.0,27,1,27
2018-10-01,2018,10,ANTIOQUIA,10074.497,464,66,128
2018-10-01,2018,10,ARAUCA,20.0,15,4,10
2018-10-01,2018,10,ATLANTICO,4078.726,134,17,83
2018-10-01,2018,10,BOGOTA D.C.,12308.197,153,1,153
2018-10-01,2018,10,BOLIVAR,9249.56,168,17,123
2018-10-01,2018,10,BOYACA,517.0,134,24,44
2018-10-01,2018,10,CALDAS,935.0,92,18,43
2018-10-01,2018,10,CAQUETA,37.0,16,2,15
2018-10-01,2018,10,CASANARE,73.0,27,5,25
2018-10-01,2018,10,CAUCA,388.0,54,11,34
2018-10-01,2018,10,CESAR,195.0,44,13,28
2018-10-01,2018,10,CHOCO,201.0,38,7,26
2018-10-01,2018,10,CORDOBA,280.0,66,14,34
2018-10-01,2018,10,CUNDINAMARCA,1328.0,391,65,53
2018-10-01,2018,10,GUAINIA,13.0,6,3,6
2018-10-01,2018,10,GUAVIARE,8.0,4,1,4
2018-10-01,2018,10,HUILA,381.0,72,13,31
2018-10-01,2018,10,LA GUAJIRA,141.0,50,7,28
2018-10-01,2018,10,MAGDALENA,2038.0,86,13,60
2018-10-01,2018,10,META,405.0,66,15,35
2018-10-01,2018,10,NARINO,1032.0,91,12,48
2018-10-01,2018,10,NORTE DE SANTANDER,1076.0,82,14,45
2018-10-01,2018,10,PUTUMAYO,150.0,42,11,22
2018-10-01,2018,10,QUINDIO,894.0,114,10,50
2018-10-01,2018,10,RISARALDA,1696.0,124,11,62
2018-10-01,2018,10,"SAN ANDRES, PROVIDENCIA Y SANTA CATALINA",1320.703,67,2,46
2018-10-01,2018,10,SANTANDER,1626.0,170,19,69
2018-10-01,2018,10,SIN ESPECIFICAR,1261.0,22,1,22
2018-10-01,2018,10,SUCRE,94.0,33,8,23
2018-10-01,2018,10,TOLIMA,654.0,84,21,42
2018-10-01,2018,10,VALLE DEL CAUCA,7654.622,397,38,107
2018-10-01,2018,10,VAUPES,4.0,3,2,3
2018-10-01,2018,10,VICHADA,8.0,5,2,4
2018-11-01,2018,11,AMAZONAS,370.0,45,3,40
2018-11-01,2018,11,ANTIOQUIA,12670.494999999999,476,62,127
2018-11-01,2018,11,ARAUCA,34.0,17,3,15
2018-11-01,2018,11,ATLANTICO,2643.041,128,15,82
2018-11-01,2018,11,BOGOTA D.C.,13509.866,156,1,156
2018-11-01,2018,11,BOLIVAR,11538.488,183,19,127
2018-11-01,2018,11,BOYACA,437.0,142,27,42
2018-11-01,2018,11,CALDAS,626.0,88,18,41
2018-11-01,2018,11,CAQUETA,49.0,19,2,18
2018-11-01,2018,11,CASANARE,52.0,19,5,16
2018-11-01,2018,11,CAUCA,400.0,77,22,43
2018-11-01,2018,11,CESAR,391.0,48,7,33
2018-11-01,2018,11,CHOCO,52.0,23,7,17
2018-11-01,2018,11,CORDOBA,246.0,66,14,32
2018-11-01,2018,11,CUNDINAMARCA,1155.0,370,62,54
2018-11-01,2018,11,GUAINIA,9.0,6,2,5
2018-11-01,2018,11,GUAVIARE,4.0,4,2,4
2018-11-01,2018,11,HUILA,292.0,65,13,29
2018-11-01,2018,11,LA GUAJIRA,201.0,62,10,35
2018-11-01,2018,11,MAGDALENA,2378.0,105,11,70
2018-11-01,2018,11,META,403.0,65,11,33
2018-11-01,2018,11,NARINO,1320.0,100,16,49
2018-11-01,2018,11,NORTE DE SANTANDER,1237.0,102,16,58
2018-11-01,2018,11,PUTUMAYO,151.0,38,10,21
2018-11-01,2018,11,QUINDIO,1226.0,127,12,49
2018-11-01,2018,11,RISARALDA,2170.0,123,11,63
2018-11-01,2018,11,"SAN ANDRES, PROVIDENCIA Y SANTA CATALINA",2458.283,77,2,55
2018-11-01,2018,11,SANTANDER,1824.0,171,25,62
2018-11-01,2018,11,SIN ESPECIFICAR,1060.0,26,1,26
2018-11-01,2018,11,SUCRE,75.0,38,8,24
2018-11-01,2018,11,TOLIMA,424.0,87,22,40
2018-11-01,2018,11,VALLE DEL CAUCA,8283.449,421,38,97
2018-11-01,2018,11,VAUPES,6.0,5,2,4
2018-11-01,2018,11,VICHADA,11.0,7,2,6
2018-12-01,2018,12,AMAZONAS,415.0,45,3,38
2018-12-01,2018,12,ANTIOQUIA,12515.173,612,86,120
2018-12-01,2018,12,ARAUCA,73.0,24,5,19
2018-12-01,2018,12,ATLANTICO,3871.381,163,18,86
2018-12-01,2018,12,BOGOTA D.C.,11519.577,163,1,163
2018-12-01,2018,12,BOLIVAR,11697.011,200,24,123
2018-12-01,2018,12,BOYACA,837.0,216,53,50
2018-12-01,2018,12,CALDAS,1459.0,148,21,45
2018-12-01,2018,12,CAQUETA,87.0,19,6,14
2018-12-01,2018,12,CASANARE,132.0,35,8,22
2018-12-01,2018,12,CAUCA,618.0,82,17,43
2018-12-01,2018,12,CESAR,409.0,61,14,38
2018-12-01,2018,12,CHOCO,87.0,38,13,22
2018-12-01,2018,12,CORDOBA,431.0,115,22,41
2018-12-01,2018,12,CUNDINAMARCA,1972.0,482,71,70
2018-12-01,2018,12,GUAINIA,16.0,3,1,3
2018-12-01,2018,12,GUAVIARE,8.0,5,1,5
2018-12-01,2018,12,HUILA,716.0,116,24,43
2018-12-01,2018,12,LA GUAJIRA,271.0,78,11,39
2018-12-01,2018,12,MAGDALENA,2961.0,124,20,70
2018-12-01,2018,12,META,607.0,89,13,48
2018-12-01,2018,12,NARINO,1431.0,122,21,57
2018-12-01,2018,12,NORTE DE SANTANDER,2033.0,130,16,60
2018-12-01,2018,12,PUTUMAYO,157.0,32,8,17
2018-12-01,2018,12,QUINDIO,2015.0,153,12,57
2018-12-01,2018,12,RISARALDA,2613.421,155,13,68
2018-12-01,2018,12,"SAN ANDRES, PROVIDENCIA Y SANTA CATALINA",4328.478,78,2,51
2018-12-01,2018,12,SANTANDER,2870.0,238,38,74
2018-12-01,2018,12,SIN ESPECIFICAR,745.0,22,1,22
2018-12-01,2018,12,SUCRE,203.0,73,16,32
2018-12-01,2018,12,TOLIMA,982.0,121,24,51
2018-12-01,2018,12,VALLE DEL CAUCA,11668.132,592,41,108
2018-12-01,2018,12,VAUPES,3.0,3,2,2
2018-12-01,2018,12,VICHADA,14.0,12,3,10
2019-01-01,2019,1,AMAZONAS,578.0,44,3,40
2019-01-01,2019,1,ANTIOQUIA,11469.785,519,74,110
2019-01-01,2019,1,ARAUCA,25.0,16,4,13
2019-01-01,2019,1,ATLANTICO,2975.622,131,16,80
2019-01-01,2019,1,BOGOTA D.C.,14063.356,161,1,161
2019-01-01,2019,1,BOLIVAR,10952.214,164,20,111
2019-01-01,2019,1,BOYACA,589.0,156,42,39
2019-01-01,2019,1,CALDAS,919.0,96,22,44
2019-01-01,2019,1,CAQUETA,44.0,20,5,16
2019-01-01,2019,1,CASANARE,64.0,24,5,18
2019-01-01,2019,1,CAUCA,363.0,60,12,33
2019-01-01,2019,1,CESAR,333.0,59,12,35
2019-01-01,2019,1,CHOCO,50.0,25,8,13
2019-01-01,2019,1,CORDOBA,237.0,61,15,33
2019-01-01,2019,1,CUNDINAMARCA,1459.0,434,64,68
2019-01-01,2019,1,GUAINIA,32.0,8,2,7
2019-01-01,2019,1,GUAVIARE,5.0,4,1,4
2019-01-01,2019,1,HUILA,306.0,81,15,34
2019-01-01,2019,1,LA GUAJIRA,196.0,72,11,38
2019-01-01,2019,1,MAGDALENA,3269.0,109,15,67
2019-01-01,2019,1,META,434.0,81,13,42
2019-01-01,2019,1,NARINO,1198.0,108,17,56
2019-01-01,2019,1,NORTE DE SANTANDER,1299.0,107,18,50
2019-01-01,2019,1,PUTUMAYO,151.0,45,11,21
2019-01-01,2019,1,QUINDIO,1135.0,120,10,49
2019-01-01,2019,1,RISARALDA,2039.0,122,13,65
2019-01-01,2019,1,"SAN ANDRES, PROVIDENCIA Y SANTA CATALINA",2203.992,74,2,50
2019-01-01,2019,1,SANTANDER,1678.0,175,23,63
2019-01-01,2019,1,SIN ESPECIFICAR,934.0,25,1,25
2019-01-01,2019,1,SUCRE,122.0,47,10,29
2019-01-01,2019,1,TOLIMA,498.0,83,20,43
2019-01-01,2019,1,VALLE DEL CAUCA,9444.046,470,39,99
2019-01-01,2019,1,VAUPES,5.0,4,2,4
2019-01-01,2019,1,VICHADA,12.0,9,2,8
2019-02-01,2019,2,AMAZONAS,587.0,44,3,36
2019-02-01,2019,2,ANTIOQUIA,12361.65,487,62,116
2019-02-01,2019,2,ARAUCA,18.0,11,3,8
2019-02-01,2019,2,ATLANTICO,3524.748,159,17,84
2019-02-01,2019,2,BOGOTA D.C.,14086.89,155,1,155
2019-02-01,2019,2,BOLIVAR,12203.025,205,18,146
2019-02-01,2019,2,BOYACA,437.0,137,31,42
2019-02-01,2019,2,CALDAS,646.0,91,16,42
2019-02-01,2019,2,CAQUETA,16.0,9,1,9
2019-02-01,2019,2,CASANARE,84.0,24,6,19
2019-02-01,2019,2,CAUCA,351.0,62,15,30
2019-02-01,2019,2,CESAR,235.0,54,11,34
2019-02-01,2019,2,CHOCO,58.0,27,7,19
2019-02-01,2019,2,CORDOBA,196.0,51,11,29
2019-02-01,2019,2,CUNDINAMARCA,1261.0,360,60,49
2019-02-01,2019,2,GUAINIA,23.0,11,3,8
2019-02-01,2019,2,GUAVIARE,2.0,2,1,2
2019-02-01,2019,2,HUILA,297.0,69,15,30
2019-02-01,2019,2,LA GUAJIRA,201.0,72,14,39
2019-02-01,2019,2,MAGDALENA,3447.0,116,13,72
2019-02-01,2019,2,META,372.0,64,11,37
2019-02-01,2019,2,NARINO,1008.0,99,13,55
2019-02-01,2019,2,NORTE DE SANTANDER,1616.0,101,12,58
2019-02-01,2019,2,PUTUMAYO,140.0,37,9,18
2019-02-01,2019,2,QUINDIO,1339.0,128,11,48
2019-02-01,2019,2,RISARALDA,2054.0,124,10,65
2019-02-01,2019,2,"SAN ANDRES, PROVIDENCIA Y SANTA CATALINA",2374.612,74,2,50
2019-02-01,2019,2,SANTANDER,1520.0,186,24,59
2019-02-01,2019,2,SIN ESPECIFICAR,1762.0,23,1,23
2019-02-01,2019,2,SUCRE,104.0,40,10,24
2019-02-01,2019,2,TOLIMA,342.0,83,19,41
2019-02-01,2019,2,VALLE DEL CAUCA,8326.665,433,37,106
2019-02-01,2019,2,VAUPES,3.0,3,2,3
2019-02-01,2019,2,VICHADA,13.0,8,1,8
2019-03-01,2019,3,AMAZONAS,532.0,50,5,44
2019-03-01,2019,3,ANTIOQUIA,12916.878,471,67,118
2019-03-01,2019,3,ARAUCA,54.0,22,4,16
2019-03-01,2019,3,ATLANTICO,3416.0,148,16,85
2019-03-01,2019,3,BOGOTA D.C.,14146.096,156,1,156
2019-03-01,2019,3,BOLIVAR,9762.343,181,18,131
2019-03-01,2019,3,BOYACA,440.0,119,23,35
2019-03-01,2019,3,CALDAS,704.0,93,20,40
2019-03-01,2019,3,CAQUETA,49.0,16,3,16
2019-03-01,2019,3,CASANARE,77.0,27,8,17
2019-03-01,2019,3,CAUCA,365.0,77,15,44
2019-03-01,2019,3,CESAR,213.0,49,11,27
2019-03-01,2019,3,CHOCO,247.0,55,8,33
2019-03-01,2019,3,CORDOBA,219.0,62,13,32
2019-03-01,2019,3,CUNDINAMARCA,1203.0,376,66,55
2019-03-01,2019,3,GUAINIA,11.0,7,1,7
2019-03-01,2019,3,GUAVIARE,6.0,5,2,5
2019-03-01,2019,3,HUILA,292.0,69,15,33
2019-03-01,2019,3,LA GUAJIRA,224.0,68,11,34
2019-03-01,2019,3,MAGDALENA,3283.0,101,11,67
2019-03-01,2019,3,META,383.0,71,14,34
2019-03-01,2019,3,NARINO,1006.0,102,14,55
2019-03-01,2019,3,NORTE DE SANTANDER,1043.0,90,12,51
2019-03-01,2019,3,PUTUMAYO,139.0,36,9,19
2019-03-01,2019,3,QUINDIO,1351.0,119,11,50
2019-03-01,2019,3,RISARALDA,2108.0,105,11,58
2019-03-01,2019,3,"SAN ANDRES, PROVIDENCIA Y SANTA CATALINA",2624.53,77,2,52
2019-03-01,2019,3,SANTANDER,1537.0,155,23,54
2019-03-01,2019,3,SIN ESPECIFICAR,2098.0,34,1,34
2019-03-01,2019,3,SUCRE,109.0,39,10,22
2019-03-01,2019,3,TOLIMA,493.0,72,12,40
2019-03-01,2019,3,VALLE DEL CAUCA,8281.665,420,40,112
2019-03-01,2019,3,VAUPES,3.0,2,2,1
2019-03-01,2019,3,VICHADA,17.0,7,2,5
2019-04-01,2019,4,AMAZONAS,587.0,50,3,46
2019-04-01,2019,4,ANTIOQUIA,13183.006,473,72,114
2019-04-01,2019,4,ARAUCA,42.0,19,3,15
2019-04-01,2019,4,ATLANTICO,2456.891,127,15,79
2019-04-01,2019,4,BOGOTA D.C.,13430.415,151,1,151
2019-04-01,2019,4,BOLIVAR,11012.886,170,13,124
2019-04-01,2019,4,BOYACA,313.0,118,30,35
2019-04-01,2019,4,CALDAS,634.0,97,18,40
2019-04-01,2019,4,CAQUETA,129.0,21,4,19
2019-04-01,2019,4,CASANARE,69.0,25,6,17
2019-04-01,2019,4,CAUCA,387.0,73,20,37
2019-04-01,2019,4,CESAR,404.0,59,12,32
2019-04-01,2019,4,CHOCO,321.0,51,7,35
2019-04-01,2019,4,CORDOBA,231.0,64,11,34
2019-04-01,2019,4,CUNDINAMARCA,1292.0,376,65,56
2019-04-01,2019,4,GUAINIA,5.0,2,1,2
2019-04-01,2019,4,GUAVIARE,8.0,3,1,3
2019-04-01,2019,4,HUILA,312.0,65,14,32
2019-04-01,2019,4,LA GUAJIRA,190.0,59,10,30
2019-04-01,2019,4,MAGDALENA,2547.0,100,12,67
2019-04-01,2019,4,META,401.0,61,9,35
2019-04-01,2019,4,NARINO,1144.0,104,12,53
2019-04-01,2019,4,NORTE DE SANTANDER,1250.0,80,14,52
2019-04-01,2019,4,PUTUMAYO,269.0,46,10,28
2019-04-01,2019,4,QUINDIO,1117.0,116,12,44
2019-04-01,2019,4,RISARALDA,1790.0,114,12,58
2019-04-01,2019,4,"SAN ANDRES, PROVIDENCIA Y SANTA CATALINA",1797.865,74,2,53
2019-04-01,2019,4,SANTANDER,1528.0,171,24,69
2019-04-01,2019,4,SIN ESPECIFICAR,1429.0,23,1,23
2019-04-01,2019,4,SUCRE,102.0,38,10,27
2019-04-01,2019,4,TOLIMA,463.0,83,19,39
2019-04-01,2019,4,VALLE DEL CAUCA,8040.006,404,37,100
2019-04-01,2019,4,VAUPES,3.0,2,2,2
2019-04-01,2019,4,VICHADA,10.0,4,2,4
2019-05-01,2019,5,AMAZONAS,650.0,48,3,42
2019-05-01,2019,5,ANTIOQUIA,13910.851,449,71,119
2019-05-01,2019,5,ARAUCA,25.0,12,3,10
2019-05-01,2019,5,ATLANTICO,2478.962,119,11,80
2019-05-01,2019,5,BOGOTA D.C.,12742.054,161,1,161
2019-05-01,2019,5,BOLIVAR,9781.708,169,16,122
2019-05-01,2019,5,BOYACA,806.0,117,27,35
2019-05-01,2019,5,CALDAS,609.0,102,22,36
2019-05-01,2019,5,CAQUETA,44.0,17,1,17
2019-05-01,2019,5,CASANARE,38.0,18,4,13
2019-05-01,2019,5,CAUCA,361.0,69,16,40
2019-05-01,2019,5,CESAR,242.0,50,14,28
2019-05-01,2019,5,CHOCO,288.0,52,10,34
2019-05-01,2019,5,CORDOBA,220.0,51,11,28
2019-05-01,2019,5,CUNDINAMARCA,1040.0,318,66,50
2019-05-01,2019,5,GUAINIA,9.0,4,1,4
2019-05-01,2019,5,GUAVIARE,5.0,2,1,2
2019-05-01,2019,5,HUILA,370.0,67,11,37
2019-05-01,2019,5,LA GUAJIRA,255.0,76,11,37
2019-05-01,2019,5,MAGDALENA,2076.0,102,12,67
2019-05-01,2019,5,META,339.0,61,13,31
2019-05-01,2019,5,NARINO,1116.0,108,12,57
2019-05-01,2019,5,NORTE DE SANTANDER,1046.0,82,11,47
2019-05-01,2019,5,PUTUMAYO,181.0,44,11,23
2019-05-01,2019,5,QUINDIO,1042.0,124,9,45
2019-05-01,2019,5,RISARALDA,2135.0,107,10,57
2019-05-01,2019,5,"SAN ANDRES, PROVIDENCIA Y SANTA CATALINA",1795.0049999999999,74,2,52
2019-05-01,2019,5,SANTANDER,1449.0,157,25,58
2019-05-01,2019,5,SIN ESPECIFICAR,1696.0,24,1,24
2019-05-01,2019,5,SUCRE,84.0,42,10,25
2019-05-01,2019,5,TOLIMA,431.0,70,17,35
2019-05-01,2019,5,VALLE DEL CAUCA,8293.088,405,40,95
2019-05-01,2019,5,VAUPES,3.0,3,2,3
2019-05-01,2019,5,VICHADA,8.0,3,2,2
2019-06-01,2019,6,AMAZONAS,553.0,48,4,44
2019-06-01,2019,6,ANTIOQUIA,13122.113,489,70,128
2019-06-01,2019,6,ARAUCA,39.0,13,2,13
2019-06-01,2019,6,ATLANTICO,2695.962,139,17,84
2019-06-01,2019,6,BOGOTA D.C.,13165.758,165,1,165
2019-06-01,2019,6,BOLIVAR,8574.513,158,18,117
2019-06-01,2019,6,BOYACA,459.0,132,30,37
2019-06-01,2019,6,CALDAS,1040.0,117,20,50
2019-06-01,2019,6,CAQUETA,40.0,17,5,13
2019-06-01,2019,6,CASANARE,47.0,22,5,17
2019-06-01,2019,6,CAUCA,441.0,57,12,33
2019-06-01,2019,6,CESAR,264.0,51,10,33
2019-06-01,2019,6,CHOCO,213.0,46,7,30
2019-06-01,2019,6,CORDOBA,336.0,72,16,35
2019-06-01,2019,6,CUNDINAMARCA,1491.0,365,62,60
2019-06-01,2019,6,GUAINIA,8.0,2,2,2
2019-06-01,2019,6,GUAVIARE,12.0,5,3,5
2019-06-01,2019,6,HUILA,643.0,93,15,42
2019-06-01,2019,6,LA GUAJIRA,242.0,77,11,35
2019-06-01,2019,6,MAGDALENA,2318.0,106,13,71
2019-06-01,2019,6,META,332.0,62,11,36
2019-06-01,2019,6,NARINO,1347.0,97,14,46
2019-06-01,2019,6,NORTE DE SANTANDER,1119.0,93,13,54
2019-06-01,2019,6,PUTUMAYO,193.0,36,11,16
2019-06-01,2019,6,QUINDIO,1626.0,143,11,53
2019-06-01,2019,6,RISARALDA,1387.23,112,12,59
2019-06-01,2019,6,"SAN ANDRES, PROVIDENCIA Y SANTA CATALINA",3223.973,70,2,49
2019-06-01,2019,6,SANTANDER,1953.0,173,25,65
2019-06-01,2019,6,SIN ESPECIFICAR,1240.0,21,1,21
2019-06-01,2019,6,SUCRE,145.0,39,13,23
2019-06-01,2019,6,TOLIMA,775.0,88,22,43
2019-06-01,2019,6,VALLE DEL CAUCA,8904.078,437,39,105
2019-06-01,2019,6,VAUPES,3.0,3,2,3
2019-06-01,2019,6,VICHADA,9.0,5,2,5
2019-07-01,2019,7,AMAZONAS,952.0,53,4,42
2019-07-01,2019,7,ANTIOQUIA,14063.651,534,73,137
2019-07-01,2019,7,ARAUCA,42.0,21,6,14
2019-07-01,2019,7,ATLANTICO,2973.441,120,15,72
2019-07-01,2019,7,BOGOTA D.C.,12709.009,172,1,172
2019-07-01,2019,7,BOLIVAR,10813.632,179,19,120
2019-07-01,2019,7,BOYACA,702.0,139,32,40
2019-07-01,2019,7,CALDAS,1001.0,100,19,48
2019-07-01,2019,7,CAQUETA,49.0,20,6,16
2019-07-01,2019,7,CASANARE,51.0,20,4,16
2019-07-01,2019,7,CAUCA,551.0,69,14,37
2019-07-01,2019,7,CESAR,283.0,59,11,35
2019-07-01,2019,7,CHOCO,336.0,46,7,32
2019-07-01,2019,7,CORDOBA,257.0,58,13,28
2019-07-01,2019,7,CUNDINAMARCA,1558.0,381,60,61
2019-07-01,2019,7,GUAINIA,6.0,2,1,2
2019-07-01,2019,7,GUAVIARE,5.0,4,2,4
2019-07-01,2019,7,HUILA,382.0,75,16,35
2019-07-01,2019,7,LA GUAJIRA,310.0,68,11,30
2019-07-01,2019,7,MAGDALENA,2679.0,107,13,71
2019-07-01,2019,7,META,387.0,63,12,32
2019-07-01,2019,7,NARINO,1440.0,120,14,53
2019-07-01,2019,7,NORTE DE SANTANDER,1327.0,86,12,50
2019-07-01,2019,7,PUTUMAYO,200.0,33,8,21
2019-07-01,2019,7,QUINDIO,1980.0,115,10,46
2019-07-01,2019,7,RISARALDA,2077.204,130,11,60
2019-07-01,2019,7,"SAN ANDRES, PROVIDENCIA Y SANTA CATALINA",3124.595,74,2,54
2019-07-01,2019,7,SANTANDER,2046.0,192,27,68
2019-07-01,2019,7,SIN ESPECIFICAR,1068.0,32,3,30
2019-07-01,2019,7,SUCRE,125.0,40,9,27
2019-07-01,2019,7,TOLIMA,651.0,91,18,45
2019-07-01,2019,7,VALLE DEL CAUCA,10456.535,479,40,110
2019-07-01,2019,7,VAUPES,8.0,6,2,5
2019-07-01,2019,7,VICHADA,5.0,4,3,3
2019-08-01,2019,8,AMAZONAS,660.0,43,4,39
2019-08-01,2019,8,ANTIOQUIA,13009.818,476,71,120
2019-08-01,2019,8,ARAUCA,28.0,15,4,12
2019-08-01,2019,8,ATLANTICO,3014.0389999999998,130,17,77
2019-08-01,2019,8,BOGOTA D.C.,13251.627,159,2,158
2019-08-01,2019,8,BOLIVAR,9043.706,167,17,119
2019-08-01,2019,8,BOYACA,566.0,136,33,45
2019-08-01,2019,8,CALDAS,766.0,104,18,43
2019-08-01,2019,8,CAQUETA,81.0,24,3,22
2019-08-01,2019,8,CASANARE,94.0,29,3,22
2019-08-01,2019,8,CAUCA,447.0,71,17,41
2019-08-01,2019,8,CESAR,211.0,42,11,26
2019-08-01,2019,8,CHOCO,340.0,55,8,36
2019-08-01,2019,8,CORDOBA,217.0,56,13,31
2019-08-01,2019,8,CUNDINAMARCA,1314.0,394,61,63
2019-08-01,2019,8,GUAINIA,5.0,2,1,2
2019-08-01,2019,8,GUAVIARE,2.0,2,1,2
2019-08-01,2019,8,HUILA,513.0,86,16,39
2019-08-01,2019,8,LA GUAJIRA,246.0,58,8,27
2019-08-01,2019,8,MAGDALENA,2766.0,107,13,66
2019-08-01,2019,8,META,433.0,63,13,33
2019-08-01,2019,8,NARINO,1508.0,114,18,52
2019-08-01,2019,8,NORTE DE SANTANDER,1487.0,105,16,54
2019-08-01,2019,8,PUTUMAYO,290.0,44,10,23
2019-08-01,2019,8,QUINDIO,1829.0,135,10,54
2019-08-01,2019,8,RISARALDA,3046.0,135,12,69
2019-08-01,2019,8,"SAN ANDRES, PROVIDENCIA Y SANTA CATALINA",2355.025,79,2,58
2019-08-01,2019,8,SANTANDER,1903.0,178,24,65
2019-08-01,2019,8,SIN ESPECIFICAR,1593.0,32,3,30
2019-08-01,2019,8,SUCRE,115.0,43,12,27
2019-08-01,2019,8,TOLIMA,674.0,100,22,46
2019-08-01,2019,8,VALLE DEL CAUCA,8983.938,417,39,105
2019-08-01,2019,8,VAUPES,2.0,2,2,1
2019-08-01,2019,8,VICHADA,6.0,5,2,5
2019-09-01,2019,9,AMAZONAS,548.0,55,4,43
2019-09-01,2019,9,ANTIOQUIA,12885.268,462,68,125
2019-09-01,2019,9,ARAUCA,19.0,13,5,8
2019-09-01,2019,9,ATLANTICO,2805.513,121,14,75
2019-09-01,2019,9,BOGOTA D.C.,13819.319,170,1,170
2019-09-01,2019,9,BOLIVAR,9075.753,173,18,123
2019-09-01,2019,9,BOYACA,500.0,121,27,37
2019-09-01,2019,9,CALDAS,595.0,94,21,44
2019-09-01,2019,9,CAQUETA,32.0,18,3,14
2019-09-01,2019,9,CASANARE,56.0,25,6,17
2019-09-01,2019,9,CAUCA,350.0,56,14,33
2019-09-01,2019,9,CESAR,250.0,55,11,38
2019-09-01,2019,9,CHOCO,231.0,45,10,28
2019-09-01,2019,9,CORDOBA,199.0,59,12,35
2019-09-01,2019,9,CUNDINAMARCA,1140.0,376,64,54
2019-09-01,2019,9,GUAINIA,8.0,5,4,4
2019-09-01,2019,9,GUAVIARE,5.0,5,2,5
2019-09-01,2019,9,HUILA,278.0,65,10,33
2019-09-01,2019,9,LA GUAJIRA,276.0,70,11,36
2019-09-01,2019,9,MAGDALENA,2043.0,88,7,70
2019-09-01,2019,9,META,343.0,60,13,31
2019-09-01,2019,9,NARINO,945.0,91,12,47
2019-09-01,2019,9,NORTE DE SANTANDER,1373.0,86,11,51
2019-09-01,2019,9,PUTUMAYO,252.0,41,11,20
2019-09-01,2019,9,QUINDIO,1014.0,109,8,44
2019-09-01,2019,9,RISARALDA,1963.0,130,12,72
2019-09-01,2019,9,"SAN ANDRES, PROVIDENCIA Y SANTA CATALINA",2756.323,61,2,43
2019-09-01,2019,9,SANTANDER,1485.0,164,19,63
2019-09-01,2019,9,SIN ESPECIFICAR,1288.0,28,2,27
2019-09-01,2019,9,SUCRE,113.0,30,7,19
2019-09-01,2019,9,TOLIMA,452.0,85,15,47
2019-09-01,2019,9,VALLE DEL CAUCA,8282.548,414,37,113
2019-09-01,2019,9,VAUPES,2.0,2,2,2
2019-09-01,2019,9,VICHADA,7.0,5,1,5
2019-10-01,2019,10,AMAZONAS,373.0,41,3,36
2019-10-01,2019,10,ANTIOQUIA,13766.965,482,65,127
2019-10-01,2019,10,ARAUCA,26.0,13,3,11
2019-10-01,2019,10,ATLANTICO,2921.628,132,16,73
2019-10-01,2019,10,BOGOTA D.C.,13776.848,171,1,171
2019-10-01,2019,10,BOLIVAR,9302.044,159,18,113
2019-10-01,2019,10,BOYACA,434.0,128,31,31
2019-10-01,2019,10,CALDAS,667.0,90,17,41
2019-10-01,2019,10,CAQUETA,48.0,19,4,14
2019-10-01,2019,10,CASANARE,67.0,23,3,19
2019-10-01,2019,10,CAUCA,296.0,60,18,30
2019-10-01,2019,10,CESAR,265.0,49,10,30
2019-10-01,2019,10,CHOCO,222.0,42,9,31
2019-10-01,2019,10,CORDOBA,290.0,58,11,32
2019-10-01,2019,10,CUNDINAMARCA,1164.0,363,66,59
2019-10-01,2019,10,GUAINIA,5.0,2,1,2
2019-10-01,2019,10,GUAVIARE,4.0,4,1,4
2019-10-01,2019,10,HUILA,347.0,76,16,35
2019-10-01,2019,10,LA GUAJIRA,255.0,58,11,31
2019-10-01,2019,10,MAGDALENA,1939.0,92,9,63
2019-10-01,2019,10,META,354.0,61,12,34
2019-10-01,2019,10,NARINO,980.0,96,16,48
2019-10-01,2019,10,NORTE DE SANTANDER,1405.0,97,11,53
2019-10-01,2019,10,PUTUMAYO,168.0,40,9,22
2019-10-01,2019,10,QUINDIO,1132.0,124,9,53
2019-10-01,2019,10,RISARALDA,2074.0,111,11,58
2019-10-01,2019,10,"SAN ANDRES, PROVIDENCIA Y SANTA CATALINA",2176.64,69,2,52
2019-10-01,2019,10,SANTANDER,2032.0,190,27,65
2019-10-01,2019,10,SIN ESPECIFICAR,1105.0,21,1,21
2019-10-01,2019,10,SUCRE,99.0,39,9,22
2019-10-01,2019,10,TOLIMA,396.0,81,14,45
2019-10-01,2019,10,VALLE DEL CAUCA,7896.977,390,38,103
2019-10-01,2019,10,VAUPES,3.0,3,1,3
2019-10-01,2019,10,VICHADA,14.0,9,2,8
2019-11-01,2019,11,AMAZONAS,479.0,44,3,38
2019-11-01,2019,11,ANTIOQUIA,13419.414,503,67,131
2019-11-01,2019,11,ARAUCA,15.0,14,3,12
2019-11-01,2019,11,ATLANTICO,3041.876,136,15,82
2019-11-01,2019,11,BOGOTA D.C.,14053.897,159,1,159
2019-11-01,2019,11,BOLIVAR,10234.123,170,10,128
2019-11-01,2019,11,BOYACA,397.0,118,30,38
2019-11-01,2019,11,CALDAS,617.0,87,18,40
2019-11-01,2019,11,CAQUETA,90.0,16,2,15
2019-11-01,2019,11,CASANARE,89.0,30,5,21
2019-11-01,2019,11,CAUCA,337.0,60,16,33
2019-11-01,2019,11,CESAR,262.0,47,12,26
2019-11-01,2019,11,CHOCO,198.0,41,8,32
2019-11-01,2019,11,CORDOBA,269.0,74,15,38
2019-11-01,2019,11,CUNDINAMARCA,1251.0,389,58,58
2019-11-01,2019,11,GUAINIA,8.0,5,1,5
2019-11-01,2019,11,GUAVIARE,7.0,6,2,6
2019-11-01,2019,11,HUILA,306.0,85,15,38
2019-11-01,2019,11,LA GUAJIRA,255.0,57,8,30
2019-11-01,2019,11,MAGDALENA,2410.0,102,10,72
2019-11-01,2019,11,META,359.0,65,13,34
2019-11-01,2019,11,NARINO,1215.0,100,15,51
2019-11-01,2019,11,NORTE DE SANTANDER,1659.0,110,13,58
2019-11-01,2019,11,PUTUMAYO,264.0,34,9,22
2019-11-01,2019,11,QUINDIO,1169.0,125,10,49
2019-11-01,2019,11,RISARALDA,2372.0,123,10,59
2019-11-01,2019,11,"SAN ANDRES, PROVIDENCIA Y SANTA CATALINA",2317.376,81,2,58
2019-11-01,2019,11,SANTANDER,1616.0,179,24,61
2019-11-01,2019,11,SIN ESPECIFICAR,1412.0,28,3,26
2019-11-01,2019,11,SUCRE,126.0,50,10,32
2019-11-01,2019,11,TOLIMA,406.0,71,16,37
2019-11-01,2019,11,VALLE DEL CAUCA,7610.7970000000005,418,39,100
2019-11-01,2019,11,VAUPES,3.0,3,2,2
2019-11-01,2019,11,VICHADA,7.0,5,1,5
2019-12-01,2019,12,AMAZONAS,451.0,50,4,41
2019-12-01,2019,12,ANTIOQUIA,14908.393,622,86,130
2019-12-01,2019,12,ARAUCA,60.0,28,4,19
2019-12-01,2019,12,ATLANTICO,3575.649,163,17,80
2019-12-01,2019,12,BOGOTA D.C.,13930.066,184,1,184
2019-12-01,2019,12,BOLIVAR,12448.433,223,27,132
2019-12-01,2019,12,BOYACA,869.0,203,48,45
2019-12-01,2019,12,CALDAS,1411.0,149,22,55
2019-12-01,2019,12,CAQUETA,85.0,27,5,18
2019-12-01,2019,12,CASANARE,136.0,28,4,21
2019-12-01,2019,12,CAUCA,628.0,85,22,40
2019-12-01,2019,12,CESAR,457.0,66,16,39
2019-12-01,2019,12,CHOCO,299.0,60,11,36
2019-12-01,2019,12,CORDOBA,447.0,92,21,35
2019-12-01,2019,12,CUNDINAMARCA,2039.0,487,67,65
2019-12-01,2019,12,GUAINIA,8.0,2,1,2
2019-12-01,2019,12,GUAVIARE,2.0,2,1,2
2019-12-01,2019,12,HUILA,665.0,100,19,38
2019-12-01,2019,12,LA GUAJIRA,365.0,75,12,31
2019-12-01,2019,12,MAGDALENA,2841.0,117,13,71
2019-12-01,2019,12,META,574.0,89,16,40
2019-12-01,2019,12,NARINO,1434.0,123,26,50
2019-12-01,2019,12,NORTE DE SANTANDER,3371.0,148,19,66
2019-12-01,2019,12,PUTUMAYO,256.0,48,11,23
2019-12-01,2019,12,QUINDIO,2057.0,159,10,59
2019-12-01,2019,12,RISARALDA,2674.248,167,13,64
2019-12-01,2019,12,"SAN ANDRES, PROVIDENCIA Y SANTA CATALINA",4636.348,86,2,61
2019-12-01,2019,12,SANTANDER,2908.0,232,33,68
2019-12-01,2019,12,SIN ESPECIFICAR,7.0,5,1,5
2019-12-01,2019,12,SUCRE,252.0,76,15,34
2019-12-01,2019,12,TOLIMA,1005.0,139,25,52
2019-12-01,2019,12,VALLE DEL CAUCA,10881.197,610,42,102
2019-12-01,2019,12,VICHADA,8.0,6,1,6
2020-01-01,2020,1,AMAZONAS,582.0,56,5,43
2020-01-01,2020,1,ANTIOQUIA,13359.91,569,79,126
2020-01-01,2020,1,ARAUCA,244.0,27,4,18
2020-01-01,2020,1,ATLANTICO,3150.42,166,20,94
2020-01-01,2020,1,BOGOTA D.C.,14942.501,167,1,167
2020-01-01,2020,1,BOLIVAR,11681.523,191,23,121
2020-01-01,2020,1,BOYACA,668.0,168,33,45
2020-01-01,2020,1,CALDAS,1033.0,127,20,51
2020-01-01,2020,1,CAQUETA,65.0,25,6,18
2020-01-01,2020,1,CASANARE,108.0,28,6,19
2020-01-01,2020,1,CAUCA,424.0,73,16,33
2020-01-01,2020,1,CESAR,449.0,68,14,42
2020-01-01,2020,1,CHOCO,328.0,58,9,35
2020-01-01,2020,1,CORDOBA,325.0,70,13,33
2020-01-01,2020,1,CUNDINAMARCA,1616.0,422,64,59
2020-01-01,2020,1,GUAINIA,33.0,6,2,5
2020-01-01,2020,1,GUAVIARE,11.0,6,1,6
2020-01-01,2020,1,HUILA,354.0,91,17,41
2020-01-01,2020,1,LA GUAJIRA,1076.286,98,13,45
2020-01-01,2020,1,MAGDALENA,3541.0,128,16,73
2020-01-01,2020,1,META,585.0,91,15,38
2020-01-01,2020,1,NARINO,1328.266,130,26,59
2020-01-01,2020,1,NORTE DE SANTANDER,2384.306,145,20,60
2020-01-01,2020,1,PUTUMAYO,335.0,69,13,29
2020-01-01,2020,1,QUINDIO,1849.0,151,10,54
2020-01-01,2020,1,RISARALDA,2807.0,136,12,66
2020-01-01,2020,1,"SAN ANDRES, PROVIDENCIA Y SANTA CATALINA",2430.272,78,2,54
2020-01-01,2020,1,SANTANDER,2739.0,217,27,70
2020-01-01,2020,1,SIN ESPECIFICAR,5.0,3,2,3
2020-01-01,2020,1,SUCRE,141.0,54,13,27
2020-01-01,2020,1,TOLIMA,497.0,97,22,40
2020-01-01,2020,1,VALLE DEL CAUCA,10060.567,497,41,114
2020-01-01,2020,1,VAUPES,5.0,4,2,3
2020-01-01,2020,1,VICHADA,92.0,17,4,16
2020-02-01,2020,2,AMAZONAS,636.0,50,6,41
2020-02-01,2020,2,ANTIOQUIA,11971.607,539,73,126
2020-02-01,2020,2,ARAUCA,217.0,19,5,13
2020-02-01,2020,2,ATLANTICO,4855.783,191,19,94
2020-02-01,2020,2,BOGOTA D.C.,13735.027,164,1,164
2020-02-01,2020,2,BOLIVAR,9776.202,189,21,128
2020-02-01,2020,2,BOYACA,753.0,169,37,51
2020-02-01,2020,2,CALDAS,675.0,94,21,37
2020-02-01,2020,2,CAQUETA,30.0,15,3,14
2020-02-01,2020,2,CASANARE,102.0,28,8,18
2020-02-01,2020,2,CAUCA,379.0,70,15,39
2020-02-01,2020,2,CESAR,393.0,52,13,31
2020-02-01,2020,2,CHOCO,316.0,56,9,36
2020-02-01,2020,2,CORDOBA,352.0,64,16,31
2020-02-01,2020,2,CUNDINAMARCA,1424.0,432,67,58
2020-02-01,2020,2,GUAINIA,36.0,6,1,6
2020-02-01,2020,2,GUAVIARE,1.0,1,1,1
2020-02-01,2020,2,HUILA,366.0,86,17,35
2020-02-01,2020,2,LA GUAJIRA,1076.291,74,12,36
2020-02-01,2020,2,MAGDALENA,4020.0,117,13,72
2020-02-01,2020,2,META,456.0,77,16,38
2020-02-01,2020,2,NARINO,1428.0149999999999,122,17,57
2020-02-01,2020,2,NORTE DE SANTANDER,2752.995,122,23,56
2020-02-01,2020,2,PUTUMAYO,263.0,49,9,25
2020-02-01,2020,2,QUINDIO,1588.0,142,11,57
2020-02-01,2020,2,RISARALDA,2461.0,129,13,59
2020-02-01,2020,2,"SAN ANDRES, PROVIDENCIA Y SANTA CATALINA",3092.352,87,2,60
2020-02-01,2020,2,SANTANDER,2518.0,186,27,67
2020-02-01,2020,2,SIN ESPECIFICAR,5.0,4,1,4
2020-02-01,2020,2,SUCRE,131.0,49,10,24
2020-02-01,2020,2,TOLIMA,721.0,91,19,43
2020-02-01,2020,2,VALLE DEL CAUCA,8212.311,453,41,107
2020-02-01,2020,2,VAUPES,4.0,4,3,4
2020-02-01,2020,2,VICHADA,77.0,14,3,13
2020-03-01,2020,3,AMAZONAS,281.0,37,4,32
2020-03-01,2020,3,ANTIOQUIA,9326.668,383,56,103
2020-03-01,2020,3,ARAUCA,102.0,16,5,8
2020-03-01,2020,3,ATLANTICO,2024.03,106,13,65
2020-03-01,2020,3,BOGOTA D.C.,9671.459,139,1,139
2020-03-01,2020,3,BOLIVAR,6300.061,140,12,105
2020-03-01,2020,3,BOYACA,236.0,78,23,28
2020-03-01,2020,3,CALDAS,299.0,56,16,30
2020-03-01,2020,3,CAQUETA,17.0,9,4,8
2020-03-01,2020,3,CASANARE,45.0,21,5,15
2020-03-01,2020,3,CAUCA,173.0,44,13,28
2020-03-01,2020,3,CESAR,272.0,33,11,21
2020-03-01,2020,3,CHOCO,120.0,33,9,24
2020-03-01,2020,3,CORDOBA,133.0,39,9,23
2020-03-01,2020,3,CUNDINAMARCA,589.0,256,51,47
2020-03-01,2020,3,GUAINIA,15.0,4,1,4
2020-03-01,2020,3,GUAVIARE,5.0,4,1,4
2020-03-01,2020,3,HUILA,132.0,40,9,23
2020-03-01,2020,3,LA GUAJIRA,781.0,45,9,23
2020-03-01,2020,3,MAGDALENA,1658.0,83,9,61
2020-03-01,2020,3,META,204.0,47,10,23
2020-03-01,2020,3,NARINO,1601.0,81,15,41
2020-03-01,2020,3,NORTE DE SANTANDER,1415.956,91,18,43
2020-03-01,2020,3,PUTUMAYO,136.0,31,8,17
2020-03-01,2020,3,QUINDIO,579.0,83,10,39
2020-03-01,2020,3,RISARALDA,1109.0,101,11,52
2020-03-01,2020,3,"SAN ANDRES, PROVIDENCIA Y SANTA CATALINA",1890.074,71,2,51
2020-03-01,2020,3,SANTANDER,1019.0,119,21,49
2020-03-01,2020,3,SIN ESPECIFICAR,11.0,5,1,5
2020-03-01,2020,3,SUCRE,48.0,26,10,14
2020-03-01,2020,3,TOLIMA,250.0,64,14,33
2020-03-01,2020,3,VALLE DEL CAUCA,3890.129,304,34,84
2020-03-01,2020,3,VICHADA,37.0,7,2,7
2020-04-01,2020,4,AMAZONAS,5.0,1,1,1
2020-04-01,2020,4,ANTIOQUIA,6.0,2,2,1
2020-04-01,2020,4,ATLANTICO,5.0,2,1,2
2020-04-01,2020,4,BOGOTA D.C.,382.0,26,1,26
2020-04-01,2020,4,BOLIVAR,3.0,3,1,3
2020-04-01,2020,4,CALDAS,2.0,1,1,1
2020-04-01,2020,4,CUNDINAMARCA,1.0,1,1,1
2020-04-01,2020,4,MAGDALENA,3.0,1,1,1
2020-04-01,2020,4,VALLE DEL CAUCA,1.0,1,1,1
2020-05-01,2020,5,AMAZONAS,6.0,1,1,1
2020-05-01,2020,5,ANTIOQUIA,9.0,5,2,4
2020-05-01,2020,5,ATLANTICO,28.0,9,1,9
2020-05-01,2020,5,BOGOTA D.C.,568.0,29,1,29
2020-05-01,2020,5,BOLIVAR,14.0,7,1,7
2020-05-01,2020,5,BOYACA,1.0,1,1,1
2020-05-01,2020,5,CALDAS,1.0,1,1,1
2020-05-01,2020,5,CUNDINAMARCA,3.0,3,3,3
2020-05-01,2020,5,MAGDALENA,2.0,2,1,2
2020-05-01,2020,5,NARINO,8.0,4,1,4
2020-05-01,2020,5,NORTE DE SANTANDER,1.0,1,1,1
2020-05-01,2020,5,QUINDIO,1.0,1,1,1
2020-05-01,2020,5,"SAN ANDRES, PROVIDENCIA Y SANTA CATALINA",1.0,1,1,1
2020-05-01,2020,5,VALLE DEL CAUCA,9.0,6,2,5
2020-06-01,2020,6,AMAZONAS,5.0,1,1,1
2020-06-01,2020,6,ANTIOQUIA,59.0,22,3,19
2020-06-01,2020,6,ATLANTICO,120.0,11,2,10
2020-06-01,2020,6,BOGOTA D.C.,1064.0,40,1,40
2020-06-01,2020,6,BOLIVAR,26.0,14,2,13
2020-06-01,2020,6,CALDAS,4.0,4,2,4
2020-06-01,2020,6,CASANARE,4.0,4,3,4
2020-06-01,2020,6,CORDOBA,2.0,2,1,2
2020-06-01,2020,6,CUNDINAMARCA,8.0,8,4,7
2020-06-01,2020,6,HUILA,2.0,2,1,2
2020-06-01,2020,6,MAGDALENA,10.0,5,1,5
2020-06-01,2020,6,META,4.0,4,3,3
2020-06-01,2020,6,NARINO,22.0,6,2,6
2020-06-01,2020,6,NORTE DE SANTANDER,3.0,3,2,3
2020-06-01,2020,6,QUINDIO,4.0,1,1,1
2020-06-01,2020,6,RISARALDA,5.0,4,1,4
2020-06-01,2020,6,SANTANDER,12.0,6,3,5
2020-06-01,2020,6,SUCRE,1.0,1,1,1
2020-06-01,2020,6,TOLIMA,1.0,1,1,1
2020-06-01,2020,6,VALLE DEL CAUCA,48.0,14,2,13
2020-06-01,2020,6,VICHADA,1.0,1,1,1
2020-07-01,2020,7,AMAZONAS,17.0,1,1,1
2020-07-01,2020,7,ANTIOQUIA,46.0,20,6,14
2020-07-01,2020,7,ARAUCA,9.0,2,2,1
2020-07-01,2020,7,ATLANTICO,100.0,15,2,15
2020-07-01,2020,7,BOGOTA D.C.,1116.0,42,1,42
2020-07-01,2020,7,BOLIVAR,11.0,6,2,6
2020-07-01,2020,7,BOYACA,2.0,2,2,2
2020-07-01,2020,7,CAUCA,3.0,1,1,1
2020-07-01,2020,7,CESAR,6.0,4,3,3
2020-07-01,2020,7,CUNDINAMARCA,7.0,6,5,5
2020-07-01,2020,7,HUILA,4.0,3,3,1
2020-07-01,2020,7,MAGDALENA,4.0,4,1,4
2020-07-01,2020,7,META,5.0,2,2,1
2020-07-01,2020,7,NARINO,74.0,9,4,5
2020-07-01,2020,7,NORTE DE SANTANDER,2.0,2,1,2
2020-07-01,2020,7,QUINDIO,4.0,4,3,4
2020-07-01,2020,7,RISARALDA,8.0,4,1,4
2020-07-01,2020,7,SANTANDER,11.0,7,3,6
2020-07-01,2020,7,SUCRE,3.0,2,1,2
2020-07-01,2020,7,TOLIMA,3.0,2,1,2
2020-07-01,2020,7,VALLE DEL CAUCA,49.0,23,8,16
2020-08-01,2020,8,AMAZONAS,14.0,3,1,3
2020-08-01,2020,8,ANTIOQUIA,81.0,31,10,19
2020-08-01,2020,8,ARAUCA,1.0,1,1,1
2020-08-01,2020,8,ATLANTICO,65.0,14,2,13
2020-08-01,2020,8,BOGOTA D.C.,1204.0,49,1,49
2020-08-01,2020,8,BOLIVAR,44.0,10,1,10
2020-08-01,2020,8,BOYACA,1.0,1,1,1
2020-08-01,2020,8,CALDAS,8.0,6,3,6
2020-08-01,2020,8,CAUCA,2.0,1,1,1
2020-08-01,2020,8,CESAR,2.0,2,2,1
2020-08-01,2020,8,CHOCO,1.0,1,1,1
2020-08-01,2020,8,CORDOBA,2.0,2,2,2
2020-08-01,2020,8,CUNDINAMARCA,22.0,6,4,5
2020-08-01,2020,8,HUILA,4.0,3,2,3
2020-08-01,2020,8,MAGDALENA,7.0,5,2,4
2020-08-01,2020,8,META,4.0,2,2,2
2020-08-01,2020,8,NARINO,142.0,9,2,8
2020-08-01,2020,8,QUINDIO,4.0,4,2,4
2020-08-01,2020,8,RISARALDA,15.0,7,1,7
2020-08-01,2020,8,SANTANDER,8.0,4,1,4
2020-08-01,2020,8,SIN ESPECIFICAR,1.0,1,1,1
2020-08-01,2020,8,TOLIMA,10.0,5,2,4
2020-08-01,2020,8,VALLE DEL CAUCA,57.0,19,6,14
2020-09-01,2020,9,AMAZONAS,13.0,2,1,2
2020-09-01,2020,9,ANTIOQUIA,1442.0,104,34,41
2020-09-01,2020,9,ARAUCA,2.0,2,2,2
2020-09-01,2020,9,ATLANTICO,313.0,37,8,26
2020-09-01,2020,9,BOGOTA D.C.,2238.0,65,1,65
2020-09-01,2020,9,BOLIVAR,610.0,37,6,31
2020-09-01,2020,9,BOYACA,4.0,4,3,3
2020-09-01,2020,9,CALDAS,26.0,10,4,7
2020-09-01,2020,9,CAQUETA,2.0,2,1,2
2020-09-01,2020,9,CASANARE,2.0,1,1,1
2020-09-01,2020,9,CAUCA,15.0,10,5,5
2020-09-01,2020,9,CESAR,18.0,8,6,4
2020-09-01,2020,9,CORDOBA,7.0,5,3,4
2020-09-01,2020,9,CUNDINAMARCA,42.0,27,18,10
2020-09-01,2020,9,GUAVIARE,2.0,2,1,2
2020-09-01,2020,9,HUILA,6.0,4,2,4
2020-09-01,2020,9,LA GUAJIRA,12.0,6,4,5
2020-09-01,2020,9,MAGDALENA,26.0,8,2,7
2020-09-01,2020,9,META,11.0,5,4,2
2020-09-01,2020,9,NARINO,100.0,16,4,11
2020-09-01,2020,9,NORTE DE SANTANDER,72.0,16,6,13
2020-09-01,2020,9,QUINDIO,47.0,11,4,8
2020-09-01,2020,9,RISARALDA,104.0,20,3,16
2020-09-01,2020,9,"SAN ANDRES, PROVIDENCIA Y SANTA CATALINA",45.0,7,2,6
2020-09-01,2020,9,SANTANDER,56.0,22,6,16
2020-09-01,2020,9,SIN ESPECIFICAR,1.0,1,1,1
2020-09-01,2020,9,SUCRE,4.0,2,2,2
2020-09-01,2020,9,TOLIMA,48.0,7,5,4
2020-09-01,2020,9,VALLE DEL CAUCA,957.0,74,24,42
2020-09-01,2020,9,VAUPES,1.0,1,1,1
2020-09-01,2020,9,VICHADA,4.0,2,2,2
2020-10-01,2020,10,AMAZONAS,41.0,9,3,8
2020-10-01,2020,10,ANTIOQUIA,3425.626,305,61,78
2020-10-01,2020,10,ARAUCA,19.0,8,4,5
2020-10-01,2020,10,ATLANTICO,1547.0,87,15,50
2020-10-01,2020,10,BOGOTA D.C.,7347.946,92,1,92
2020-10-01,2020,10,BOLIVAR,852.891,81,12,63
2020-10-01,2020,10,BOYACA,77.0,43,16,19
2020-10-01,2020,10,CALDAS,199.0,45,13,21
2020-10-01,2020,10,CAQUETA,12.0,10,4,7
2020-10-01,2020,10,CASANARE,17.0,9,3,8
2020-10-01,2020,10,CAUCA,74.0,44,20,17
2020-10-01,2020,10,CESAR,109.0,33,9,21
2020-10-01,2020,10,CHOCO,23.0,11,3,10
2020-10-01,2020,10,CORDOBA,82.0,25,8,13
2020-10-01,2020,10,CUNDINAMARCA,415.0,191,52,37
2020-10-01,2020,10,GUAINIA,1.0,1,1,1
2020-10-01,2020,10,GUAVIARE,7.0,6,1,6
2020-10-01,2020,10,HUILA,83.0,31,9,17
2020-10-01,2020,10,LA GUAJIRA,128.0,20,6,13
2020-10-01,2020,10,MAGDALENA,231.0,39,7,31
2020-10-01,2020,10,META,179.0,36,9,20
2020-10-01,2020,10,NARINO,95.0,20,4,15
2020-10-01,2020,10,NORTE DE SANTANDER,679.0,56,13,31
2020-10-01,2020,10,PUTUMAYO,6.0,6,4,5
2020-10-01,2020,10,QUINDIO,289.0,45,8,23
2020-10-01,2020,10,RISARALDA,518.0,56,7,33
2020-10-01,2020,10,"SAN ANDRES, PROVIDENCIA Y SANTA CATALINA",45.0,13,2,12
2020-10-01,2020,10,SANTANDER,362.0,89,20,38
2020-10-01,2020,10,SUCRE,46.0,24,12,14
2020-10-01,2020,10,TOLIMA,147.0,43,14,23
2020-10-01,2020,10,VALLE DEL CAUCA,1397.38,203,30,62
2020-10-01,2020,10,VICHADA,6.0,5,2,5
2020-11-01,2020,11,AMAZONAS,39.0,8,3,7
2020-11-01,2020,11,ANTIOQUIA,6230.158,428,73,93
2020-11-01,2020,11,ARAUCA,43.0,11,3,9
2020-11-01,2020,11,ATLANTICO,1283.074,99,12,56
2020-11-01,2020,11,BOGOTA D.C.,9133.111,113,1,113
2020-11-01,2020,11,BOLIVAR,1877.972,104,16,76
2020-11-01,2020,11,BOYACA,172.0,91,29,30
2020-11-01,2020,11,CALDAS,323.0,80,20,26
2020-11-01,2020,11,CAQUETA,20.0,15,6,12
2020-11-01,2020,11,CASANARE,31.0,18,6,15
2020-11-01,2020,11,CAUCA,136.0,67,24,27
2020-11-01,2020,11,CESAR,140.0,41,12,23
2020-11-01,2020,11,CHOCO,18.0,13,6,9
2020-11-01,2020,11,CORDOBA,163.0,43,14,25
2020-11-01,2020,11,CUNDINAMARCA,774.0,290,60,42
2020-11-01,2020,11,GUAVIARE,3.0,3,2,3
2020-11-01,2020,11,HUILA,104.0,39,10,23
2020-11-01,2020,11,LA GUAJIRA,198.0,32,7,20
2020-11-01,2020,11,MAGDALENA,426.0,53,9,40
2020-11-01,2020,11,META,291.0,52,15,25
2020-11-01,2020,11,NARINO,81.0,37,11,21
2020-11-01,2020,11,NORTE DE SANTANDER,1281.0,66,15,32
2020-11-01,2020,11,PUTUMAYO,14.0,11,5,8
2020-11-01,2020,11,QUINDIO,445.0,65,10,32
2020-11-01,2020,11,RISARALDA,945.0,83,11,42
2020-11-01,2020,11,"SAN ANDRES, PROVIDENCIA Y SANTA CATALINA",201.0,28,2,21
2020-11-01,2020,11,SANTANDER,727.0,116,23,41
2020-11-01,2020,11,SIN ESPECIFICAR,23.0,4,1,4
2020-11-01,2020,11,SUCRE,48.0,29,9,18
2020-11-01,2020,11,TOLIMA,277.0,53,14,26
2020-11-01,2020,11,VALLE DEL CAUCA,2962.082,274,37,72
2020-11-01,2020,11,VAUPES,1.0,1,1,1
2020-11-01,2020,11,VICHADA,5.0,5,2,4
2020-12-01,2020,12,AMAZONAS,50.0,10,4,8
2020-12-01,2020,12,ANTIOQUIA,10037.335,554,87,94
2020-12-01,2020,12,ARAUCA,100.0,28,5,17
2020-12-01,2020,12,ATLANTICO,2115.02,152,21,69
2020-12-01,2020,12,BOGOTA D.C.,11757.706,125,2,124
2020-12-01,2020,12,BOLIVAR,4323.231,146,26,86
2020-12-01,2020,12,BOYACA,422.0,147,40,34
2020-12-01,2020,12,CALDAS,734.0,113,24,36
2020-12-01,2020,12,CAQUETA,50.0,20,6,14
2020-12-01,2020,12,CASANARE,56.0,26,8,16
2020-12-01,2020,12,CAUCA,239.0,76,23,30
2020-12-01,2020,12,CESAR,276.0,69,17,31
2020-12-01,2020,12,CHOCO,30.0,17,7,13
2020-12-01,2020,12,CORDOBA,224.0,66,22,27
2020-12-01,2020,12,CUNDINAMARCA,1674.0,426,76,52
2020-12-01,2020,12,GUAINIA,1.0,1,1,1
2020-12-01,2020,12,GUAVIARE,6.0,5,1,5
2020-12-01,2020,12,HUILA,345.0,81,22,32
2020-12-01,2020,12,LA GUAJIRA,475.0,76,13,33
2020-12-01,2020,12,MAGDALENA,956.0,76,12,54
2020-12-01,2020,12,META,480.0,81,18,34
2020-12-01,2020,12,NARINO,179.0,55,14,32
2020-12-01,2020,12,NORTE DE SANTANDER,1276.624,106,19,45
2020-12-01,2020,12,PUTUMAYO,42.0,19,8,12
2020-12-01,2020,12,QUINDIO,883.0,91,11,36
2020-12-01,2020,12,RISARALDA,1946.0,116,12,51
2020-12-01,2020,12,"SAN ANDRES, PROVIDENCIA Y SANTA CATALINA",624.0,44,2,30
2020-12-01,2020,12,SANTANDER,1565.0,191,36,51
2020-12-01,2020,12,SIN ESPECIFICAR,2.0,2,1,2
2020-12-01,2020,12,SUCRE,104.0,44,13,22
2020-12-01,2020,12,TOLIMA,547.0,101,22,40
2020-12-01,2020,12,VALLE DEL CAUCA,5332.235,441,41,85
2020-12-01,2020,12,VAUPES,2.0,2,1,2
2021-01-01,2021,1,AMAZONAS,51.0,13,3,12
2021-01-01,2021,1,ANTIOQUIA,7426.777,492,76,99
2021-01-01,2021,1,ARAUCA,71.0,18,4,13
2021-01-01,2021,1,ATLANTICO,2378.0,121,19,60
2021-01-01,2021,1,BOGOTA D.C.,7867.868,126,1,126
2021-01-01,2021,1,BOLIVAR,4378.247,118,17,86
2021-01-01,2021,1,BOYACA,169.0,96,29,31
2021-01-01,2021,1,CALDAS,351.0,77,21,29
2021-01-01,2021,1,CAQUETA,27.0,14,3,13
2021-01-01,2021,1,CASANARE,26.0,14,6,11
2021-01-01,2021,1,CAUCA,146.0,68,22,30
2021-01-01,2021,1,CESAR,179.0,47,10,22
2021-01-01,2021,1,CHOCO,53.0,26,7,17
2021-01-01,2021,1,CORDOBA,109.0,39,13,18
2021-01-01,2021,1,CUNDINAMARCA,933.0,319,62,44
2021-01-01,2021,1,GUAINIA,4.0,2,1,2
2021-01-01,2021,1,GUAVIARE,7.0,6,1,6
2021-01-01,2021,1,HUILA,152.0,51,13,25
2021-01-01,2021,1,LA GUAJIRA,350.0,57,14,24
2021-01-01,2021,1,MAGDALENA,871.0,66,12,47
2021-01-01,2021,1,META,348.0,60,15,33
2021-01-01,2021,1,NARINO,124.0,44,14,26
2021-01-01,2021,1,NORTE DE SANTANDER,906.01,89,17,41
2021-01-01,2021,1,PUTUMAYO,42.0,22,6,17
2021-01-01,2021,1,QUINDIO,476.0,72,11,31
2021-01-01,2021,1,RISARALDA,983.0,96,12,44
2021-01-01,2021,1,"SAN ANDRES, PROVIDENCIA Y SANTA CATALINA",1209.0,43,2,30
2021-01-01,2021,1,SANTANDER,875.0,161,27,48
2021-01-01,2021,1,SIN ESPECIFICAR,5.0,3,1,3
2021-01-01,2021,1,SUCRE,84.0,45,14,17
2021-01-01,2021,1,TOLIMA,272.0,78,19,35
2021-01-01,2021,1,VALLE DEL CAUCA,3181.759,334,38,76
2021-01-01,2021,1,VAUPES,2.0,2,1,2
2021-01-01,2021,1,VICHADA,19.0,9,2,8
2021-02-01,2021,2,AMAZONAS,42.0,7,3,7
2021-02-01,2021,2,ANTIOQUIA,6461.625,399,70,88
2021-02-01,2021,2,ARAUCA,47.0,11,3,8
2021-02-01,2021,2,ATLANTICO,2158.0,109,15,60
2021-02-01,2021,2,BOGOTA D.C.,7797.95,117,1,117
2021-02-01,2021,2,BOLIVAR,3980.502,102,16,78
2021-02-01,2021,2,BOYACA,133.0,62,25,24
2021-02-01,2021,2,CALDAS,201.0,59,18,30
2021-02-01,2021,2,CAQUETA,26.0,15,2,13
2021-02-01,2021,2,CASANARE,29.0,18,4,16
2021-02-01,2021,2,CAUCA,95.0,47,19,21
2021-02-01,2021,2,CESAR,109.0,32,11,17
2021-02-01,2021,2,CHOCO,10.0,7,5,7
2021-02-01,2021,2,CORDOBA,77.0,32,14,19
2021-02-01,2021,2,CUNDINAMARCA,621.0,251,61,44
2021-02-01,2021,2,GUAINIA,5.0,3,1,3
2021-02-01,2021,2,GUAVIARE,5.0,3,1,3
2021-02-01,2021,2,HUILA,122.0,53,14,29
2021-02-01,2021,2,LA GUAJIRA,190.0,40,9,21
2021-02-01,2021,2,MAGDALENA,675.0,68,10,51
2021-02-01,2021,2,META,203.0,51,10,27
2021-02-01,2021,2,NARINO,98.0,38,9,22
2021-02-01,2021,2,NORTE DE SANTANDER,1354.0,77,17,38
2021-02-01,2021,2,PUTUMAYO,20.0,10,2,9
2021-02-01,2021,2,QUINDIO,436.0,73,10,32
2021-02-01,2021,2,RISARALDA,882.0,80,10,40
2021-02-01,2021,2,"SAN ANDRES, PROVIDENCIA Y SANTA CATALINA",1693.0,43,2,33
2021-02-01,2021,2,SANTANDER,569.0,112,23,42
2021-02-01,2021,2,SIN ESPECIFICAR,2.0,2,1,2
2021-02-01,2021,2,SUCRE,46.0,27,11,16
2021-02-01,2021,2,TOLIMA,374.0,54,13,31
2021-02-01,2021,2,VALLE DEL CAUCA,2434.936,275,38,72
2021-02-01,2021,2,VICHADA,9.0,3,1,3
2021-03-01,2021,3,AMAZONAS,33.0,9,3,6
2021-03-01,2021,3,ANTIOQUIA,7551.9400000000005,437,77,95
2021-03-01,2021,3,ARAUCA,43.0,15,5,10
2021-03-01,2021,3,ATLANTICO,1315.404,133,22,67
2021-03-01,2021,3,BOGOTA D.C.,7694.759,120,1,120
2021-03-01,2021,3,BOLIVAR,4634.215,123,17,87
2021-03-01,2021,3,BOYACA,191.0,85,27,28
2021-03-01,2021,3,CALDAS,349.0,68,18,30
2021-03-01,2021,3,CAQUETA,27.0,17,6,13
2021-03-01,2021,3,CASANARE,33.0,18,5,12
2021-03-01,2021,3,CAUCA,124.0,54,17,22
2021-03-01,2021,3,CESAR,184.0,43,11,25
2021-03-01,2021,3,CHOCO,38.0,20,14,9
2021-03-01,2021,3,CORDOBA,107.0,48,14,20
2021-03-01,2021,3,CUNDINAMARCA,854.0,293,72,49
2021-03-01,2021,3,GUAINIA,3.0,2,1,2
2021-03-01,2021,3,GUAVIARE,5.0,4,1,4
2021-03-01,2021,3,HUILA,158.0,51,14,25
2021-03-01,2021,3,LA GUAJIRA,164.0,38,11,21
2021-03-01,2021,3,MAGDALENA,715.0,58,10,44
2021-03-01,2021,3,META,291.0,49,13,26
2021-03-01,2021,3,NARINO,115.0,44,12,19
2021-03-01,2021,3,NORTE DE SANTANDER,1617.0,82,15,37
2021-03-01,2021,3,PUTUMAYO,53.0,22,4,17
2021-03-01,2021,3,QUINDIO,682.0,94,10,38
2021-03-01,2021,3,RISARALDA,1226.0,83,8,47
2021-03-01,2021,3,"SAN ANDRES, PROVIDENCIA Y SANTA CATALINA",1275.0,39,2,32
2021-03-01,2021,3,SANTANDER,804.0,122,26,40
2021-03-01,2021,3,SIN ESPECIFICAR,2.0,2,1,2
2021-03-01,2021,3,SUCRE,62.0,24,8,14
2021-03-01,2021,3,TOLIMA,217.0,65,19,32
2021-03-01,2021,3,VALLE DEL CAUCA,3211.68,306,39,80
2021-03-01,2021,3,VICHADA,14.0,9,3,8
2021-04-01,2021,4,AMAZONAS,15.0,7,4,6
2021-04-01,2021,4,ANTIOQUIA,6178.277,417,76,93
2021-04-01,2021,4,ARAUCA,31.0,13,5,10
2021-04-01,2021,4,ATLANTICO,1735.0,98,15,59
2021-04-01,2021,4,BOGOTA D.C.,8315.965,114,1,114
2021-04-01,2021,4,BOLIVAR,3515.572,118,15,92
2021-04-01,2021,4,BOYACA,126.0,67,23,24
2021-04-01,2021,4,CALDAS,302.0,67,18,30
2021-04-01,2021,4,CAQUETA,23.0,12,4,11
2021-04-01,2021,4,CASANARE,44.0,18,6,12
2021-04-01,2021,4,CAUCA,124.0,60,23,25
2021-04-01,2021,4,CESAR,130.0,38,9,24
2021-04-01,2021,4,CHOCO,35.0,13,6,8
2021-04-01,2021,4,CORDOBA,89.0,36,15,19
2021-04-01,2021,4,CUNDINAMARCA,732.0,259,59,45
2021-04-01,2021,4,GUAVIARE,6.0,4,1,4
2021-04-01,2021,4,HUILA,141.0,43,12,20
2021-04-01,2021,4,LA GUAJIRA,145.0,44,10,23
2021-04-01,2021,4,MAGDALENA,526.0,58,8,46
2021-04-01,2021,4,META,289.0,56,16,32
2021-04-01,2021,4,NARINO,84.0,28,6,18
2021-04-01,2021,4,NORTE DE SANTANDER,1102.0,68,14,36
2021-04-01,2021,4,PUTUMAYO,14.0,11,5,10
2021-04-01,2021,4,QUINDIO,540.0,76,11,34
2021-04-01,2021,4,RISARALDA,995.0,84,7,44
2021-04-01,2021,4,"SAN ANDRES, PROVIDENCIA Y SANTA CATALINA",404.0,37,2,27
2021-04-01,2021,4,SANTANDER,726.0,106,19,45
2021-04-01,2021,4,SIN ESPECIFICAR,62.0,9,1,9
2021-04-01,2021,4,SUCRE,66.0,24,9,16
2021-04-01,2021,4,TOLIMA,256.0,57,17,30
2021-04-01,2021,4,VALLE DEL CAUCA,2753.474,277,37,85
2021-04-01,2021,4,VAUPES,4.0,3,1,3
2021-04-01,2021,4,VICHADA,12.0,8,4,5
2021-05-01,2021,5,AMAZONAS,57.0,15,4,12
2021-05-01,2021,5,ANTIOQUIA,6588.475,410,75,91
2021-05-01,2021,5,ARAUCA,48.0,13,3,9
2021-05-01,2021,5,ATLANTICO,1994.0,88,15,56
2021-05-01,2021,5,BOGOTA D.C.,6802.713,120,1,120
2021-05-01,2021,5,BOLIVAR,2868.992,116,15,87
2021-05-01,2021,5,BOYACA,146.0,69,27,29
2021-05-01,2021,5,CALDAS,241.0,53,19,25
2021-05-01,2021,5,CAQUETA,28.0,11,4,8
2021-05-01,2021,5,CASANARE,25.0,15,5,11
2021-05-01,2021,5,CAUCA,52.0,31,13,19
2021-05-01,2021,5,CESAR,88.0,34,13,16
2021-05-01,2021,5,CHOCO,36.0,17,5,12
2021-05-01,2021,5,CORDOBA,71.0,33,10,20
2021-05-01,2021,5,CUNDINAMARCA,658.0,232,57,42
2021-05-01,2021,5,GUAVIARE,5.0,5,1,5
2021-05-01,2021,5,HUILA,87.0,31,10,19
2021-05-01,2021,5,LA GUAJIRA,98.0,29,7,17
2021-05-01,2021,5,MAGDALENA,514.0,58,9,43
2021-05-01,2021,5,META,212.0,35,10,24
2021-05-01,2021,5,NARINO,185.0,34,8,21
2021-05-01,2021,5,NORTE DE SANTANDER,1123.0,75,13,39
2021-05-01,2021,5,PUTUMAYO,19.0,13,3,12
2021-05-01,2021,5,QUINDIO,482.0,61,11,32
2021-05-01,2021,5,RISARALDA,910.0,79,10,39
2021-05-01,2021,5,"SAN ANDRES, PROVIDENCIA Y SANTA CATALINA",337.0,34,2,26
2021-05-01,2021,5,SANTANDER,699.0,120,25,43
2021-05-01,2021,5,SIN ESPECIFICAR,1.0,1,1,1
2021-05-01,2021,5,SUCRE,58.0,30,9,17
2021-05-01,2021,5,TOLIMA,233.0,46,11,26
2021-05-01,2021,5,VALLE DEL CAUCA,1414.892,194,32,62
2021-05-01,2021,5,VAUPES,1.0,1,1,1
2021-05-01,2021,5,VICHADA,4.0,3,1,3
2021-06-01,2021,6,AMAZONAS,101.0,25,7,19
2021-06-01,2021,6,ANTIOQUIA,8714.968,485,80,96
2021-06-01,2021,6,ARAUCA,76.0,20,5,12
2021-06-01,2021,6,ATLANTICO,2247.965,125,17,67
2021-06-01,2021,6,BOGOTA D.C.,9641.739,134,1,134
2021-06-01,2021,6,BOLIVAR,3654.805,123,23,81
2021-06-01,2021,6,BOYACA,298.0,96,29,31
2021-06-01,2021,6,CALDAS,482.0,90,22,40
2021-06-01,2021,6,CAQUETA,32.0,14,4,12
2021-06-01,2021,6,CASANARE,46.0,25,9,18
2021-06-01,2021,6,CAUCA,144.0,60,28,20
2021-06-01,2021,6,CESAR,193.0,40,14,20
2021-06-01,2021,6,CHOCO,21.0,14,8,9
2021-06-01,2021,6,CORDOBA,176.0,60,18,26
2021-06-01,2021,6,CUNDINAMARCA,1366.0,328,72,55
2021-06-01,2021,6,GUAINIA,17.0,2,1,2
2021-06-01,2021,6,GUAVIARE,3.0,3,1,3
2021-06-01,2021,6,HUILA,259.0,57,17,32
2021-06-01,2021,6,LA GUAJIRA,723.0,60,14,23
2021-06-01,2021,6,MAGDALENA,855.0,76,14,56
2021-06-01,2021,6,META,337.0,61,15,34
2021-06-01,2021,6,NARINO,306.0,41,9,25
2021-06-01,2021,6,NORTE DE SANTANDER,928.148,90,17,41
2021-06-01,2021,6,PUTUMAYO,30.0,22,8,16
2021-06-01,2021,6,QUINDIO,819.0,82,11,37
2021-06-01,2021,6,RISARALDA,1620.0,87,11,45
2021-06-01,2021,6,"SAN ANDRES, PROVIDENCIA Y SANTA CATALINA",458.0,36,2,30
2021-06-01,2021,6,SANTANDER,1399.0,153,36,43
2021-06-01,2021,6,SIN ESPECIFICAR,39.0,6,1,6
2021-06-01,2021,6,SUCRE,114.0,40,12,21
2021-06-01,2021,6,TOLIMA,401.0,67,18,35
2021-06-01,2021,6,VALLE DEL CAUCA,3108.93,312,41,83
2021-06-01,2021,6,VAUPES,3.0,3,1,3
2021-06-01,2021,6,VICHADA,24.0,5,2,4
2021-07-01,2021,7,AMAZONAS,113.0,24,6,16
2021-07-01,2021,7,ANTIOQUIA,10533.372,606,94,111
2021-07-01,2021,7,ARAUCA,65.0,19,5,13
2021-07-01,2021,7,ATLANTICO,2848.728,144,18,74
2021-07-01,2021,7,BOGOTA D.C.,8911.824,143,1,143
2021-07-01,2021,7,BOLIVAR,6192.879,144,21,90
2021-07-01,2021,7,BOYACA,331.0,107,30,32
2021-07-01,2021,7,CALDAS,895.0,114,21,41
2021-07-01,2021,7,CAQUETA,59.0,24,7,18
2021-07-01,2021,7,CASANARE,55.0,29,9,17
2021-07-01,2021,7,CAUCA,267.0,101,32,32
2021-07-01,2021,7,CESAR,282.0,52,16,27
2021-07-01,2021,7,CHOCO,70.0,28,7,18
2021-07-01,2021,7,CORDOBA,204.0,62,17,28
2021-07-01,2021,7,CUNDINAMARCA,1799.0,446,76,55
2021-07-01,2021,7,GUAINIA,11.0,2,1,2
2021-07-01,2021,7,GUAVIARE,5.0,5,3,4
2021-07-01,2021,7,HUILA,267.0,70,18,33
2021-07-01,2021,7,LA GUAJIRA,801.0,68,12,29
2021-07-01,2021,7,MAGDALENA,1261.0,94,17,56
2021-07-01,2021,7,META,598.0,75,19,41
2021-07-01,2021,7,NARINO,246.0,56,17,26
2021-07-01,2021,7,NORTE DE SANTANDER,1327.742,105,22,45
2021-07-01,2021,7,PUTUMAYO,31.0,15,5,12
2021-07-01,2021,7,QUINDIO,1109.0,105,10,41
2021-07-01,2021,7,RISARALDA,2172.0,119,11,55
2021-07-01,2021,7,"SAN ANDRES, PROVIDENCIA Y SANTA CATALINA",1239.0,46,2,33
2021-07-01,2021,7,SANTANDER,1562.0,181,33,56
2021-07-01,2021,7,SIN ESPECIFICAR,20.0,8,1,8
2021-07-01,2021,7,SUCRE,114.0,40,14,21
2021-07-01,2021,7,TOLIMA,481.0,83,19,36
2021-07-01,2021,7,VALLE DEL CAUCA,5099.457,380,41,80
2021-07-01,2021,7,VAUPES,3.0,3,2,2
2021-07-01,2021,7,VICHADA,5.0,4,3,3
2021-08-01,2021,8,AMAZONAS,135.0,35,5,27
2021-08-01,2021,8,ANTIOQUIA,10601.256,616,92,116
2021-08-01,2021,8,ARAUCA,109.0,24,6,15
2021-08-01,2021,8,ATLANTICO,2031.437,153,22,69
2021-08-01,2021,8,BOGOTA D.C.,10447.624,141,1,141
2021-08-01,2021,8,BOLIVAR,6385.878,172,21,112
2021-08-01,2021,8,BOYACA,294.0,117,32,34
2021-08-01,2021,8,CALDAS,531.0,96,19,36
2021-08-01,2021,8,CAQUETA,38.0,17,6,12
2021-08-01,2021,8,CASANARE,57.0,28,8,18
2021-08-01,2021,8,CAUCA,240.0,95,28,35
2021-08-01,2021,8,CESAR,307.0,61,16,34
2021-08-01,2021,8,CHOCO,52.0,26,10,18
2021-08-01,2021,8,CORDOBA,192.0,69,18,29
2021-08-01,2021,8,CUNDINAMARCA,1490.0,425,75,56
2021-08-01,2021,8,GUAINIA,14.0,8,3,7
2021-08-01,2021,8,GUAVIARE,6.0,5,2,4
2021-08-01,2021,8,HUILA,231.0,58,17,24
2021-08-01,2021,8,LA GUAJIRA,607.0,65,10,31
2021-08-01,2021,8,MAGDALENA,1381.0,85,12,58
2021-08-01,2021,8,META,520.0,81,14,37
2021-08-01,2021,8,NARINO,278.0,45,9,29
2021-08-01,2021,8,NORTE DE SANTANDER,1442.956,117,21,47
2021-08-01,2021,8,PUTUMAYO,36.0,20,5,15
2021-08-01,2021,8,QUINDIO,910.0,101,12,39
2021-08-01,2021,8,RISARALDA,2131.0,123,13,51
2021-08-01,2021,8,"SAN ANDRES, PROVIDENCIA Y SANTA CATALINA",1571.0,50,2,37
2021-08-01,2021,8,SANTANDER,1452.0,168,34,52
2021-08-01,2021,8,SIN ESPECIFICAR,9.0,4,1,4
2021-08-01,2021,8,SUCRE,135.0,53,18,20
2021-08-01,2021,8,TOLIMA,467.0,87,24,38
2021-08-01,2021,8,VALLE DEL CAUCA,5872.467,364,40,91
2021-08-01,2021,8,VAUPES,1.0,1,1,1
2021-08-01,2021,8,VICHADA,30.0,10,4,9
2021-09-01,2021,9,AMAZONAS,135.0,31,7,21
2021-09-01,2021,9,ANTIOQUIA,10614.139,590,98,116
2021-09-01,2021,9,ARAUCA,108.0,23,5,14
2021-09-01,2021,9,ATLANTICO,2117.882,146,21,69
2021-09-01,2021,9,BOGOTA D.C.,9667.81,139,1,139
2021-09-01,2021,9,BOLIVAR,8608.955,145,19,96
2021-09-01,2021,9,BOYACA,335.0,134,37,36
2021-09-01,2021,9,CALDAS,503.0,112,22,39
2021-09-01,2021,9,CAQUETA,30.0,18,4,14
2021-09-01,2021,9,CASANARE,52.0,23,7,17
2021-09-01,2021,9,CAUCA,195.0,86,27,23
2021-09-01,2021,9,CESAR,248.0,48,15,27
2021-09-01,2021,9,CHOCO,68.0,33,6,19
2021-09-01,2021,9,CORDOBA,203.0,68,19,33
2021-09-01,2021,9,CUNDINAMARCA,1527.0,405,71,47
2021-09-01,2021,9,GUAINIA,9.0,7,4,6
2021-09-01,2021,9,GUAVIARE,12.0,5,2,5
2021-09-01,2021,9,HUILA,193.0,67,22,29
2021-09-01,2021,9,LA GUAJIRA,962.0,63,12,24
2021-09-01,2021,9,MAGDALENA,1578.0,94,16,62
2021-09-01,2021,9,META,441.0,74,18,33
2021-09-01,2021,9,NARINO,293.0,64,18,24
2021-09-01,2021,9,NORTE DE SANTANDER,1570.057,105,20,44
2021-09-01,2021,9,PUTUMAYO,34.0,22,6,15
2021-09-01,2021,9,QUINDIO,937.0,113,10,44
2021-09-01,2021,9,RISARALDA,1669.0,100,11,49
2021-09-01,2021,9,"SAN ANDRES, PROVIDENCIA Y SANTA CATALINA",2080.0,50,2,36
2021-09-01,2021,9,SANTANDER,1434.0,182,35,50
2021-09-01,2021,9,SIN ESPECIFICAR,5.0,5,1,5
2021-09-01,2021,9,SUCRE,125.0,44,12,24
2021-09-01,2021,9,TOLIMA,457.0,78,18,35
2021-09-01,2021,9,VALLE DEL CAUCA,5330.9130000000005,375,39,89
2021-09-01,2021,9,VAUPES,3.0,2,1,2
2021-09-01,2021,9,VICHADA,22.0,6,2,6
2021-10-01,2021,10,AMAZONAS,159.0,31,5,26
2021-10-01,2021,10,ANTIOQUIA,11244.172,660,97,112
2021-10-01,2021,10,ARAUCA,125.0,24,4,17
2021-10-01,2021,10,ATLANTICO,2536.562,150,18,77
2021-10-01,2021,10,BOGOTA D.C.,9952.159,147,1,147
2021-10-01,2021,10,BOLIVAR,7178.457,166,21,107
2021-10-01,2021,10,BOYACA,363.0,139,32,36
2021-10-01,2021,10,CALDAS,577.0,110,23,38
2021-10-01,2021,10,CAQUETA,49.0,23,5,16
2021-10-01,2021,10,CASANARE,54.0,23,6,15
2021-10-01,2021,10,CAUCA,281.0,96,28,26
2021-10-01,2021,10,CESAR,341.0,51,13,24
2021-10-01,2021,10,CHOCO,57.0,23,8,14
2021-10-01,2021,10,CORDOBA,284.0,65,20,29
2021-10-01,2021,10,CUNDINAMARCA,1844.0,449,73,61
2021-10-01,2021,10,GUAINIA,5.0,2,1,2
2021-10-01,2021,10,GUAVIARE,10.0,8,3,7
2021-10-01,2021,10,HUILA,265.0,79,15,35
2021-10-01,2021,10,LA GUAJIRA,1087.0,64,13,27
2021-10-01,2021,10,MAGDALENA,1697.0,90,15,57
2021-10-01,2021,10,META,522.0,82,17,38
2021-10-01,2021,10,NARINO,272.0,49,12,28
2021-10-01,2021,10,NORTE DE SANTANDER,1573.757,108,19,42
2021-10-01,2021,10,PUTUMAYO,33.0,23,7,16
2021-10-01,2021,10,QUINDIO,887.0,108,10,41
2021-10-01,2021,10,RISARALDA,1967.0,115,9,55
2021-10-01,2021,10,"SAN ANDRES, PROVIDENCIA Y SANTA CATALINA",2486.0,56,2,45
2021-10-01,2021,10,SANTANDER,1754.0,188,38,52
2021-10-01,2021,10,SIN ESPECIFICAR,5.0,4,1,4
2021-10-01,2021,10,SUCRE,107.0,37,11,21
2021-10-01,2021,10,TOLIMA,766.0,92,24,44
2021-10-01,2021,10,VALLE DEL CAUCA,6435.11,422,40,89
2021-10-01,2021,10,VAUPES,2.0,1,1,1
2021-10-01,2021,10,VICHADA,17.0,6,1,6
2021-11-01,2021,11,AMAZONAS,243.0,37,6,31
2021-11-01,2021,11,ANTIOQUIA,13506.428,698,91,122
2021-11-01,2021,11,ARAUCA,149.0,27,6,17
2021-11-01,2021,11,ATLANTICO,2987.935,163,18,80
2021-11-01,2021,11,BOGOTA D.C.,11048.263,146,1,146
2021-11-01,2021,11,BOLIVAR,6709.101,187,27,114
2021-11-01,2021,11,BOYACA,546.0,148,37,38
2021-11-01,2021,11,CALDAS,743.0,121,21,42
2021-11-01,2021,11,CAQUETA,66.0,32,10,23
2021-11-01,2021,11,CASANARE,101.0,39,7,25
2021-11-01,2021,11,CAUCA,388.0,113,33,38
2021-11-01,2021,11,CESAR,395.0,64,13,35
2021-11-01,2021,11,CHOCO,54.0,24,11,16
2021-11-01,2021,11,CORDOBA,259.0,74,19,27
2021-11-01,2021,11,CUNDINAMARCA,2160.0,540,83,65
2021-11-01,2021,11,GUAINIA,3.0,3,3,3
2021-11-01,2021,11,GUAVIARE,8.0,4,1,4
2021-11-01,2021,11,HUILA,329.0,86,17,37
2021-11-01,2021,11,LA GUAJIRA,1273.0,73,13,27
2021-11-01,2021,11,MAGDALENA,2256.0,100,16,66
2021-11-01,2021,11,META,557.0,84,19,35
2021-11-01,2021,11,NARINO,430.0,60,14,31
2021-11-01,2021,11,NORTE DE SANTANDER,2202.477,135,26,52
2021-11-01,2021,11,PUTUMAYO,52.0,25,7,20
2021-11-01,2021,11,QUINDIO,1315.0,130,11,49
2021-11-01,2021,11,RISARALDA,2516.0,141,13,56
2021-11-01,2021,11,"SAN ANDRES, PROVIDENCIA Y SANTA CATALINA",2762.0950000000003,57,2,43
2021-11-01,2021,11,SANTANDER,2187.0,206,35,62
2021-11-01,2021,11,SIN ESPECIFICAR,13.0,12,1,12
2021-11-01,2021,11,SUCRE,137.0,58,13,28
2021-11-01,2021,11,TOLIMA,845.0,107,23,52
2021-11-01,2021,11,VALLE DEL CAUCA,11088.464,535,40,108
2021-11-01,2021,11,VAUPES,2.0,2,2,2
2021-11-01,2021,11,VICHADA,29.0,10,4,8
2021-12-01,2021,12,AMAZONAS,219.0,50,9,31
2021-12-01,2021,12,ANTIOQUIA,16325.528,838,110,118
2021-12-01,2021,12,ARAUCA,239.0,32,5,19
2021-12-01,2021,12,ATLANTICO,4351.651,228,22,81
2021-12-01,2021,12,BOGOTA D.C.,11399.918,161,1,161
2021-12-01,2021,12,BOLIVAR,10402.182,211,31,113
2021-12-01,2021,12,BOYACA,1098.0,258,60,51
2021-12-01,2021,12,CALDAS,1823.0,184,22,54
2021-12-01,2021,12,CAQUETA,109.0,36,8,22
2021-12-01,2021,12,CASANARE,234.0,49,10,26
2021-12-01,2021,12,CAUCA,765.0,152,32,43
2021-12-01,2021,12,CESAR,677.0,97,23,35
2021-12-01,2021,12,CHOCO,116.0,44,13,22
2021-12-01,2021,12,CORDOBA,514.0,124,21,39
2021-12-01,2021,12,CUNDINAMARCA,3804.0,690,88,77
2021-12-01,2021,12,GUAINIA,8.0,6,2,5
2021-12-01,2021,12,GUAVIARE,9.0,8,2,8
2021-12-01,2021,12,HUILA,790.0,126,27,41
2021-12-01,2021,12,LA GUAJIRA,1185.0,97,15,32
2021-12-01,2021,12,MAGDALENA,3082.0,130,18,71
2021-12-01,2021,12,META,937.0,132,22,42
2021-12-01,2021,12,NARINO,1098.0,110,23,41
2021-12-01,2021,12,NORTE DE SANTANDER,4203.424,189,29,61
2021-12-01,2021,12,PUTUMAYO,123.0,38,9,20
2021-12-01,2021,12,QUINDIO,2468.0,171,12,49
2021-12-01,2021,12,RISARALDA,2947.712,172,13,65
2021-12-01,2021,12,"SAN ANDRES, PROVIDENCIA Y SANTA CATALINA",3720.0,62,2,47
2021-12-01,2021,12,SANTANDER,3955.0,342,50,75
2021-12-01,2021,12,SIN ESPECIFICAR,5.0,3,1,3
2021-12-01,2021,12,SUCRE,313.0,80,17,30
2021-12-01,2021,12,TOLIMA,1182.0,151,34,47
2021-12-01,2021,12,VALLE DEL CAUCA,9988.757,669,42,111
2021-12-01,2021,12,VAUPES,2.0,2,2,2
2021-12-01,2021,12,VICHADA,25.0,10,3,9
2022-01-01,2022,1,AMAZONAS,200.0,42,4,36
2022-01-01,2022,1,ANTIOQUIA,14259.976,750,98,121
2022-01-01,2022,1,ARAUCA,151.0,28,6,17
2022-01-01,2022,1,ATLANTICO,3229.636,189,19,90
2022-01-01,2022,1,BOGOTA D.C.,9867.091,153,1,153
2022-01-01,2022,1,BOLIVAR,9860.48,176,20,106
2022-01-01,2022,1,BOYACA,533.0,171,50,43
2022-01-01,2022,1,CALDAS,919.0,143,24,45
2022-01-01,2022,1,CAQUETA,147.0,35,7,26
2022-01-01,2022,1,CASANARE,87.0,32,7,20
2022-01-01,2022,1,CAUCA,438.0,122,32,34
2022-01-01,2022,1,CESAR,446.0,77,18,35
2022-01-01,2022,1,CHOCO,97.0,40,10,19
2022-01-01,2022,1,CORDOBA,296.0,86,22,32
2022-01-01,2022,1,CUNDINAMARCA,2093.0,518,79,60
2022-01-01,2022,1,GUAINIA,17.0,10,4,8
2022-01-01,2022,1,GUAVIARE,7.0,5,2,5
2022-01-01,2022,1,HUILA,305.0,88,18,39
2022-01-01,2022,1,LA GUAJIRA,830.0,95,12,37
2022-01-01,2022,1,MAGDALENA,2955.0,123,20,71
2022-01-01,2022,1,META,531.0,89,17,42
2022-01-01,2022,1,NARINO,1140.0,102,21,48
2022-01-01,2022,1,NORTE DE SANTANDER,2467.837,132,26,50
2022-01-01,2022,1,PUTUMAYO,167.0,44,9,25
2022-01-01,2022,1,QUINDIO,1309.0,150,12,50
2022-01-01,2022,1,RISARALDA,2309.0,125,13,57
2022-01-01,2022,1,"SAN ANDRES, PROVIDENCIA Y SANTA CATALINA",2583.313,61,2,48
2022-01-01,2022,1,SANTANDER,2495.0,239,41,62
2022-01-01,2022,1,SIN ESPECIFICAR,7.0,5,1,5
2022-01-01,2022,1,SUCRE,206.0,74,16,28
2022-01-01,2022,1,TOLIMA,658.0,116,25,41
2022-01-01,2022,1,VALLE DEL CAUCA,8372.921,536,40,99
2022-01-01,2022,1,VAUPES,1.0,1,1,1
2022-01-01,2022,1,VICHADA,71.0,13,3,10
2022-02-01,2022,2,AMAZONAS,266.0,46,6,32
2022-02-01,2022,2,ANTIOQUIA,12337.647,724,96,124
2022-02-01,2022,2,ARAUCA,111.0,22,6,14
2022-02-01,2022,2,ATLANTICO,3923.568,196,21,82
2022-02-01,2022,2,BOGOTA D.C.,10755.954,148,1,148
2022-02-01,2022,2,BOLIVAR,9075.326000000001,204,29,113
2022-02-01,2022,2,BOYACA,500.0,159,41,38
2022-02-01,2022,2,CALDAS,725.0,123,24,38
2022-02-01,2022,2,CAQUETA,64.0,25,6,19
2022-02-01,2022,2,CASANARE,80.0,36,8,23
2022-02-01,2022,2,CAUCA,373.0,113,30,33
2022-02-01,2022,2,CESAR,346.0,57,14,25
2022-02-01,2022,2,CHOCO,123.0,42,9,24
2022-02-01,2022,2,CORDOBA,277.0,85,22,35
2022-02-01,2022,2,CUNDINAMARCA,2005.0,493,77,64
2022-02-01,2022,2,GUAINIA,22.0,9,3,9
2022-02-01,2022,2,GUAVIARE,14.0,10,2,9
2022-02-01,2022,2,HUILA,321.0,90,21,34
2022-02-01,2022,2,LA GUAJIRA,634.0,76,14,34
2022-02-01,2022,2,MAGDALENA,2957.0,115,20,70
2022-02-01,2022,2,META,493.0,76,15,38
2022-02-01,2022,2,NARINO,982.0,94,20,40
2022-02-01,2022,2,NORTE DE SANTANDER,2316.312,124,21,48
2022-02-01,2022,2,PUTUMAYO,104.0,37,10,17
2022-02-01,2022,2,QUINDIO,1664.0,152,11,51
2022-02-01,2022,2,RISARALDA,2641.0,144,13,63
2022-02-01,2022,2,"SAN ANDRES, PROVIDENCIA Y SANTA CATALINA",3128.663,64,2,48
2022-02-01,2022,2,SANTANDER,1973.0,227,38,59
2022-02-01,2022,2,SIN ESPECIFICAR,10.0,5,1,5
2022-02-01,2022,2,SUCRE,138.0,66,16,27
2022-02-01,2022,2,TOLIMA,515.0,103,24,42
2022-02-01,2022,2,VALLE DEL CAUCA,6812.178,467,41,97
2022-02-01,2022,2,VAUPES,3.0,2,2,1
2022-02-01,2022,2,VICHADA,44.0,14,3,11
2022-03-01,2022,3,AMAZONAS,281.0,54,7,35
2022-03-01,2022,3,ANTIOQUIA,15435.604,744,102,130
2022-03-01,2022,3,ARAUCA,129.0,21,4,16
2022-03-01,2022,3,ATLANTICO,4102.367,195,21,82
2022-03-01,2022,3,BOGOTA D.C.,11253.356,161,1,161
2022-03-01,2022,3,BOLIVAR,9893.0,233,33,128
2022-03-01,2022,3,BOYACA,436.0,145,36,36
2022-03-01,2022,3,CALDAS,799.0,132,22,37
2022-03-01,2022,3,CAQUETA,79.0,27,7,19
2022-03-01,2022,3,CASANARE,105.0,41,10,27
2022-03-01,2022,3,CAUCA,432.0,135,37,37
2022-03-01,2022,3,CESAR,308.0,58,14,27
2022-03-01,2022,3,CHOCO,196.0,56,9,34
2022-03-01,2022,3,CORDOBA,281.0,86,21,30
2022-03-01,2022,3,CUNDINAMARCA,2409.0,560,80,65
2022-03-01,2022,3,GUAINIA,7.0,5,1,5
2022-03-01,2022,3,GUAVIARE,3.0,3,2,3
2022-03-01,2022,3,HUILA,349.0,84,19,36
2022-03-01,2022,3,LA GUAJIRA,703.0,99,14,35
2022-03-01,2022,3,MAGDALENA,3440.0,139,22,74
2022-03-01,2022,3,META,515.0,92,16,41
2022-03-01,2022,3,NARINO,966.0,99,16,42
2022-03-01,2022,3,NORTE DE SANTANDER,2479.17,134,19,54
2022-03-01,2022,3,PUTUMAYO,118.0,38,11,17
2022-03-01,2022,3,QUINDIO,1636.0,158,11,55
2022-03-01,2022,3,RISARALDA,1716.07,138,12,65
2022-03-01,2022,3,"SAN ANDRES, PROVIDENCIA Y SANTA CATALINA",2628.206,67,2,53
2022-03-01,2022,3,SANTANDER,1993.0,217,41,63
2022-03-01,2022,3,SIN ESPECIFICAR,7.0,4,1,4
2022-03-01,2022,3,SUCRE,219.0,76,17,36
2022-03-01,2022,3,TOLIMA,885.0,103,24,40
2022-03-01,2022,3,VALLE DEL CAUCA,7955.116,485,40,105
2022-03-01,2022,3,VAUPES,1.0,1,1,1
2022-03-01,2022,3,VICHADA,29.0,12,4,8
2022-04-01,2022,4,AMAZONAS,298.0,50,6,35
2022-04-01,2022,4,ANTIOQUIA,13295.672,791,106,122
2022-04-01,2022,4,ARAUCA,98.0,29,5,20
2022-04-01,2022,4,ATLANTICO,4032.434,190,20,87
2022-04-01,2022,4,BOGOTA D.C.,12529.306,155,2,154
2022-04-01,2022,4,BOLIVAR,11360.218,219,28,131
2022-04-01,2022,4,BOYACA,486.0,169,44,37
2022-04-01,2022,4,CALDAS,823.0,130,25,44
2022-04-01,2022,4,CAQUETA,89.0,36,6,24
2022-04-01,2022,4,CASANARE,106.0,35,10,22
2022-04-01,2022,4,CAUCA,506.0,128,33,35
2022-04-01,2022,4,CESAR,453.0,64,18,32
2022-04-01,2022,4,CHOCO,178.0,39,9,25
2022-04-01,2022,4,CORDOBA,315.0,103,23,38
2022-04-01,2022,4,CUNDINAMARCA,2149.0,473,78,60
2022-04-01,2022,4,GUAINIA,7.0,5,3,4
2022-04-01,2022,4,GUAVIARE,6.0,6,1,6
2022-04-01,2022,4,HUILA,360.0,89,21,34
2022-04-01,2022,4,LA GUAJIRA,769.0,95,12,32
2022-04-01,2022,4,MAGDALENA,3702.0,121,19,69
2022-04-01,2022,4,META,504.0,88,19,35
2022-04-01,2022,4,NARINO,1085.0,99,18,44
2022-04-01,2022,4,NORTE DE SANTANDER,2767.291,151,28,57
2022-04-01,2022,4,PUTUMAYO,182.0,47,9,23
2022-04-01,2022,4,QUINDIO,1851.0,172,12,60
2022-04-01,2022,4,RISARALDA,1941.032,143,11,63
2022-04-01,2022,4,"SAN ANDRES, PROVIDENCIA Y SANTA CATALINA",3221.531,68,2,50
2022-04-01,2022,4,SANTANDER,2020.0,227,41,57
2022-04-01,2022,4,SIN ESPECIFICAR,8.0,5,1,5
2022-04-01,2022,4,SUCRE,166.0,69,13,30
2022-04-01,2022,4,TOLIMA,560.0,93,24,41
2022-04-01,2022,4,VALLE DEL CAUCA,8650.226,495,40,104
2022-04-01,2022,4,VAUPES,1.0,1,1,1
2022-04-01,2022,4,VICHADA,27.0,12,3,12
2022-05-01,2022,5,AMAZONAS,287.0,51,7,38
2022-05-01,2022,5,ANTIOQUIA,15052.359,759,100,130
2022-05-01,2022,5,ARAUCA,113.0,23,5,16
2022-05-01,2022,5,ATLANTICO,3569.785,182,20,79
2022-05-01,2022,5,BOGOTA D.C.,9568.781,156,1,156
2022-05-01,2022,5,BOLIVAR,9554.769,208,25,119
2022-05-01,2022,5,BOYACA,405.0,171,39,39
2022-05-01,2022,5,CALDAS,752.0,120,23,46
2022-05-01,2022,5,CAQUETA,64.0,25,7,16
2022-05-01,2022,5,CASANARE,101.0,35,9,20
2022-05-01,2022,5,CAUCA,372.0,112,27,39
2022-05-01,2022,5,CESAR,352.0,60,14,24
2022-05-01,2022,5,CHOCO,181.0,41,8,22
2022-05-01,2022,5,CORDOBA,263.0,87,19,32
2022-05-01,2022,5,CUNDINAMARCA,2169.0,503,79,57
2022-05-01,2022,5,GUAINIA,11.0,5,4,5
2022-05-01,2022,5,GUAVIARE,4.0,3,1,3
2022-05-01,2022,5,HUILA,354.0,101,19,41
2022-05-01,2022,5,LA GUAJIRA,717.0,91,12,38
2022-05-01,2022,5,MAGDALENA,2960.0,129,18,78
2022-05-01,2022,5,META,471.0,79,16,39
2022-05-01,2022,5,NARINO,967.0,111,25,48
2022-05-01,2022,5,NORTE DE SANTANDER,2876.954,142,27,57
2022-05-01,2022,5,PUTUMAYO,104.0,37,11,20
2022-05-01,2022,5,QUINDIO,1535.0,149,12,55
2022-05-01,2022,5,RISARALDA,1612.056,127,13,58
2022-05-01,2022,5,"SAN ANDRES, PROVIDENCIA Y SANTA CATALINA",3307.2889999999998,64,2,46
2022-05-01,2022,5,SANTANDER,2244.0,236,41,65
2022-05-01,2022,5,SIN ESPECIFICAR,9.0,8,1,8
2022-05-01,2022,5,SUCRE,113.0,44,12,23
2022-05-01,2022,5,TOLIMA,625.0,84,19,40
2022-05-01,2022,5,VALLE DEL CAUCA,8423.22,484,40,103
2022-05-01,2022,5,VAUPES,1.0,1,1,1
2022-05-01,2022,5,VICHADA,29.0,10,2,9
2022-06-01,2022,6,AMAZONAS,316.0,53,8,35
2022-06-01,2022,6,ANTIOQUIA,16168.486,796,100,122
2022-06-01,2022,6,ARAUCA,122.0,26,6,17
2022-06-01,2022,6,ATLANTICO,4129.643,177,23,80
2022-06-01,2022,6,BOGOTA D.C.,9857.904,159,1,159
2022-06-01,2022,6,BOLIVAR,8869.413,219,26,125
2022-06-01,2022,6,BOYACA,631.0,181,50,40
2022-06-01,2022,6,CALDAS,1165.0,143,26,50
2022-06-01,2022,6,CAQUETA,67.0,32,9,20
2022-06-01,2022,6,CASANARE,92.0,31,10,18
2022-06-01,2022,6,CAUCA,479.0,112,27,38
2022-06-01,2022,6,CESAR,2773.0,91,18,41
2022-06-01,2022,6,CHOCO,177.0,52,13,30
2022-06-01,2022,6,CORDOBA,482.0,94,24,37
2022-06-01,2022,6,CUNDINAMARCA,3044.0,578,83,63
2022-06-01,2022,6,GUAINIA,6.0,2,2,2
2022-06-01,2022,6,GUAVIARE,8.0,8,2,7
2022-06-01,2022,6,HUILA,755.0,112,24,45
2022-06-01,2022,6,LA GUAJIRA,738.0,96,13,35
2022-06-01,2022,6,MAGDALENA,3212.0,121,18,71
2022-06-01,2022,6,META,642.0,101,19,35
2022-06-01,2022,6,NARINO,821.0,101,23,43
2022-06-01,2022,6,NORTE DE SANTANDER,2922.204,158,23,62
2022-06-01,2022,6,PUTUMAYO,107.0,47,9,24
2022-06-01,2022,6,QUINDIO,2545.0,152,12,48
2022-06-01,2022,6,RISARALDA,2044.662,146,13,58
2022-06-01,2022,6,"SAN ANDRES, PROVIDENCIA Y SANTA CATALINA",3808.188,63,2,47
2022-06-01,2022,6,SANTANDER,2937.0,256,38,71
2022-06-01,2022,6,SIN ESPECIFICAR,7.0,5,1,5
2022-06-01,2022,6,SUCRE,223.0,54,12,30
2022-06-01,2022,6,TOLIMA,928.0,113,23,47
2022-06-01,2022,6,VALLE DEL CAUCA,10663.485,531,41,110
2022-06-01,2022,6,VAUPES,3.0,2,1,2
2022-06-01,2022,6,VICHADA,23.0,6,1,6
2022-07-01,2022,7,AMAZONAS,512.0,60,8,37
2022-07-01,2022,7,ANTIOQUIA,16239.999,889,104,148
2022-07-01,2022,7,ARAUCA,116.0,27,5,16
2022-07-01,2022,7,ATLANTICO,4123.256,191,19,82
2022-07-01,2022,7,BOGOTA D.C.,13256.574,166,1,166
2022-07-01,2022,7,BOLIVAR,10102.572,243,30,133
2022-07-01,2022,7,BOYACA,765.0,192,54,45
2022-07-01,2022,7,CALDAS,1298.0,142,24,41
2022-07-01,2022,7,CAQUETA,69.0,29,6,20
2022-07-01,2022,7,CASANARE,101.0,35,8,24
2022-07-01,2022,7,CAUCA,823.0,152,36,42
2022-07-01,2022,7,CESAR,727.0,79,18,37
2022-07-01,2022,7,CHOCO,186.0,48,8,27
2022-07-01,2022,7,CORDOBA,413.0,98,21,36
2022-07-01,2022,7,CUNDINAMARCA,3011.0,581,83,71
2022-07-01,2022,7,GUAINIA,14.0,7,3,6
2022-07-01,2022,7,GUAVIARE,10.0,8,1,8
2022-07-01,2022,7,HUILA,573.0,96,18,41
2022-07-01,2022,7,LA GUAJIRA,766.0,107,13,38
2022-07-01,2022,7,MAGDALENA,3560.114,126,21,67
2022-07-01,2022,7,META,748.0,95,15,34
2022-07-01,2022,7,NARINO,1448.0,125,26,47
2022-07-01,2022,7,NORTE DE SANTANDER,3030.834,161,26,58
2022-07-01,2022,7,PUTUMAYO,85.0,37,9,17
2022-07-01,2022,7,QUINDIO,3323.0,183,12,60
2022-07-01,2022,7,RISARALDA,2674.689,154,12,66
2022-07-01,2022,7,"SAN ANDRES, PROVIDENCIA Y SANTA CATALINA",3609.907,66,2,47
2022-07-01,2022,7,SANTANDER,3168.0,273,42,69
2022-07-01,2022,7,SIN ESPECIFICAR,15.0,8,1,8
2022-07-01,2022,7,SUCRE,276.0,66,10,34
2022-07-01,2022,7,TOLIMA,884.0,128,30,41
2022-07-01,2022,7,VALLE DEL CAUCA,13569.266,609,41,148
2022-07-01,2022,7,VAUPES,11.0,6,3,4
2022-07-01,2022,7,VICHADA,21.0,10,1,10
2022-08-01,2022,8,AMAZONAS,409.0,61,8,39
2022-08-01,2022,8,ANTIOQUIA,17572.219,855,104,131
2022-08-01,2022,8,ARAUCA,129.0,28,5,19
2022-08-01,2022,8,ATLANTICO,4519.008,200,22,81
2022-08-01,2022,8,BOGOTA D.C.,12862.807,168,2,167
2022-08-01,2022,8,BOLIVAR,8744.717,244,29,129
2022-08-01,2022,8,BOYACA,650.0,187,51,43
2022-08-01,2022,8,CALDAS,1048.0,149,22,47
2022-08-01,2022,8,CAQUETA,75.0,34,10,20
2022-08-01,2022,8,CASANARE,119.0,32,10,22
2022-08-01,2022,8,CAUCA,615.0,139,28,42
2022-08-01,2022,8,CESAR,405.0,60,17,26
2022-08-01,2022,8,CHOCO,187.0,38,10,21
2022-08-01,2022,8,CORDOBA,365.0,96,23,42
2022-08-01,2022,8,CUNDINAMARCA,2875.0,596,80,68
2022-08-01,2022,8,GUAINIA,8.0,6,2,4
2022-08-01,2022,8,GUAVIARE,22.0,9,4,9
2022-08-01,2022,8,HUILA,508.0,94,23,32
2022-08-01,2022,8,LA GUAJIRA,801.0,86,11,38
2022-08-01,2022,8,MAGDALENA,4429.0,126,16,74
2022-08-01,2022,8,META,697.0,95,20,48
2022-08-01,2022,8,NARINO,1646.0,118,25,53
2022-08-01,2022,8,NORTE DE SANTANDER,3519.196,155,26,57
2022-08-01,2022,8,PUTUMAYO,92.0,32,10,18
2022-08-01,2022,8,QUINDIO,2857.0,164,12,51
2022-08-01,2022,8,RISARALDA,2665.24,160,13,67
2022-08-01,2022,8,"SAN ANDRES, PROVIDENCIA Y SANTA CATALINA",2220.159,74,2,50
2022-08-01,2022,8,SANTANDER,2568.0,271,44,66
2022-08-01,2022,8,SIN ESPECIFICAR,185.0,16,1,16
2022-08-01,2022,8,SUCRE,183.0,60,13,28
2022-08-01,2022,8,TOLIMA,798.0,120,26,40
2022-08-01,2022,8,VALLE DEL CAUCA,11237.76,558,41,112
2022-08-01,2022,8,VAUPES,3.0,1,1,1
2022-08-01,2022,8,VICHADA,24.0,11,3,8
2022-09-01,2022,9,AMAZONAS,417.0,59,9,42
2022-09-01,2022,9,ANTIOQUIA,15878.243,813,100,137
2022-09-01,2022,9,ARAUCA,145.0,20,6,14
2022-09-01,2022,9,ATLANTICO,3560.217,171,21,76
2022-09-01,2022,9,BOGOTA D.C.,11041.404,165,1,165
2022-09-01,2022,9,BOLIVAR,8330.324,222,27,123
2022-09-01,2022,9,BOYACA,636.0,190,42,52
2022-09-01,2022,9,CALDAS,851.0,135,24,48
2022-09-01,2022,9,CAQUETA,56.0,25,6,16
2022-09-01,2022,9,CASANARE,94.0,28,7,20
2022-09-01,2022,9,CAUCA,471.0,112,32,35
2022-09-01,2022,9,CESAR,433.0,63,16,31
2022-09-01,2022,9,CHOCO,151.0,56,16,29
2022-09-01,2022,9,CORDOBA,329.0,83,22,38
2022-09-01,2022,9,CUNDINAMARCA,2409.0,507,76,62
2022-09-01,2022,9,GUAINIA,13.0,3,1,3
2022-09-01,2022,9,GUAVIARE,33.0,9,1,9
2022-09-01,2022,9,HUILA,399.0,102,22,36
2022-09-01,2022,9,LA GUAJIRA,768.0,91,13,39
2022-09-01,2022,9,MAGDALENA,3605.0,118,19,66
2022-09-01,2022,9,META,615.0,80,16,39
2022-09-01,2022,9,NARINO,1102.0,113,26,48
2022-09-01,2022,9,NORTE DE SANTANDER,3295.145,140,27,53
2022-09-01,2022,9,PUTUMAYO,110.0,40,11,18
2022-09-01,2022,9,QUINDIO,2064.0,159,12,48
2022-09-01,2022,9,RISARALDA,2722.0,153,13,61
2022-09-01,2022,9,"SAN ANDRES, PROVIDENCIA Y SANTA CATALINA",4573.394,56,2,41
2022-09-01,2022,9,SANTANDER,2372.0,220,37,64
2022-09-01,2022,9,SIN ESPECIFICAR,26.0,6,1,6
2022-09-01,2022,9,SUCRE,206.0,74,16,28
2022-09-01,2022,9,TOLIMA,865.0,102,24,42
2022-09-01,2022,9,VALLE DEL CAUCA,9341.762,494,39,103
2022-09-01,2022,9,VAUPES,1.0,1,1,1
2022-09-01,2022,9,VICHADA,21.0,11,3,11
2022-10-01,2022,10,AMAZONAS,453.0,61,9,39
2022-10-01,2022,10,ANTIOQUIA,15928.963,838,95,138
2022-10-01,2022,10,ARAUCA,143.0,23,5,14
2022-10-01,2022,10,ATLANTICO,4232.9619999999995,175,18,79
2022-10-01,2022,10,BOGOTA D.C.,15569.186,170,1,170
2022-10-01,2022,10,BOLIVAR,9335.185,234,30,131
2022-10-01,2022,10,BOYACA,1100.0,207,46,49
2022-10-01,2022,10,CALDAS,1057.0,140,25,46
2022-10-01,2022,10,CAQUETA,64.0,31,8,21
2022-10-01,2022,10,CASANARE,125.0,41,9,23
2022-10-01,2022,10,CAUCA,606.0,130,32,38
2022-10-01,2022,10,CESAR,379.0,62,17,29
2022-10-01,2022,10,CHOCO,168.0,51,9,31
2022-10-01,2022,10,CORDOBA,491.0,101,24,36
2022-10-01,2022,10,CUNDINAMARCA,2575.0,571,77,74
2022-10-01,2022,10,GUAINIA,12.0,5,4,3
2022-10-01,2022,10,GUAVIARE,21.0,10,3,8
2022-10-01,2022,10,HUILA,385.0,92,20,35
2022-10-01,2022,10,LA GUAJIRA,720.0,96,13,38
2022-10-01,2022,10,MAGDALENA,3436.0,113,20,66
2022-10-01,2022,10,META,618.0,92,14,43
2022-10-01,2022,10,NARINO,1246.0,107,18,46
2022-10-01,2022,10,NORTE DE SANTANDER,3500.149,173,27,65
2022-10-01,2022,10,PUTUMAYO,119.0,50,10,25
2022-10-01,2022,10,QUINDIO,1906.0,163,11,57
2022-10-01,2022,10,RISARALDA,2974.0,144,12,57
2022-10-01,2022,10,"SAN ANDRES, PROVIDENCIA Y SANTA CATALINA",3645.518,60,2,42
2022-10-01,2022,10,SANTANDER,2518.0,249,43,64
2022-10-01,2022,10,SIN ESPECIFICAR,252.0,12,1,12
2022-10-01,2022,10,SUCRE,176.0,63,11,32
2022-10-01,2022,10,TOLIMA,637.0,110,26,47
2022-10-01,2022,10,VALLE DEL CAUCA,9913.268,512,39,113
2022-10-01,2022,10,VAUPES,1.0,1,1,1
2022-10-01,2022,10,VICHADA,27.0,7,2,6
2022-11-01,2022,11,AMAZONAS,471.0,55,7,38
2022-11-01,2022,11,ANTIOQUIA,16950.277,885,104,138
2022-11-01,2022,11,ARAUCA,167.0,26,5,16
2022-11-01,2022,11,ATLANTICO,4299.577,200,23,79
2022-11-01,2022,11,BOGOTA D.C.,13253.497,183,1,183
2022-11-01,2022,11,BOLIVAR,9714.599,225,28,123
2022-11-01,2022,11,BOYACA,1084.0,209,46,49
2022-11-01,2022,11,CALDAS,1098.0,157,26,45
2022-11-01,2022,11,CAQUETA,72.0,29,12,19
2022-11-01,2022,11,CASANARE,110.0,38,8,23
2022-11-01,2022,11,CAUCA,660.0,108,28,37
2022-11-01,2022,11,CESAR,416.0,66,17,31
2022-11-01,2022,11,CHOCO,252.0,56,14,29
2022-11-01,2022,11,CORDOBA,395.0,94,24,31
2022-11-01,2022,11,CUNDINAMARCA,2909.0,647,87,73
2022-11-01,2022,11,GUAINIA,21.0,10,4,7
2022-11-01,2022,11,GUAVIARE,15.0,10,2,10
2022-11-01,2022,11,HUILA,432.0,98,22,37
2022-11-01,2022,11,LA GUAJIRA,810.0,93,12,40
2022-11-01,2022,11,MAGDALENA,5141.0,145,16,84
2022-11-01,2022,11,META,605.0,88,15,38
2022-11-01,2022,11,NARINO,1309.0,111,21,52
2022-11-01,2022,11,NORTE DE SANTANDER,3651.891,171,30,58
2022-11-01,2022,11,PUTUMAYO,193.0,57,10,25
2022-11-01,2022,11,QUINDIO,1988.0,176,12,57
2022-11-01,2022,11,RISARALDA,2218.221,158,13,67
2022-11-01,2022,11,"SAN ANDRES, PROVIDENCIA Y SANTA CATALINA",3972.5950000000003,69,2,52
2022-11-01,2022,11,SANTANDER,2689.0,243,38,65
2022-11-01,2022,11,SIN ESPECIFICAR,5.0,2,1,2
2022-11-01,2022,11,SUCRE,170.0,68,15,29
2022-11-01,2022,11,TOLIMA,632.0,103,25,47
2022-11-01,2022,11,VALLE DEL CAUCA,9968.783,548,40,118
2022-11-01,2022,11,VAUPES,3.0,2,2,2
2022-11-01,2022,11,VICHADA,47.0,12,4,11
2022-12-01,2022,12,AMAZONAS,437.0,67,9,43
2022-12-01,2022,12,ANTIOQUIA,19849.904,1021,108,140
2022-12-01,2022,12,ARAUCA,251.0,35,5,23
2022-12-01,2022,12,ATLANTICO,5780.896,254,22,88
2022-12-01,2022,12,BOGOTA D.C.,12640.417,172,1,172
2022-12-01,2022,12,BOLIVAR,10550.65,287,38,135
2022-12-01,2022,12,BOYACA,1122.0,274,72,54
2022-12-01,2022,12,CALDAS,2062.0,237,26,51
2022-12-01,2022,12,CAQUETA,148.0,46,11,28
2022-12-01,2022,12,CASANARE,246.0,47,8,27
2022-12-01,2022,12,CAUCA,953.0,176,34,42
2022-12-01,2022,12,CESAR,713.0,86,16,34
2022-12-01,2022,12,CHOCO,290.0,61,13,36
2022-12-01,2022,12,CORDOBA,649.0,132,26,44
2022-12-01,2022,12,CUNDINAMARCA,4039.0,716,87,75
2022-12-01,2022,12,GUAINIA,14.0,5,2,5
2022-12-01,2022,12,GUAVIARE,28.0,12,2,11
2022-12-01,2022,12,HUILA,940.0,176,29,51
2022-12-01,2022,12,LA GUAJIRA,1153.0,117,14,38
2022-12-01,2022,12,MAGDALENA,3693.323,168,23,84
2022-12-01,2022,12,META,1132.0,136,24,47
2022-12-01,2022,12,NARINO,1696.0,163,33,55
2022-12-01,2022,12,NORTE DE SANTANDER,4952.626,219,30,74
2022-12-01,2022,12,PUTUMAYO,207.0,62,12,27
2022-12-01,2022,12,QUINDIO,2851.0,211,12,64
2022-12-01,2022,12,RISARALDA,3717.114,208,13,74
2022-12-01,2022,12,"SAN ANDRES, PROVIDENCIA Y SANTA CATALINA",4527.0,77,2,56
2022-12-01,2022,12,SANTANDER,3160.076,370,56,81
2022-12-01,2022,12,SIN ESPECIFICAR,316.0,18,1,18
2022-12-01,2022,12,SUCRE,389.0,101,20,36
2022-12-01,2022,12,TOLIMA,1433.0,179,33,56
2022-12-01,2022,12,VALLE DEL CAUCA,12637.837,709,41,111
2022-12-01,2022,12,VAUPES,3.0,2,2,2
2022-12-01,2022,12,VICHADA,34.0,10,3,9
2023-01-01,2023,1,AMAZONAS,620.0,66,8,41
2023-01-01,2023,1,ANTIOQUIA,16828.601,898,107,132
2023-01-01,2023,1,ARAUCA,189.0,25,5,14
2023-01-01,2023,1,ATLANTICO,4707.5380000000005,214,20,87
2023-01-01,2023,1,BOGOTA D.C.,14823.371,169,1,169
2023-01-01,2023,1,BOLIVAR,11646.978000000001,257,31,130
2023-01-01,2023,1,BOYACA,764.0,219,57,49
2023-01-01,2023,1,CALDAS,1279.0,160,24,49
2023-01-01,2023,1,CAQUETA,99.0,35,8,23
2023-01-01,2023,1,CASANARE,243.0,50,12,24
2023-01-01,2023,1,CAUCA,552.0,136,36,38
2023-01-01,2023,1,CESAR,451.0,83,18,34
2023-01-01,2023,1,CHOCO,256.0,68,13,36
2023-01-01,2023,1,CORDOBA,393.0,119,25,41
2023-01-01,2023,1,CUNDINAMARCA,2504.0,635,80,71
2023-01-01,2023,1,GUAINIA,17.0,9,2,7
2023-01-01,2023,1,GUAVIARE,15.0,8,1,8
2023-01-01,2023,1,HUILA,567.0,115,19,40
2023-01-01,2023,1,LA GUAJIRA,936.0,120,15,44
2023-01-01,2023,1,MAGDALENA,5449.0,149,17,80
2023-01-01,2023,1,META,921.0,109,19,41
2023-01-01,2023,1,NARINO,1614.0,140,24,58
2023-01-01,2023,1,NORTE DE SANTANDER,4041.85,166,29,56
2023-01-01,2023,1,PUTUMAYO,334.0,83,13,32
2023-01-01,2023,1,QUINDIO,2015.0,164,12,54
2023-01-01,2023,1,RISARALDA,2314.21,156,13,67
2023-01-01,2023,1,"SAN ANDRES, PROVIDENCIA Y SANTA CATALINA",2521.029,73,2,53
2023-01-01,2023,1,SANTANDER,2705.0,287,37,70
2023-01-01,2023,1,SIN ESPECIFICAR,66.0,23,1,23
2023-01-01,2023,1,SUCRE,226.0,77,15,30
2023-01-01,2023,1,TOLIMA,713.0,139,30,47
2023-01-01,2023,1,VALLE DEL CAUCA,10178.509,625,42,111
2023-01-01,2023,1,VAUPES,3.0,2,1,2
2023-01-01,2023,1,VICHADA,75.0,18,4,16
2023-02-01,2023,2,AMAZONAS,730.0,77,7,55
2023-02-01,2023,2,ANTIOQUIA,15908.211,872,98,131
2023-02-01,2023,2,ARAUCA,149.0,22,5,12
2023-02-01,2023,2,ATLANTICO,6456.24,243,23,93
2023-02-01,2023,2,BOGOTA D.C.,15016.286,168,1,168
2023-02-01,2023,2,BOLIVAR,10800.836,262,31,138
2023-02-01,2023,2,BOYACA,555.0,178,45,42
2023-02-01,2023,2,CALDAS,837.0,149,25,45
2023-02-01,2023,2,CAQUETA,61.0,25,10,17
2023-02-01,2023,2,CASANARE,109.0,44,10,24
2023-02-01,2023,2,CAUCA,464.0,130,31,37
2023-02-01,2023,2,CESAR,323.0,56,16,27
2023-02-01,2023,2,CHOCO,51.0,19,6,14
2023-02-01,2023,2,CORDOBA,326.0,92,22,31
2023-02-01,2023,2,CUNDINAMARCA,2550.0,616,86,66
2023-02-01,2023,2,GUAINIA,14.0,8,2,7
2023-02-01,2023,2,GUAVIARE,13.0,11,3,9
2023-02-01,2023,2,HUILA,426.0,91,17,33
2023-02-01,2023,2,LA GUAJIRA,912.0,99,13,36
2023-02-01,2023,2,MAGDALENA,5221.104,157,20,75
2023-02-01,2023,2,META,655.0,105,19,42
2023-02-01,2023,2,NARINO,1524.0,131,25,54
2023-02-01,2023,2,NORTE DE SANTANDER,3362.71,155,28,54
2023-02-01,2023,2,PUTUMAYO,209.0,62,10,31
2023-02-01,2023,2,QUINDIO,2408.0,190,12,63
2023-02-01,2023,2,RISARALDA,2263.216,142,13,65
2023-02-01,2023,2,"SAN ANDRES, PROVIDENCIA Y SANTA CATALINA",2446.581,79,2,57
2023-02-01,2023,2,SANTANDER,2353.0,281,45,65
2023-02-01,2023,2,SIN ESPECIFICAR,287.0,34,1,34
2023-02-01,2023,2,SUCRE,261.0,74,14,38
2023-02-01,2023,2,TOLIMA,743.0,116,28,43
2023-02-01,2023,2,VALLE DEL CAUCA,8447.456,567,41,115
2023-02-01,2023,2,VAUPES,3.0,2,1,2
2023-02-01,2023,2,VICHADA,51.0,11,2,10
2023-03-01,2023,3,AMAZONAS,509.0,62,5,45
2023-03-01,2023,3,ANTIOQUIA,14674.32,847,102,133
2023-03-01,2023,3,ARAUCA,177.0,25,5,14
2023-03-01,2023,3,ATLANTICO,5280.419,221,21,97
2023-03-01,2023,3,BOGOTA D.C.,12461.095,163,1,163
2023-03-01,2023,3,BOLIVAR,11987.174,260,26,144
2023-03-01,2023,3,BOYACA,614.0,196,47,48
2023-03-01,2023,3,CALDAS,1042.0,134,24,41
2023-03-01,2023,3,CAQUETA,68.0,29,5,18
2023-03-01,2023,3,CASANARE,164.0,49,10,28
2023-03-01,2023,3,CAUCA,589.0,136,31,41
2023-03-01,2023,3,CESAR,439.0,80,18,34
2023-03-01,2023,3,CHOCO,264.0,53,9,33
2023-03-01,2023,3,CORDOBA,380.0,94,22,34
2023-03-01,2023,3,CUNDINAMARCA,3059.0,623,80,77
2023-03-01,2023,3,GUAINIA,12.0,6,3,4
2023-03-01,2023,3,GUAVIARE,12.0,9,2,9
2023-03-01,2023,3,HUILA,386.0,93,20,37
2023-03-01,2023,3,LA GUAJIRA,847.0,111,13,43
2023-03-01,2023,3,MAGDALENA,4037.335,153,20,84
2023-03-01,2023,3,META,672.0,97,17,35
2023-03-01,2023,3,NARINO,1459.0,123,17,54
2023-03-01,2023,3,NORTE DE SANTANDER,3459.962,156,25,56
2023-03-01,2023,3,PUTUMAYO,195.0,60,11,28
2023-03-01,2023,3,QUINDIO,1975.0,173,12,57
2023-03-01,2023,3,RISARALDA,2161.366,151,12,64
2023-03-01,2023,3,"SAN ANDRES, PROVIDENCIA Y SANTA CATALINA",2893.939,82,3,62
2023-03-01,2023,3,SANTANDER,2643.0,266,47,67
2023-03-01,2023,3,SIN ESPECIFICAR,17.0,10,1,10
2023-03-01,2023,3,SUCRE,191.0,67,17,26
2023-03-01,2023,3,TOLIMA,691.0,122,28,42
2023-03-01,2023,3,VALLE DEL CAUCA,9303.3,538,39,108
2023-03-01,2023,3,VAUPES,10.0,3,1,3
2023-03-01,2023,3,VICHADA,46.0,14,4,10
2023-04-01,2023,4,AMAZONAS,375.0,52,5,39
2023-04-01,2023,4,ANTIOQUIA,15130.22,798,95,131
2023-04-01,2023,4,ARAUCA,198.0,34,6,20
2023-04-01,2023,4,ATLANTICO,4328.938,173,22,85
2023-04-01,2023,4,BOGOTA D.C.,11711.754,162,1,162
2023-04-01,2023,4,BOLIVAR,13138.175,246,29,132
2023-04-01,2023,4,BOYACA,521.0,163,46,40
2023-04-01,2023,4,CALDAS,854.0,128,23,50
2023-04-01,2023,4,CAQUETA,66.0,26,6,18
2023-04-01,2023,4,CASANARE,107.0,37,10,20
2023-04-01,2023,4,CAUCA,518.0,119,31,41
2023-04-01,2023,4,CESAR,737.0,62,16,27
2023-04-01,2023,4,CHOCO,308.0,48,8,33
2023-04-01,2023,4,CORDOBA,334.0,87,16,35
2023-04-01,2023,4,CUNDINAMARCA,2302.0,537,78,72
2023-04-01,2023,4,GUAINIA,23.0,9,3,8
2023-04-01,2023,4,GUAVIARE,21.0,13,1,13
2023-04-01,2023,4,HUILA,416.0,91,21,35
2023-04-01,2023,4,LA GUAJIRA,684.0,108,14,40
2023-04-01,2023,4,MAGDALENA,4478.0,150,21,83
2023-04-01,2023,4,META,494.0,84,13,39
2023-04-01,2023,4,NARINO,1223.0,103,17,50
2023-04-01,2023,4,NORTE DE SANTANDER,2964.663,147,26,56
2023-04-01,2023,4,PUTUMAYO,196.0,58,11,27
2023-04-01,2023,4,QUINDIO,1968.0,168,12,56
2023-04-01,2023,4,RISARALDA,2098.093,138,12,68
2023-04-01,2023,4,"SAN ANDRES, PROVIDENCIA Y SANTA CATALINA",3113.173,71,2,50
2023-04-01,2023,4,SANTANDER,2464.0,258,43,65
2023-04-01,2023,4,SIN ESPECIFICAR,6.0,4,1,4
2023-04-01,2023,4,SUCRE,141.0,57,13,29
2023-04-01,2023,4,TOLIMA,632.0,94,23,38
2023-04-01,2023,4,VALLE DEL CAUCA,10395.305,500,40,108
2023-04-01,2023,4,VAUPES,2.0,1,1,1
2023-04-01,2023,4,VICHADA,47.0,11,2,10
2023-05-01,2023,5,AMAZONAS,414.0,61,6,43
2023-05-01,2023,5,ANTIOQUIA,16053.603,844,105,134
2023-05-01,2023,5,ARAUCA,150.0,29,6,15
2023-05-01,2023,5,ATLANTICO,3913.2619999999997,186,20,82
2023-05-01,2023,5,BOGOTA D.C.,12099.259,164,1,164
2023-05-01,2023,5,BOLIVAR,11490.082,267,31,140
2023-05-01,2023,5,BOYACA,515.0,165,41,44
2023-05-01,2023,5,CALDAS,979.0,146,25,55
2023-05-01,2023,5,CAQUETA,62.0,31,7,18
2023-05-01,2023,5,CASANARE,133.0,40,11,19
2023-05-01,2023,5,CAUCA,469.0,119,25,39
2023-05-01,2023,5,CESAR,384.0,72,18,31
2023-05-01,2023,5,CHOCO,316.0,43,9,27
2023-05-01,2023,5,CORDOBA,436.0,86,18,40
2023-05-01,2023,5,CUNDINAMARCA,2414.0,517,72,65
2023-05-01,2023,5,GUAINIA,4.0,3,3,3
2023-05-01,2023,5,GUAVIARE,8.0,6,2,6
2023-05-01,2023,5,HUILA,425.0,102,25,37
2023-05-01,2023,5,LA GUAJIRA,608.0,92,13,35
2023-05-01,2023,5,MAGDALENA,3882.0,147,24,84
2023-05-01,2023,5,META,553.0,93,17,42
2023-05-01,2023,5,NARINO,1053.0,107,22,47
2023-05-01,2023,5,NORTE DE SANTANDER,2913.376,139,25,51
2023-05-01,2023,5,PUTUMAYO,136.0,48,10,24
2023-05-01,2023,5,QUINDIO,1808.0,160,12,49
2023-05-01,2023,5,RISARALDA,2122.385,133,13,59
2023-05-01,2023,5,"SAN ANDRES, PROVIDENCIA Y SANTA CATALINA",3357.858,78,2,53
2023-05-01,2023,5,SANTANDER,2691.0,228,43,65
2023-05-01,2023,5,SIN ESPECIFICAR,50.0,17,1,17
2023-05-01,2023,5,SUCRE,186.0,66,14,31
2023-05-01,2023,5,TOLIMA,627.0,105,27,45
2023-05-01,2023,5,VALLE DEL CAUCA,10273.433,500,41,117
2023-05-01,2023,5,VAUPES,1.0,1,1,1
2023-05-01,2023,5,VICHADA,52.0,10,2,8
2023-06-01,2023,6,AMAZONAS,468.0,50,6,39
2023-06-01,2023,6,ANTIOQUIA,16648.6,871,108,136
2023-06-01,2023,6,ARAUCA,99.0,23,5,12
2023-06-01,2023,6,ATLANTICO,4813.477,195,21,88
2023-06-01,2023,6,BOGOTA D.C.,12954.267,167,1,167
2023-06-01,2023,6,BOLIVAR,10913.726,239,33,129
2023-06-01,2023,6,BOYACA,661.0,174,51,41
2023-06-01,2023,6,CALDAS,1346.0,155,24,49
2023-06-01,2023,6,CAQUETA,91.0,37,11,21
2023-06-01,2023,6,CASANARE,134.0,41,11,23
2023-06-01,2023,6,CAUCA,630.0,112,28,35
2023-06-01,2023,6,CESAR,445.0,76,15,40
2023-06-01,2023,6,CHOCO,267.0,45,8,30
2023-06-01,2023,6,CORDOBA,448.0,88,18,41
2023-06-01,2023,6,CUNDINAMARCA,3061.0,602,84,71
2023-06-01,2023,6,GUAINIA,12.0,5,3,4
2023-06-01,2023,6,GUAVIARE,12.0,10,2,9
2023-06-01,2023,6,HUILA,901.0,140,25,45
2023-06-01,2023,6,LA GUAJIRA,578.0,104,14,47
2023-06-01,2023,6,MAGDALENA,2596.471,126,18,72
2023-06-01,2023,6,META,738.0,104,15,44
2023-06-01,2023,6,NARINO,1117.0,123,27,49
2023-06-01,2023,6,NORTE DE SANTANDER,2965.837,180,26,60
2023-06-01,2023,6,PUTUMAYO,167.0,60,11,28
2023-06-01,2023,6,QUINDIO,1645.012,178,12,62
2023-06-01,2023,6,RISARALDA,2480.282,153,14,65
2023-06-01,2023,6,"SAN ANDRES, PROVIDENCIA Y SANTA CATALINA",3324.42,78,2,51
2023-06-01,2023,6,SANTANDER,2453.134,270,46,67
2023-06-01,2023,6,SIN ESPECIFICAR,15.0,10,1,10
2023-06-01,2023,6,SUCRE,251.0,68,15,30
2023-06-01,2023,6,TOLIMA,1108.0,121,27,47
2023-06-01,2023,6,VALLE DEL CAUCA,11545.707,542,42,113
2023-06-01,2023,6,VAUPES,4.0,2,1,2
2023-06-01,2023,6,VICHADA,40.0,13,2,13
2023-07-01,2023,7,AMAZONAS,910.0,63,8,45
2023-07-01,2023,7,ANTIOQUIA,20742.829,938,105,140
2023-07-01,2023,7,ARAUCA,151.0,23,5,14
2023-07-01,2023,7,ATLANTICO,5192.289,216,21,88
2023-07-01,2023,7,BOGOTA D.C.,12253.344,173,1,173
2023-07-01,2023,7,BOLIVAR,11134.26,257,35,135
2023-07-01,2023,7,BOYACA,1063.0,225,54,53
2023-07-01,2023,7,CALDAS,1670.0,151,23,47
2023-07-01,2023,7,CAQUETA,152.0,49,9,30
2023-07-01,2023,7,CASANARE,156.0,53,11,30
2023-07-01,2023,7,CAUCA,728.0,106,28,34
2023-07-01,2023,7,CESAR,522.0,84,20,39
2023-07-01,2023,7,CHOCO,346.0,71,19,36
2023-07-01,2023,7,CORDOBA,408.0,96,21,37
2023-07-01,2023,7,CUNDINAMARCA,3368.0,619,82,65
2023-07-01,2023,7,GUAINIA,12.0,8,6,3
2023-07-01,2023,7,GUAVIARE,18.0,12,4,7
2023-07-01,2023,7,HUILA,785.0,135,27,42
2023-07-01,2023,7,LA GUAJIRA,650.0,85,14,34
2023-07-01,2023,7,MAGDALENA,5421.642,165,24,79
2023-07-01,2023,7,META,951.0,123,21,44
2023-07-01,2023,7,NARINO,1389.0,141,34,53
2023-07-01,2023,7,NORTE DE SANTANDER,3476.258,203,28,58
2023-07-01,2023,7,PUTUMAYO,184.0,42,13,20
2023-07-01,2023,7,QUINDIO,3815.0,208,12,69
2023-07-01,2023,7,RISARALDA,3423.159,189,14,66
2023-07-01,2023,7,"SAN ANDRES, PROVIDENCIA Y SANTA CATALINA",2927.029,80,2,55
2023-07-01,2023,7,SANTANDER,3534.0,290,56,69
2023-07-01,2023,7,SIN ESPECIFICAR,7.0,6,1,6
2023-07-01,2023,7,SUCRE,670.0,79,15,31
2023-07-01,2023,7,TOLIMA,1076.0,133,26,45
2023-07-01,2023,7,VALLE DEL CAUCA,12545.519,616,42,117
2023-07-01,2023,7,VAUPES,1.0,1,1,1
2023-07-01,2023,7,VICHADA,26.0,7,1,7
2023-08-01,2023,8,AMAZONAS,811.0,70,6,47
2023-08-01,2023,8,ANTIOQUIA,22130.375,973,105,139
2023-08-01,2023,8,ARAUCA,90.0,21,6,11
2023-08-01,2023,8,ATLANTICO,3754.483,189,21,85
2023-08-01,2023,8,BOGOTA D.C.,12472.352,172,2,171
2023-08-01,2023,8,BOLIVAR,9475.553,245,32,139
2023-08-01,2023,8,BOYACA,864.0,212,53,46
2023-08-01,2023,8,CALDAS,1080.0,144,24,43
2023-08-01,2023,8,CAQUETA,137.0,39,7,24
2023-08-01,2023,8,CASANARE,131.0,40,9,27
2023-08-01,2023,8,CAUCA,664.0,93,24,38
2023-08-01,2023,8,CESAR,432.0,66,14,28
2023-08-01,2023,8,CHOCO,286.0,57,12,29
2023-08-01,2023,8,CORDOBA,349.0,81,17,34
2023-08-01,2023,8,CUNDINAMARCA,2452.0,528,87,58
2023-08-01,2023,8,GUAINIA,18.0,9,4,6
2023-08-01,2023,8,GUAVIARE,10.0,7,2,7
2023-08-01,2023,8,HUILA,564.0,127,24,38
2023-08-01,2023,8,LA GUAJIRA,775.0,96,12,37
2023-08-01,2023,8,MAGDALENA,6242.659,155,19,93
2023-08-01,2023,8,META,594.0,106,19,39
2023-08-01,2023,8,NARINO,1598.0,135,28,51
2023-08-01,2023,8,NORTE DE SANTANDER,2828.197,175,32,54
2023-08-01,2023,8,PUTUMAYO,166.0,39,9,18
2023-08-01,2023,8,QUINDIO,5214.0,249,12,70
2023-08-01,2023,8,RISARALDA,3188.83,159,12,71
2023-08-01,2023,8,"SAN ANDRES, PROVIDENCIA Y SANTA CATALINA",5254.659,87,2,60
2023-08-01,2023,8,SANTANDER,2674.0,254,51,61
2023-08-01,2023,8,SUCRE,312.0,70,16,33
2023-08-01,2023,8,TOLIMA,717.0,107,24,45
2023-08-01,2023,8,VALLE DEL CAUCA,12232.937,593,41,119
2023-08-01,2023,8,VAUPES,1.0,1,1,1
2023-08-01,2023,8,VICHADA,35.0,6,2,6
2023-09-01,2023,9,AMAZONAS,562.0,60,4,43
2023-09-01,2023,9,ANTIOQUIA,19216.211,916,99,131
2023-09-01,2023,9,ARAUCA,93.0,19,6,14
2023-09-01,2023,9,ATLANTICO,4494.609,190,21,81
2023-09-01,2023,9,BOGOTA D.C.,11285.801,163,1,163
2023-09-01,2023,9,BOLIVAR,10994.052,242,32,135
2023-09-01,2023,9,BOYACA,681.0,169,39,46
2023-09-01,2023,9,CALDAS,860.0,122,23,46
2023-09-01,2023,9,CAQUETA,265.0,36,4,30
2023-09-01,2023,9,CASANARE,104.0,37,9,24
2023-09-01,2023,9,CAUCA,481.0,88,25,37
2023-09-01,2023,9,CESAR,396.0,62,14,33
2023-09-01,2023,9,CHOCO,240.0,67,12,36
2023-09-01,2023,9,CORDOBA,287.0,74,20,36
2023-09-01,2023,9,CUNDINAMARCA,1743.0,455,71,60
2023-09-01,2023,9,GUAINIA,17.0,9,3,7
2023-09-01,2023,9,GUAVIARE,21.0,10,3,9
2023-09-01,2023,9,HUILA,481.0,123,22,37
2023-09-01,2023,9,LA GUAJIRA,639.0,105,14,46
2023-09-01,2023,9,MAGDALENA,5068.067,128,18,82
2023-09-01,2023,9,META,578.0,105,15,44
2023-09-01,2023,9,NARINO,1062.0,138,32,52
2023-09-01,2023,9,NORTE DE SANTANDER,2256.881,167,23,48
2023-09-01,2023,9,PUTUMAYO,133.0,41,10,23
2023-09-01,2023,9,QUINDIO,3537.0,246,11,78
2023-09-01,2023,9,RISARALDA,3108.0,150,13,68
2023-09-01,2023,9,"SAN ANDRES, PROVIDENCIA Y SANTA CATALINA",4520.0,90,2,63
2023-09-01,2023,9,SANTANDER,2311.0,254,47,65
2023-09-01,2023,9,SUCRE,222.0,74,13,38
2023-09-01,2023,9,TOLIMA,1537.0,121,27,46
2023-09-01,2023,9,VALLE DEL CAUCA,10564.862000000001,550,40,109
2023-09-01,2023,9,VICHADA,39.0,7,1,7
2023-10-01,2023,10,AMAZONAS,596.0,58,6,44
2023-10-01,2023,10,ANTIOQUIA,18707.729,928,104,129
2023-10-01,2023,10,ARAUCA,117.0,22,6,11
2023-10-01,2023,10,ATLANTICO,4833.3009999999995,202,17,81
2023-10-01,2023,10,BOGOTA D.C.,11527.351,169,1,169
2023-10-01,2023,10,BOLIVAR,10768.672,214,27,127
2023-10-01,2023,10,BOYACA,824.0,191,53,46
2023-10-01,2023,10,CALDAS,1004.0,132,25,51
2023-10-01,2023,10,CAQUETA,475.0,59,8,41
2023-10-01,2023,10,CASANARE,136.0,44,8,31
2023-10-01,2023,10,CAUCA,381.0,82,26,38
2023-10-01,2023,10,CESAR,322.0,70,15,30
2023-10-01,2023,10,CHOCO,245.0,65,17,32
2023-10-01,2023,10,CORDOBA,380.0,65,17,36
2023-10-01,2023,10,CUNDINAMARCA,1950.0,456,75,61
2023-10-01,2023,10,GUAINIA,17.0,9,4,6
2023-10-01,2023,10,GUAVIARE,17.0,10,4,6
2023-10-01,2023,10,HUILA,432.0,119,22,44
2023-10-01,2023,10,LA GUAJIRA,576.0,109,14,44
2023-10-01,2023,10,MAGDALENA,4629.062,131,17,83
2023-10-01,2023,10,META,598.0,102,20,43
2023-10-01,2023,10,NARINO,1059.0,130,38,48
2023-10-01,2023,10,NORTE DE SANTANDER,2038.475,170,30,53
2023-10-01,2023,10,PUTUMAYO,238.0,65,11,37
2023-10-01,2023,10,QUINDIO,3200.0,237,12,65
2023-10-01,2023,10,RISARALDA,2333.089,143,14,59
2023-10-01,2023,10,"SAN ANDRES, PROVIDENCIA Y SANTA CATALINA",4308.0,87,2,63
2023-10-01,2023,10,SANTANDER,2600.0,285,46,69
2023-10-01,2023,10,SUCRE,211.0,70,18,35
2023-10-01,2023,10,TOLIMA,651.0,96,23,45
2023-10-01,2023,10,VALLE DEL CAUCA,11013.311,540,39,114
2023-10-01,2023,10,VAUPES,4.0,3,2,2
2023-10-01,2023,10,VICHADA,17.0,4,1,4
2023-11-01,2023,11,AMAZONAS,586.0,69,4,46
2023-11-01,2023,11,ANTIOQUIA,18505.701,862,106,142
2023-11-01,2023,11,ARAUCA,124.0,25,4,17
2023-11-01,2023,11,ATLANTICO,4730.417,207,21,92
2023-11-01,2023,11,BOGOTA D.C.,13145.519,170,1,170
2023-11-01,2023,11,BOLIVAR,10858.463,244,31,129
2023-11-01,2023,11,BOYACA,831.0,199,55,44
2023-11-01,2023,11,CALDAS,927.0,144,22,47
2023-11-01,2023,11,CAQUETA,188.0,59,7,35
2023-11-01,2023,11,CASANARE,139.0,38,8,21
2023-11-01,2023,11,CAUCA,427.0,108,30,39
2023-11-01,2023,11,CESAR,606.0,77,19,32
2023-11-01,2023,11,CHOCO,163.0,48,10,32
2023-11-01,2023,11,CORDOBA,345.0,69,19,31
2023-11-01,2023,11,CUNDINAMARCA,2574.0,599,82,66
2023-11-01,2023,11,GUAINIA,13.0,8,3,8
2023-11-01,2023,11,GUAVIARE,11.0,8,3,7
2023-11-01,2023,11,HUILA,420.0,118,20,45
2023-11-01,2023,11,LA GUAJIRA,593.0,99,12,42
2023-11-01,2023,11,MAGDALENA,4156.0,146,20,83
2023-11-01,2023,11,META,609.0,109,19,41
2023-11-01,2023,11,NARINO,1180.0,122,27,48
2023-11-01,2023,11,NORTE DE SANTANDER,2975.029,173,28,54
2023-11-01,2023,11,PUTUMAYO,87.0,32,10,19
2023-11-01,2023,11,QUINDIO,2295.0,168,12,62
2023-11-01,2023,11,RISARALDA,2308.3379999999997,163,14,65
2023-11-01,2023,11,"SAN ANDRES, PROVIDENCIA Y SANTA CATALINA",3464.2290000000003,84,2,58
2023-11-01,2023,11,SANTANDER,3091.0,250,46,60
2023-11-01,2023,11,SIN ESPECIFICAR,541.0,24,1,24
2023-11-01,2023,11,SUCRE,121.0,50,11,29
2023-11-01,2023,11,TOLIMA,516.0,107,22,44
2023-11-01,2023,11,VALLE DEL CAUCA,10059.819,553,40,112
2023-11-01,2023,11,VAUPES,5.0,2,2,2
2023-11-01,2023,11,VICHADA,37.0,9,2,9
2023-12-01,2023,12,AMAZONAS,545.0,65,5,43
2023-12-01,2023,12,ANTIOQUIA,18465.588,1007,113,149
2023-12-01,2023,12,ARAUCA,168.0,34,5,22
2023-12-01,2023,12,ATLANTICO,4793.432,226,21,91
2023-12-01,2023,12,BOGOTA D.C.,12064.574,175,1,175
2023-12-01,2023,12,BOLIVAR,10745.779,294,34,132
2023-12-01,2023,12,BOYACA,1240.0,288,64,52
2023-12-01,2023,12,CALDAS,2006.0,216,26,52
2023-12-01,2023,12,CAQUETA,209.0,56,8,31
2023-12-01,2023,12,CASANARE,199.0,62,10,27
2023-12-01,2023,12,CAUCA,711.0,134,30,37
2023-12-01,2023,12,CESAR,649.0,100,21,40
2023-12-01,2023,12,CHOCO,207.0,48,13,28
2023-12-01,2023,12,CORDOBA,619.0,116,21,42
2023-12-01,2023,12,CUNDINAMARCA,3853.0,747,90,78
2023-12-01,2023,12,GUAINIA,17.0,7,4,6
2023-12-01,2023,12,GUAVIARE,16.0,11,3,10
2023-12-01,2023,12,HUILA,849.0,157,27,43
2023-12-01,2023,12,LA GUAJIRA,940.0,118,13,43
2023-12-01,2023,12,MAGDALENA,3703.2870000000003,155,22,82
2023-12-01,2023,12,META,1241.0,141,22,47
2023-12-01,2023,12,NARINO,1441.0,171,35,57
2023-12-01,2023,12,NORTE DE SANTANDER,5203.142,255,29,65
2023-12-01,2023,12,PUTUMAYO,209.0,62,12,28
2023-12-01,2023,12,QUINDIO,3301.0,230,12,65
2023-12-01,2023,12,RISARALDA,4229.316,215,14,79
2023-12-01,2023,12,"SAN ANDRES, PROVIDENCIA Y SANTA CATALINA",3342.65,93,2,59
2023-12-01,2023,12,SANTANDER,3742.109,379,53,77
2023-12-01,2023,12,SIN ESPECIFICAR,370.0,21,1,21
2023-12-01,2023,12,SUCRE,379.0,111,22,40
2023-12-01,2023,12,TOLIMA,1598.0,174,35,53
2023-12-01,2023,12,VALLE DEL CAUCA,13219.808,722,41,118
2023-12-01,2023,12,VAUPES,2.0,2,2,2
2023-12-01,2023,12,VICHADA,47.0,15,3,14
2024-01-01,2024,1,AMAZONAS,807.0,66,4,45
2024-01-01,2024,1,ANTIOQUIA,13743.05,894,106,138
2024-01-01,2024,1,ARAUCA,147.0,26,5,14
2024-01-01,2024,1,ATLANTICO,4675.588,204,18,89
2024-01-01,2024,1,BOGOTA D.C.,13086.604,166,1,166
2024-01-01,2024,1,BOLIVAR,11740.989,287,30,139
2024-01-01,2024,1,BOYACA,770.0,214,61,50
2024-01-01,2024,1,CALDAS,1317.0,182,22,55
2024-01-01,2024,1,CAQUETA,151.0,42,7,26
2024-01-01,2024,1,CASANARE,187.0,46,10,28
2024-01-01,2024,1,CAUCA,475.0,98,30,40
2024-01-01,2024,1,CESAR,448.0,81,18,36
2024-01-01,2024,1,CHOCO,76.0,44,12,25
2024-01-01,2024,1,CORDOBA,377.0,88,16,42
2024-01-01,2024,1,CUNDINAMARCA,2371.0,567,78,70
2024-01-01,2024,1,GUAINIA,24.0,10,3,10
2024-01-01,2024,1,GUAVIARE,16.0,11,3,9
2024-01-01,2024,1,HUILA,460.0,110,24,42
2024-01-01,2024,1,LA GUAJIRA,782.0,101,13,44
2024-01-01,2024,1,MAGDALENA,3897.038,154,19,77
2024-01-01,2024,1,META,801.0,123,23,44
2024-01-01,2024,1,NARINO,1176.0,134,30,56
2024-01-01,2024,1,NORTE DE SANTANDER,4286.373,191,28,57
2024-01-01,2024,1,PUTUMAYO,221.0,77,12,36
2024-01-01,2024,1,QUINDIO,2265.0,175,12,60
2024-01-01,2024,1,RISARALDA,2460.464,166,14,70
2024-01-01,2024,1,"SAN ANDRES, PROVIDENCIA Y SANTA CATALINA",3279.616,85,2,58
2024-01-01,2024,1,SANTANDER,2570.0,292,52,69
2024-01-01,2024,1,SIN ESPECIFICAR,354.0,41,1,41
2024-01-01,2024,1,SUCRE,176.0,70,17,32
2024-01-01,2024,1,TOLIMA,617.0,113,25,49
2024-01-01,2024,1,VALLE DEL CAUCA,10568.474,628,41,114
2024-01-01,2024,1,VAUPES,1.0,1,1,1
2024-01-01,2024,1,VICHADA,43.0,11,3,10
2024-02-01,2024,2,AMAZONAS,811.0,83,5,49
2024-02-01,2024,2,ANTIOQUIA,14820.494,884,103,132
2024-02-01,2024,2,ARAUCA,100.0,24,5,13
2024-02-01,2024,2,ATLANTICO,5855.446,234,22,93
2024-02-01,2024,2,BOGOTA D.C.,13586.238,165,1,165
2024-02-01,2024,2,BOLIVAR,11598.431,251,34,129
2024-02-01,2024,2,BOYACA,673.0,189,49,48
2024-02-01,2024,2,CALDAS,831.0,142,25,43
2024-02-01,2024,2,CAQUETA,135.0,45,8,28
2024-02-01,2024,2,CASANARE,136.0,41,11,26
2024-02-01,2024,2,CAUCA,453.0,91,24,36
2024-02-01,2024,2,CESAR,334.0,66,18,30
2024-02-01,2024,2,CHOCO,32.0,21,10,12
2024-02-01,2024,2,CORDOBA,296.0,87,22,38
2024-02-01,2024,2,CUNDINAMARCA,2470.0,566,81,65
2024-02-01,2024,2,GUAINIA,14.0,7,2,6
2024-02-01,2024,2,GUAVIARE,25.0,13,2,10
2024-02-01,2024,2,HUILA,414.0,117,26,43
2024-02-01,2024,2,LA GUAJIRA,508.0,84,12,36
2024-02-01,2024,2,MAGDALENA,4762.137,151,18,76
2024-02-01,2024,2,META,657.0,103,19,41
2024-02-01,2024,2,NARINO,1014.0,120,28,43
2024-02-01,2024,2,NORTE DE SANTANDER,3606.79,171,28,56
2024-02-01,2024,2,PUTUMAYO,177.0,58,11,28
2024-02-01,2024,2,QUINDIO,2614.0,208,12,63
2024-02-01,2024,2,RISARALDA,2673.503,166,14,70
2024-02-01,2024,2,"SAN ANDRES, PROVIDENCIA Y SANTA CATALINA",3564.514,95,2,62
2024-02-01,2024,2,SANTANDER,2419.0,256,44,68
2024-02-01,2024,2,SIN ESPECIFICAR,312.0,30,1,30
2024-02-01,2024,2,SUCRE,127.0,52,15,23
2024-02-01,2024,2,TOLIMA,584.0,114,25,45
2024-02-01,2024,2,VALLE DEL CAUCA,9180.887999999999,578,41,114
2024-02-01,2024,2,VAUPES,1.0,1,1,1
2024-02-01,2024,2,VICHADA,24.0,10,1,10
2024-03-01,2024,3,AMAZONAS,826.0,87,6,53
2024-03-01,2024,3,ANTIOQUIA,15815.341,887,103,137
2024-03-01,2024,3,ARAUCA,140.0,27,6,18
2024-03-01,2024,3,ATLANTICO,4404.371,198,20,88
2024-03-01,2024,3,BOGOTA D.C.,13008.038,168,2,167
2024-03-01,2024,3,BOLIVAR,10758.19,291,36,154
2024-03-01,2024,3,BOYACA,720.0,218,52,45
2024-03-01,2024,3,CALDAS,948.0,138,23,49
2024-03-01,2024,3,CAQUETA,182.0,49,10,32
2024-03-01,2024,3,CASANARE,142.0,55,11,27
2024-03-01,2024,3,CAUCA,584.0,102,25,35
2024-03-01,2024,3,CESAR,341.0,73,20,35
2024-03-01,2024,3,CHOCO,41.0,27,12,17
2024-03-01,2024,3,CORDOBA,599.0,87,19,39
2024-03-01,2024,3,CUNDINAMARCA,2596.0,596,84,63
2024-03-01,2024,3,GUAINIA,15.0,9,3,9
2024-03-01,2024,3,GUAVIARE,22.0,9,2,8
2024-03-01,2024,3,HUILA,426.0,115,24,45
2024-03-01,2024,3,LA GUAJIRA,579.0,85,13,39
2024-03-01,2024,3,MAGDALENA,4003.283,150,20,87
2024-03-01,2024,3,META,686.0,99,18,35
2024-03-01,2024,3,NARINO,1074.0,112,27,46
2024-03-01,2024,3,NORTE DE SANTANDER,3840.654,179,25,54
2024-03-01,2024,3,PUTUMAYO,211.0,61,11,27
2024-03-01,2024,3,QUINDIO,2784.0,188,12,60
2024-03-01,2024,3,RISARALDA,2562.508,168,15,66
2024-03-01,2024,3,"SAN ANDRES, PROVIDENCIA Y SANTA CATALINA",4068.0969999999998,87,2,61
2024-03-01,2024,3,SANTANDER,2657.0,262,46,68
2024-03-01,2024,3,SIN ESPECIFICAR,278.0,26,1,26
2024-03-01,2024,3,SUCRE,209.0,74,16,35
2024-03-01,2024,3,TOLIMA,722.0,117,27,44
2024-03-01,2024,3,VALLE DEL CAUCA,9574.343,561,42,118
2024-03-01,2024,3,VAUPES,5.0,5,3,3
2024-03-01,2024,3,VICHADA,14.0,5,2,4
2024-04-01,2024,4,AMAZONAS,712.0,78,7,47
2024-04-01,2024,4,ANTIOQUIA,16956.919,827,100,142
2024-04-01,2024,4,ARAUCA,101.0,25,6,16
2024-04-01,2024,4,ATLANTICO,5369.0740000000005,196,22,89
2024-04-01,2024,4,BOGOTA D.C.,13057.928,177,1,177
2024-04-01,2024,4,BOLIVAR,9873.827,235,26,137
2024-04-01,2024,4,BOYACA,465.0,145,36,38
2024-04-01,2024,4,CALDAS,759.0,122,21,43
2024-04-01,2024,4,CAQUETA,122.0,39,8,23
2024-04-01,2024,4,CASANARE,120.0,42,11,25
2024-04-01,2024,4,CAUCA,383.0,71,19,29
2024-04-01,2024,4,CESAR,621.0,58,17,31
2024-04-01,2024,4,CHOCO,69.0,40,13,23
2024-04-01,2024,4,CORDOBA,356.0,75,15,35
2024-04-01,2024,4,CUNDINAMARCA,2200.0,538,78,57
2024-04-01,2024,4,GUAINIA,15.0,8,3,7
2024-04-01,2024,4,GUAVIARE,9.0,9,2,8
2024-04-01,2024,4,HUILA,336.0,86,22,34
2024-04-01,2024,4,LA GUAJIRA,466.0,75,13,28
2024-04-01,2024,4,MAGDALENA,3071.258,135,16,79
2024-04-01,2024,4,META,532.0,78,14,34
2024-04-01,2024,4,NARINO,987.0,101,19,45
2024-04-01,2024,4,NORTE DE SANTANDER,3178.353,169,26,61
2024-04-01,2024,4,PUTUMAYO,140.0,42,10,24
2024-04-01,2024,4,QUINDIO,1928.0,169,11,60
2024-04-01,2024,4,RISARALDA,2132.194,148,13,72
2024-04-01,2024,4,"SAN ANDRES, PROVIDENCIA Y SANTA CATALINA",3481.206,86,2,56
2024-04-01,2024,4,SANTANDER,2030.0,232,43,68
2024-04-01,2024,4,SIN ESPECIFICAR,270.0,26,1,26
2024-04-01,2024,4,SUCRE,315.0,76,16,35
2024-04-01,2024,4,TOLIMA,565.0,91,21,40
2024-04-01,2024,4,VALLE DEL CAUCA,9909.353,496,39,114
2024-04-01,2024,4,VAUPES,4.0,2,2,2
2024-04-01,2024,4,VICHADA,25.0,8,3,8
2024-05-01,2024,5,AMAZONAS,1011.0,88,6,55
2024-05-01,2024,5,ANTIOQUIA,16663.857,864,101,142
2024-05-01,2024,5,ARAUCA,103.0,29,6,17
2024-05-01,2024,5,ATLANTICO,3950.2780000000002,185,20,90
2024-05-01,2024,5,BOGOTA D.C.,11861.838,161,1,161
2024-05-01,2024,5,BOLIVAR,9462.536,247,31,131
2024-05-01,2024,5,BOYACA,556.0,163,41,38
2024-05-01,2024,5,CALDAS,893.0,122,24,40
2024-05-01,2024,5,CAQUETA,113.0,39,6,25
2024-05-01,2024,5,CASANARE,95.0,38,10,20
2024-05-01,2024,5,CAUCA,348.0,85,19,32
2024-05-01,2024,5,CESAR,749.0,65,15,31
2024-05-01,2024,5,CHOCO,250.0,54,11,30
2024-05-01,2024,5,CORDOBA,330.0,59,16,34
2024-05-01,2024,5,CUNDINAMARCA,2410.0,507,72,64
2024-05-01,2024,5,GUAINIA,10.0,7,5,6
2024-05-01,2024,5,GUAVIARE,12.0,5,1,5
2024-05-01,2024,5,HUILA,410.0,89,18,37
2024-05-01,2024,5,LA GUAJIRA,531.0,95,14,41
2024-05-01,2024,5,MAGDALENA,3572.142,151,19,91
2024-05-01,2024,5,META,627.0,102,18,44
2024-05-01,2024,5,NARINO,1003.0,116,30,48
2024-05-01,2024,5,NORTE DE SANTANDER,2892.36,168,24,55
2024-05-01,2024,5,PUTUMAYO,116.0,41,9,22
2024-05-01,2024,5,QUINDIO,1958.0,162,11,62
2024-05-01,2024,5,RISARALDA,2127.546,131,12,55
2024-05-01,2024,5,"SAN ANDRES, PROVIDENCIA Y SANTA CATALINA",2623.306,73,2,50
2024-05-01,2024,5,SANTANDER,2396.0,227,41,60
2024-05-01,2024,5,SIN ESPECIFICAR,9.0,3,1,3
2024-05-01,2024,5,SUCRE,162.0,72,21,30
2024-05-01,2024,5,TOLIMA,670.0,112,24,45
2024-05-01,2024,5,VALLE DEL CAUCA,9585.22,511,41,115
2024-05-01,2024,5,VAUPES,2.0,2,2,2
2024-05-01,2024,5,VICHADA,9.0,3,2,3
2024-06-01,2024,6,AMAZONAS,686.0,70,4,46
2024-06-01,2024,6,ANTIOQUIA,17549.936,856,103,129
2024-06-01,2024,6,ARAUCA,87.0,23,6,12
2024-06-01,2024,6,ATLANTICO,5864.18,202,21,91
2024-06-01,2024,6,BOGOTA D.C.,11477.543,181,1,181
2024-06-01,2024,6,BOLIVAR,10657.934,262,30,152
2024-06-01,2024,6,BOYACA,707.0,203,57,39
2024-06-01,2024,6,CALDAS,1177.0,141,24,40
2024-06-01,2024,6,CAQUETA,137.0,47,7,31
2024-06-01,2024,6,CASANARE,136.0,43,7,26
2024-06-01,2024,6,CAUCA,571.0,104,24,40
2024-06-01,2024,6,CESAR,405.0,67,18,35
2024-06-01,2024,6,CHOCO,86.0,40,11,23
2024-06-01,2024,6,CORDOBA,547.0,87,18,35
2024-06-01,2024,6,CUNDINAMARCA,2775.0,538,84,65
2024-06-01,2024,6,GUAINIA,16.0,9,3,8
2024-06-01,2024,6,GUAVIARE,15.0,9,1,9
2024-06-01,2024,6,HUILA,812.0,141,29,45
2024-06-01,2024,6,LA GUAJIRA,495.0,77,11,34
2024-06-01,2024,6,MAGDALENA,2735.237,142,18,81
2024-06-01,2024,6,META,614.0,86,18,38
2024-06-01,2024,6,NARINO,896.0,108,26,48
2024-06-01,2024,6,NORTE DE SANTANDER,3085.45,185,29,59
2024-06-01,2024,6,PUTUMAYO,127.0,53,11,22
2024-06-01,2024,6,QUINDIO,2695.0,164,12,55
2024-06-01,2024,6,RISARALDA,2509.061,149,12,62
2024-06-01,2024,6,"SAN ANDRES, PROVIDENCIA Y SANTA CATALINA",3188.575,79,2,54
2024-06-01,2024,6,SANTANDER,3305.0,272,41,71
2024-06-01,2024,6,SIN ESPECIFICAR,102.0,22,1,22
2024-06-01,2024,6,SUCRE,216.0,61,15,31
2024-06-01,2024,6,TOLIMA,1220.0,127,23,51
2024-06-01,2024,6,VALLE DEL CAUCA,10415.955,565,42,109
2024-06-01,2024,6,VAUPES,2.0,2,2,2
2024-06-01,2024,6,VICHADA,14.0,5,1,5
2024-07-01,2024,7,AMAZONAS,1126.0,82,8,49
2024-07-01,2024,7,ANTIOQUIA,16147.582,836,100,134
2024-07-01,2024,7,ARAUCA,100.0,33,7,17
2024-07-01,2024,7,ATLANTICO,4718.816,214,21,93
2024-07-01,2024,7,BOGOTA D.C.,10903.384,171,1,171
2024-07-01,2024,7,BOLIVAR,9961.294,235,30,126
2024-07-01,2024,7,BOYACA,872.0,193,51,45
2024-07-01,2024,7,CALDAS,1276.0,128,25,41
2024-07-01,2024,7,CAQUETA,129.0,37,8,23
2024-07-01,2024,7,CASANARE,123.0,37,8,23
2024-07-01,2024,7,CAUCA,496.0,91,22,35
2024-07-01,2024,7,CESAR,425.0,74,19,36
2024-07-01,2024,7,CHOCO,73.0,41,11,23
2024-07-01,2024,7,CORDOBA,368.0,80,19,41
2024-07-01,2024,7,CUNDINAMARCA,2262.0,512,78,60
2024-07-01,2024,7,GUAINIA,19.0,9,3,7
2024-07-01,2024,7,GUAVIARE,19.0,11,2,10
2024-07-01,2024,7,HUILA,590.0,122,24,45
2024-07-01,2024,7,LA GUAJIRA,535.0,99,13,44
2024-07-01,2024,7,MAGDALENA,3884.282,133,17,72
2024-07-01,2024,7,META,760.0,90,15,36
2024-07-01,2024,7,NARINO,1341.0,118,27,51
2024-07-01,2024,7,NORTE DE SANTANDER,3083.665,166,25,58
2024-07-01,2024,7,PUTUMAYO,148.0,51,10,23
2024-07-01,2024,7,QUINDIO,3163.0,170,11,52
2024-07-01,2024,7,RISARALDA,3274.399,167,13,72
2024-07-01,2024,7,"SAN ANDRES, PROVIDENCIA Y SANTA CATALINA",3371.286,84,2,58
2024-07-01,2024,7,SANTANDER,2860.0,265,47,68
2024-07-01,2024,7,SIN ESPECIFICAR,160.0,22,1,22
2024-07-01,2024,7,SUCRE,214.0,56,15,30
2024-07-01,2024,7,TOLIMA,2727.0,122,25,47
2024-07-01,2024,7,VALLE DEL CAUCA,12123.86,577,41,125
2024-07-01,2024,7,VAUPES,1.0,1,1,1
2024-07-01,2024,7,VICHADA,27.0,8,2,7
2024-08-01,2024,8,AMAZONAS,722.0,60,7,41
2024-08-01,2024,8,ANTIOQUIA,15217.177,762,94,141
2024-08-01,2024,8,ARAUCA,91.0,19,4,13
2024-08-01,2024,8,ATLANTICO,4796.618,188,19,95
2024-08-01,2024,8,BOGOTA D.C.,13165.417,172,2,171
2024-08-01,2024,8,BOLIVAR,8914.931,223,31,130
2024-08-01,2024,8,BOYACA,674.0,198,44,42
2024-08-01,2024,8,CALDAS,851.0,119,22,40
2024-08-01,2024,8,CAQUETA,81.0,36,6,23
2024-08-01,2024,8,CASANARE,147.0,46,9,27
2024-08-01,2024,8,CAUCA,588.0,74,21,33
2024-08-01,2024,8,CESAR,407.0,64,18,30
2024-08-01,2024,8,CHOCO,192.0,55,13,27
2024-08-01,2024,8,CORDOBA,317.0,67,18,32
2024-08-01,2024,8,CUNDINAMARCA,2165.0,526,73,55
2024-08-01,2024,8,GUAINIA,6.0,4,2,4
2024-08-01,2024,8,GUAVIARE,11.0,9,2,9
2024-08-01,2024,8,HUILA,479.0,108,24,38
2024-08-01,2024,8,LA GUAJIRA,735.0,76,12,31
2024-08-01,2024,8,MAGDALENA,4298.096,137,14,84
2024-08-01,2024,8,META,638.0,91,14,36
2024-08-01,2024,8,NARINO,1423.0,115,23,48
2024-08-01,2024,8,NORTE DE SANTANDER,3539.222,188,28,61
2024-08-01,2024,8,PUTUMAYO,156.0,43,10,20
2024-08-01,2024,8,QUINDIO,2948.0,174,13,58
2024-08-01,2024,8,RISARALDA,3775.991,150,12,70
2024-08-01,2024,8,"SAN ANDRES, PROVIDENCIA Y SANTA CATALINA",3370.621,78,3,50
2024-08-01,2024,8,SANTANDER,2744.0,248,39,68
2024-08-01,2024,8,SIN ESPECIFICAR,9.0,8,1,8
2024-08-01,2024,8,SUCRE,143.0,58,15,26
2024-08-01,2024,8,TOLIMA,931.0,112,21,48
2024-08-01,2024,8,VALLE DEL CAUCA,11664.779,560,39,122
2024-08-01,2024,8,VAUPES,1.0,1,1,1
2024-08-01,2024,8,VICHADA,27.0,9,3,8
2024-09-01,2024,9,AMAZONAS,576.0,55,4,47
2024-09-01,2024,9,ANTIOQUIA,11302.988,680,86,138
2024-09-01,2024,9,ARAUCA,85.0,20,6,13
2024-09-01,2024,9,ATLANTICO,4252.907,158,18,83
2024-09-01,2024,9,BOGOTA D.C.,11457.685,162,2,161
2024-09-01,2024,9,BOLIVAR,10161.664,249,32,140
2024-09-01,2024,9,BOYACA,706.0,163,42,40
2024-09-01,2024,9,CALDAS,862.0,119,22,46
2024-09-01,2024,9,CAQUETA,91.0,42,8,25
2024-09-01,2024,9,CASANARE,89.0,43,9,27
2024-09-01,2024,9,CAUCA,376.0,75,23,28
2024-09-01,2024,9,CESAR,320.0,54,13,32
2024-09-01,2024,9,CHOCO,133.0,47,9,27
2024-09-01,2024,9,CORDOBA,296.0,69,15,30
2024-09-01,2024,9,CUNDINAMARCA,1702.0,454,72,60
2024-09-01,2024,9,GUAINIA,14.0,6,2,6
2024-09-01,2024,9,GUAVIARE,72.0,18,2,17
2024-09-01,2024,9,HUILA,340.0,78,13,35
2024-09-01,2024,9,LA GUAJIRA,792.0,81,13,34
2024-09-01,2024,9,MAGDALENA,4222.0,123,12,86
2024-09-01,2024,9,META,527.0,74,13,32
2024-09-01,2024,9,NARINO,997.0,104,18,47
2024-09-01,2024,9,NORTE DE SANTANDER,3496.284,153,26,59
2024-09-01,2024,9,PUTUMAYO,106.0,45,8,23
2024-09-01,2024,9,QUINDIO,1906.0,144,11,54
2024-09-01,2024,9,RISARALDA,2494.108,140,13,70
2024-09-01,2024,9,"SAN ANDRES, PROVIDENCIA Y SANTA CATALINA",3488.624,69,2,48
2024-09-01,2024,9,SANTANDER,2767.0,211,37,69
2024-09-01,2024,9,SIN ESPECIFICAR,8.0,5,1,5
2024-09-01,2024,9,SUCRE,227.0,61,15,29
2024-09-01,2024,9,TOLIMA,581.0,112,25,48
2024-09-01,2024,9,VALLE DEL CAUCA,9729.91,476,38,114
2024-09-01,2024,9,VAUPES,1.0,1,1,1
2024-09-01,2024,9,VICHADA,18.0,8,1,8
2024-10-01,2024,10,AMAZONAS,545.0,64,5,49
2024-10-01,2024,10,ANTIOQUIA,15186.648,821,99,138
2024-10-01,2024,10,ARAUCA,119.0,26,4,17
2024-10-01,2024,10,ATLANTICO,5427.645,191,19,95
2024-10-01,2024,10,BOGOTA D.C.,11629.423,184,2,183
2024-10-01,2024,10,BOLIVAR,10566.701000000001,224,24,137
2024-10-01,2024,10,BOYACA,688.0,197,53,48
2024-10-01,2024,10,CALDAS,845.0,118,20,45
2024-10-01,2024,10,CAQUETA,102.0,34,6,19
2024-10-01,2024,10,CASANARE,155.0,48,11,29
2024-10-01,2024,10,CAUCA,437.0,80,19,32
2024-10-01,2024,10,CESAR,413.0,75,17,38
2024-10-01,2024,10,CHOCO,234.0,54,13,34
2024-10-01,2024,10,CORDOBA,387.0,82,18,39
2024-10-01,2024,10,CUNDINAMARCA,2381.0,553,76,67
2024-10-01,2024,10,GUAINIA,14.0,8,1,8
2024-10-01,2024,10,GUAVIARE,4.0,4,1,4
2024-10-01,2024,10,HUILA,433.0,101,19,37
2024-10-01,2024,10,LA GUAJIRA,851.0,81,9,39
2024-10-01,2024,10,MAGDALENA,4184.0,143,15,82
2024-10-01,2024,10,META,664.0,109,19,43
2024-10-01,2024,10,NARINO,1040.0,109,23,44
2024-10-01,2024,10,NORTE DE SANTANDER,3984.061,159,23,54
2024-10-01,2024,10,PUTUMAYO,114.0,44,9,23
2024-10-01,2024,10,QUINDIO,2159.0,159,11,57
2024-10-01,2024,10,RISARALDA,2540.073,158,12,69
2024-10-01,2024,10,"SAN ANDRES, PROVIDENCIA Y SANTA CATALINA",3608.441,78,2,55
2024-10-01,2024,10,SANTANDER,2846.0,275,40,74
2024-10-01,2024,10,SIN ESPECIFICAR,8.0,5,1,5
2024-10-01,2024,10,SUCRE,116.0,56,14,32
2024-10-01,2024,10,TOLIMA,812.0,118,29,46
2024-10-01,2024,10,VALLE DEL CAUCA,16558.373,689,41,196
2024-10-01,2024,10,VAUPES,1.0,1,1,1
2024-10-01,2024,10,VICHADA,16.0,7,1,7
2024-11-01,2024,11,AMAZONAS,554.0,63,4,46
2024-11-01,2024,11,ANTIOQUIA,16067.77,920,98,165
2024-11-01,2024,11,ARAUCA,87.0,18,4,12
2024-11-01,2024,11,ATLANTICO,5430.5470000000005,208,19,94
2024-11-01,2024,11,BOGOTA D.C.,13160.931,189,1,189
2024-11-01,2024,11,BOLIVAR,10735.757,232,26,142
2024-11-01,2024,11,BOYACA,910.0,196,49,45
2024-11-01,2024,11,CALDAS,957.0,153,25,43
2024-11-01,2024,11,CAQUETA,120.0,37,7,21
2024-11-01,2024,11,CASANARE,168.0,46,10,27
2024-11-01,2024,11,CAUCA,515.0,92,24,36
2024-11-01,2024,11,CESAR,396.0,67,17,37
2024-11-01,2024,11,CHOCO,233.0,54,12,31
2024-11-01,2024,11,CORDOBA,439.0,89,20,37
2024-11-01,2024,11,CUNDINAMARCA,2675.0,628,81,74
2024-11-01,2024,11,GUAINIA,22.0,9,4,5
2024-11-01,2024,11,GUAVIARE,5.0,5,2,5
2024-11-01,2024,11,HUILA,578.0,119,23,47
2024-11-01,2024,11,LA GUAJIRA,1017.0,93,15,38
2024-11-01,2024,11,MAGDALENA,4050.0879999999997,151,17,91
2024-11-01,2024,11,META,689.0,98,18,40
2024-11-01,2024,11,NARINO,1294.0,108,24,43
2024-11-01,2024,11,NORTE DE SANTANDER,3776.382,186,27,69
2024-11-01,2024,11,PUTUMAYO,170.0,51,9,25
2024-11-01,2024,11,QUINDIO,2419.0,172,12,50
2024-11-01,2024,11,RISARALDA,3077.312,175,14,66
2024-11-01,2024,11,"SAN ANDRES, PROVIDENCIA Y SANTA CATALINA",3295.36,82,2,58
2024-11-01,2024,11,SANTANDER,3002.0,261,40,78
2024-11-01,2024,11,SIN ESPECIFICAR,20.0,11,1,11
2024-11-01,2024,11,SUCRE,140.0,58,11,28
2024-11-01,2024,11,TOLIMA,1203.0,122,28,50
2024-11-01,2024,11,VALLE DEL CAUCA,9783.293,553,41,122
2024-11-01,2024,11,VAUPES,1.0,1,1,1
2024-11-01,2024,11,VICHADA,36.0,17,3,15
2024-12-01,2024,12,AMAZONAS,585.0,60,4,42
2024-12-01,2024,12,ANTIOQUIA,17191.021,1063,104,145
2024-12-01,2024,12,ARAUCA,195.0,34,6,18
2024-12-01,2024,12,ATLANTICO,5498.129,247,22,89
2024-12-01,2024,12,BOGOTA D.C.,12992.232,170,1,170
2024-12-01,2024,12,BOLIVAR,12042.341,257,29,135
2024-12-01,2024,12,BOYACA,1420.0,292,69,49
2024-12-01,2024,12,CALDAS,2346.0,247,26,55
2024-12-01,2024,12,CAQUETA,202.0,56,8,28
2024-12-01,2024,12,CASANARE,277.0,68,11,33
2024-12-01,2024,12,CAUCA,800.0,126,28,39
2024-12-01,2024,12,CESAR,686.0,94,22,37
2024-12-01,2024,12,CHOCO,304.0,52,11,34
2024-12-01,2024,12,CORDOBA,628.0,133,25,45
2024-12-01,2024,12,CUNDINAMARCA,4164.0,769,88,74
2024-12-01,2024,12,GUAINIA,6.0,6,2,6
2024-12-01,2024,12,GUAVIARE,10.0,8,2,8
2024-12-01,2024,12,HUILA,992.0,177,29,50
2024-12-01,2024,12,LA GUAJIRA,1651.0,118,13,44
2024-12-01,2024,12,MAGDALENA,4785.558,186,21,83
2024-12-01,2024,12,META,1314.0,156,19,50
2024-12-01,2024,12,NARINO,1547.0,171,36,59
2024-12-01,2024,12,NORTE DE SANTANDER,6264.349,265,31,76
2024-12-01,2024,12,PUTUMAYO,208.0,62,13,26
2024-12-01,2024,12,QUINDIO,3800.0,229,13,66
2024-12-01,2024,12,RISARALDA,4693.346,224,15,78
2024-12-01,2024,12,"SAN ANDRES, PROVIDENCIA Y SANTA CATALINA",4590.404,94,2,67
2024-12-01,2024,12,SANTANDER,5530.316,380,56,80
2024-12-01,2024,12,SIN ESPECIFICAR,21.0,12,1,12
2024-12-01,2024,12,SUCRE,424.0,107,21,42
2024-12-01,2024,12,TOLIMA,1589.0,189,34,49
2024-12-01,2024,12,VALLE DEL CAUCA,14877.499,775,42,121
2024-12-01,2024,12,VAUPES,5.0,3,2,3
2024-12-01,2024,12,VICHADA,28.0,12,1,12
2025-01-01,2025,1,AMAZONAS,666.0,57,6,46
2025-01-01,2025,1,ANTIOQUIA,14004.848,937,108,136
2025-01-01,2025,1,ARAUCA,102.0,24,6,17
2025-01-01,2025,1,ATLANTICO,4712.804,211,19,93
2025-01-01,2025,1,BOGOTA D.C.,14630.587,170,1,170
2025-01-01,2025,1,BOLIVAR,12123.907,259,27,133
2025-01-01,2025,1,BOYACA,787.0,217,57,56
2025-01-01,2025,1,CALDAS,1265.0,168,23,48
2025-01-01,2025,1,CAQUETA,137.0,34,6,25
2025-01-01,2025,1,CASANARE,220.0,49,9,28
2025-01-01,2025,1,CAUCA,523.0,112,29,36
2025-01-01,2025,1,CESAR,391.0,76,17,36
2025-01-01,2025,1,CHOCO,329.0,59,13,38
2025-01-01,2025,1,CORDOBA,340.0,80,15,37
2025-01-01,2025,1,CUNDINAMARCA,2394.0,591,80,69
2025-01-01,2025,1,GUAINIA,16.0,7,2,7
2025-01-01,2025,1,GUAVIARE,12.0,8,1,8
2025-01-01,2025,1,HUILA,426.0,104,22,38
2025-01-01,2025,1,LA GUAJIRA,1039.0,118,14,48
2025-01-01,2025,1,MAGDALENA,5346.095,167,19,81
2025-01-01,2025,1,META,824.0,133,22,48
2025-01-01,2025,1,NARINO,1538.0,133,25,57
2025-01-01,2025,1,NORTE DE SANTANDER,4219.045,190,27,72
2025-01-01,2025,1,PUTUMAYO,265.0,76,11,32
2025-01-01,2025,1,QUINDIO,2298.0,186,12,61
2025-01-01,2025,1,RISARALDA,3033.303,169,14,69
2025-01-01,2025,1,"SAN ANDRES, PROVIDENCIA Y SANTA CATALINA",3553.142,87,3,57
2025-01-01,2025,1,SANTANDER,3036.0,318,46,81
2025-01-01,2025,1,SIN ESPECIFICAR,11.0,10,1,10
2025-01-01,2025,1,SUCRE,206.0,74,18,27
2025-01-01,2025,1,TOLIMA,799.0,125,28,44
2025-01-01,2025,1,VALLE DEL CAUCA,11076.702,654,43,126
2025-01-01,2025,1,VAUPES,5.0,4,1,4
2025-01-01,2025,1,VICHADA,56.0,20,4,15
2025-02-01,2025,2,AMAZONAS,683.0,56,5,44
2025-02-01,2025,2,ANTIOQUIA,13308.706,874,101,136
2025-02-01,2025,2,ARAUCA,107.0,28,4,19
2025-02-01,2025,2,ATLANTICO,5991.48,224,19,84
2025-02-01,2025,2,BOGOTA D.C.,13839.518,163,2,162
2025-02-01,2025,2,BOLIVAR,11315.376,249,31,132
2025-02-01,2025,2,BOYACA,788.0,192,47,48
2025-02-01,2025,2,CALDAS,827.0,128,23,45
2025-02-01,2025,2,CAQUETA,124.0,41,9,26
2025-02-01,2025,2,CASANARE,146.0,56,9,31
2025-02-01,2025,2,CAUCA,383.0,75,19,34
2025-02-01,2025,2,CESAR,357.0,59,19,29
2025-02-01,2025,2,CHOCO,296.0,60,12,35
2025-02-01,2025,2,CORDOBA,373.0,89,17,32
2025-02-01,2025,2,CUNDINAMARCA,2370.0,568,77,63
2025-02-01,2025,2,GUAINIA,20.0,6,1,6
2025-02-01,2025,2,GUAVIARE,7.0,5,2,4
2025-02-01,2025,2,HUILA,415.0,108,24,39
2025-02-01,2025,2,LA GUAJIRA,1045.0,110,14,39
2025-02-01,2025,2,MAGDALENA,5373.46,166,23,84
2025-02-01,2025,2,META,640.0,102,20,41
2025-02-01,2025,2,NARINO,1128.0,116,22,53
2025-02-01,2025,2,NORTE DE SANTANDER,4074.677,159,24,57
2025-02-01,2025,2,PUTUMAYO,187.0,69,10,31
2025-02-01,2025,2,QUINDIO,2640.0,195,13,60
2025-02-01,2025,2,RISARALDA,2812.2110000000002,158,14,62
2025-02-01,2025,2,"SAN ANDRES, PROVIDENCIA Y SANTA CATALINA",3379.663,93,2,61
2025-02-01,2025,2,SANTANDER,2275.0,244,43,64
2025-02-01,2025,2,SIN ESPECIFICAR,41.0,18,1,18
2025-02-01,2025,2,SUCRE,196.0,74,13,28
2025-02-01,2025,2,TOLIMA,711.0,118,27,47
2025-02-01,2025,2,VALLE DEL CAUCA,10362.41,579,41,118
2025-02-01,2025,2,VAUPES,2.0,2,1,2
2025-02-01,2025,2,VICHADA,38.0,15,3,13
2025-03-01,2025,3,AMAZONAS,489.0,53,5,45
2025-03-01,2025,3,ANTIOQUIA,14763.29,861,101,135
2025-03-01,2025,3,ARAUCA,85.0,23,5,13
2025-03-01,2025,3,ATLANTICO,4713.423,211,19,94
2025-03-01,2025,3,BOGOTA D.C.,14612.969,177,2,175
2025-03-01,2025,3,BOLIVAR,11889.379,275,35,143
2025-03-01,2025,3,BOYACA,646.0,187,55,41
2025-03-01,2025,3,CALDAS,865.0,129,23,43
2025-03-01,2025,3,CAQUETA,126.0,39,7,21
2025-03-01,2025,3,CASANARE,149.0,50,9,30
2025-03-01,2025,3,CAUCA,404.0,87,20,37
2025-03-01,2025,3,CESAR,342.0,68,14,31
2025-03-01,2025,3,CHOCO,304.0,59,9,34
2025-03-01,2025,3,CORDOBA,786.0,98,21,45
2025-03-01,2025,3,CUNDINAMARCA,2227.0,524,74,63
2025-03-01,2025,3,GUAINIA,18.0,10,3,8
2025-03-01,2025,3,GUAVIARE,16.0,11,2,10
2025-03-01,2025,3,HUILA,441.0,100,19,40
2025-03-01,2025,3,LA GUAJIRA,1184.0,107,13,48
2025-03-01,2025,3,MAGDALENA,5346.472,163,20,83
2025-03-01,2025,3,META,590.0,102,15,45
2025-03-01,2025,3,NARINO,1241.0,125,25,53
2025-03-01,2025,3,NORTE DE SANTANDER,3922.044,182,30,63
2025-03-01,2025,3,PUTUMAYO,226.0,70,11,29
2025-03-01,2025,3,QUINDIO,2382.0,181,12,63
2025-03-01,2025,3,RISARALDA,2504.471,172,14,70
2025-03-01,2025,3,"SAN ANDRES, PROVIDENCIA Y SANTA CATALINA",4014.696,92,2,64
2025-03-01,2025,3,SANTANDER,3139.0,244,38,70
2025-03-01,2025,3,SIN ESPECIFICAR,8.0,7,1,7
2025-03-01,2025,3,SUCRE,205.0,64,15,21
2025-03-01,2025,3,TOLIMA,685.0,96,27,39
2025-03-01,2025,3,VALLE DEL CAUCA,9689.406,509,42,111
2025-03-01,2025,3,VAUPES,2.0,2,1,2
2025-03-01,2025,3,VICHADA,20.0,9,2,8
2025-04-01,2025,4,AMAZONAS,638.0,61,5,42
2025-04-01,2025,4,ANTIOQUIA,13055.229,842,98,143
2025-04-01,2025,4,ARAUCA,95.0,29,4,19
2025-04-01,2025,4,ATLANTICO,3902.756,207,21,86
2025-04-01,2025,4,BOGOTA D.C.,12898.67,172,1,172
2025-04-01,2025,4,BOLIVAR,8128.3820000000005,235,28,129
2025-04-01,2025,4,BOYACA,634.0,160,44,37
2025-04-01,2025,4,CALDAS,984.0,138,23,43
2025-04-01,2025,4,CAQUETA,120.0,29,5,20
2025-04-01,2025,4,CASANARE,146.0,47,8,26
2025-04-01,2025,4,CAUCA,518.0,96,22,37
2025-04-01,2025,4,CESAR,793.0,67,17,35
2025-04-01,2025,4,CHOCO,280.0,56,9,41
2025-04-01,2025,4,CORDOBA,328.0,77,15,34
2025-04-01,2025,4,CUNDINAMARCA,2650.0,597,81,66
2025-04-01,2025,4,GUAINIA,12.0,7,3,6
2025-04-01,2025,4,GUAVIARE,5.0,4,1,4
2025-04-01,2025,4,HUILA,416.0,95,21,34
2025-04-01,2025,4,LA GUAJIRA,1076.0,104,13,39
2025-04-01,2025,4,MAGDALENA,4382.336,148,17,87
2025-04-01,2025,4,META,535.0,92,19,38
2025-04-01,2025,4,NARINO,1027.0,110,21,41
2025-04-01,2025,4,NORTE DE SANTANDER,3927.573,182,24,60
2025-04-01,2025,4,PUTUMAYO,158.0,57,11,25
2025-04-01,2025,4,QUINDIO,2370.0,176,10,60
2025-04-01,2025,4,RISARALDA,2779.102,166,14,65
2025-04-01,2025,4,"SAN ANDRES, PROVIDENCIA Y SANTA CATALINA",3202.526,89,2,61
2025-04-01,2025,4,SANTANDER,2682.0,275,42,69
2025-04-01,2025,4,SIN ESPECIFICAR,6.0,4,1,4
2025-04-01,2025,4,SUCRE,209.0,65,14,26
2025-04-01,2025,4,TOLIMA,654.0,118,25,45
2025-04-01,2025,4,VALLE DEL CAUCA,10157.752,508,41,109
2025-04-01,2025,4,VICHADA,18.0,8,1,8
2025-05-01,2025,5,AMAZONAS,656.0,71,6,52
2025-05-01,2025,5,ANTIOQUIA,15429.355,819,89,144
2025-05-01,2025,5,ARAUCA,63.0,22,5,14
2025-05-01,2025,5,ATLANTICO,3674.134,179,19,89
2025-05-01,2025,5,BOGOTA D.C.,12805.82,160,2,159
2025-05-01,2025,5,BOLIVAR,9072.283,225,29,131
2025-05-01,2025,5,BOYACA,708.0,154,46,38
2025-05-01,2025,5,CALDAS,975.0,129,23,48
2025-05-01,2025,5,CAQUETA,57.0,28,7,16
2025-05-01,2025,5,CASANARE,100.0,35,7,22
2025-05-01,2025,5,CAUCA,375.0,81,23,36
2025-05-01,2025,5,CESAR,707.0,64,18,28
2025-05-01,2025,5,CHOCO,293.0,57,11,35
2025-05-01,2025,5,CORDOBA,649.0,75,19,35
2025-05-01,2025,5,CUNDINAMARCA,2814.0,553,76,66
2025-05-01,2025,5,GUAINIA,9.0,5,1,5
2025-05-01,2025,5,GUAVIARE,10.0,7,2,7
2025-05-01,2025,5,HUILA,400.0,84,20,38
2025-05-01,2025,5,LA GUAJIRA,1070.0,95,11,38
2025-05-01,2025,5,MAGDALENA,4315.073,146,16,88
2025-05-01,2025,5,META,585.0,83,14,35
2025-05-01,2025,5,NARINO,1030.0,113,24,42
2025-05-01,2025,5,NORTE DE SANTANDER,5034.646,175,23,67
2025-05-01,2025,5,PUTUMAYO,113.0,46,12,22
2025-05-01,2025,5,QUINDIO,2213.0,183,11,54
2025-05-01,2025,5,RISARALDA,2260.2780000000002,140,13,61
2025-05-01,2025,5,"SAN ANDRES, PROVIDENCIA Y SANTA CATALINA",2945.645,82,2,54
2025-05-01,2025,5,SANTANDER,2682.0,230,30,70
2025-05-01,2025,5,SIN ESPECIFICAR,6.0,5,1,5
2025-05-01,2025,5,SUCRE,192.0,65,13,34
2025-05-01,2025,5,TOLIMA,768.0,111,21,48
2025-05-01,2025,5,VALLE DEL CAUCA,10086.04,511,39,115
2025-05-01,2025,5,VICHADA,10.0,6,2,5
2025-06-01,2025,6,AMAZONAS,645.0,58,4,48
2025-06-01,2025,6,ANTIOQUIA,15162.51,885,98,143
2025-06-01,2025,6,ARAUCA,80.0,15,4,10
2025-06-01,2025,6,ATLANTICO,4930.079,172,20,79
2025-06-01,2025,6,BOGOTA D.C.,12749.195,177,1,177
2025-06-01,2025,6,BOLIVAR,9633.944,220,27,127
2025-06-01,2025,6,BOYACA,736.0,204,46,47
2025-06-01,2025,6,CALDAS,1198.0,151,24,49
2025-06-01,2025,6,CAQUETA,134.0,44,8,26
2025-06-01,2025,6,CASANARE,101.0,39,10,24
2025-06-01,2025,6,CAUCA,544.0,98,24,35
2025-06-01,2025,6,CESAR,472.0,69,16,38
2025-06-01,2025,6,CHOCO,278.0,57,8,35
2025-06-01,2025,6,CORDOBA,870.0,89,19,34
2025-06-01,2025,6,CUNDINAMARCA,2891.0,578,87,75
2025-06-01,2025,6,GUAINIA,6.0,3,1,3
2025-06-01,2025,6,GUAVIARE,11.0,6,1,6
2025-06-01,2025,6,HUILA,945.0,124,24,41
2025-06-01,2025,6,LA GUAJIRA,1178.0,113,14,48
2025-06-01,2025,6,MAGDALENA,3618.147,146,16,81
2025-06-01,2025,6,META,674.0,87,16,38
2025-06-01,2025,6,NARINO,1056.0,120,24,50
2025-06-01,2025,6,NORTE DE SANTANDER,3242.25,167,27,58
2025-06-01,2025,6,PUTUMAYO,127.0,50,10,22
2025-06-01,2025,6,QUINDIO,2806.0,167,12,56
2025-06-01,2025,6,RISARALDA,2915.094,162,13,72
2025-06-01,2025,6,"SAN ANDRES, PROVIDENCIA Y SANTA CATALINA",4319.86,78,2,54
2025-06-01,2025,6,SANTANDER,2284.0190000000002,256,42,73
2025-06-01,2025,6,SIN ESPECIFICAR,3.0,3,1,3
2025-06-01,2025,6,SUCRE,240.0,57,14,25
2025-06-01,2025,6,TOLIMA,1125.0,130,27,50
2025-06-01,2025,6,VALLE DEL CAUCA,12455.298999999999,544,42,118
2025-06-01,2025,6,VAUPES,9.0,2,2,2
2025-06-01,2025,6,VICHADA,29.0,9,2,8
2025-07-01,2025,7,AMAZONAS,1196.0,74,5,56
2025-07-01,2025,7,ANTIOQUIA,17020.406,909,100,136
2025-07-01,2025,7,ARAUCA,78.0,22,4,12
2025-07-01,2025,7,ATLANTICO,4840.081,207,22,90
2025-07-01,2025,7,BOGOTA D.C.,13926.205,171,1,171
2025-07-01,2025,7,BOLIVAR,7547.281,229,27,122
2025-07-01,2025,7,BOYACA,1150.0,226,55,50
2025-07-01,2025,7,CALDAS,1388.0,144,23,45
2025-07-01,2025,7,CAQUETA,134.0,44,11,25
2025-07-01,2025,7,CASANARE,171.0,49,9,27
2025-07-01,2025,7,CAUCA,571.0,96,21,38
2025-07-01,2025,7,CESAR,456.0,68,18,38
2025-07-01,2025,7,CHOCO,185.0,53,8,28
2025-07-01,2025,7,CORDOBA,479.0,97,22,36
2025-07-01,2025,7,CUNDINAMARCA,3455.0,634,85,77
2025-07-01,2025,7,GUAINIA,7.0,4,1,4
2025-07-01,2025,7,GUAVIARE,9.0,5,1,5
2025-07-01,2025,7,HUILA,578.0,99,19,35
2025-07-01,2025,7,LA GUAJIRA,1163.0,98,11,41
2025-07-01,2025,7,MAGDALENA,5007.399,173,17,85
2025-07-01,2025,7,META,927.0,121,20,49
2025-07-01,2025,7,NARINO,1581.0,130,19,57
2025-07-01,2025,7,NORTE DE SANTANDER,4626.791,192,28,61
2025-07-01,2025,7,PUTUMAYO,157.0,46,10,19
2025-07-01,2025,7,QUINDIO,2694.029,196,12,57
2025-07-01,2025,7,RISARALDA,3736.376,199,14,78
2025-07-01,2025,7,"SAN ANDRES, PROVIDENCIA Y SANTA CATALINA",2394.25,89,3,58
2025-07-01,2025,7,SANTANDER,3517.0,276,44,71
2025-07-01,2025,7,SIN ESPECIFICAR,3.0,2,1,2
2025-07-01,2025,7,SUCRE,297.0,67,13,30
2025-07-01,2025,7,TOLIMA,1045.0,133,27,46
2025-07-01,2025,7,VALLE DEL CAUCA,12290.725,604,42,114
2025-07-01,2025,7,VAUPES,11.0,2,1,2
2025-07-01,2025,7,VICHADA,19.0,7,2,7
2025-08-01,2025,8,AMAZONAS,902.0,67,6,43
2025-08-01,2025,8,ANTIOQUIA,13670.262999999999,841,97,139
2025-08-01,2025,8,ARAUCA,85.0,26,5,18
2025-08-01,2025,8,ATLANTICO,5148.363,196,19,95
2025-08-01,2025,8,BOGOTA D.C.,13697.02,177,2,176
2025-08-01,2025,8,BOLIVAR,8433.849,239,33,130
2025-08-01,2025,8,BOYACA,875.0,202,49,41
2025-08-01,2025,8,CALDAS,1308.0,137,23,44
2025-08-01,2025,8,CAQUETA,97.0,41,9,27
2025-08-01,2025,8,CASANARE,157.0,49,7,28
2025-08-01,2025,8,CAUCA,642.0,96,21,39
2025-08-01,2025,8,CESAR,520.0,73,16,34
2025-08-01,2025,8,CHOCO,327.0,63,14,35
2025-08-01,2025,8,CORDOBA,448.0,81,16,39
2025-08-01,2025,8,CUNDINAMARCA,3298.0,644,78,67
2025-08-01,2025,8,GUAINIA,19.0,10,3,9
2025-08-01,2025,8,GUAVIARE,14.0,8,3,7
2025-08-01,2025,8,HUILA,519.0,108,25,39
2025-08-01,2025,8,LA GUAJIRA,1195.0,121,13,62
2025-08-01,2025,8,MAGDALENA,4618.259,148,15,80
2025-08-01,2025,8,META,836.0,105,21,44
2025-08-01,2025,8,NARINO,1860.0,118,24,49
2025-08-01,2025,8,NORTE DE SANTANDER,4179.982,179,28,53
2025-08-01,2025,8,PUTUMAYO,185.0,55,11,24
2025-08-01,2025,8,QUINDIO,3715.0,197,12,58
2025-08-01,2025,8,RISARALDA,4284.996,178,14,69
2025-08-01,2025,8,"SAN ANDRES, PROVIDENCIA Y SANTA CATALINA",3820.677,83,2,59
2025-08-01,2025,8,SANTANDER,3067.0,249,44,66
2025-08-01,2025,8,SIN ESPECIFICAR,5.0,3,1,3
2025-08-01,2025,8,SUCRE,167.0,58,14,27
2025-08-01,2025,8,TOLIMA,840.0,127,28,52
2025-08-01,2025,8,VALLE DEL CAUCA,11516.439,579,42,121
2025-08-01,2025,8,VAUPES,3.0,2,1,2
2025-08-01,2025,8,VICHADA,24.0,8,2,8
2025-09-01,2025,9,AMAZONAS,523.0,56,5,41
2025-09-01,2025,9,ANTIOQUIA,12567.304,825,95,146
2025-09-01,2025,9,ARAUCA,86.0,19,6,12
2025-09-01,2025,9,ATLANTICO,3984.5879999999997,198,19,93
2025-09-01,2025,9,BOGOTA D.C.,12840.289,169,1,169
2025-09-01,2025,9,BOLIVAR,8240.879,215,23,136
2025-09-01,2025,9,BOYACA,797.0,185,43,41
2025-09-01,2025,9,CALDAS,1093.0,133,22,47
2025-09-01,2025,9,CAQUETA,94.0,41,8,25
2025-09-01,2025,9,CASANARE,103.0,40,8,27
2025-09-01,2025,9,CAUCA,399.0,84,19,35
2025-09-01,2025,9,CESAR,342.0,71,18,35
2025-09-01,2025,9,CHOCO,213.0,62,8,33
2025-09-01,2025,9,CORDOBA,324.0,72,19,38
2025-09-01,2025,9,CUNDINAMARCA,2088.0,522,73,59
2025-09-01,2025,9,GUAINIA,7.0,3,2,3
2025-09-01,2025,9,GUAVIARE,9.0,5,1,5
2025-09-01,2025,9,HUILA,415.0,90,21,37
2025-09-01,2025,9,LA GUAJIRA,979.0,114,13,52
2025-09-01,2025,9,MAGDALENA,4449.0,144,15,88
2025-09-01,2025,9,META,586.0,100,18,42
2025-09-01,2025,9,NARINO,1153.0,115,24,50
2025-09-01,2025,9,NORTE DE SANTANDER,3761.535,163,21,59
2025-09-01,2025,9,PUTUMAYO,108.0,51,11,24
2025-09-01,2025,9,QUINDIO,2111.0,180,11,62
2025-09-01,2025,9,RISARALDA,2834.125,148,14,66
2025-09-01,2025,9,"SAN ANDRES, PROVIDENCIA Y SANTA CATALINA",2677.491,78,2,54
2025-09-01,2025,9,SANTANDER,2486.0,245,36,70
2025-09-01,2025,9,SIN ESPECIFICAR,2.0,1,1,1
2025-09-01,2025,9,SUCRE,155.0,51,12,28
2025-09-01,2025,9,TOLIMA,593.0,114,26,47
2025-09-01,2025,9,VALLE DEL CAUCA,9563.245,514,42,115
2025-09-01,2025,9,VICHADA,30.0,12,2,11
2025-10-01,2025,10,AMAZONAS,626.0,75,5,51
2025-10-01,2025,10,ANTIOQUIA,14033.903,846,96,144
2025-10-01,2025,10,ARAUCA,97.0,24,5,14
2025-10-01,2025,10,ATLANTICO,4704.5470000000005,192,19,91
2025-10-01,2025,10,BOGOTA D.C.,13768.12,178,2,177
2025-10-01,2025,10,BOLIVAR,9931.079,238,27,138
2025-10-01,2025,10,BOYACA,1037.0,202,48,45
2025-10-01,2025,10,CALDAS,1128.0,143,21,45
2025-10-01,2025,10,CAQUETA,78.0,29,6,17
2025-10-01,2025,10,CASANARE,136.0,43,7,25
2025-10-01,2025,10,CAUCA,385.0,83,18,40
2025-10-01,2025,10,CESAR,351.0,62,14,34
2025-10-01,2025,10,CHOCO,318.0,54,7,35
2025-10-01,2025,10,CORDOBA,539.0,94,18,40
2025-10-01,2025,10,CUNDINAMARCA,2754.0,604,84,65
2025-10-01,2025,10,GUAINIA,6.0,3,1,3
2025-10-01,2025,10,GUAVIARE,7.0,6,1,6
2025-10-01,2025,10,HUILA,412.0,102,22,39
2025-10-01,2025,10,LA GUAJIRA,971.0,84,12,35
2025-10-01,2025,10,MAGDALENA,4467.0,143,12,90
2025-10-01,2025,10,META,602.0,97,19,37
2025-10-01,2025,10,NARINO,1206.0,117,27,44
2025-10-01,2025,10,NORTE DE SANTANDER,3585.285,158,17,58
2025-10-01,2025,10,PUTUMAYO,181.0,64,10,29
2025-10-01,2025,10,QUINDIO,1939.0,159,11,52
2025-10-01,2025,10,RISARALDA,2603.286,164,13,69
2025-10-01,2025,10,"SAN ANDRES, PROVIDENCIA Y SANTA CATALINA",3873.881,65,2,46
2025-10-01,2025,10,SANTANDER,2672.0,248,39,72
2025-10-01,2025,10,SIN ESPECIFICAR,5.0,4,1,4
2025-10-01,2025,10,SUCRE,128.0,52,16,25
2025-10-01,2025,10,TOLIMA,842.0,125,24,49
2025-10-01,2025,10,VALLE DEL CAUCA,10917.87,528,40,118
2025-10-01,2025,10,VAUPES,3.0,2,1,2
2025-10-01,2025,10,VICHADA,22.0,6,1,6
