fecha,anio,mes_num,departamento,municipio,pasajeros_aereos_nacionales
2012-01-01,2012,1,AMAZONAS,LA CHORRERA,34
2012-01-01,2012,1,AMAZONAS,La Pedrera,98
2012-01-01,2012,1,AMAZONAS,Leticia,7002
2012-01-01,2012,1,AMAZONAS,Tarapacá,102
2012-01-01,2012,1,ANTIOQUIA,Carepa,6867
2012-01-01,2012,1,ANTIOQUIA,Caucasia,857
2012-01-01,2012,1,ANTIOQUIA,El Bagre,368
2012-01-01,2012,1,ANTIOQUIA,Medellín,40467
2012-01-01,2012,1,ANTIOQUIA,Remedios,381
2012-01-01,2012,1,ANTIOQUIA,Rionegro,109187
2012-01-01,2012,1,ARAUCA,Arauca,4550
2012-01-01,2012,1,ARAUCA,Tame,169
2012-01-01,2012,1,ATLANTICO,Barranquilla,58333
2012-01-01,2012,1,BOGOTA D.C.,"Bogotá, D.C.",536767
2012-01-01,2012,1,BOLIVAR,Cartagena,86863
2012-01-01,2012,1,CALDAS,Manizales,8595
2012-01-01,2012,1,CAQUETA,Florencia,2210
2012-01-01,2012,1,CAQUETA,San Vicente del Caguán,84
2012-01-01,2012,1,CAQUETA,Solano,0
2012-01-01,2012,1,CASANARE,Paz de Ariporo,17
2012-01-01,2012,1,CASANARE,Yopal,13950
2012-01-01,2012,1,CAUCA,Guapi,689
2012-01-01,2012,1,CAUCA,Popayán,3091
2012-01-01,2012,1,CESAR,Valledupar,10915
2012-01-01,2012,1,CHOCO,Acandí,516
2012-01-01,2012,1,CHOCO,Bahía Solano,1157
2012-01-01,2012,1,CHOCO,Condoto,239
2012-01-01,2012,1,CHOCO,Nuquí,463
2012-01-01,2012,1,CHOCO,Quibdó,9640
2012-01-01,2012,1,CORDOBA,Montería,23770
2012-01-01,2012,1,GUAINIA,Barranco Minas,0
2012-01-01,2012,1,GUAINIA,Inírida,1165
2012-01-01,2012,1,GUAVIARE,Miraflores,95
2012-01-01,2012,1,GUAVIARE,San José del Guaviare,670
2012-01-01,2012,1,HUILA,Neiva,10471
2012-01-01,2012,1,LA GUAJIRA,Maicao,2909
2012-01-01,2012,1,LA GUAJIRA,Riohacha,3064
2012-01-01,2012,1,LA GUAJIRA,Uribia,909
2012-01-01,2012,1,MAGDALENA,Santa Marta,45044
2012-01-01,2012,1,META,La Macarena,59
2012-01-01,2012,1,META,Villavicencio,2921
2012-01-01,2012,1,NARINO,Ipiales,316
2012-01-01,2012,1,NARINO,Pasto,8714
2012-01-01,2012,1,NARINO,San Andres de Tumaco,2547
2012-01-01,2012,1,NORTE DE SANTANDER,Cúcuta,38166
2012-01-01,2012,1,PUTUMAYO,Puerto Asís,1399
2012-01-01,2012,1,PUTUMAYO,Puerto Leguízamo,255
2012-01-01,2012,1,PUTUMAYO,Villagarzón,482
2012-01-01,2012,1,QUINDIO,Armenia,11756
2012-01-01,2012,1,RISARALDA,Pereira,26510
2012-01-01,2012,1,"SAN ANDRES, PROVIDENCIA Y SANTA CATALINA",Providencia,897
2012-01-01,2012,1,"SAN ANDRES, PROVIDENCIA Y SANTA CATALINA",San Andrés,35473
2012-01-01,2012,1,SANTANDER,Barrancabermeja,6872
2012-01-01,2012,1,SANTANDER,Bucaramanga,46219
2012-01-01,2012,1,SIN ESPECIFICAR,Sin Especificar,0
2012-01-01,2012,1,SUCRE,Corozal,1708
2012-01-01,2012,1,SUCRE,Santiago de Tolú,369
2012-01-01,2012,1,TOLIMA,Ibagué,5532
2012-01-01,2012,1,VALLE DEL CAUCA,Buenaventura,368
2012-01-01,2012,1,VALLE DEL CAUCA,Cali,90308
2012-01-01,2012,1,VAUPES,Caruru,74
2012-01-01,2012,1,VAUPES,Mitú,1192
2012-01-01,2012,1,VAUPES,Taraira,27
2012-01-01,2012,1,VICHADA,Cumaribo,421
2012-01-01,2012,1,VICHADA,La Primavera,0
2012-01-01,2012,1,VICHADA,Puerto Carreño,1364
2012-02-01,2012,2,AMAZONAS,LA CHORRERA,13
2012-02-01,2012,2,AMAZONAS,La Pedrera,131
2012-02-01,2012,2,AMAZONAS,Leticia,5836
2012-02-01,2012,2,AMAZONAS,Tarapacá,96
2012-02-01,2012,2,ANTIOQUIA,Carepa,6807
2012-02-01,2012,2,ANTIOQUIA,Caucasia,1195
2012-02-01,2012,2,ANTIOQUIA,El Bagre,385
2012-02-01,2012,2,ANTIOQUIA,Medellín,33579
2012-02-01,2012,2,ANTIOQUIA,Remedios,412
2012-02-01,2012,2,ANTIOQUIA,Rionegro,109391
2012-02-01,2012,2,ARAUCA,Arauca,4084
2012-02-01,2012,2,ARAUCA,Tame,156
2012-02-01,2012,2,ATLANTICO,Barranquilla,57422
2012-02-01,2012,2,BOGOTA D.C.,"Bogotá, D.C.",445473
2012-02-01,2012,2,BOLIVAR,Calamar,0
2012-02-01,2012,2,BOLIVAR,Cartagena,73032
2012-02-01,2012,2,CALDAS,Manizales,8881
2012-02-01,2012,2,CAQUETA,Florencia,2686
2012-02-01,2012,2,CAQUETA,San Vicente del Caguán,109
2012-02-01,2012,2,CAQUETA,Solano,0
2012-02-01,2012,2,CASANARE,Paz de Ariporo,1
2012-02-01,2012,2,CASANARE,Yopal,14409
2012-02-01,2012,2,CAUCA,Guapi,671
2012-02-01,2012,2,CAUCA,Popayán,3003
2012-02-01,2012,2,CESAR,Valledupar,10239
2012-02-01,2012,2,CHOCO,Acandí,368
2012-02-01,2012,2,CHOCO,Bahía Solano,533
2012-02-01,2012,2,CHOCO,Condoto,121
2012-02-01,2012,2,CHOCO,Nuquí,325
2012-02-01,2012,2,CHOCO,Quibdó,8574
2012-02-01,2012,2,CORDOBA,Montería,21096
2012-02-01,2012,2,GUAINIA,Barranco Minas,2
2012-02-01,2012,2,GUAINIA,Inírida,1054
2012-02-01,2012,2,GUAVIARE,Miraflores,132
2012-02-01,2012,2,GUAVIARE,San José del Guaviare,808
2012-02-01,2012,2,HUILA,Neiva,11428
2012-02-01,2012,2,LA GUAJIRA,Maicao,2569
2012-02-01,2012,2,LA GUAJIRA,Riohacha,3206
2012-02-01,2012,2,LA GUAJIRA,Uribia,860
2012-02-01,2012,2,MAGDALENA,Santa Marta,36241
2012-02-01,2012,2,META,La Macarena,32
2012-02-01,2012,2,META,Villavicencio,2822
2012-02-01,2012,2,NARINO,Ipiales,340
2012-02-01,2012,2,NARINO,Pasto,8559
2012-02-01,2012,2,NARINO,San Andres de Tumaco,2337
2012-02-01,2012,2,NORTE DE SANTANDER,Cúcuta,29647
2012-02-01,2012,2,PUTUMAYO,Puerto Asís,1624
2012-02-01,2012,2,PUTUMAYO,Puerto Leguízamo,245
2012-02-01,2012,2,PUTUMAYO,Villagarzón,422
2012-02-01,2012,2,QUINDIO,Armenia,10876
2012-02-01,2012,2,RISARALDA,Pereira,27468
2012-02-01,2012,2,"SAN ANDRES, PROVIDENCIA Y SANTA CATALINA",Providencia,747
2012-02-01,2012,2,"SAN ANDRES, PROVIDENCIA Y SANTA CATALINA",San Andrés,27122
2012-02-01,2012,2,SANTANDER,Barrancabermeja,7766
2012-02-01,2012,2,SANTANDER,Bucaramanga,46199
2012-02-01,2012,2,SIN ESPECIFICAR,Sin Especificar,0
2012-02-01,2012,2,SUCRE,Corozal,1225
2012-02-01,2012,2,SUCRE,Coveñas,0
2012-02-01,2012,2,SUCRE,Santiago de Tolú,169
2012-02-01,2012,2,TOLIMA,Ibagué,6148
2012-02-01,2012,2,TOLIMA,natagaima,0
2012-02-01,2012,2,VALLE DEL CAUCA,Buenaventura,277
2012-02-01,2012,2,VALLE DEL CAUCA,Cali,90806
2012-02-01,2012,2,VAUPES,Caruru,79
2012-02-01,2012,2,VAUPES,Mitú,914
2012-02-01,2012,2,VAUPES,Pacoa,6
2012-02-01,2012,2,VAUPES,Taraira,61
2012-02-01,2012,2,VICHADA,Cumaribo,301
2012-02-01,2012,2,VICHADA,La Primavera,0
2012-02-01,2012,2,VICHADA,Puerto Carreño,1389
2012-03-01,2012,3,AMAZONAS,LA CHORRERA,48
2012-03-01,2012,3,AMAZONAS,La Pedrera,158
2012-03-01,2012,3,AMAZONAS,Leticia,5928
2012-03-01,2012,3,AMAZONAS,Tarapacá,103
2012-03-01,2012,3,ANTIOQUIA,Carepa,7551
2012-03-01,2012,3,ANTIOQUIA,Caucasia,1365
2012-03-01,2012,3,ANTIOQUIA,El Bagre,432
2012-03-01,2012,3,ANTIOQUIA,Medellín,37383
2012-03-01,2012,3,ANTIOQUIA,Remedios,431
2012-03-01,2012,3,ANTIOQUIA,Rionegro,119979
2012-03-01,2012,3,ARAUCA,Arauca,4555
2012-03-01,2012,3,ARAUCA,Tame,180
2012-03-01,2012,3,ATLANTICO,Barranquilla,59489
2012-03-01,2012,3,BOGOTA D.C.,"Bogotá, D.C.",463181
2012-03-01,2012,3,BOLIVAR,Calamar,0
2012-03-01,2012,3,BOLIVAR,Cartagena,76707
2012-03-01,2012,3,CALDAS,Manizales,9987
2012-03-01,2012,3,CAQUETA,Florencia,2870
2012-03-01,2012,3,CAQUETA,San Vicente del Caguán,90
2012-03-01,2012,3,CAQUETA,Solano,0
2012-03-01,2012,3,CASANARE,Paz de Ariporo,8
2012-03-01,2012,3,CASANARE,Villanueva,36
2012-03-01,2012,3,CASANARE,Yopal,14217
2012-03-01,2012,3,CAUCA,Guapi,664
2012-03-01,2012,3,CAUCA,Popayán,3499
2012-03-01,2012,3,CESAR,San Martín,11
2012-03-01,2012,3,CESAR,Valledupar,10445
2012-03-01,2012,3,CHOCO,Acandí,231
2012-03-01,2012,3,CHOCO,Bahía Solano,864
2012-03-01,2012,3,CHOCO,Condoto,293
2012-03-01,2012,3,CHOCO,Nuquí,378
2012-03-01,2012,3,CHOCO,Quibdó,9964
2012-03-01,2012,3,CORDOBA,Montería,22302
2012-03-01,2012,3,GUAINIA,Barranco Minas,39
2012-03-01,2012,3,GUAINIA,Inírida,1061
2012-03-01,2012,3,GUAVIARE,Miraflores,251
2012-03-01,2012,3,GUAVIARE,San José del Guaviare,877
2012-03-01,2012,3,HUILA,Neiva,12742
2012-03-01,2012,3,LA GUAJIRA,Maicao,3890
2012-03-01,2012,3,LA GUAJIRA,Riohacha,3443
2012-03-01,2012,3,LA GUAJIRA,Uribia,1131
2012-03-01,2012,3,MAGDALENA,Santa Marta,37704
2012-03-01,2012,3,META,La Macarena,48
2012-03-01,2012,3,META,Puerto Gaitán,0
2012-03-01,2012,3,META,Uribe,29
2012-03-01,2012,3,META,Villavicencio,3151
2012-03-01,2012,3,NARINO,Ipiales,289
2012-03-01,2012,3,NARINO,Pasto,9145
2012-03-01,2012,3,NARINO,San Andres de Tumaco,2502
2012-03-01,2012,3,NORTE DE SANTANDER,Cúcuta,31360
2012-03-01,2012,3,PUTUMAYO,Puerto Asís,1698
2012-03-01,2012,3,PUTUMAYO,Puerto Leguízamo,374
2012-03-01,2012,3,PUTUMAYO,Villagarzón,484
2012-03-01,2012,3,QUINDIO,Armenia,11720
2012-03-01,2012,3,RISARALDA,Pereira,28516
2012-03-01,2012,3,"SAN ANDRES, PROVIDENCIA Y SANTA CATALINA",Providencia,814
2012-03-01,2012,3,"SAN ANDRES, PROVIDENCIA Y SANTA CATALINA",San Andrés,30486
2012-03-01,2012,3,SANTANDER,Barrancabermeja,7910
2012-03-01,2012,3,SANTANDER,Bucaramanga,48272
2012-03-01,2012,3,SIN ESPECIFICAR,Sin Especificar,0
2012-03-01,2012,3,SUCRE,Corozal,1357
2012-03-01,2012,3,SUCRE,Coveñas,0
2012-03-01,2012,3,SUCRE,Santiago de Tolú,219
2012-03-01,2012,3,TOLIMA,Ibagué,6791
2012-03-01,2012,3,TOLIMA,natagaima,0
2012-03-01,2012,3,VALLE DEL CAUCA,Buenaventura,336
2012-03-01,2012,3,VALLE DEL CAUCA,Cali,104216
2012-03-01,2012,3,VAUPES,Caruru,57
2012-03-01,2012,3,VAUPES,Mitú,934
2012-03-01,2012,3,VAUPES,Pacoa,30
2012-03-01,2012,3,VAUPES,Taraira,80
2012-03-01,2012,3,VICHADA,Cumaribo,450
2012-03-01,2012,3,VICHADA,La Primavera,0
2012-03-01,2012,3,VICHADA,Puerto Carreño,1407
2012-04-01,2012,4,AMAZONAS,LA CHORRERA,60
2012-04-01,2012,4,AMAZONAS,La Pedrera,123
2012-04-01,2012,4,AMAZONAS,Leticia,5727
2012-04-01,2012,4,AMAZONAS,Tarapacá,106
2012-04-01,2012,4,ANTIOQUIA,Carepa,6386
2012-04-01,2012,4,ANTIOQUIA,Caucasia,1158
2012-04-01,2012,4,ANTIOQUIA,El Bagre,397
2012-04-01,2012,4,ANTIOQUIA,Medellín,33082
2012-04-01,2012,4,ANTIOQUIA,Remedios,316
2012-04-01,2012,4,ANTIOQUIA,Rionegro,107279
2012-04-01,2012,4,ARAUCA,Arauca,4214
2012-04-01,2012,4,ARAUCA,Cravo Norte,0
2012-04-01,2012,4,ARAUCA,Tame,160
2012-04-01,2012,4,ATLANTICO,Barranquilla,56511
2012-04-01,2012,4,BOGOTA D.C.,"Bogotá, D.C.",431918
2012-04-01,2012,4,BOLIVAR,Cartagena,70550
2012-04-01,2012,4,CALDAS,Manizales,7513
2012-04-01,2012,4,CAQUETA,Florencia,2543
2012-04-01,2012,4,CAQUETA,San Vicente del Caguán,49
2012-04-01,2012,4,CAQUETA,Solano,0
2012-04-01,2012,4,CASANARE,Paz de Ariporo,10
2012-04-01,2012,4,CASANARE,Yopal,11975
2012-04-01,2012,4,CAUCA,Guapi,569
2012-04-01,2012,4,CAUCA,Popayán,3167
2012-04-01,2012,4,CESAR,San Martín,36
2012-04-01,2012,4,CESAR,Valledupar,11780
2012-04-01,2012,4,CHOCO,Acandí,329
2012-04-01,2012,4,CHOCO,Bahía Solano,948
2012-04-01,2012,4,CHOCO,Condoto,202
2012-04-01,2012,4,CHOCO,Nuquí,385
2012-04-01,2012,4,CHOCO,Quibdó,9915
2012-04-01,2012,4,CORDOBA,Montería,19537
2012-04-01,2012,4,GUAINIA,Barranco Minas,8
2012-04-01,2012,4,GUAINIA,Inírida,917
2012-04-01,2012,4,GUAVIARE,Miraflores,113
2012-04-01,2012,4,GUAVIARE,San José del Guaviare,692
2012-04-01,2012,4,HUILA,Neiva,10829
2012-04-01,2012,4,LA GUAJIRA,Maicao,3452
2012-04-01,2012,4,LA GUAJIRA,Riohacha,3089
2012-04-01,2012,4,LA GUAJIRA,Uribia,1109
2012-04-01,2012,4,MAGDALENA,Santa Marta,34746
2012-04-01,2012,4,META,La Macarena,41
2012-04-01,2012,4,META,Villavicencio,2474
2012-04-01,2012,4,NARINO,Ipiales,234
2012-04-01,2012,4,NARINO,Pasto,8104
2012-04-01,2012,4,NARINO,San Andres de Tumaco,2485
2012-04-01,2012,4,NORTE DE SANTANDER,Cúcuta,31539
2012-04-01,2012,4,PUTUMAYO,Puerto Asís,1566
2012-04-01,2012,4,PUTUMAYO,Puerto Leguízamo,477
2012-04-01,2012,4,PUTUMAYO,Villagarzón,486
2012-04-01,2012,4,QUINDIO,Armenia,9923
2012-04-01,2012,4,RISARALDA,Pereira,25960
2012-04-01,2012,4,"SAN ANDRES, PROVIDENCIA Y SANTA CATALINA",Providencia,748
2012-04-01,2012,4,"SAN ANDRES, PROVIDENCIA Y SANTA CATALINA",San Andrés,28070
2012-04-01,2012,4,SANTANDER,Barrancabermeja,7071
2012-04-01,2012,4,SANTANDER,Bucaramanga,43741
2012-04-01,2012,4,SIN ESPECIFICAR,Sin Especificar,18
2012-04-01,2012,4,SUCRE,Corozal,1226
2012-04-01,2012,4,SUCRE,Coveñas,0
2012-04-01,2012,4,SUCRE,Santiago de Tolú,209
2012-04-01,2012,4,TOLIMA,Ibagué,5236
2012-04-01,2012,4,TOLIMA,Melgar,0
2012-04-01,2012,4,TOLIMA,natagaima,0
2012-04-01,2012,4,VALLE DEL CAUCA,Buenaventura,216
2012-04-01,2012,4,VALLE DEL CAUCA,Cali,93842
2012-04-01,2012,4,VAUPES,Caruru,81
2012-04-01,2012,4,VAUPES,Mitú,875
2012-04-01,2012,4,VAUPES,Pacoa,5
2012-04-01,2012,4,VAUPES,Taraira,6
2012-04-01,2012,4,VICHADA,Cumaribo,429
2012-04-01,2012,4,VICHADA,La Primavera,0
2012-04-01,2012,4,VICHADA,Puerto Carreño,1141
2012-05-01,2012,5,AMAZONAS,LA CHORRERA,51
2012-05-01,2012,5,AMAZONAS,La Pedrera,104
2012-05-01,2012,5,AMAZONAS,Leticia,5243
2012-05-01,2012,5,AMAZONAS,Tarapacá,93
2012-05-01,2012,5,ANTIOQUIA,Carepa,7078
2012-05-01,2012,5,ANTIOQUIA,Caucasia,1276
2012-05-01,2012,5,ANTIOQUIA,El Bagre,448
2012-05-01,2012,5,ANTIOQUIA,Medellín,35600
2012-05-01,2012,5,ANTIOQUIA,Remedios,380
2012-05-01,2012,5,ANTIOQUIA,Rionegro,124562
2012-05-01,2012,5,ARAUCA,Arauca,4343
2012-05-01,2012,5,ARAUCA,Cravo Norte,0
2012-05-01,2012,5,ARAUCA,Tame,137
2012-05-01,2012,5,ATLANTICO,Barranquilla,58687
2012-05-01,2012,5,BOGOTA D.C.,"Bogotá, D.C.",465342
2012-05-01,2012,5,BOLIVAR,Cartagena,74002
2012-05-01,2012,5,CALDAS,Manizales,7734
2012-05-01,2012,5,CAQUETA,Florencia,2781
2012-05-01,2012,5,CAQUETA,San Vicente del Caguán,57
2012-05-01,2012,5,CAQUETA,Solano,0
2012-05-01,2012,5,CASANARE,Paz de Ariporo,16
2012-05-01,2012,5,CASANARE,Yopal,13461
2012-05-01,2012,5,CAUCA,Guapi,642
2012-05-01,2012,5,CAUCA,Popayán,3458
2012-05-01,2012,5,CESAR,Valledupar,9718
2012-05-01,2012,5,CHOCO,Acandí,319
2012-05-01,2012,5,CHOCO,Bahía Solano,885
2012-05-01,2012,5,CHOCO,Condoto,219
2012-05-01,2012,5,CHOCO,Nuquí,366
2012-05-01,2012,5,CHOCO,Quibdó,10162
2012-05-01,2012,5,CORDOBA,Montería,21087
2012-05-01,2012,5,GUAINIA,Barranco Minas,9
2012-05-01,2012,5,GUAINIA,Inírida,893
2012-05-01,2012,5,GUAVIARE,Miraflores,75
2012-05-01,2012,5,GUAVIARE,San José del Guaviare,633
2012-05-01,2012,5,HUILA,Neiva,12078
2012-05-01,2012,5,LA GUAJIRA,Maicao,2951
2012-05-01,2012,5,LA GUAJIRA,Riohacha,3410
2012-05-01,2012,5,LA GUAJIRA,Uribia,1064
2012-05-01,2012,5,MAGDALENA,Santa Marta,35375
2012-05-01,2012,5,META,La Macarena,59
2012-05-01,2012,5,META,Villavicencio,2711
2012-05-01,2012,5,NARINO,Ipiales,272
2012-05-01,2012,5,NARINO,Pasto,9017
2012-05-01,2012,5,NARINO,San Andres de Tumaco,2384
2012-05-01,2012,5,NORTE DE SANTANDER,Cúcuta,31617
2012-05-01,2012,5,PUTUMAYO,Puerto Asís,1706
2012-05-01,2012,5,PUTUMAYO,Puerto Leguízamo,391
2012-05-01,2012,5,PUTUMAYO,Villagarzón,605
2012-05-01,2012,5,QUINDIO,Armenia,11264
2012-05-01,2012,5,RISARALDA,Pereira,29431
2012-05-01,2012,5,"SAN ANDRES, PROVIDENCIA Y SANTA CATALINA",Providencia,669
2012-05-01,2012,5,"SAN ANDRES, PROVIDENCIA Y SANTA CATALINA",San Andrés,29525
2012-05-01,2012,5,SANTANDER,Barrancabermeja,8081
2012-05-01,2012,5,SANTANDER,Bucaramanga,48523
2012-05-01,2012,5,SIN ESPECIFICAR,Sin Especificar,0
2012-05-01,2012,5,SUCRE,Corozal,1243
2012-05-01,2012,5,SUCRE,Coveñas,0
2012-05-01,2012,5,SUCRE,Santiago de Tolú,164
2012-05-01,2012,5,TOLIMA,Ibagué,6335
2012-05-01,2012,5,TOLIMA,natagaima,0
2012-05-01,2012,5,VALLE DEL CAUCA,Buenaventura,331
2012-05-01,2012,5,VALLE DEL CAUCA,Cali,101121
2012-05-01,2012,5,VAUPES,Caruru,43
2012-05-01,2012,5,VAUPES,Mitú,916
2012-05-01,2012,5,VAUPES,Pacoa,6
2012-05-01,2012,5,VAUPES,Taraira,9
2012-05-01,2012,5,VICHADA,Cumaribo,346
2012-05-01,2012,5,VICHADA,La Primavera,0
2012-05-01,2012,5,VICHADA,Puerto Carreño,1140
2012-06-01,2012,6,AMAZONAS,LA CHORRERA,83
2012-06-01,2012,6,AMAZONAS,La Pedrera,101
2012-06-01,2012,6,AMAZONAS,Leticia,6705
2012-06-01,2012,6,AMAZONAS,Tarapacá,93
2012-06-01,2012,6,ANTIOQUIA,Carepa,7177
2012-06-01,2012,6,ANTIOQUIA,Caucasia,1220
2012-06-01,2012,6,ANTIOQUIA,El Bagre,449
2012-06-01,2012,6,ANTIOQUIA,Medellín,37346
2012-06-01,2012,6,ANTIOQUIA,Remedios,393
2012-06-01,2012,6,ANTIOQUIA,Rionegro,152782
2012-06-01,2012,6,ARAUCA,Arauca,4476
2012-06-01,2012,6,ARAUCA,Tame,294
2012-06-01,2012,6,ATLANTICO,Barranquilla,71568
2012-06-01,2012,6,BOGOTA D.C.,"Bogotá, D.C.",484235
2012-06-01,2012,6,BOLIVAR,Cartagena,103637
2012-06-01,2012,6,CALDAS,Manizales,2825
2012-06-01,2012,6,CAQUETA,Florencia,2512
2012-06-01,2012,6,CAQUETA,San Vicente del Caguán,59
2012-06-01,2012,6,CAQUETA,Solano,0
2012-06-01,2012,6,CASANARE,Orocué,0
2012-06-01,2012,6,CASANARE,Paz de Ariporo,86
2012-06-01,2012,6,CASANARE,Yopal,13431
2012-06-01,2012,6,CAUCA,Guapi,602
2012-06-01,2012,6,CAUCA,Popayán,3334
2012-06-01,2012,6,CESAR,San Martín,0
2012-06-01,2012,6,CESAR,Valledupar,12143
2012-06-01,2012,6,CHOCO,Acandí,503
2012-06-01,2012,6,CHOCO,Bahía Solano,1139
2012-06-01,2012,6,CHOCO,Condoto,219
2012-06-01,2012,6,CHOCO,Nuquí,433
2012-06-01,2012,6,CHOCO,Quibdó,11433
2012-06-01,2012,6,CORDOBA,Montería,23056
2012-06-01,2012,6,GUAINIA,Barranco Minas,8
2012-06-01,2012,6,GUAINIA,Inírida,1003
2012-06-01,2012,6,GUAVIARE,Miraflores,181
2012-06-01,2012,6,GUAVIARE,San José del Guaviare,1019
2012-06-01,2012,6,HUILA,Neiva,12095
2012-06-01,2012,6,LA GUAJIRA,Maicao,3275
2012-06-01,2012,6,LA GUAJIRA,Riohacha,3743
2012-06-01,2012,6,LA GUAJIRA,Uribia,1175
2012-06-01,2012,6,MAGDALENA,Santa Marta,42784
2012-06-01,2012,6,META,La Macarena,105
2012-06-01,2012,6,META,Uribe,0
2012-06-01,2012,6,META,Villavicencio,2857
2012-06-01,2012,6,NARINO,Ipiales,260
2012-06-01,2012,6,NARINO,Pasto,9652
2012-06-01,2012,6,NARINO,San Andres de Tumaco,2467
2012-06-01,2012,6,NORTE DE SANTANDER,Cúcuta,36568
2012-06-01,2012,6,PUTUMAYO,Puerto Asís,1765
2012-06-01,2012,6,PUTUMAYO,Puerto Leguízamo,558
2012-06-01,2012,6,PUTUMAYO,Villagarzón,561
2012-06-01,2012,6,QUINDIO,Armenia,11181
2012-06-01,2012,6,RISARALDA,Pereira,37207
2012-06-01,2012,6,"SAN ANDRES, PROVIDENCIA Y SANTA CATALINA",Providencia,752
2012-06-01,2012,6,"SAN ANDRES, PROVIDENCIA Y SANTA CATALINA",San Andrés,37559
2012-06-01,2012,6,SANTANDER,Barrancabermeja,8180
2012-06-01,2012,6,SANTANDER,Bucaramanga,53265
2012-06-01,2012,6,SIN ESPECIFICAR,Sin Especificar,0
2012-06-01,2012,6,SUCRE,Corozal,1535
2012-06-01,2012,6,SUCRE,Santiago de Tolú,322
2012-06-01,2012,6,TOLIMA,Ibagué,6076
2012-06-01,2012,6,TOLIMA,natagaima,0
2012-06-01,2012,6,VALLE DEL CAUCA,Buenaventura,351
2012-06-01,2012,6,VALLE DEL CAUCA,Cali,113287
2012-06-01,2012,6,VAUPES,Caruru,71
2012-06-01,2012,6,VAUPES,Mitú,837
2012-06-01,2012,6,VAUPES,Pacoa,0
2012-06-01,2012,6,VAUPES,Taraira,47
2012-06-01,2012,6,VICHADA,Cumaribo,363
2012-06-01,2012,6,VICHADA,La Primavera,0
2012-06-01,2012,6,VICHADA,Puerto Carreño,1311
2012-07-01,2012,7,AMAZONAS,LA CHORRERA,73
2012-07-01,2012,7,AMAZONAS,La Pedrera,131
2012-07-01,2012,7,AMAZONAS,Leticia,7833
2012-07-01,2012,7,AMAZONAS,Tarapacá,121
2012-07-01,2012,7,ANTIOQUIA,Carepa,7260
2012-07-01,2012,7,ANTIOQUIA,Caucasia,1217
2012-07-01,2012,7,ANTIOQUIA,El Bagre,436
2012-07-01,2012,7,ANTIOQUIA,Medellín,38187
2012-07-01,2012,7,ANTIOQUIA,Remedios,388
2012-07-01,2012,7,ANTIOQUIA,Rionegro,168608
2012-07-01,2012,7,ARAUCA,Arauca,4595
2012-07-01,2012,7,ARAUCA,Tame,225
2012-07-01,2012,7,ATLANTICO,Barranquilla,77517
2012-07-01,2012,7,BOGOTA D.C.,"Bogotá, D.C.",547217
2012-07-01,2012,7,BOLIVAR,Cartagena,116848
2012-07-01,2012,7,CALDAS,Manizales,8693
2012-07-01,2012,7,CAQUETA,Florencia,2934
2012-07-01,2012,7,CAQUETA,San Vicente del Caguán,59
2012-07-01,2012,7,CAQUETA,Solano,0
2012-07-01,2012,7,CASANARE,Paz de Ariporo,39
2012-07-01,2012,7,CASANARE,Yopal,14000
2012-07-01,2012,7,CAUCA,Guapi,734
2012-07-01,2012,7,CAUCA,Popayán,3365
2012-07-01,2012,7,CESAR,San Martín,7
2012-07-01,2012,7,CESAR,Valledupar,13863
2012-07-01,2012,7,CHOCO,Acandí,468
2012-07-01,2012,7,CHOCO,Bahía Solano,1274
2012-07-01,2012,7,CHOCO,Condoto,244
2012-07-01,2012,7,CHOCO,Nuquí,665
2012-07-01,2012,7,CHOCO,Quibdó,11548
2012-07-01,2012,7,CORDOBA,Montería,23557
2012-07-01,2012,7,GUAINIA,Barranco Minas,0
2012-07-01,2012,7,GUAINIA,Inírida,1056
2012-07-01,2012,7,GUAVIARE,Miraflores,313
2012-07-01,2012,7,GUAVIARE,San José del Guaviare,866
2012-07-01,2012,7,HUILA,Neiva,10956
2012-07-01,2012,7,LA GUAJIRA,Maicao,3136
2012-07-01,2012,7,LA GUAJIRA,Riohacha,3986
2012-07-01,2012,7,LA GUAJIRA,Uribia,923
2012-07-01,2012,7,MAGDALENA,Santa Marta,43240
2012-07-01,2012,7,META,La Macarena,128
2012-07-01,2012,7,META,Puerto Gaitán,0
2012-07-01,2012,7,META,Puerto López,0
2012-07-01,2012,7,META,Uribe,0
2012-07-01,2012,7,META,Villavicencio,2691
2012-07-01,2012,7,NARINO,Ipiales,323
2012-07-01,2012,7,NARINO,Pasto,9860
2012-07-01,2012,7,NARINO,San Andres de Tumaco,2767
2012-07-01,2012,7,NORTE DE SANTANDER,Cúcuta,37758
2012-07-01,2012,7,PUTUMAYO,Puerto Asís,1751
2012-07-01,2012,7,PUTUMAYO,Puerto Leguízamo,492
2012-07-01,2012,7,PUTUMAYO,Villagarzón,600
2012-07-01,2012,7,QUINDIO,Armenia,10569
2012-07-01,2012,7,RISARALDA,Pereira,37052
2012-07-01,2012,7,"SAN ANDRES, PROVIDENCIA Y SANTA CATALINA",Providencia,904
2012-07-01,2012,7,"SAN ANDRES, PROVIDENCIA Y SANTA CATALINA",San Andrés,39719
2012-07-01,2012,7,SANTANDER,Barrancabermeja,8634
2012-07-01,2012,7,SANTANDER,Bucaramanga,56046
2012-07-01,2012,7,SIN ESPECIFICAR,Sin Especificar,0
2012-07-01,2012,7,SUCRE,Corozal,1819
2012-07-01,2012,7,SUCRE,Coveñas,0
2012-07-01,2012,7,SUCRE,Santiago de Tolú,265
2012-07-01,2012,7,TOLIMA,Ibagué,6224
2012-07-01,2012,7,VALLE DEL CAUCA,Buenaventura,403
2012-07-01,2012,7,VALLE DEL CAUCA,Cali,125818
2012-07-01,2012,7,VAUPES,Caruru,6
2012-07-01,2012,7,VAUPES,Mitú,811
2012-07-01,2012,7,VAUPES,Pacoa,17
2012-07-01,2012,7,VAUPES,Taraira,23
2012-07-01,2012,7,VICHADA,Cumaribo,338
2012-07-01,2012,7,VICHADA,La Primavera,0
2012-07-01,2012,7,VICHADA,Puerto Carreño,1433
2012-08-01,2012,8,AMAZONAS,LA CHORRERA,54
2012-08-01,2012,8,AMAZONAS,La Pedrera,93
2012-08-01,2012,8,AMAZONAS,Leticia,6617
2012-08-01,2012,8,AMAZONAS,Tarapacá,102
2012-08-01,2012,8,ANTIOQUIA,Carepa,7415
2012-08-01,2012,8,ANTIOQUIA,Caucasia,1280
2012-08-01,2012,8,ANTIOQUIA,El Bagre,444
2012-08-01,2012,8,ANTIOQUIA,Medellín,37781
2012-08-01,2012,8,ANTIOQUIA,Remedios,422
2012-08-01,2012,8,ANTIOQUIA,Rionegro,179589
2012-08-01,2012,8,ARAUCA,Arauca,4533
2012-08-01,2012,8,ARAUCA,Tame,223
2012-08-01,2012,8,ATLANTICO,Barranquilla,79766
2012-08-01,2012,8,BOGOTA D.C.,"Bogotá, D.C.",540306
2012-08-01,2012,8,BOLIVAR,Cartagena,124314
2012-08-01,2012,8,CALDAS,Manizales,9844
2012-08-01,2012,8,CAQUETA,Florencia,3113
2012-08-01,2012,8,CAQUETA,San Vicente del Caguán,52
2012-08-01,2012,8,CAQUETA,Solano,0
2012-08-01,2012,8,CASANARE,Paz de Ariporo,7
2012-08-01,2012,8,CASANARE,Yopal,15163
2012-08-01,2012,8,CAUCA,Guapi,698
2012-08-01,2012,8,CAUCA,Popayán,3471
2012-08-01,2012,8,CESAR,San Martín,0
2012-08-01,2012,8,CESAR,Valledupar,12600
2012-08-01,2012,8,CHOCO,Acandí,400
2012-08-01,2012,8,CHOCO,Bahía Solano,1226
2012-08-01,2012,8,CHOCO,Condoto,205
2012-08-01,2012,8,CHOCO,Nuquí,665
2012-08-01,2012,8,CHOCO,Quibdó,10744
2012-08-01,2012,8,CORDOBA,Montería,21975
2012-08-01,2012,8,GUAINIA,Barranco Minas,0
2012-08-01,2012,8,GUAINIA,Inírida,963
2012-08-01,2012,8,GUAVIARE,Miraflores,50
2012-08-01,2012,8,GUAVIARE,San José del Guaviare,1093
2012-08-01,2012,8,HUILA,Neiva,12240
2012-08-01,2012,8,LA GUAJIRA,Maicao,3393
2012-08-01,2012,8,LA GUAJIRA,Riohacha,3588
2012-08-01,2012,8,LA GUAJIRA,Uribia,1059
2012-08-01,2012,8,MAGDALENA,Santa Marta,40403
2012-08-01,2012,8,META,La Macarena,133
2012-08-01,2012,8,META,Puerto López,1
2012-08-01,2012,8,META,Villavicencio,2705
2012-08-01,2012,8,NARINO,Ipiales,278
2012-08-01,2012,8,NARINO,Pasto,9544
2012-08-01,2012,8,NARINO,San Andres de Tumaco,2593
2012-08-01,2012,8,NORTE DE SANTANDER,Cúcuta,38920
2012-08-01,2012,8,PUTUMAYO,Puerto Asís,1910
2012-08-01,2012,8,PUTUMAYO,Puerto Leguízamo,483
2012-08-01,2012,8,PUTUMAYO,Villagarzón,612
2012-08-01,2012,8,QUINDIO,Armenia,11577
2012-08-01,2012,8,RISARALDA,Pereira,38793
2012-08-01,2012,8,"SAN ANDRES, PROVIDENCIA Y SANTA CATALINA",Providencia,918
2012-08-01,2012,8,"SAN ANDRES, PROVIDENCIA Y SANTA CATALINA",San Andrés,38569
2012-08-01,2012,8,SANTANDER,Barrancabermeja,8385
2012-08-01,2012,8,SANTANDER,Bucaramanga,56209
2012-08-01,2012,8,SIN ESPECIFICAR,Sin Especificar,0
2012-08-01,2012,8,SUCRE,Corozal,1797
2012-08-01,2012,8,SUCRE,Coveñas,0
2012-08-01,2012,8,SUCRE,Santiago de Tolú,255
2012-08-01,2012,8,TOLIMA,Ibagué,6567
2012-08-01,2012,8,VALLE DEL CAUCA,Buenaventura,428
2012-08-01,2012,8,VALLE DEL CAUCA,Cali,135657
2012-08-01,2012,8,VAUPES,Caruru,96
2012-08-01,2012,8,VAUPES,Mitú,573
2012-08-01,2012,8,VAUPES,Pacoa,4
2012-08-01,2012,8,VAUPES,Taraira,18
2012-08-01,2012,8,VICHADA,Cumaribo,295
2012-08-01,2012,8,VICHADA,La Primavera,0
2012-08-01,2012,8,VICHADA,Puerto Carreño,1178
2012-09-01,2012,9,AMAZONAS,LA CHORRERA,80
2012-09-01,2012,9,AMAZONAS,La Pedrera,113
2012-09-01,2012,9,AMAZONAS,Leticia,6082
2012-09-01,2012,9,AMAZONAS,Tarapacá,122
2012-09-01,2012,9,ANTIOQUIA,Carepa,7475
2012-09-01,2012,9,ANTIOQUIA,Caucasia,1471
2012-09-01,2012,9,ANTIOQUIA,El Bagre,476
2012-09-01,2012,9,ANTIOQUIA,Medellín,37126
2012-09-01,2012,9,ANTIOQUIA,Remedios,382
2012-09-01,2012,9,ANTIOQUIA,Rionegro,172534
2012-09-01,2012,9,ARAUCA,Arauca,4459
2012-09-01,2012,9,ARAUCA,Tame,214
2012-09-01,2012,9,ATLANTICO,Barranquilla,72821
2012-09-01,2012,9,BOGOTA D.C.,"Bogotá, D.C.",512999
2012-09-01,2012,9,BOLIVAR,Cartagena,111018
2012-09-01,2012,9,CALDAS,Manizales,9239
2012-09-01,2012,9,CAQUETA,Florencia,3119
2012-09-01,2012,9,CAQUETA,San Vicente del Caguán,58
2012-09-01,2012,9,CAQUETA,Solano,0
2012-09-01,2012,9,CASANARE,Paz de Ariporo,21
2012-09-01,2012,9,CASANARE,Yopal,15273
2012-09-01,2012,9,CAUCA,Guapi,683
2012-09-01,2012,9,CAUCA,Popayán,3175
2012-09-01,2012,9,CESAR,San Martín,0
2012-09-01,2012,9,CESAR,Valledupar,12230
2012-09-01,2012,9,CHOCO,Acandí,293
2012-09-01,2012,9,CHOCO,Bahía Solano,1075
2012-09-01,2012,9,CHOCO,Condoto,252
2012-09-01,2012,9,CHOCO,Nuquí,562
2012-09-01,2012,9,CHOCO,Quibdó,11078
2012-09-01,2012,9,CORDOBA,Montería,21518
2012-09-01,2012,9,GUAINIA,Barranco Minas,0
2012-09-01,2012,9,GUAINIA,Inírida,682
2012-09-01,2012,9,GUAVIARE,Miraflores,186
2012-09-01,2012,9,GUAVIARE,San José del Guaviare,857
2012-09-01,2012,9,HUILA,Neiva,12214
2012-09-01,2012,9,LA GUAJIRA,Maicao,3453
2012-09-01,2012,9,LA GUAJIRA,Riohacha,3647
2012-09-01,2012,9,LA GUAJIRA,Uribia,1024
2012-09-01,2012,9,MAGDALENA,Santa Marta,32852
2012-09-01,2012,9,META,La Macarena,137
2012-09-01,2012,9,META,Puerto López,12
2012-09-01,2012,9,META,Villavicencio,2916
2012-09-01,2012,9,NARINO,Ipiales,287
2012-09-01,2012,9,NARINO,Pasto,9464
2012-09-01,2012,9,NARINO,San Andres de Tumaco,2566
2012-09-01,2012,9,NORTE DE SANTANDER,Cúcuta,37108
2012-09-01,2012,9,PUTUMAYO,Puerto Asís,1910
2012-09-01,2012,9,PUTUMAYO,Puerto Leguízamo,334
2012-09-01,2012,9,PUTUMAYO,Villagarzón,614
2012-09-01,2012,9,QUINDIO,Armenia,10126
2012-09-01,2012,9,RISARALDA,Pereira,33321
2012-09-01,2012,9,"SAN ANDRES, PROVIDENCIA Y SANTA CATALINA",Providencia,738
2012-09-01,2012,9,"SAN ANDRES, PROVIDENCIA Y SANTA CATALINA",San Andrés,36015
2012-09-01,2012,9,SANTANDER,Barrancabermeja,8573
2012-09-01,2012,9,SANTANDER,Bucaramanga,54250
2012-09-01,2012,9,SIN ESPECIFICAR,Sin Especificar,0
2012-09-01,2012,9,SUCRE,Corozal,1873
2012-09-01,2012,9,SUCRE,Santiago de Tolú,211
2012-09-01,2012,9,TOLIMA,Ibagué,6354
2012-09-01,2012,9,VALLE DEL CAUCA,Buenaventura,439
2012-09-01,2012,9,VALLE DEL CAUCA,Cali,120667
2012-09-01,2012,9,VAUPES,Caruru,120
2012-09-01,2012,9,VAUPES,Mitú,476
2012-09-01,2012,9,VAUPES,Pacoa,4
2012-09-01,2012,9,VAUPES,Taraira,11
2012-09-01,2012,9,VICHADA,Cumaribo,155
2012-09-01,2012,9,VICHADA,La Primavera,0
2012-09-01,2012,9,VICHADA,Puerto Carreño,1015
2012-10-01,2012,10,AMAZONAS,LA CHORRERA,46
2012-10-01,2012,10,AMAZONAS,La Pedrera,96
2012-10-01,2012,10,AMAZONAS,Leticia,7218
2012-10-01,2012,10,AMAZONAS,Tarapacá,71
2012-10-01,2012,10,ANTIOQUIA,Carepa,7910
2012-10-01,2012,10,ANTIOQUIA,Caucasia,1654
2012-10-01,2012,10,ANTIOQUIA,El Bagre,510
2012-10-01,2012,10,ANTIOQUIA,Medellín,38837
2012-10-01,2012,10,ANTIOQUIA,Remedios,374
2012-10-01,2012,10,ANTIOQUIA,Rionegro,190888
2012-10-01,2012,10,ARAUCA,Arauca,4072
2012-10-01,2012,10,ARAUCA,Tame,211
2012-10-01,2012,10,ATLANTICO,Barranquilla,73568
2012-10-01,2012,10,BOGOTA D.C.,"Bogotá, D.C.",540510
2012-10-01,2012,10,BOLIVAR,Cartagena,118122
2012-10-01,2012,10,CALDAS,Manizales,7935
2012-10-01,2012,10,CAQUETA,Florencia,3162
2012-10-01,2012,10,CAQUETA,San Vicente del Caguán,33
2012-10-01,2012,10,CAQUETA,Solano,0
2012-10-01,2012,10,CASANARE,Paz de Ariporo,33
2012-10-01,2012,10,CASANARE,Yopal,17304
2012-10-01,2012,10,CAUCA,Guapi,1093
2012-10-01,2012,10,CAUCA,Popayán,3188
2012-10-01,2012,10,CESAR,Valledupar,13366
2012-10-01,2012,10,CHOCO,Acandí,354
2012-10-01,2012,10,CHOCO,Bahía Solano,1025
2012-10-01,2012,10,CHOCO,Condoto,289
2012-10-01,2012,10,CHOCO,Nuquí,526
2012-10-01,2012,10,CHOCO,Quibdó,11484
2012-10-01,2012,10,CORDOBA,Montería,24786
2012-10-01,2012,10,GUAINIA,Barranco Minas,7
2012-10-01,2012,10,GUAINIA,Inírida,743
2012-10-01,2012,10,GUAVIARE,Miraflores,99
2012-10-01,2012,10,GUAVIARE,San José del Guaviare,757
2012-10-01,2012,10,HUILA,Neiva,13066
2012-10-01,2012,10,LA GUAJIRA,Riohacha,3894
2012-10-01,2012,10,MAGDALENA,Santa Marta,41382
2012-10-01,2012,10,META,La Macarena,171
2012-10-01,2012,10,META,Uribe,11
2012-10-01,2012,10,META,Villavicencio,3453
2012-10-01,2012,10,NARINO,Ipiales,314
2012-10-01,2012,10,NARINO,Pasto,9534
2012-10-01,2012,10,NARINO,San Andres de Tumaco,2776
2012-10-01,2012,10,NORTE DE SANTANDER,Cúcuta,37535
2012-10-01,2012,10,PUTUMAYO,Puerto Asís,2112
2012-10-01,2012,10,PUTUMAYO,Puerto Leguízamo,298
2012-10-01,2012,10,PUTUMAYO,Villagarzón,705
2012-10-01,2012,10,QUINDIO,Armenia,10469
2012-10-01,2012,10,RISARALDA,Pereira,36761
2012-10-01,2012,10,"SAN ANDRES, PROVIDENCIA Y SANTA CATALINA",Providencia,773
2012-10-01,2012,10,"SAN ANDRES, PROVIDENCIA Y SANTA CATALINA",San Andrés,39081
2012-10-01,2012,10,SANTANDER,Barrancabermeja,8873
2012-10-01,2012,10,SANTANDER,Bucaramanga,58099
2012-10-01,2012,10,SIN ESPECIFICAR,Sin Especificar,0
2012-10-01,2012,10,SUCRE,Corozal,1870
2012-10-01,2012,10,SUCRE,Santiago de Tolú,234
2012-10-01,2012,10,TOLIMA,Ibagué,6382
2012-10-01,2012,10,TOLIMA,San Sebastián de Mariquita,3
2012-10-01,2012,10,VALLE DEL CAUCA,Buenaventura,396
2012-10-01,2012,10,VALLE DEL CAUCA,Cali,133582
2012-10-01,2012,10,VALLE DEL CAUCA,Palmira,0
2012-10-01,2012,10,VAUPES,Caruru,232
2012-10-01,2012,10,VAUPES,Mitú,592
2012-10-01,2012,10,VAUPES,Taraira,17
2012-10-01,2012,10,VICHADA,Cumaribo,336
2012-10-01,2012,10,VICHADA,La Primavera,0
2012-10-01,2012,10,VICHADA,Puerto Carreño,1193
2012-11-01,2012,11,AMAZONAS,LA CHORRERA,51
2012-11-01,2012,11,AMAZONAS,La Pedrera,106
2012-11-01,2012,11,AMAZONAS,Leticia,7271
2012-11-01,2012,11,AMAZONAS,Tarapacá,94
2012-11-01,2012,11,ANTIOQUIA,Carepa,7356
2012-11-01,2012,11,ANTIOQUIA,Caucasia,1491
2012-11-01,2012,11,ANTIOQUIA,El Bagre,431
2012-11-01,2012,11,ANTIOQUIA,Medellín,39938
2012-11-01,2012,11,ANTIOQUIA,Remedios,390
2012-11-01,2012,11,ANTIOQUIA,Rionegro,203698
2012-11-01,2012,11,ARAUCA,Arauca,4938
2012-11-01,2012,11,ARAUCA,Tame,241
2012-11-01,2012,11,ATLANTICO,Barranquilla,74459
2012-11-01,2012,11,BOGOTA D.C.,"Bogotá, D.C.",532348
2012-11-01,2012,11,BOLIVAR,Cartagena,116790
2012-11-01,2012,11,CALDAS,Manizales,8201
2012-11-01,2012,11,CAQUETA,Florencia,3360
2012-11-01,2012,11,CAQUETA,San Vicente del Caguán,50
2012-11-01,2012,11,CAQUETA,Solano,0
2012-11-01,2012,11,CASANARE,Paz de Ariporo,22
2012-11-01,2012,11,CASANARE,Yopal,17445
2012-11-01,2012,11,CAUCA,Guapi,1111
2012-11-01,2012,11,CAUCA,Popayán,3150
2012-11-01,2012,11,CESAR,San Martín,18
2012-11-01,2012,11,CESAR,Valledupar,13068
2012-11-01,2012,11,CHOCO,Acandí,322
2012-11-01,2012,11,CHOCO,Bahía Solano,1009
2012-11-01,2012,11,CHOCO,Condoto,290
2012-11-01,2012,11,CHOCO,Nuquí,552
2012-11-01,2012,11,CHOCO,Quibdó,11951
2012-11-01,2012,11,CORDOBA,Montería,23594
2012-11-01,2012,11,GUAINIA,Barranco Minas,36
2012-11-01,2012,11,GUAINIA,Inírida,1226
2012-11-01,2012,11,GUAVIARE,Miraflores,100
2012-11-01,2012,11,GUAVIARE,San José del Guaviare,1009
2012-11-01,2012,11,HUILA,Neiva,12287
2012-11-01,2012,11,LA GUAJIRA,Maicao,3364
2012-11-01,2012,11,LA GUAJIRA,Riohacha,3684
2012-11-01,2012,11,LA GUAJIRA,Uribia,1014
2012-11-01,2012,11,MAGDALENA,Santa Marta,45089
2012-11-01,2012,11,META,La Macarena,224
2012-11-01,2012,11,META,Puerto López,0
2012-11-01,2012,11,META,Villavicencio,4159
2012-11-01,2012,11,NARINO,Ipiales,321
2012-11-01,2012,11,NARINO,Pasto,9871
2012-11-01,2012,11,NARINO,San Andres de Tumaco,2702
2012-11-01,2012,11,NORTE DE SANTANDER,Cúcuta,37605
2012-11-01,2012,11,PUTUMAYO,Puerto Asís,2203
2012-11-01,2012,11,PUTUMAYO,Puerto Leguízamo,267
2012-11-01,2012,11,PUTUMAYO,Villagarzón,824
2012-11-01,2012,11,QUINDIO,Armenia,10433
2012-11-01,2012,11,RISARALDA,Pereira,38023
2012-11-01,2012,11,"SAN ANDRES, PROVIDENCIA Y SANTA CATALINA",Providencia,760
2012-11-01,2012,11,"SAN ANDRES, PROVIDENCIA Y SANTA CATALINA",San Andrés,39916
2012-11-01,2012,11,SANTANDER,Barrancabermeja,8741
2012-11-01,2012,11,SANTANDER,Bucaramanga,57228
2012-11-01,2012,11,SIN ESPECIFICAR,Sin Especificar,0
2012-11-01,2012,11,SUCRE,Corozal,1722
2012-11-01,2012,11,SUCRE,Santiago de Tolú,156
2012-11-01,2012,11,TOLIMA,Ibagué,6159
2012-11-01,2012,11,TOLIMA,Melgar,0
2012-11-01,2012,11,VALLE DEL CAUCA,Buenaventura,468
2012-11-01,2012,11,VALLE DEL CAUCA,Cali,132366
2012-11-01,2012,11,VAUPES,Caruru,101
2012-11-01,2012,11,VAUPES,Mitú,847
2012-11-01,2012,11,VAUPES,Pacoa,3
2012-11-01,2012,11,VAUPES,Taraira,23
2012-11-01,2012,11,VICHADA,Cumaribo,357
2012-11-01,2012,11,VICHADA,La Primavera,0
2012-11-01,2012,11,VICHADA,Puerto Carreño,1518
2012-12-01,2012,12,AMAZONAS,LA CHORRERA,74
2012-12-01,2012,12,AMAZONAS,La Pedrera,127
2012-12-01,2012,12,AMAZONAS,Leticia,7438
2012-12-01,2012,12,AMAZONAS,Tarapacá,121
2012-12-01,2012,12,ANTIOQUIA,Carepa,7383
2012-12-01,2012,12,ANTIOQUIA,Caucasia,1299
2012-12-01,2012,12,ANTIOQUIA,El Bagre,460
2012-12-01,2012,12,ANTIOQUIA,Medellín,38842
2012-12-01,2012,12,ANTIOQUIA,Remedios,309
2012-12-01,2012,12,ANTIOQUIA,Rionegro,215707
2012-12-01,2012,12,ARAUCA,Arauca,4513
2012-12-01,2012,12,ARAUCA,Tame,246
2012-12-01,2012,12,ATLANTICO,Barranquilla,84993
2012-12-01,2012,12,BOGOTA D.C.,"Bogotá, D.C.",503325
2012-12-01,2012,12,BOLIVAR,Cartagena,139898
2012-12-01,2012,12,CALDAS,Manizales,8404
2012-12-01,2012,12,CAQUETA,Florencia,3098
2012-12-01,2012,12,CAQUETA,San Vicente del Caguán,67
2012-12-01,2012,12,CAQUETA,Solano,0
2012-12-01,2012,12,CASANARE,Paz de Ariporo,41
2012-12-01,2012,12,CASANARE,Yopal,15949
2012-12-01,2012,12,CAUCA,Guapi,1239
2012-12-01,2012,12,CAUCA,Popayán,3372
2012-12-01,2012,12,CESAR,LA JAGUA DE IBIRICO,0
2012-12-01,2012,12,CESAR,San Martín,15
2012-12-01,2012,12,CESAR,Valledupar,13842
2012-12-01,2012,12,CHOCO,Acandí,587
2012-12-01,2012,12,CHOCO,Bahía Solano,1489
2012-12-01,2012,12,CHOCO,Condoto,315
2012-12-01,2012,12,CHOCO,Nuquí,732
2012-12-01,2012,12,CHOCO,Quibdó,15801
2012-12-01,2012,12,CORDOBA,Montería,27747
2012-12-01,2012,12,GUAINIA,Barranco Minas,64
2012-12-01,2012,12,GUAINIA,Inírida,1149
2012-12-01,2012,12,GUAVIARE,Miraflores,308
2012-12-01,2012,12,GUAVIARE,San José del Guaviare,1097
2012-12-01,2012,12,HUILA,Neiva,12210
2012-12-01,2012,12,LA GUAJIRA,Maicao,3182
2012-12-01,2012,12,LA GUAJIRA,Riohacha,4053
2012-12-01,2012,12,LA GUAJIRA,Uribia,953
2012-12-01,2012,12,MAGDALENA,Santa Marta,57842
2012-12-01,2012,12,META,La Macarena,74
2012-12-01,2012,12,META,Villavicencio,3482
2012-12-01,2012,12,NARINO,Ipiales,314
2012-12-01,2012,12,NARINO,Pasto,10070
2012-12-01,2012,12,NARINO,San Andres de Tumaco,2849
2012-12-01,2012,12,NORTE DE SANTANDER,Cúcuta,40046
2012-12-01,2012,12,PUTUMAYO,Puerto Asís,2082
2012-12-01,2012,12,PUTUMAYO,Puerto Leguízamo,278
2012-12-01,2012,12,PUTUMAYO,Villagarzón,792
2012-12-01,2012,12,QUINDIO,Armenia,9484
2012-12-01,2012,12,RISARALDA,Pereira,39114
2012-12-01,2012,12,"SAN ANDRES, PROVIDENCIA Y SANTA CATALINA",Providencia,1067
2012-12-01,2012,12,"SAN ANDRES, PROVIDENCIA Y SANTA CATALINA",San Andrés,49785
2012-12-01,2012,12,SANTANDER,Barrancabermeja,8293
2012-12-01,2012,12,SANTANDER,Bucaramanga,58432
2012-12-01,2012,12,SIN ESPECIFICAR,Sin Especificar,0
2012-12-01,2012,12,SUCRE,Corozal,2019
2012-12-01,2012,12,SUCRE,Santiago de Tolú,429
2012-12-01,2012,12,TOLIMA,Ibagué,5867
2012-12-01,2012,12,VALLE DEL CAUCA,Buenaventura,404
2012-12-01,2012,12,VALLE DEL CAUCA,Cali,141946
2012-12-01,2012,12,VAUPES,Caruru,142
2012-12-01,2012,12,VAUPES,Mitú,839
2012-12-01,2012,12,VAUPES,Pacoa,0
2012-12-01,2012,12,VAUPES,Taraira,45
2012-12-01,2012,12,VICHADA,Cumaribo,467
2012-12-01,2012,12,VICHADA,La Primavera,0
2012-12-01,2012,12,VICHADA,Puerto Carreño,1446
2013-01-01,2013,1,AMAZONAS,LA CHORRERA,32
2013-01-01,2013,1,AMAZONAS,La Pedrera,87
2013-01-01,2013,1,AMAZONAS,Leticia,6975
2013-01-01,2013,1,AMAZONAS,Tarapacá,98
2013-01-01,2013,1,ANTIOQUIA,Carepa,7058
2013-01-01,2013,1,ANTIOQUIA,Caucasia,992
2013-01-01,2013,1,ANTIOQUIA,El Bagre,373
2013-01-01,2013,1,ANTIOQUIA,Medellín,39683
2013-01-01,2013,1,ANTIOQUIA,Remedios,257
2013-01-01,2013,1,ANTIOQUIA,Rionegro,201480
2013-01-01,2013,1,ARAUCA,Arauca,4191
2013-01-01,2013,1,ARAUCA,Cravo Norte,6
2013-01-01,2013,1,ARAUCA,Tame,227
2013-01-01,2013,1,ATLANTICO,Barranquilla,76506
2013-01-01,2013,1,BOGOTA D.C.,"Bogotá, D.C.",579605
2013-01-01,2013,1,BOLIVAR,Cartagena,135863
2013-01-01,2013,1,CALDAS,Manizales,7820
2013-01-01,2013,1,CAQUETA,Florencia,2796
2013-01-01,2013,1,CAQUETA,San Vicente del Caguán,59
2013-01-01,2013,1,CAQUETA,Solano,0
2013-01-01,2013,1,CASANARE,Paz de Ariporo,36
2013-01-01,2013,1,CASANARE,Yopal,14679
2013-01-01,2013,1,CAUCA,Guapi,968
2013-01-01,2013,1,CAUCA,Popayán,2601
2013-01-01,2013,1,CESAR,Valledupar,11203
2013-01-01,2013,1,CHOCO,Acandí,562
2013-01-01,2013,1,CHOCO,Bahía Solano,1322
2013-01-01,2013,1,CHOCO,Condoto,205
2013-01-01,2013,1,CHOCO,Nuquí,441
2013-01-01,2013,1,CHOCO,Quibdó,11853
2013-01-01,2013,1,CORDOBA,Montería,22845
2013-01-01,2013,1,GUAINIA,Barranco Minas,140
2013-01-01,2013,1,GUAINIA,Inírida,1175
2013-01-01,2013,1,GUAVIARE,Miraflores,199
2013-01-01,2013,1,GUAVIARE,San José del Guaviare,832
2013-01-01,2013,1,HUILA,Neiva,10580
2013-01-01,2013,1,LA GUAJIRA,Maicao,3329
2013-01-01,2013,1,LA GUAJIRA,Riohacha,3720
2013-01-01,2013,1,LA GUAJIRA,Uribia,1084
2013-01-01,2013,1,MAGDALENA,Santa Marta,56185
2013-01-01,2013,1,META,La Macarena,53
2013-01-01,2013,1,META,Villavicencio,3178
2013-01-01,2013,1,NARINO,Ipiales,232
2013-01-01,2013,1,NARINO,Pasto,8120
2013-01-01,2013,1,NARINO,San Andres de Tumaco,2486
2013-01-01,2013,1,NORTE DE SANTANDER,Cúcuta,37029
2013-01-01,2013,1,PUTUMAYO,Puerto Asís,1910
2013-01-01,2013,1,PUTUMAYO,Puerto Leguízamo,235
2013-01-01,2013,1,PUTUMAYO,Villagarzón,616
2013-01-01,2013,1,QUINDIO,Armenia,9108
2013-01-01,2013,1,RISARALDA,Pereira,36181
2013-01-01,2013,1,"SAN ANDRES, PROVIDENCIA Y SANTA CATALINA",Providencia,1434
2013-01-01,2013,1,"SAN ANDRES, PROVIDENCIA Y SANTA CATALINA",San Andrés,45498
2013-01-01,2013,1,SANTANDER,Barrancabermeja,6823
2013-01-01,2013,1,SANTANDER,Bucaramanga,49520
2013-01-01,2013,1,SIN ESPECIFICAR,Sin Especificar,0
2013-01-01,2013,1,SUCRE,Corozal,1464
2013-01-01,2013,1,SUCRE,Coveñas,0
2013-01-01,2013,1,SUCRE,Santiago de Tolú,357
2013-01-01,2013,1,TOLIMA,Ibagué,4797
2013-01-01,2013,1,TOLIMA,natagaima,0
2013-01-01,2013,1,VALLE DEL CAUCA,Buenaventura,429
2013-01-01,2013,1,VALLE DEL CAUCA,Cali,122916
2013-01-01,2013,1,VAUPES,Caruru,145
2013-01-01,2013,1,VAUPES,Mitú,656
2013-01-01,2013,1,VAUPES,Taraira,0
2013-01-01,2013,1,VICHADA,Cumaribo,216
2013-01-01,2013,1,VICHADA,La Primavera,0
2013-01-01,2013,1,VICHADA,Puerto Carreño,1669
2013-02-01,2013,2,AMAZONAS,LA CHORRERA,49
2013-02-01,2013,2,AMAZONAS,La Pedrera,96
2013-02-01,2013,2,AMAZONAS,Leticia,5187
2013-02-01,2013,2,AMAZONAS,Tarapacá,84
2013-02-01,2013,2,ANTIOQUIA,Carepa,7467
2013-02-01,2013,2,ANTIOQUIA,Caucasia,1206
2013-02-01,2013,2,ANTIOQUIA,El Bagre,422
2013-02-01,2013,2,ANTIOQUIA,Medellín,33512
2013-02-01,2013,2,ANTIOQUIA,Remedios,254
2013-02-01,2013,2,ANTIOQUIA,Rionegro,173573
2013-02-01,2013,2,ARAUCA,Arauca,3974
2013-02-01,2013,2,ARAUCA,Cravo Norte,61
2013-02-01,2013,2,ARAUCA,Tame,216
2013-02-01,2013,2,ATLANTICO,Barranquilla,64537
2013-02-01,2013,2,BOGOTA D.C.,"Bogotá, D.C.",490715
2013-02-01,2013,2,BOLIVAR,Cartagena,107093
2013-02-01,2013,2,CALDAS,Manizales,6698
2013-02-01,2013,2,CAQUETA,Florencia,2948
2013-02-01,2013,2,CAQUETA,San Vicente del Caguán,41
2013-02-01,2013,2,CAQUETA,Solano,0
2013-02-01,2013,2,CASANARE,Paz de Ariporo,33
2013-02-01,2013,2,CASANARE,Yopal,15817
2013-02-01,2013,2,CAUCA,Guapi,693
2013-02-01,2013,2,CAUCA,Popayán,2797
2013-02-01,2013,2,CESAR,Valledupar,10943
2013-02-01,2013,2,CHOCO,Acandí,311
2013-02-01,2013,2,CHOCO,Bahía Solano,959
2013-02-01,2013,2,CHOCO,Condoto,246
2013-02-01,2013,2,CHOCO,Nuquí,425
2013-02-01,2013,2,CHOCO,Quibdó,10933
2013-02-01,2013,2,CORDOBA,Montería,21827
2013-02-01,2013,2,GUAINIA,Barranco Minas,128
2013-02-01,2013,2,GUAINIA,Inírida,1100
2013-02-01,2013,2,GUAVIARE,Miraflores,314
2013-02-01,2013,2,GUAVIARE,San José del Guaviare,1057
2013-02-01,2013,2,HUILA,Neiva,11322
2013-02-01,2013,2,LA GUAJIRA,Maicao,1084
2013-02-01,2013,2,LA GUAJIRA,Riohacha,3002
2013-02-01,2013,2,LA GUAJIRA,Uribia,412
2013-02-01,2013,2,MAGDALENA,Santa Marta,42653
2013-02-01,2013,2,META,La Macarena,52
2013-02-01,2013,2,META,Villavicencio,3290
2013-02-01,2013,2,NARINO,Ipiales,259
2013-02-01,2013,2,NARINO,Pasto,8302
2013-02-01,2013,2,NARINO,San Andres de Tumaco,2410
2013-02-01,2013,2,NORTE DE SANTANDER,Cúcuta,31559
2013-02-01,2013,2,PUTUMAYO,Puerto Asís,2062
2013-02-01,2013,2,PUTUMAYO,Puerto Leguízamo,240
2013-02-01,2013,2,PUTUMAYO,Villagarzón,714
2013-02-01,2013,2,QUINDIO,Armenia,9048
2013-02-01,2013,2,RISARALDA,Pereira,35992
2013-02-01,2013,2,"SAN ANDRES, PROVIDENCIA Y SANTA CATALINA",Providencia,1338
2013-02-01,2013,2,"SAN ANDRES, PROVIDENCIA Y SANTA CATALINA",San Andrés,34288
2013-02-01,2013,2,SANTANDER,Barrancabermeja,8013
2013-02-01,2013,2,SANTANDER,Bucaramanga,48914
2013-02-01,2013,2,SIN ESPECIFICAR,Sin Especificar,3
2013-02-01,2013,2,SUCRE,Corozal,1373
2013-02-01,2013,2,SUCRE,Coveñas,0
2013-02-01,2013,2,SUCRE,Santiago de Tolú,168
2013-02-01,2013,2,TOLIMA,Ibagué,5662
2013-02-01,2013,2,VALLE DEL CAUCA,Buenaventura,449
2013-02-01,2013,2,VALLE DEL CAUCA,Cali,114043
2013-02-01,2013,2,VAUPES,Caruru,109
2013-02-01,2013,2,VAUPES,Mitú,551
2013-02-01,2013,2,VAUPES,Pacoa,0
2013-02-01,2013,2,VAUPES,Taraira,20
2013-02-01,2013,2,VICHADA,Cumaribo,318
2013-02-01,2013,2,VICHADA,La Primavera,0
2013-02-01,2013,2,VICHADA,Puerto Carreño,1447
2013-03-01,2013,3,AMAZONAS,LA CHORRERA,74
2013-03-01,2013,3,AMAZONAS,La Pedrera,165
2013-03-01,2013,3,AMAZONAS,Leticia,6192
2013-03-01,2013,3,AMAZONAS,Tarapacá,121
2013-03-01,2013,3,ANTIOQUIA,Carepa,7869
2013-03-01,2013,3,ANTIOQUIA,Caucasia,1395
2013-03-01,2013,3,ANTIOQUIA,El Bagre,391
2013-03-01,2013,3,ANTIOQUIA,Medellín,36518
2013-03-01,2013,3,ANTIOQUIA,Remedios,269
2013-03-01,2013,3,ANTIOQUIA,Rionegro,197108
2013-03-01,2013,3,ANTIOQUIA,San Juan de Uraba,3
2013-03-01,2013,3,ARAUCA,Arauca,4227
2013-03-01,2013,3,ARAUCA,Tame,222
2013-03-01,2013,3,ATLANTICO,Barranquilla,73919
2013-03-01,2013,3,BOGOTA D.C.,"Bogotá, D.C.",530678
2013-03-01,2013,3,BOLIVAR,Cartagena,117155
2013-03-01,2013,3,CALDAS,Manizales,8439
2013-03-01,2013,3,CAQUETA,Florencia,3157
2013-03-01,2013,3,CAQUETA,San Vicente del Caguán,91
2013-03-01,2013,3,CAQUETA,Solano,0
2013-03-01,2013,3,CASANARE,Paz de Ariporo,42
2013-03-01,2013,3,CASANARE,Yopal,15539
2013-03-01,2013,3,CAUCA,Guapi,634
2013-03-01,2013,3,CAUCA,Popayán,2958
2013-03-01,2013,3,CESAR,San Martín,5
2013-03-01,2013,3,CESAR,Valledupar,12065
2013-03-01,2013,3,CHOCO,Acandí,469
2013-03-01,2013,3,CHOCO,Bahía Solano,1103
2013-03-01,2013,3,CHOCO,Condoto,154
2013-03-01,2013,3,CHOCO,Nuquí,458
2013-03-01,2013,3,CHOCO,Quibdó,12802
2013-03-01,2013,3,CORDOBA,Montería,27056
2013-03-01,2013,3,GUAINIA,Barranco Minas,72
2013-03-01,2013,3,GUAINIA,Inírida,951
2013-03-01,2013,3,GUAVIARE,Miraflores,325
2013-03-01,2013,3,GUAVIARE,San José del Guaviare,907
2013-03-01,2013,3,HUILA,Neiva,11970
2013-03-01,2013,3,LA GUAJIRA,Maicao,1805
2013-03-01,2013,3,LA GUAJIRA,Riohacha,3536
2013-03-01,2013,3,LA GUAJIRA,Uribia,861
2013-03-01,2013,3,MAGDALENA,Santa Marta,50074
2013-03-01,2013,3,META,La Macarena,63
2013-03-01,2013,3,META,Villavicencio,3470
2013-03-01,2013,3,NARINO,Ipiales,360
2013-03-01,2013,3,NARINO,Pasto,9760
2013-03-01,2013,3,NARINO,San Andres de Tumaco,2617
2013-03-01,2013,3,NORTE DE SANTANDER,Cúcuta,33570
2013-03-01,2013,3,PUTUMAYO,Puerto Asís,2068
2013-03-01,2013,3,PUTUMAYO,Puerto Leguízamo,206
2013-03-01,2013,3,PUTUMAYO,Villagarzón,863
2013-03-01,2013,3,QUINDIO,Armenia,10024
2013-03-01,2013,3,RISARALDA,Pereira,40056
2013-03-01,2013,3,"SAN ANDRES, PROVIDENCIA Y SANTA CATALINA",Providencia,1567
2013-03-01,2013,3,"SAN ANDRES, PROVIDENCIA Y SANTA CATALINA",San Andrés,37627
2013-03-01,2013,3,SANTANDER,Barrancabermeja,7920
2013-03-01,2013,3,SANTANDER,Bucaramanga,56905
2013-03-01,2013,3,SIN ESPECIFICAR,Sin Especificar,0
2013-03-01,2013,3,SUCRE,Corozal,1514
2013-03-01,2013,3,SUCRE,Coveñas,0
2013-03-01,2013,3,SUCRE,Santiago de Tolú,431
2013-03-01,2013,3,TOLIMA,Ibagué,5787
2013-03-01,2013,3,TOLIMA,natagaima,0
2013-03-01,2013,3,VALLE DEL CAUCA,Buenaventura,372
2013-03-01,2013,3,VALLE DEL CAUCA,Cali,131440
2013-03-01,2013,3,VAUPES,Caruru,155
2013-03-01,2013,3,VAUPES,Mitú,605
2013-03-01,2013,3,VAUPES,Pacoa,18
2013-03-01,2013,3,VAUPES,Taraira,10
2013-03-01,2013,3,VICHADA,Cumaribo,439
2013-03-01,2013,3,VICHADA,La Primavera,0
2013-03-01,2013,3,VICHADA,Puerto Carreño,1417
2013-04-01,2013,4,AMAZONAS,LA CHORRERA,39
2013-04-01,2013,4,AMAZONAS,La Pedrera,101
2013-04-01,2013,4,AMAZONAS,Leticia,5782
2013-04-01,2013,4,AMAZONAS,Tarapacá,90
2013-04-01,2013,4,ANTIOQUIA,Carepa,8860
2013-04-01,2013,4,ANTIOQUIA,Caucasia,1636
2013-04-01,2013,4,ANTIOQUIA,El Bagre,435
2013-04-01,2013,4,ANTIOQUIA,Medellín,37313
2013-04-01,2013,4,ANTIOQUIA,Remedios,313
2013-04-01,2013,4,ANTIOQUIA,Rionegro,191955
2013-04-01,2013,4,ARAUCA,Arauca,4893
2013-04-01,2013,4,ARAUCA,Tame,247
2013-04-01,2013,4,ATLANTICO,Barranquilla,69379
2013-04-01,2013,4,BOGOTA D.C.,"Bogotá, D.C.",550103
2013-04-01,2013,4,BOLIVAR,Cartagena,102561
2013-04-01,2013,4,CALDAS,Manizales,8445
2013-04-01,2013,4,CAQUETA,Florencia,3053
2013-04-01,2013,4,CAQUETA,San Vicente del Caguán,78
2013-04-01,2013,4,CAQUETA,Solano,0
2013-04-01,2013,4,CASANARE,Paz de Ariporo,26
2013-04-01,2013,4,CASANARE,Yopal,16643
2013-04-01,2013,4,CAUCA,Guapi,660
2013-04-01,2013,4,CAUCA,Popayán,3033
2013-04-01,2013,4,CESAR,Valledupar,13644
2013-04-01,2013,4,CHOCO,Acandí,299
2013-04-01,2013,4,CHOCO,Bahía Solano,956
2013-04-01,2013,4,CHOCO,Condoto,197
2013-04-01,2013,4,CHOCO,Nuquí,467
2013-04-01,2013,4,CHOCO,Quibdó,13210
2013-04-01,2013,4,CORDOBA,Montería,24100
2013-04-01,2013,4,GUAINIA,Barranco Minas,36
2013-04-01,2013,4,GUAINIA,Inírida,1038
2013-04-01,2013,4,GUAVIARE,Miraflores,205
2013-04-01,2013,4,GUAVIARE,San José del Guaviare,927
2013-04-01,2013,4,HUILA,Neiva,12358
2013-04-01,2013,4,LA GUAJIRA,Maicao,3483
2013-04-01,2013,4,LA GUAJIRA,Riohacha,3508
2013-04-01,2013,4,LA GUAJIRA,Uribia,1049
2013-04-01,2013,4,MAGDALENA,Santa Marta,45654
2013-04-01,2013,4,META,La Macarena,45
2013-04-01,2013,4,META,Villavicencio,3577
2013-04-01,2013,4,NARINO,Ipiales,271
2013-04-01,2013,4,NARINO,Pasto,9026
2013-04-01,2013,4,NARINO,San Andres de Tumaco,2533
2013-04-01,2013,4,NORTE DE SANTANDER,Cúcuta,32171
2013-04-01,2013,4,PUTUMAYO,Puerto Asís,2133
2013-04-01,2013,4,PUTUMAYO,Puerto Leguízamo,321
2013-04-01,2013,4,PUTUMAYO,Villagarzón,922
2013-04-01,2013,4,QUINDIO,Armenia,9181
2013-04-01,2013,4,RISARALDA,Pereira,38225
2013-04-01,2013,4,"SAN ANDRES, PROVIDENCIA Y SANTA CATALINA",Providencia,1095
2013-04-01,2013,4,"SAN ANDRES, PROVIDENCIA Y SANTA CATALINA",San Andrés,32600
2013-04-01,2013,4,SANTANDER,Barrancabermeja,8710
2013-04-01,2013,4,SANTANDER,Bucaramanga,55664
2013-04-01,2013,4,SIN ESPECIFICAR,Sin Especificar,0
2013-04-01,2013,4,SUCRE,Corozal,1497
2013-04-01,2013,4,SUCRE,Santiago de Tolú,160
2013-04-01,2013,4,TOLIMA,Ibagué,5954
2013-04-01,2013,4,VALLE DEL CAUCA,Buenaventura,420
2013-04-01,2013,4,VALLE DEL CAUCA,Cali,134288
2013-04-01,2013,4,VAUPES,Caruru,128
2013-04-01,2013,4,VAUPES,Mitú,528
2013-04-01,2013,4,VAUPES,Taraira,2
2013-04-01,2013,4,VICHADA,Cumaribo,151
2013-04-01,2013,4,VICHADA,La Primavera,0
2013-04-01,2013,4,VICHADA,Puerto Carreño,1376
2013-05-01,2013,5,AMAZONAS,LA CHORRERA,60
2013-05-01,2013,5,AMAZONAS,La Pedrera,93
2013-05-01,2013,5,AMAZONAS,Leticia,6776
2013-05-01,2013,5,AMAZONAS,Tarapacá,99
2013-05-01,2013,5,ANTIOQUIA,Carepa,9501
2013-05-01,2013,5,ANTIOQUIA,Caucasia,1601
2013-05-01,2013,5,ANTIOQUIA,El Bagre,381
2013-05-01,2013,5,ANTIOQUIA,Medellín,39178
2013-05-01,2013,5,ANTIOQUIA,Remedios,300
2013-05-01,2013,5,ANTIOQUIA,Rionegro,206271
2013-05-01,2013,5,ARAUCA,Arauca,4845
2013-05-01,2013,5,ARAUCA,Tame,317
2013-05-01,2013,5,ATLANTICO,Barranquilla,75199
2013-05-01,2013,5,BOGOTA D.C.,"Bogotá, D.C.",582630
2013-05-01,2013,5,BOLIVAR,Cartagena,114707
2013-05-01,2013,5,CALDAS,Manizales,7758
2013-05-01,2013,5,CAQUETA,Florencia,3250
2013-05-01,2013,5,CAQUETA,Morelia,0
2013-05-01,2013,5,CAQUETA,San Vicente del Caguán,75
2013-05-01,2013,5,CAQUETA,Solano,0
2013-05-01,2013,5,CASANARE,Paz de Ariporo,87
2013-05-01,2013,5,CASANARE,Yopal,17152
2013-05-01,2013,5,CAUCA,Guapi,685
2013-05-01,2013,5,CAUCA,Popayán,3095
2013-05-01,2013,5,CESAR,Valledupar,13436
2013-05-01,2013,5,CHOCO,Acandí,140
2013-05-01,2013,5,CHOCO,Bahía Solano,884
2013-05-01,2013,5,CHOCO,Condoto,169
2013-05-01,2013,5,CHOCO,Nuquí,463
2013-05-01,2013,5,CHOCO,Quibdó,13675
2013-05-01,2013,5,CORDOBA,Montería,27677
2013-05-01,2013,5,GUAINIA,Barranco Minas,2
2013-05-01,2013,5,GUAINIA,Inírida,977
2013-05-01,2013,5,GUAVIARE,Miraflores,216
2013-05-01,2013,5,GUAVIARE,San José del Guaviare,784
2013-05-01,2013,5,HUILA,Neiva,13025
2013-05-01,2013,5,LA GUAJIRA,Maicao,3637
2013-05-01,2013,5,LA GUAJIRA,Riohacha,3783
2013-05-01,2013,5,LA GUAJIRA,Uribia,1485
2013-05-01,2013,5,MAGDALENA,Santa Marta,50797
2013-05-01,2013,5,META,La Macarena,37
2013-05-01,2013,5,META,Villavicencio,3675
2013-05-01,2013,5,NARINO,Ipiales,261
2013-05-01,2013,5,NARINO,Pasto,8815
2013-05-01,2013,5,NARINO,San Andres de Tumaco,2514
2013-05-01,2013,5,NORTE DE SANTANDER,Cúcuta,35443
2013-05-01,2013,5,PUTUMAYO,Puerto Asís,2237
2013-05-01,2013,5,PUTUMAYO,Puerto Leguízamo,310
2013-05-01,2013,5,PUTUMAYO,Villagarzón,871
2013-05-01,2013,5,QUINDIO,Armenia,10409
2013-05-01,2013,5,RISARALDA,Pereira,42374
2013-05-01,2013,5,"SAN ANDRES, PROVIDENCIA Y SANTA CATALINA",Providencia,1196
2013-05-01,2013,5,"SAN ANDRES, PROVIDENCIA Y SANTA CATALINA",San Andrés,36638
2013-05-01,2013,5,SANTANDER,Barrancabermeja,8657
2013-05-01,2013,5,SANTANDER,Bucaramanga,61662
2013-05-01,2013,5,SIN ESPECIFICAR,Sin Especificar,0
2013-05-01,2013,5,SUCRE,Corozal,1542
2013-05-01,2013,5,SUCRE,Coveñas,0
2013-05-01,2013,5,SUCRE,Santiago de Tolú,250
2013-05-01,2013,5,TOLIMA,Ibagué,5942
2013-05-01,2013,5,VALLE DEL CAUCA,Buenaventura,399
2013-05-01,2013,5,VALLE DEL CAUCA,Cali,146258
2013-05-01,2013,5,VAUPES,Caruru,40
2013-05-01,2013,5,VAUPES,Mitú,805
2013-05-01,2013,5,VAUPES,Pacoa,0
2013-05-01,2013,5,VAUPES,Taraira,65
2013-05-01,2013,5,VICHADA,Cumaribo,128
2013-05-01,2013,5,VICHADA,La Primavera,0
2013-05-01,2013,5,VICHADA,Puerto Carreño,1387
2013-06-01,2013,6,AMAZONAS,LA CHORRERA,69
2013-06-01,2013,6,AMAZONAS,La Pedrera,130
2013-06-01,2013,6,AMAZONAS,Leticia,8075
2013-06-01,2013,6,AMAZONAS,Tarapacá,120
2013-06-01,2013,6,ANTIOQUIA,Carepa,9069
2013-06-01,2013,6,ANTIOQUIA,Caucasia,1373
2013-06-01,2013,6,ANTIOQUIA,El Bagre,383
2013-06-01,2013,6,ANTIOQUIA,Medellín,40554
2013-06-01,2013,6,ANTIOQUIA,Remedios,246
2013-06-01,2013,6,ANTIOQUIA,Rionegro,220209
2013-06-01,2013,6,ARAUCA,Arauca,4538
2013-06-01,2013,6,ARAUCA,Tame,237
2013-06-01,2013,6,ATLANTICO,Barranquilla,82834
2013-06-01,2013,6,BOGOTA D.C.,"Bogotá, D.C.",577898
2013-06-01,2013,6,BOLIVAR,Cartagena,129371
2013-06-01,2013,6,CALDAS,Manizales,8504
2013-06-01,2013,6,CAQUETA,Florencia,2826
2013-06-01,2013,6,CAQUETA,Morelia,0
2013-06-01,2013,6,CAQUETA,San Vicente del Caguán,81
2013-06-01,2013,6,CAQUETA,Solano,0
2013-06-01,2013,6,CASANARE,Paz de Ariporo,33
2013-06-01,2013,6,CASANARE,Yopal,16013
2013-06-01,2013,6,CAUCA,Guapi,668
2013-06-01,2013,6,CAUCA,Popayán,3040
2013-06-01,2013,6,CESAR,Valledupar,12909
2013-06-01,2013,6,CHOCO,Acandí,298
2013-06-01,2013,6,CHOCO,Bahía Solano,925
2013-06-01,2013,6,CHOCO,Condoto,156
2013-06-01,2013,6,CHOCO,Nuquí,512
2013-06-01,2013,6,CHOCO,Quibdó,14870
2013-06-01,2013,6,CORDOBA,Montería,34430
2013-06-01,2013,6,GUAINIA,Barranco Minas,0
2013-06-01,2013,6,GUAINIA,Inírida,1019
2013-06-01,2013,6,GUAVIARE,Miraflores,110
2013-06-01,2013,6,GUAVIARE,San José del Guaviare,1103
2013-06-01,2013,6,HUILA,Neiva,12567
2013-06-01,2013,6,LA GUAJIRA,Maicao,3217
2013-06-01,2013,6,LA GUAJIRA,Riohacha,4092
2013-06-01,2013,6,LA GUAJIRA,Uribia,903
2013-06-01,2013,6,MAGDALENA,Santa Marta,57513
2013-06-01,2013,6,META,La Macarena,53
2013-06-01,2013,6,META,Villavicencio,3869
2013-06-01,2013,6,NARINO,Ipiales,277
2013-06-01,2013,6,NARINO,Pasto,9825
2013-06-01,2013,6,NARINO,San Andres de Tumaco,2685
2013-06-01,2013,6,NORTE DE SANTANDER,Cúcuta,35662
2013-06-01,2013,6,PUTUMAYO,Puerto Asís,2073
2013-06-01,2013,6,PUTUMAYO,Puerto Leguízamo,249
2013-06-01,2013,6,PUTUMAYO,Villagarzón,717
2013-06-01,2013,6,QUINDIO,Armenia,10464
2013-06-01,2013,6,RISARALDA,Pereira,40897
2013-06-01,2013,6,"SAN ANDRES, PROVIDENCIA Y SANTA CATALINA",Providencia,1401
2013-06-01,2013,6,"SAN ANDRES, PROVIDENCIA Y SANTA CATALINA",San Andrés,48777
2013-06-01,2013,6,SANTANDER,Barrancabermeja,8320
2013-06-01,2013,6,SANTANDER,Bucaramanga,59384
2013-06-01,2013,6,SIN ESPECIFICAR,Sin Especificar,0
2013-06-01,2013,6,SUCRE,Corozal,1635
2013-06-01,2013,6,SUCRE,Coveñas,0
2013-06-01,2013,6,SUCRE,Santiago de Tolú,540
2013-06-01,2013,6,TOLIMA,Ibagué,5506
2013-06-01,2013,6,VALLE DEL CAUCA,Buenaventura,434
2013-06-01,2013,6,VALLE DEL CAUCA,Cali,145698
2013-06-01,2013,6,VAUPES,Caruru,189
2013-06-01,2013,6,VAUPES,Mitú,420
2013-06-01,2013,6,VAUPES,Taraira,0
2013-06-01,2013,6,VICHADA,Cumaribo,285
2013-06-01,2013,6,VICHADA,La Primavera,0
2013-06-01,2013,6,VICHADA,Puerto Carreño,1390
2013-07-01,2013,7,AMAZONAS,LA CHORRERA,58
2013-07-01,2013,7,AMAZONAS,La Pedrera,104
2013-07-01,2013,7,AMAZONAS,Leticia,8449
2013-07-01,2013,7,AMAZONAS,Tarapacá,99
2013-07-01,2013,7,ANTIOQUIA,Carepa,9918
2013-07-01,2013,7,ANTIOQUIA,Caucasia,1064
2013-07-01,2013,7,ANTIOQUIA,El Bagre,432
2013-07-01,2013,7,ANTIOQUIA,Medellín,43286
2013-07-01,2013,7,ANTIOQUIA,Remedios,233
2013-07-01,2013,7,ANTIOQUIA,Rionegro,232331
2013-07-01,2013,7,ARAUCA,Arauca,4722
2013-07-01,2013,7,ARAUCA,Tame,277
2013-07-01,2013,7,ATLANTICO,Barranquilla,84993
2013-07-01,2013,7,BOGOTA D.C.,"Bogotá, D.C.",631443
2013-07-01,2013,7,BOLIVAR,Cartagena,130625
2013-07-01,2013,7,CALDAS,Manizales,8450
2013-07-01,2013,7,CAQUETA,Florencia,3316
2013-07-01,2013,7,CAQUETA,San Vicente del Caguán,83
2013-07-01,2013,7,CAQUETA,Solano,0
2013-07-01,2013,7,CASANARE,Paz de Ariporo,24
2013-07-01,2013,7,CASANARE,Yopal,16216
2013-07-01,2013,7,CAUCA,Guapi,751
2013-07-01,2013,7,CAUCA,Popayán,3214
2013-07-01,2013,7,CESAR,San Martín,5
2013-07-01,2013,7,CESAR,Valledupar,13155
2013-07-01,2013,7,CHOCO,Acandí,353
2013-07-01,2013,7,CHOCO,Bahía Solano,1662
2013-07-01,2013,7,CHOCO,Condoto,13
2013-07-01,2013,7,CHOCO,Nuquí,652
2013-07-01,2013,7,CHOCO,Quibdó,14139
2013-07-01,2013,7,CORDOBA,Montería,34879
2013-07-01,2013,7,GUAINIA,Barranco Minas,88
2013-07-01,2013,7,GUAINIA,Inírida,924
2013-07-01,2013,7,GUAVIARE,Miraflores,209
2013-07-01,2013,7,GUAVIARE,San José del Guaviare,994
2013-07-01,2013,7,HUILA,Neiva,12977
2013-07-01,2013,7,LA GUAJIRA,Maicao,3370
2013-07-01,2013,7,LA GUAJIRA,Riohacha,4890
2013-07-01,2013,7,LA GUAJIRA,Uribia,1014
2013-07-01,2013,7,MAGDALENA,Santa Marta,55897
2013-07-01,2013,7,META,La Macarena,86
2013-07-01,2013,7,META,Villavicencio,3869
2013-07-01,2013,7,NARINO,Ipiales,320
2013-07-01,2013,7,NARINO,Pasto,9995
2013-07-01,2013,7,NARINO,San Andres de Tumaco,2760
2013-07-01,2013,7,NORTE DE SANTANDER,Cúcuta,37348
2013-07-01,2013,7,PUTUMAYO,Puerto Asís,2278
2013-07-01,2013,7,PUTUMAYO,Puerto Leguízamo,310
2013-07-01,2013,7,PUTUMAYO,Villagarzón,913
2013-07-01,2013,7,QUINDIO,Armenia,10952
2013-07-01,2013,7,RISARALDA,Pereira,42008
2013-07-01,2013,7,"SAN ANDRES, PROVIDENCIA Y SANTA CATALINA",Providencia,1490
2013-07-01,2013,7,"SAN ANDRES, PROVIDENCIA Y SANTA CATALINA",San Andrés,51610
2013-07-01,2013,7,SANTANDER,Barrancabermeja,8743
2013-07-01,2013,7,SANTANDER,Bucaramanga,62634
2013-07-01,2013,7,SIN ESPECIFICAR,Sin Especificar,0
2013-07-01,2013,7,SUCRE,Corozal,873
2013-07-01,2013,7,SUCRE,Santiago de Tolú,616
2013-07-01,2013,7,TOLIMA,Ibagué,6276
2013-07-01,2013,7,VALLE DEL CAUCA,Buenaventura,495
2013-07-01,2013,7,VALLE DEL CAUCA,Cali,159036
2013-07-01,2013,7,VAUPES,Caruru,86
2013-07-01,2013,7,VAUPES,Mitú,472
2013-07-01,2013,7,VAUPES,Pacoa,5
2013-07-01,2013,7,VAUPES,Taraira,15
2013-07-01,2013,7,VICHADA,Cumaribo,279
2013-07-01,2013,7,VICHADA,La Primavera,0
2013-07-01,2013,7,VICHADA,Puerto Carreño,1258
2013-08-01,2013,8,AMAZONAS,LA CHORRERA,45
2013-08-01,2013,8,AMAZONAS,La Pedrera,110
2013-08-01,2013,8,AMAZONAS,Leticia,7431
2013-08-01,2013,8,AMAZONAS,Tarapacá,133
2013-08-01,2013,8,ANTIOQUIA,Carepa,9168
2013-08-01,2013,8,ANTIOQUIA,Caucasia,1119
2013-08-01,2013,8,ANTIOQUIA,El Bagre,414
2013-08-01,2013,8,ANTIOQUIA,Medellín,41543
2013-08-01,2013,8,ANTIOQUIA,Remedios,232
2013-08-01,2013,8,ANTIOQUIA,Rionegro,224750
2013-08-01,2013,8,ARAUCA,Arauca,4687
2013-08-01,2013,8,ARAUCA,Tame,264
2013-08-01,2013,8,ATLANTICO,Barranquilla,78963
2013-08-01,2013,8,BOGOTA D.C.,"Bogotá, D.C.",607950
2013-08-01,2013,8,BOLIVAR,Cartagena,129892
2013-08-01,2013,8,BOYACA,Sogamoso,184
2013-08-01,2013,8,CALDAS,Manizales,7345
2013-08-01,2013,8,CAQUETA,Florencia,2691
2013-08-01,2013,8,CAQUETA,Morelia,0
2013-08-01,2013,8,CAQUETA,San Vicente del Caguán,84
2013-08-01,2013,8,CAQUETA,Solano,0
2013-08-01,2013,8,CASANARE,Paz de Ariporo,25
2013-08-01,2013,8,CASANARE,Yopal,16592
2013-08-01,2013,8,CAUCA,Guapi,780
2013-08-01,2013,8,CAUCA,Popayán,3353
2013-08-01,2013,8,CESAR,Valledupar,13134
2013-08-01,2013,8,CHOCO,Acandí,286
2013-08-01,2013,8,CHOCO,Bahía Solano,1659
2013-08-01,2013,8,CHOCO,Condoto,13
2013-08-01,2013,8,CHOCO,Nuquí,600
2013-08-01,2013,8,CHOCO,Quibdó,13590
2013-08-01,2013,8,CORDOBA,Montería,31653
2013-08-01,2013,8,GUAINIA,Barranco Minas,19
2013-08-01,2013,8,GUAINIA,Inírida,1095
2013-08-01,2013,8,GUAVIARE,Miraflores,100
2013-08-01,2013,8,GUAVIARE,San José del Guaviare,969
2013-08-01,2013,8,HUILA,Neiva,13624
2013-08-01,2013,8,LA GUAJIRA,Maicao,3248
2013-08-01,2013,8,LA GUAJIRA,Riohacha,4539
2013-08-01,2013,8,LA GUAJIRA,Uribia,841
2013-08-01,2013,8,MAGDALENA,Santa Marta,53851
2013-08-01,2013,8,META,La Macarena,184
2013-08-01,2013,8,META,Puerto Gaitán,18
2013-08-01,2013,8,META,Uribe,16
2013-08-01,2013,8,META,Villavicencio,4311
2013-08-01,2013,8,NARINO,Ipiales,425
2013-08-01,2013,8,NARINO,Pasto,9137
2013-08-01,2013,8,NARINO,San Andres de Tumaco,2720
2013-08-01,2013,8,NORTE DE SANTANDER,Cúcuta,35644
2013-08-01,2013,8,PUTUMAYO,Puerto Asís,2147
2013-08-01,2013,8,PUTUMAYO,Puerto Leguízamo,293
2013-08-01,2013,8,PUTUMAYO,Villagarzón,706
2013-08-01,2013,8,QUINDIO,Armenia,10091
2013-08-01,2013,8,RISARALDA,Pereira,45632
2013-08-01,2013,8,"SAN ANDRES, PROVIDENCIA Y SANTA CATALINA",Providencia,1518
2013-08-01,2013,8,"SAN ANDRES, PROVIDENCIA Y SANTA CATALINA",San Andrés,49968
2013-08-01,2013,8,SANTANDER,Barrancabermeja,8328
2013-08-01,2013,8,SANTANDER,Bucaramanga,62912
2013-08-01,2013,8,SIN ESPECIFICAR,Sin Especificar,17
2013-08-01,2013,8,SUCRE,Corozal,817
2013-08-01,2013,8,SUCRE,Santiago de Tolú,458
2013-08-01,2013,8,TOLIMA,Ibagué,7026
2013-08-01,2013,8,VALLE DEL CAUCA,Buenaventura,518
2013-08-01,2013,8,VALLE DEL CAUCA,Cali,155317
2013-08-01,2013,8,VAUPES,Caruru,132
2013-08-01,2013,8,VAUPES,Mitú,713
2013-08-01,2013,8,VAUPES,Pacoa,1
2013-08-01,2013,8,VAUPES,Taraira,53
2013-08-01,2013,8,VICHADA,Cumaribo,44
2013-08-01,2013,8,VICHADA,La Primavera,0
2013-08-01,2013,8,VICHADA,Puerto Carreño,1279
2013-09-01,2013,9,AMAZONAS,LA CHORRERA,75
2013-09-01,2013,9,AMAZONAS,La Pedrera,110
2013-09-01,2013,9,AMAZONAS,Leticia,6958
2013-09-01,2013,9,AMAZONAS,Tarapacá,81
2013-09-01,2013,9,ANTIOQUIA,Carepa,8627
2013-09-01,2013,9,ANTIOQUIA,Caucasia,1521
2013-09-01,2013,9,ANTIOQUIA,El Bagre,452
2013-09-01,2013,9,ANTIOQUIA,Medellín,38752
2013-09-01,2013,9,ANTIOQUIA,Remedios,284
2013-09-01,2013,9,ANTIOQUIA,Rionegro,198760
2013-09-01,2013,9,ARAUCA,Arauca,4529
2013-09-01,2013,9,ARAUCA,Tame,245
2013-09-01,2013,9,ATLANTICO,Barranquilla,78806
2013-09-01,2013,9,BOGOTA D.C.,"Bogotá, D.C.",575732
2013-09-01,2013,9,BOLIVAR,Cartagena,111652
2013-09-01,2013,9,CALDAS,Manizales,5688
2013-09-01,2013,9,CAQUETA,Florencia,2630
2013-09-01,2013,9,CAQUETA,San Vicente del Caguán,57
2013-09-01,2013,9,CAQUETA,Solano,0
2013-09-01,2013,9,CASANARE,Paz de Ariporo,11
2013-09-01,2013,9,CASANARE,Yopal,17999
2013-09-01,2013,9,CAUCA,Guapi,706
2013-09-01,2013,9,CAUCA,Popayán,3322
2013-09-01,2013,9,CESAR,San Martín,0
2013-09-01,2013,9,CESAR,Valledupar,12903
2013-09-01,2013,9,CHOCO,Acandí,229
2013-09-01,2013,9,CHOCO,Bahía Solano,1465
2013-09-01,2013,9,CHOCO,Nuquí,571
2013-09-01,2013,9,CHOCO,Quibdó,13257
2013-09-01,2013,9,CORDOBA,Montería,29101
2013-09-01,2013,9,GUAINIA,Barranco Minas,12
2013-09-01,2013,9,GUAINIA,Inírida,953
2013-09-01,2013,9,GUAVIARE,Miraflores,224
2013-09-01,2013,9,GUAVIARE,San José del Guaviare,968
2013-09-01,2013,9,HUILA,Neiva,11918
2013-09-01,2013,9,LA GUAJIRA,Maicao,3198
2013-09-01,2013,9,LA GUAJIRA,Riohacha,4827
2013-09-01,2013,9,LA GUAJIRA,Uribia,937
2013-09-01,2013,9,MAGDALENA,Santa Marta,48687
2013-09-01,2013,9,META,La Macarena,187
2013-09-01,2013,9,META,Villavicencio,4031
2013-09-01,2013,9,NARINO,Ipiales,321
2013-09-01,2013,9,NARINO,Pasto,9168
2013-09-01,2013,9,NARINO,San Andres de Tumaco,2756
2013-09-01,2013,9,NORTE DE SANTANDER,Cúcuta,32366
2013-09-01,2013,9,PUTUMAYO,Puerto Asís,2083
2013-09-01,2013,9,PUTUMAYO,Puerto Leguízamo,253
2013-09-01,2013,9,PUTUMAYO,Villagarzón,928
2013-09-01,2013,9,QUINDIO,Armenia,9617
2013-09-01,2013,9,RISARALDA,Pereira,40595
2013-09-01,2013,9,"SAN ANDRES, PROVIDENCIA Y SANTA CATALINA",Providencia,1011
2013-09-01,2013,9,"SAN ANDRES, PROVIDENCIA Y SANTA CATALINA",San Andrés,41264
2013-09-01,2013,9,SANTANDER,Barrancabermeja,8707
2013-09-01,2013,9,SANTANDER,Bucaramanga,61097
2013-09-01,2013,9,SIN ESPECIFICAR,Sin Especificar,0
2013-09-01,2013,9,SUCRE,Corozal,791
2013-09-01,2013,9,SUCRE,Coveñas,50
2013-09-01,2013,9,SUCRE,Santiago de Tolú,272
2013-09-01,2013,9,TOLIMA,Ibagué,5715
2013-09-01,2013,9,VALLE DEL CAUCA,Buenaventura,454
2013-09-01,2013,9,VALLE DEL CAUCA,Cali,141568
2013-09-01,2013,9,VAUPES,Caruru,163
2013-09-01,2013,9,VAUPES,Mitú,585
2013-09-01,2013,9,VAUPES,Taraira,20
2013-09-01,2013,9,VICHADA,Cumaribo,273
2013-09-01,2013,9,VICHADA,La Primavera,0
2013-09-01,2013,9,VICHADA,Puerto Carreño,1175
2013-10-01,2013,10,AMAZONAS,LA CHORRERA,26
2013-10-01,2013,10,AMAZONAS,La Pedrera,106
2013-10-01,2013,10,AMAZONAS,Leticia,7348
2013-10-01,2013,10,AMAZONAS,Tarapacá,62
2013-10-01,2013,10,ANTIOQUIA,Carepa,9237
2013-10-01,2013,10,ANTIOQUIA,Caucasia,1779
2013-10-01,2013,10,ANTIOQUIA,El Bagre,383
2013-10-01,2013,10,ANTIOQUIA,Medellín,40937
2013-10-01,2013,10,ANTIOQUIA,Remedios,243
2013-10-01,2013,10,ANTIOQUIA,Rionegro,220679
2013-10-01,2013,10,ARAUCA,Arauca,5137
2013-10-01,2013,10,ARAUCA,Tame,211
2013-10-01,2013,10,ATLANTICO,Barranquilla,85059
2013-10-01,2013,10,BOGOTA D.C.,"Bogotá, D.C.",604759
2013-10-01,2013,10,BOLIVAR,Cartagena,121476
2013-10-01,2013,10,BOLIVAR,Mompós,1
2013-10-01,2013,10,CALDAS,Manizales,6800
2013-10-01,2013,10,CAQUETA,Florencia,3225
2013-10-01,2013,10,CAQUETA,Morelia,0
2013-10-01,2013,10,CAQUETA,San Vicente del Caguán,31
2013-10-01,2013,10,CAQUETA,Solano,0
2013-10-01,2013,10,CASANARE,Paz de Ariporo,10
2013-10-01,2013,10,CASANARE,Yopal,16525
2013-10-01,2013,10,CAUCA,Guapi,863
2013-10-01,2013,10,CAUCA,Popayán,3424
2013-10-01,2013,10,CESAR,Valledupar,13619
2013-10-01,2013,10,CHOCO,Acandí,320
2013-10-01,2013,10,CHOCO,Bahía Solano,1432
2013-10-01,2013,10,CHOCO,Nuquí,493
2013-10-01,2013,10,CHOCO,Quibdó,14101
2013-10-01,2013,10,CORDOBA,Montería,30192
2013-10-01,2013,10,GUAINIA,Barranco Minas,100
2013-10-01,2013,10,GUAINIA,Inírida,1198
2013-10-01,2013,10,GUAVIARE,Miraflores,220
2013-10-01,2013,10,GUAVIARE,San José del Guaviare,1134
2013-10-01,2013,10,HUILA,Neiva,14057
2013-10-01,2013,10,LA GUAJIRA,Maicao,3043
2013-10-01,2013,10,LA GUAJIRA,Riohacha,4580
2013-10-01,2013,10,LA GUAJIRA,Uribia,1005
2013-10-01,2013,10,MAGDALENA,Santa Marta,51454
2013-10-01,2013,10,META,La Macarena,234
2013-10-01,2013,10,META,Uribe,18
2013-10-01,2013,10,META,Villavicencio,4719
2013-10-01,2013,10,NARINO,Ipiales,211
2013-10-01,2013,10,NARINO,Pasto,9630
2013-10-01,2013,10,NARINO,San Andres de Tumaco,2931
2013-10-01,2013,10,NORTE DE SANTANDER,Cúcuta,33274
2013-10-01,2013,10,PUTUMAYO,Puerto Asís,2680
2013-10-01,2013,10,PUTUMAYO,Puerto Leguízamo,364
2013-10-01,2013,10,PUTUMAYO,Villagarzón,971
2013-10-01,2013,10,QUINDIO,Armenia,11591
2013-10-01,2013,10,RISARALDA,Pereira,40399
2013-10-01,2013,10,"SAN ANDRES, PROVIDENCIA Y SANTA CATALINA",Providencia,1046
2013-10-01,2013,10,"SAN ANDRES, PROVIDENCIA Y SANTA CATALINA",San Andrés,45701
2013-10-01,2013,10,SANTANDER,Barrancabermeja,9987
2013-10-01,2013,10,SANTANDER,Bucaramanga,60935
2013-10-01,2013,10,SIN ESPECIFICAR,Sin Especificar,0
2013-10-01,2013,10,SUCRE,Corozal,822
2013-10-01,2013,10,SUCRE,Coveñas,0
2013-10-01,2013,10,SUCRE,Santiago de Tolú,367
2013-10-01,2013,10,TOLIMA,Ibagué,6089
2013-10-01,2013,10,VALLE DEL CAUCA,Buenaventura,497
2013-10-01,2013,10,VALLE DEL CAUCA,Cali,149991
2013-10-01,2013,10,VAUPES,Caruru,208
2013-10-01,2013,10,VAUPES,Mitú,719
2013-10-01,2013,10,VAUPES,Taraira,112
2013-10-01,2013,10,VICHADA,Cumaribo,322
2013-10-01,2013,10,VICHADA,La Primavera,0
2013-10-01,2013,10,VICHADA,Puerto Carreño,1573
2013-11-01,2013,11,AMAZONAS,LA CHORRERA,56
2013-11-01,2013,11,AMAZONAS,La Pedrera,119
2013-11-01,2013,11,AMAZONAS,Leticia,8647
2013-11-01,2013,11,AMAZONAS,Tarapacá,117
2013-11-01,2013,11,ANTIOQUIA,Carepa,8991
2013-11-01,2013,11,ANTIOQUIA,Caucasia,1869
2013-11-01,2013,11,ANTIOQUIA,El Bagre,368
2013-11-01,2013,11,ANTIOQUIA,Medellín,38775
2013-11-01,2013,11,ANTIOQUIA,Remedios,216
2013-11-01,2013,11,ANTIOQUIA,Rionegro,218433
2013-11-01,2013,11,ARAUCA,Arauca,4504
2013-11-01,2013,11,ARAUCA,Tame,214
2013-11-01,2013,11,ATLANTICO,Barranquilla,86098
2013-11-01,2013,11,BOGOTA D.C.,"Bogotá, D.C.",592914
2013-11-01,2013,11,BOLIVAR,Cartagena,119235
2013-11-01,2013,11,CALDAS,Manizales,5868
2013-11-01,2013,11,CAQUETA,Florencia,3062
2013-11-01,2013,11,CAQUETA,Morelia,0
2013-11-01,2013,11,CAQUETA,San Vicente del Caguán,32
2013-11-01,2013,11,CAQUETA,Solano,0
2013-11-01,2013,11,CASANARE,Paz de Ariporo,14
2013-11-01,2013,11,CASANARE,Yopal,17718
2013-11-01,2013,11,CAUCA,Guapi,957
2013-11-01,2013,11,CAUCA,Popayán,3154
2013-11-01,2013,11,CESAR,Valledupar,13551
2013-11-01,2013,11,CHOCO,Acandí,295
2013-11-01,2013,11,CHOCO,Bahía Solano,528
2013-11-01,2013,11,CHOCO,Nuquí,470
2013-11-01,2013,11,CHOCO,Quibdó,13307
2013-11-01,2013,11,CORDOBA,Montería,31773
2013-11-01,2013,11,GUAINIA,Barranco Minas,93
2013-11-01,2013,11,GUAINIA,Inírida,1121
2013-11-01,2013,11,GUAVIARE,Miraflores,342
2013-11-01,2013,11,GUAVIARE,San José del Guaviare,1104
2013-11-01,2013,11,HUILA,Neiva,14020
2013-11-01,2013,11,LA GUAJIRA,Maicao,2972
2013-11-01,2013,11,LA GUAJIRA,Riohacha,5732
2013-11-01,2013,11,LA GUAJIRA,Uribia,830
2013-11-01,2013,11,MAGDALENA,Santa Marta,52266
2013-11-01,2013,11,META,La Macarena,239
2013-11-01,2013,11,META,Villavicencio,4056
2013-11-01,2013,11,NARINO,Ipiales,212
2013-11-01,2013,11,NARINO,Pasto,9031
2013-11-01,2013,11,NARINO,San Andres de Tumaco,2554
2013-11-01,2013,11,NORTE DE SANTANDER,Cúcuta,34180
2013-11-01,2013,11,PUTUMAYO,Puerto Asís,2617
2013-11-01,2013,11,PUTUMAYO,Puerto Leguízamo,349
2013-11-01,2013,11,PUTUMAYO,Villagarzón,920
2013-11-01,2013,11,QUINDIO,Armenia,10990
2013-11-01,2013,11,RISARALDA,Pereira,43601
2013-11-01,2013,11,"SAN ANDRES, PROVIDENCIA Y SANTA CATALINA",Providencia,1043
2013-11-01,2013,11,"SAN ANDRES, PROVIDENCIA Y SANTA CATALINA",San Andrés,46814
2013-11-01,2013,11,SANTANDER,Barrancabermeja,9528
2013-11-01,2013,11,SANTANDER,Bucaramanga,61816
2013-11-01,2013,11,SIN ESPECIFICAR,Sin Especificar,0
2013-11-01,2013,11,SUCRE,Corozal,1150
2013-11-01,2013,11,SUCRE,Coveñas,0
2013-11-01,2013,11,SUCRE,Santiago de Tolú,404
2013-11-01,2013,11,TOLIMA,Ibagué,6078
2013-11-01,2013,11,VALLE DEL CAUCA,Buenaventura,442
2013-11-01,2013,11,VALLE DEL CAUCA,Cali,148118
2013-11-01,2013,11,VAUPES,Caruru,79
2013-11-01,2013,11,VAUPES,Mitú,722
2013-11-01,2013,11,VAUPES,Pacoa,0
2013-11-01,2013,11,VAUPES,Taraira,41
2013-11-01,2013,11,VICHADA,Cumaribo,274
2013-11-01,2013,11,VICHADA,La Primavera,0
2013-11-01,2013,11,VICHADA,Puerto Carreño,1342
2013-12-01,2013,12,AMAZONAS,LA CHORRERA,123
2013-12-01,2013,12,AMAZONAS,La Pedrera,151
2013-12-01,2013,12,AMAZONAS,Leticia,9311
2013-12-01,2013,12,AMAZONAS,Tarapacá,88
2013-12-01,2013,12,ANTIOQUIA,Carepa,9394
2013-12-01,2013,12,ANTIOQUIA,Caucasia,1485
2013-12-01,2013,12,ANTIOQUIA,El Bagre,294
2013-12-01,2013,12,ANTIOQUIA,Medellín,38917
2013-12-01,2013,12,ANTIOQUIA,Remedios,160
2013-12-01,2013,12,ANTIOQUIA,Rionegro,230998
2013-12-01,2013,12,ARAUCA,Arauca,4543
2013-12-01,2013,12,ARAUCA,Tame,303
2013-12-01,2013,12,ATLANTICO,Barranquilla,90873
2013-12-01,2013,12,BOGOTA D.C.,"Bogotá, D.C.",542893
2013-12-01,2013,12,BOLIVAR,Cartagena,136404
2013-12-01,2013,12,CALDAS,Manizales,7367
2013-12-01,2013,12,CAQUETA,Florencia,2979
2013-12-01,2013,12,CAQUETA,Morelia,19
2013-12-01,2013,12,CAQUETA,San Vicente del Caguán,130
2013-12-01,2013,12,CAQUETA,Solano,0
2013-12-01,2013,12,CASANARE,Orocué,0
2013-12-01,2013,12,CASANARE,Paz de Ariporo,46
2013-12-01,2013,12,CASANARE,Yopal,17171
2013-12-01,2013,12,CAUCA,Guapi,1150
2013-12-01,2013,12,CAUCA,Popayán,3816
2013-12-01,2013,12,CESAR,San Martín,9
2013-12-01,2013,12,CESAR,Valledupar,14526
2013-12-01,2013,12,CHOCO,Acandí,276
2013-12-01,2013,12,CHOCO,Bahía Solano,1210
2013-12-01,2013,12,CHOCO,Nuquí,693
2013-12-01,2013,12,CHOCO,Quibdó,17078
2013-12-01,2013,12,CORDOBA,Montería,37193
2013-12-01,2013,12,GUAINIA,Barranco Minas,123
2013-12-01,2013,12,GUAINIA,Inírida,953
2013-12-01,2013,12,GUAVIARE,Miraflores,222
2013-12-01,2013,12,GUAVIARE,San José del Guaviare,936
2013-12-01,2013,12,HUILA,Neiva,13756
2013-12-01,2013,12,LA GUAJIRA,Maicao,3869
2013-12-01,2013,12,LA GUAJIRA,Riohacha,5772
2013-12-01,2013,12,LA GUAJIRA,Uribia,1108
2013-12-01,2013,12,MAGDALENA,Santa Marta,56034
2013-12-01,2013,12,META,La Macarena,34
2013-12-01,2013,12,META,Uribe,39
2013-12-01,2013,12,META,Villavicencio,4830
2013-12-01,2013,12,NARINO,Ipiales,363
2013-12-01,2013,12,NARINO,Pasto,10426
2013-12-01,2013,12,NARINO,San Andres de Tumaco,2822
2013-12-01,2013,12,NORTE DE SANTANDER,Cúcuta,38257
2013-12-01,2013,12,PUTUMAYO,Puerto Asís,3740
2013-12-01,2013,12,PUTUMAYO,Puerto Leguízamo,381
2013-12-01,2013,12,PUTUMAYO,Villagarzón,849
2013-12-01,2013,12,QUINDIO,Armenia,11953
2013-12-01,2013,12,RISARALDA,Pereira,44404
2013-12-01,2013,12,"SAN ANDRES, PROVIDENCIA Y SANTA CATALINA",Providencia,1775
2013-12-01,2013,12,"SAN ANDRES, PROVIDENCIA Y SANTA CATALINA",San Andrés,55257
2013-12-01,2013,12,SANTANDER,Barrancabermeja,8987
2013-12-01,2013,12,SANTANDER,Bucaramanga,63231
2013-12-01,2013,12,SIN ESPECIFICAR,Sin Especificar,0
2013-12-01,2013,12,SUCRE,Corozal,1509
2013-12-01,2013,12,SUCRE,Coveñas,0
2013-12-01,2013,12,SUCRE,Santiago de Tolú,653
2013-12-01,2013,12,TOLIMA,Ibagué,6217
2013-12-01,2013,12,VALLE DEL CAUCA,Buenaventura,396
2013-12-01,2013,12,VALLE DEL CAUCA,Cali,154680
2013-12-01,2013,12,VALLE DEL CAUCA,GUADALAJARA DE BUGA,0
2013-12-01,2013,12,VAUPES,Caruru,69
2013-12-01,2013,12,VAUPES,Mitú,793
2013-12-01,2013,12,VAUPES,Pacoa,0
2013-12-01,2013,12,VAUPES,Taraira,69
2013-12-01,2013,12,VICHADA,Cumaribo,331
2013-12-01,2013,12,VICHADA,La Primavera,0
2013-12-01,2013,12,VICHADA,Puerto Carreño,1363
2014-01-01,2014,1,AMAZONAS,LA CHORRERA,50
2014-01-01,2014,1,AMAZONAS,La Pedrera,68
2014-01-01,2014,1,AMAZONAS,Leticia,9443
2014-01-01,2014,1,AMAZONAS,Tarapacá,55
2014-01-01,2014,1,ANTIOQUIA,Carepa,7401
2014-01-01,2014,1,ANTIOQUIA,Caucasia,1043
2014-01-01,2014,1,ANTIOQUIA,El Bagre,270
2014-01-01,2014,1,ANTIOQUIA,Medellín,39469
2014-01-01,2014,1,ANTIOQUIA,Remedios,75
2014-01-01,2014,1,ANTIOQUIA,Rionegro,208545
2014-01-01,2014,1,ARAUCA,Arauca,4683
2014-01-01,2014,1,ARAUCA,Tame,357
2014-01-01,2014,1,ATLANTICO,Barranquilla,80331
2014-01-01,2014,1,BOGOTA D.C.,"Bogotá, D.C.",603371
2014-01-01,2014,1,BOLIVAR,Cartagena,126748
2014-01-01,2014,1,CALDAS,Manizales,7204
2014-01-01,2014,1,CAQUETA,Florencia,2475
2014-01-01,2014,1,CAQUETA,Morelia,0
2014-01-01,2014,1,CAQUETA,San Vicente del Caguán,46
2014-01-01,2014,1,CAQUETA,Solano,0
2014-01-01,2014,1,CASANARE,Paz de Ariporo,131
2014-01-01,2014,1,CASANARE,Yopal,15085
2014-01-01,2014,1,CAUCA,Guapi,869
2014-01-01,2014,1,CAUCA,Popayán,2776
2014-01-01,2014,1,CESAR,Valledupar,12473
2014-01-01,2014,1,CHOCO,Acandí,311
2014-01-01,2014,1,CHOCO,Bahía Solano,1280
2014-01-01,2014,1,CHOCO,Nuquí,501
2014-01-01,2014,1,CHOCO,Quibdó,12004
2014-01-01,2014,1,CORDOBA,Montería,29381
2014-01-01,2014,1,GUAINIA,Barranco Minas,100
2014-01-01,2014,1,GUAINIA,Inírida,1249
2014-01-01,2014,1,GUAVIARE,Miraflores,119
2014-01-01,2014,1,GUAVIARE,San José del Guaviare,700
2014-01-01,2014,1,HUILA,Neiva,10522
2014-01-01,2014,1,LA GUAJIRA,Riohacha,4735
2014-01-01,2014,1,LA GUAJIRA,Uribia,1454
2014-01-01,2014,1,MAGDALENA,Santa Marta,54080
2014-01-01,2014,1,META,La Macarena,23
2014-01-01,2014,1,META,Villavicencio,3084
2014-01-01,2014,1,NARINO,Ipiales,278
2014-01-01,2014,1,NARINO,Pasto,8142
2014-01-01,2014,1,NARINO,San Andres de Tumaco,2683
2014-01-01,2014,1,NORTE DE SANTANDER,Cúcuta,33579
2014-01-01,2014,1,PUTUMAYO,Puerto Asís,1956
2014-01-01,2014,1,PUTUMAYO,Puerto Leguízamo,1009
2014-01-01,2014,1,PUTUMAYO,Villagarzón,776
2014-01-01,2014,1,QUINDIO,Armenia,10194
2014-01-01,2014,1,RISARALDA,Pereira,37977
2014-01-01,2014,1,"SAN ANDRES, PROVIDENCIA Y SANTA CATALINA",Providencia,1652
2014-01-01,2014,1,"SAN ANDRES, PROVIDENCIA Y SANTA CATALINA",San Andrés,50812
2014-01-01,2014,1,SANTANDER,Barrancabermeja,6975
2014-01-01,2014,1,SANTANDER,Bucaramanga,54268
2014-01-01,2014,1,SIN ESPECIFICAR,Sin Especificar,0
2014-01-01,2014,1,SUCRE,Corozal,1260
2014-01-01,2014,1,SUCRE,Santiago de Tolú,609
2014-01-01,2014,1,TOLIMA,Ibagué,5019
2014-01-01,2014,1,VALLE DEL CAUCA,Buenaventura,432
2014-01-01,2014,1,VALLE DEL CAUCA,Cali,135058
2014-01-01,2014,1,VAUPES,Caruru,59
2014-01-01,2014,1,VAUPES,Mitú,1286
2014-01-01,2014,1,VAUPES,Pacoa,8
2014-01-01,2014,1,VAUPES,Taraira,54
2014-01-01,2014,1,VICHADA,Cumaribo,339
2014-01-01,2014,1,VICHADA,La Primavera,0
2014-01-01,2014,1,VICHADA,Puerto Carreño,1603
2014-02-01,2014,2,AMAZONAS,LA CHORRERA,66
2014-02-01,2014,2,AMAZONAS,La Pedrera,88
2014-02-01,2014,2,AMAZONAS,Leticia,7753
2014-02-01,2014,2,AMAZONAS,Tarapacá,61
2014-02-01,2014,2,ANTIOQUIA,Carepa,7812
2014-02-01,2014,2,ANTIOQUIA,Caucasia,1640
2014-02-01,2014,2,ANTIOQUIA,El Bagre,286
2014-02-01,2014,2,ANTIOQUIA,Medellín,35605
2014-02-01,2014,2,ANTIOQUIA,Rionegro,185810
2014-02-01,2014,2,ARAUCA,Arauca,3926
2014-02-01,2014,2,ARAUCA,Tame,285
2014-02-01,2014,2,ATLANTICO,Barranquilla,74143
2014-02-01,2014,2,BOGOTA D.C.,"Bogotá, D.C.",516637
2014-02-01,2014,2,BOLIVAR,Cartagena,105576
2014-02-01,2014,2,CALDAS,Manizales,7306
2014-02-01,2014,2,CAQUETA,Florencia,3180
2014-02-01,2014,2,CAQUETA,San Vicente del Caguán,50
2014-02-01,2014,2,CASANARE,Paz de Ariporo,69
2014-02-01,2014,2,CASANARE,Yopal,16305
2014-02-01,2014,2,CAUCA,Guapi,992
2014-02-01,2014,2,CAUCA,Popayán,3089
2014-02-01,2014,2,CESAR,San Martín,0
2014-02-01,2014,2,CESAR,Valledupar,12811
2014-02-01,2014,2,CHOCO,Acandí,248
2014-02-01,2014,2,CHOCO,Bahía Solano,1115
2014-02-01,2014,2,CHOCO,Nuquí,489
2014-02-01,2014,2,CHOCO,Quibdó,11108
2014-02-01,2014,2,CORDOBA,Montería,25300
2014-02-01,2014,2,GUAINIA,Barranco Minas,129
2014-02-01,2014,2,GUAINIA,Inírida,802
2014-02-01,2014,2,GUAVIARE,Miraflores,134
2014-02-01,2014,2,GUAVIARE,San José del Guaviare,736
2014-02-01,2014,2,HUILA,Neiva,11822
2014-02-01,2014,2,LA GUAJIRA,Riohacha,4671
2014-02-01,2014,2,LA GUAJIRA,Uribia,1142
2014-02-01,2014,2,MAGDALENA,Santa Marta,41671
2014-02-01,2014,2,META,La Macarena,31
2014-02-01,2014,2,META,Villavicencio,3690
2014-02-01,2014,2,NARINO,Ipiales,255
2014-02-01,2014,2,NARINO,Pasto,8581
2014-02-01,2014,2,NARINO,San Andres de Tumaco,2124
2014-02-01,2014,2,NORTE DE SANTANDER,Cúcuta,27994
2014-02-01,2014,2,PUTUMAYO,Puerto Asís,2007
2014-02-01,2014,2,PUTUMAYO,Puerto Leguízamo,773
2014-02-01,2014,2,PUTUMAYO,Villagarzón,835
2014-02-01,2014,2,QUINDIO,Armenia,10485
2014-02-01,2014,2,RISARALDA,Pereira,41266
2014-02-01,2014,2,"SAN ANDRES, PROVIDENCIA Y SANTA CATALINA",Providencia,1074
2014-02-01,2014,2,"SAN ANDRES, PROVIDENCIA Y SANTA CATALINA",San Andrés,41278
2014-02-01,2014,2,SANTANDER,Barrancabermeja,8073
2014-02-01,2014,2,SANTANDER,Bucaramanga,53375
2014-02-01,2014,2,SIN ESPECIFICAR,Sin Especificar,0
2014-02-01,2014,2,SUCRE,Corozal,1145
2014-02-01,2014,2,SUCRE,Santiago de Tolú,285
2014-02-01,2014,2,TOLIMA,Ibagué,5691
2014-02-01,2014,2,VALLE DEL CAUCA,Buenaventura,453
2014-02-01,2014,2,VALLE DEL CAUCA,Cali,133695
2014-02-01,2014,2,VAUPES,Caruru,119
2014-02-01,2014,2,VAUPES,Mitú,932
2014-02-01,2014,2,VAUPES,Pacoa,0
2014-02-01,2014,2,VAUPES,Taraira,44
2014-02-01,2014,2,VICHADA,Cumaribo,284
2014-02-01,2014,2,VICHADA,La Primavera,16
2014-02-01,2014,2,VICHADA,Puerto Carreño,1069
2014-03-01,2014,3,AMAZONAS,LA CHORRERA,80
2014-03-01,2014,3,AMAZONAS,La Pedrera,122
2014-03-01,2014,3,AMAZONAS,Leticia,7839
2014-03-01,2014,3,AMAZONAS,Tarapacá,80
2014-03-01,2014,3,ANTIOQUIA,Carepa,8446
2014-03-01,2014,3,ANTIOQUIA,Caucasia,1799
2014-03-01,2014,3,ANTIOQUIA,El Bagre,319
2014-03-01,2014,3,ANTIOQUIA,Medellín,36529
2014-03-01,2014,3,ANTIOQUIA,Rionegro,203904
2014-03-01,2014,3,ARAUCA,Arauca,4841
2014-03-01,2014,3,ARAUCA,Tame,301
2014-03-01,2014,3,ATLANTICO,Barranquilla,80865
2014-03-01,2014,3,BOGOTA D.C.,"Bogotá, D.C.",591969
2014-03-01,2014,3,BOLIVAR,Cartagena,112219
2014-03-01,2014,3,CALDAS,Manizales,6403
2014-03-01,2014,3,CAQUETA,Florencia,3655
2014-03-01,2014,3,CAQUETA,Morelia,0
2014-03-01,2014,3,CAQUETA,San Vicente del Caguán,50
2014-03-01,2014,3,CASANARE,Paz de Ariporo,79
2014-03-01,2014,3,CASANARE,Yopal,17212
2014-03-01,2014,3,CAUCA,Guapi,849
2014-03-01,2014,3,CAUCA,Popayán,3978
2014-03-01,2014,3,CESAR,Valledupar,13633
2014-03-01,2014,3,CHOCO,Acandí,262
2014-03-01,2014,3,CHOCO,Bahía Solano,995
2014-03-01,2014,3,CHOCO,Nuquí,518
2014-03-01,2014,3,CHOCO,Quibdó,11871
2014-03-01,2014,3,CORDOBA,Montería,27138
2014-03-01,2014,3,GUAINIA,Barranco Minas,55
2014-03-01,2014,3,GUAINIA,Inírida,1085
2014-03-01,2014,3,GUAVIARE,Miraflores,248
2014-03-01,2014,3,GUAVIARE,San José del Guaviare,924
2014-03-01,2014,3,HUILA,Neiva,13251
2014-03-01,2014,3,LA GUAJIRA,Riohacha,5177
2014-03-01,2014,3,LA GUAJIRA,Uribia,1329
2014-03-01,2014,3,MAGDALENA,Santa Marta,42865
2014-03-01,2014,3,META,La Macarena,30
2014-03-01,2014,3,META,Villavicencio,3738
2014-03-01,2014,3,NARINO,Ipiales,288
2014-03-01,2014,3,NARINO,Pasto,9547
2014-03-01,2014,3,NARINO,San Andres de Tumaco,2075
2014-03-01,2014,3,NORTE DE SANTANDER,Cúcuta,28944
2014-03-01,2014,3,PUTUMAYO,Puerto Asís,2360
2014-03-01,2014,3,PUTUMAYO,Puerto Leguízamo,747
2014-03-01,2014,3,PUTUMAYO,Villagarzón,890
2014-03-01,2014,3,QUINDIO,Armenia,12421
2014-03-01,2014,3,RISARALDA,Pereira,48203
2014-03-01,2014,3,"SAN ANDRES, PROVIDENCIA Y SANTA CATALINA",Providencia,1051
2014-03-01,2014,3,"SAN ANDRES, PROVIDENCIA Y SANTA CATALINA",San Andrés,42118
2014-03-01,2014,3,SANTANDER,Barrancabermeja,8604
2014-03-01,2014,3,SANTANDER,Bucaramanga,62154
2014-03-01,2014,3,SIN ESPECIFICAR,Sin Especificar,1
2014-03-01,2014,3,SUCRE,Corozal,1231
2014-03-01,2014,3,SUCRE,Santiago de Tolú,285
2014-03-01,2014,3,TOLIMA,Ibagué,6276
2014-03-01,2014,3,VALLE DEL CAUCA,Buenaventura,429
2014-03-01,2014,3,VALLE DEL CAUCA,Cali,145888
2014-03-01,2014,3,VAUPES,Caruru,109
2014-03-01,2014,3,VAUPES,Mitú,1096
2014-03-01,2014,3,VAUPES,Pacoa,0
2014-03-01,2014,3,VAUPES,Taraira,62
2014-03-01,2014,3,VICHADA,Cumaribo,249
2014-03-01,2014,3,VICHADA,La Primavera,0
2014-03-01,2014,3,VICHADA,Puerto Carreño,1484
2014-04-01,2014,4,AMAZONAS,LA CHORRERA,49
2014-04-01,2014,4,AMAZONAS,La Pedrera,80
2014-04-01,2014,4,AMAZONAS,Leticia,7798
2014-04-01,2014,4,AMAZONAS,Tarapacá,62
2014-04-01,2014,4,ANTIOQUIA,Carepa,8113
2014-04-01,2014,4,ANTIOQUIA,Caucasia,1429
2014-04-01,2014,4,ANTIOQUIA,El Bagre,352
2014-04-01,2014,4,ANTIOQUIA,Medellín,37159
2014-04-01,2014,4,ANTIOQUIA,Rionegro,201561
2014-04-01,2014,4,ARAUCA,Arauca,4577
2014-04-01,2014,4,ARAUCA,Tame,256
2014-04-01,2014,4,ATLANTICO,Barranquilla,84697
2014-04-01,2014,4,BOGOTA D.C.,"Bogotá, D.C.",579032
2014-04-01,2014,4,BOLIVAR,Cartagena,113806
2014-04-01,2014,4,CALDAS,Manizales,7373
2014-04-01,2014,4,CAQUETA,Florencia,3501
2014-04-01,2014,4,CAQUETA,Morelia,0
2014-04-01,2014,4,CAQUETA,San Vicente del Caguán,45
2014-04-01,2014,4,CAQUETA,Solano,0
2014-04-01,2014,4,CASANARE,Paz de Ariporo,69
2014-04-01,2014,4,CASANARE,Yopal,17442
2014-04-01,2014,4,CAUCA,Guapi,1037
2014-04-01,2014,4,CAUCA,Popayán,3817
2014-04-01,2014,4,CESAR,Valledupar,13770
2014-04-01,2014,4,CHOCO,Acandí,309
2014-04-01,2014,4,CHOCO,Bahía Solano,1533
2014-04-01,2014,4,CHOCO,Nuquí,507
2014-04-01,2014,4,CHOCO,Quibdó,12872
2014-04-01,2014,4,CORDOBA,Montería,29358
2014-04-01,2014,4,CORDOBA,Pueblo Nuevo,1408
2014-04-01,2014,4,GUAINIA,Barranco Minas,76
2014-04-01,2014,4,GUAINIA,Inírida,894
2014-04-01,2014,4,GUAVIARE,Miraflores,253
2014-04-01,2014,4,GUAVIARE,San José del Guaviare,799
2014-04-01,2014,4,HUILA,Neiva,12087
2014-04-01,2014,4,LA GUAJIRA,Maicao,3011
2014-04-01,2014,4,LA GUAJIRA,Riohacha,5798
2014-04-01,2014,4,MAGDALENA,Santa Marta,44302
2014-04-01,2014,4,META,La Macarena,32
2014-04-01,2014,4,META,Villavicencio,3805
2014-04-01,2014,4,NARINO,Ipiales,236
2014-04-01,2014,4,NARINO,Pasto,9894
2014-04-01,2014,4,NARINO,San Andres de Tumaco,3213
2014-04-01,2014,4,NORTE DE SANTANDER,Cúcuta,30636
2014-04-01,2014,4,PUTUMAYO,Puerto Asís,2341
2014-04-01,2014,4,PUTUMAYO,Puerto Leguízamo,751
2014-04-01,2014,4,PUTUMAYO,Villagarzón,861
2014-04-01,2014,4,QUINDIO,Armenia,11391
2014-04-01,2014,4,RISARALDA,Pereira,45215
2014-04-01,2014,4,"SAN ANDRES, PROVIDENCIA Y SANTA CATALINA",Providencia,1134
2014-04-01,2014,4,"SAN ANDRES, PROVIDENCIA Y SANTA CATALINA",San Andrés,36224
2014-04-01,2014,4,SANTANDER,Barrancabermeja,8954
2014-04-01,2014,4,SANTANDER,Bucaramanga,56277
2014-04-01,2014,4,SIN ESPECIFICAR,Sin Especificar,0
2014-04-01,2014,4,SUCRE,Corozal,1359
2014-04-01,2014,4,SUCRE,Santiago de Tolú,514
2014-04-01,2014,4,TOLIMA,Ibagué,7152
2014-04-01,2014,4,VALLE DEL CAUCA,Buenaventura,391
2014-04-01,2014,4,VALLE DEL CAUCA,Cali,148017
2014-04-01,2014,4,VAUPES,Caruru,80
2014-04-01,2014,4,VAUPES,Mitú,851
2014-04-01,2014,4,VAUPES,Pacoa,18
2014-04-01,2014,4,VAUPES,Taraira,43
2014-04-01,2014,4,VICHADA,Cumaribo,298
2014-04-01,2014,4,VICHADA,La Primavera,0
2014-04-01,2014,4,VICHADA,Puerto Carreño,1441
2014-04-01,2014,4,VICHADA,Santa Rosalía,20
2014-05-01,2014,5,AMAZONAS,LA CHORRERA,54
2014-05-01,2014,5,AMAZONAS,La Pedrera,83
2014-05-01,2014,5,AMAZONAS,Leticia,8802
2014-05-01,2014,5,AMAZONAS,Tarapacá,60
2014-05-01,2014,5,ANTIOQUIA,Carepa,8362
2014-05-01,2014,5,ANTIOQUIA,Caucasia,1871
2014-05-01,2014,5,ANTIOQUIA,El Bagre,405
2014-05-01,2014,5,ANTIOQUIA,Medellín,38263
2014-05-01,2014,5,ANTIOQUIA,Rionegro,205043
2014-05-01,2014,5,ARAUCA,Arauca,4821
2014-05-01,2014,5,ARAUCA,Tame,334
2014-05-01,2014,5,ATLANTICO,Barranquilla,79105
2014-05-01,2014,5,BOGOTA D.C.,"Bogotá, D.C.",590209
2014-05-01,2014,5,BOLIVAR,Cartagena,108381
2014-05-01,2014,5,CALDAS,Manizales,7247
2014-05-01,2014,5,CAQUETA,Florencia,3687
2014-05-01,2014,5,CAQUETA,San Vicente del Caguán,47
2014-05-01,2014,5,CASANARE,Paz de Ariporo,80
2014-05-01,2014,5,CASANARE,Yopal,17961
2014-05-01,2014,5,CAUCA,Guapi,944
2014-05-01,2014,5,CAUCA,Popayán,4184
2014-05-01,2014,5,CESAR,San Martín,0
2014-05-01,2014,5,CESAR,Valledupar,16134
2014-05-01,2014,5,CHOCO,Acandí,235
2014-05-01,2014,5,CHOCO,Bahía Solano,1033
2014-05-01,2014,5,CHOCO,Nuquí,531
2014-05-01,2014,5,CHOCO,Quibdó,12383
2014-05-01,2014,5,CORDOBA,Montería,27325
2014-05-01,2014,5,GUAINIA,Barranco Minas,0
2014-05-01,2014,5,GUAINIA,Inírida,1048
2014-05-01,2014,5,GUAVIARE,Miraflores,235
2014-05-01,2014,5,GUAVIARE,San José del Guaviare,755
2014-05-01,2014,5,HUILA,Neiva,11098
2014-05-01,2014,5,HUILA,Pitalito,0
2014-05-01,2014,5,LA GUAJIRA,Maicao,3079
2014-05-01,2014,5,LA GUAJIRA,Riohacha,5386
2014-05-01,2014,5,LA GUAJIRA,Uribia,1338
2014-05-01,2014,5,MAGDALENA,Santa Marta,45203
2014-05-01,2014,5,META,La Macarena,17
2014-05-01,2014,5,META,Villavicencio,4036
2014-05-01,2014,5,NARINO,Ipiales,224
2014-05-01,2014,5,NARINO,Pasto,10428
2014-05-01,2014,5,NARINO,San Andres de Tumaco,3146
2014-05-01,2014,5,NORTE DE SANTANDER,Cúcuta,33159
2014-05-01,2014,5,PUTUMAYO,Puerto Asís,2604
2014-05-01,2014,5,PUTUMAYO,Puerto Leguízamo,812
2014-05-01,2014,5,PUTUMAYO,Villagarzón,1062
2014-05-01,2014,5,QUINDIO,Armenia,13518
2014-05-01,2014,5,RISARALDA,Pereira,51452
2014-05-01,2014,5,"SAN ANDRES, PROVIDENCIA Y SANTA CATALINA",Providencia,1114
2014-05-01,2014,5,"SAN ANDRES, PROVIDENCIA Y SANTA CATALINA",San Andrés,37306
2014-05-01,2014,5,SANTANDER,Barrancabermeja,9250
2014-05-01,2014,5,SANTANDER,Bucaramanga,65363
2014-05-01,2014,5,SIN ESPECIFICAR,Sin Especificar,0
2014-05-01,2014,5,SUCRE,Corozal,1513
2014-05-01,2014,5,SUCRE,Santiago de Tolú,372
2014-05-01,2014,5,TOLIMA,Ibagué,7077
2014-05-01,2014,5,VALLE DEL CAUCA,Buenaventura,467
2014-05-01,2014,5,VALLE DEL CAUCA,Cali,153623
2014-05-01,2014,5,VAUPES,Caruru,90
2014-05-01,2014,5,VAUPES,Mitú,785
2014-05-01,2014,5,VAUPES,Pacoa,0
2014-05-01,2014,5,VAUPES,Taraira,19
2014-05-01,2014,5,VICHADA,Cumaribo,336
2014-05-01,2014,5,VICHADA,La Primavera,0
2014-05-01,2014,5,VICHADA,Puerto Carreño,1235
2014-06-01,2014,6,AMAZONAS,LA CHORRERA,62
2014-06-01,2014,6,AMAZONAS,La Pedrera,67
2014-06-01,2014,6,AMAZONAS,Leticia,9145
2014-06-01,2014,6,AMAZONAS,Tarapacá,76
2014-06-01,2014,6,ANTIOQUIA,Carepa,8096
2014-06-01,2014,6,ANTIOQUIA,Caucasia,1463
2014-06-01,2014,6,ANTIOQUIA,El Bagre,400
2014-06-01,2014,6,ANTIOQUIA,Medellín,38555
2014-06-01,2014,6,ANTIOQUIA,Rionegro,199174
2014-06-01,2014,6,ARAUCA,Arauca,4618
2014-06-01,2014,6,ARAUCA,Tame,332
2014-06-01,2014,6,ATLANTICO,Barranquilla,84451
2014-06-01,2014,6,BOGOTA D.C.,"Bogotá, D.C.",595764
2014-06-01,2014,6,BOLIVAR,Cartagena,120305
2014-06-01,2014,6,CALDAS,Manizales,8487
2014-06-01,2014,6,CAQUETA,Florencia,3130
2014-06-01,2014,6,CAQUETA,San Vicente del Caguán,39
2014-06-01,2014,6,CASANARE,Paz de Ariporo,67
2014-06-01,2014,6,CASANARE,Yopal,17876
2014-06-01,2014,6,CAUCA,Guapi,841
2014-06-01,2014,6,CAUCA,Popayán,3875
2014-06-01,2014,6,CESAR,Valledupar,15082
2014-06-01,2014,6,CHOCO,Acandí,272
2014-06-01,2014,6,CHOCO,Bahía Solano,328
2014-06-01,2014,6,CHOCO,Nuquí,818
2014-06-01,2014,6,CHOCO,Quibdó,13933
2014-06-01,2014,6,CORDOBA,Montería,34804
2014-06-01,2014,6,GUAINIA,Barranco Minas,18
2014-06-01,2014,6,GUAINIA,Inírida,986
2014-06-01,2014,6,GUAVIARE,Miraflores,134
2014-06-01,2014,6,GUAVIARE,San José del Guaviare,769
2014-06-01,2014,6,HUILA,Neiva,10339
2014-06-01,2014,6,LA GUAJIRA,Maicao,2915
2014-06-01,2014,6,LA GUAJIRA,Riohacha,6078
2014-06-01,2014,6,LA GUAJIRA,Uribia,1230
2014-06-01,2014,6,MAGDALENA,Santa Marta,44468
2014-06-01,2014,6,META,La Macarena,32
2014-06-01,2014,6,META,Villavicencio,3690
2014-06-01,2014,6,NARINO,Ipiales,223
2014-06-01,2014,6,NARINO,Pasto,10384
2014-06-01,2014,6,NARINO,San Andres de Tumaco,3154
2014-06-01,2014,6,NORTE DE SANTANDER,Cúcuta,35908
2014-06-01,2014,6,PUTUMAYO,Puerto Asís,2442
2014-06-01,2014,6,PUTUMAYO,Puerto Leguízamo,700
2014-06-01,2014,6,PUTUMAYO,Villagarzón,942
2014-06-01,2014,6,QUINDIO,Armenia,12059
2014-06-01,2014,6,RISARALDA,Pereira,46764
2014-06-01,2014,6,"SAN ANDRES, PROVIDENCIA Y SANTA CATALINA",Providencia,1336
2014-06-01,2014,6,"SAN ANDRES, PROVIDENCIA Y SANTA CATALINA",San Andrés,43482
2014-06-01,2014,6,SANTANDER,Barrancabermeja,8160
2014-06-01,2014,6,SANTANDER,Bucaramanga,68466
2014-06-01,2014,6,SIN ESPECIFICAR,Sin Especificar,0
2014-06-01,2014,6,SUCRE,Corozal,1834
2014-06-01,2014,6,SUCRE,Coveñas,0
2014-06-01,2014,6,SUCRE,Santiago de Tolú,505
2014-06-01,2014,6,TOLIMA,Ibagué,6568
2014-06-01,2014,6,VALLE DEL CAUCA,Buenaventura,414
2014-06-01,2014,6,VALLE DEL CAUCA,Cali,148164
2014-06-01,2014,6,VAUPES,Caruru,7
2014-06-01,2014,6,VAUPES,Mitú,748
2014-06-01,2014,6,VAUPES,Pacoa,0
2014-06-01,2014,6,VAUPES,Taraira,21
2014-06-01,2014,6,VICHADA,Cumaribo,137
2014-06-01,2014,6,VICHADA,Puerto Carreño,1302
2014-07-01,2014,7,AMAZONAS,LA CHORRERA,59
2014-07-01,2014,7,AMAZONAS,La Pedrera,111
2014-07-01,2014,7,AMAZONAS,Leticia,7939
2014-07-01,2014,7,AMAZONAS,Tarapacá,57
2014-07-01,2014,7,ANTIOQUIA,Carepa,8464
2014-07-01,2014,7,ANTIOQUIA,Caucasia,1238
2014-07-01,2014,7,ANTIOQUIA,El Bagre,431
2014-07-01,2014,7,ANTIOQUIA,Medellín,40281
2014-07-01,2014,7,ANTIOQUIA,Rionegro,210457
2014-07-01,2014,7,ARAUCA,Arauca,5133
2014-07-01,2014,7,ARAUCA,Tame,332
2014-07-01,2014,7,ATLANTICO,Barranquilla,90990
2014-07-01,2014,7,BOGOTA D.C.,"Bogotá, D.C.",654205
2014-07-01,2014,7,BOLIVAR,Cartagena,130542
2014-07-01,2014,7,CALDAS,Manizales,9328
2014-07-01,2014,7,CAQUETA,Florencia,3424
2014-07-01,2014,7,CAQUETA,San Vicente del Caguán,40
2014-07-01,2014,7,CASANARE,Paz de Ariporo,21
2014-07-01,2014,7,CASANARE,Yopal,18662
2014-07-01,2014,7,CAUCA,Guapi,1142
2014-07-01,2014,7,CAUCA,Popayán,4245
2014-07-01,2014,7,CESAR,San Martín,0
2014-07-01,2014,7,CESAR,Valledupar,15187
2014-07-01,2014,7,CHOCO,Acandí,274
2014-07-01,2014,7,CHOCO,Bahía Solano,1808
2014-07-01,2014,7,CHOCO,Nuquí,789
2014-07-01,2014,7,CHOCO,Quibdó,14499
2014-07-01,2014,7,CORDOBA,Montería,35105
2014-07-01,2014,7,GUAINIA,Barranco Minas,0
2014-07-01,2014,7,GUAINIA,Inírida,1097
2014-07-01,2014,7,GUAVIARE,Miraflores,277
2014-07-01,2014,7,GUAVIARE,San José del Guaviare,733
2014-07-01,2014,7,HUILA,Neiva,10006
2014-07-01,2014,7,LA GUAJIRA,Maicao,3148
2014-07-01,2014,7,LA GUAJIRA,Riohacha,5564
2014-07-01,2014,7,LA GUAJIRA,Uribia,1390
2014-07-01,2014,7,MAGDALENA,Santa Marta,52395
2014-07-01,2014,7,META,La Macarena,329
2014-07-01,2014,7,META,Villavicencio,6019
2014-07-01,2014,7,NARINO,Ipiales,221
2014-07-01,2014,7,NARINO,Pasto,11078
2014-07-01,2014,7,NARINO,San Andres de Tumaco,3518
2014-07-01,2014,7,NORTE DE SANTANDER,Cúcuta,39967
2014-07-01,2014,7,PUTUMAYO,Puerto Asís,2499
2014-07-01,2014,7,PUTUMAYO,Puerto Leguízamo,950
2014-07-01,2014,7,PUTUMAYO,Villagarzón,1047
2014-07-01,2014,7,QUINDIO,Armenia,12964
2014-07-01,2014,7,RISARALDA,Pereira,48257
2014-07-01,2014,7,"SAN ANDRES, PROVIDENCIA Y SANTA CATALINA",Providencia,1570
2014-07-01,2014,7,"SAN ANDRES, PROVIDENCIA Y SANTA CATALINA",San Andrés,49032
2014-07-01,2014,7,SANTANDER,Barrancabermeja,8665
2014-07-01,2014,7,SANTANDER,Bucaramanga,70730
2014-07-01,2014,7,SIN ESPECIFICAR,Sin Especificar,0
2014-07-01,2014,7,SUCRE,Corozal,1800
2014-07-01,2014,7,SUCRE,Santiago de Tolú,464
2014-07-01,2014,7,TOLIMA,Ibagué,7135
2014-07-01,2014,7,VALLE DEL CAUCA,Buenaventura,534
2014-07-01,2014,7,VALLE DEL CAUCA,Cali,161473
2014-07-01,2014,7,VAUPES,Caruru,7
2014-07-01,2014,7,VAUPES,Mitú,1058
2014-07-01,2014,7,VAUPES,Pacoa,2
2014-07-01,2014,7,VAUPES,Taraira,59
2014-07-01,2014,7,VICHADA,Cumaribo,314
2014-07-01,2014,7,VICHADA,Puerto Carreño,1700
2014-08-01,2014,8,AMAZONAS,LA CHORRERA,81
2014-08-01,2014,8,AMAZONAS,La Pedrera,97
2014-08-01,2014,8,AMAZONAS,Leticia,7623
2014-08-01,2014,8,AMAZONAS,Tarapacá,69
2014-08-01,2014,8,ANTIOQUIA,Carepa,8409
2014-08-01,2014,8,ANTIOQUIA,Caucasia,1602
2014-08-01,2014,8,ANTIOQUIA,El Bagre,445
2014-08-01,2014,8,ANTIOQUIA,Medellín,40366
2014-08-01,2014,8,ANTIOQUIA,Rionegro,210937
2014-08-01,2014,8,ARAUCA,Arauca,4706
2014-08-01,2014,8,ARAUCA,Tame,344
2014-08-01,2014,8,ATLANTICO,Barranquilla,88833
2014-08-01,2014,8,BOGOTA D.C.,"Bogotá, D.C.",649773
2014-08-01,2014,8,BOLIVAR,Cartagena,127820
2014-08-01,2014,8,CALDAS,Manizales,9649
2014-08-01,2014,8,CAQUETA,Florencia,3262
2014-08-01,2014,8,CAQUETA,San Vicente del Caguán,62
2014-08-01,2014,8,CASANARE,Paz de Ariporo,40
2014-08-01,2014,8,CASANARE,Yopal,17278
2014-08-01,2014,8,CAUCA,Guapi,953
2014-08-01,2014,8,CAUCA,Popayán,3791
2014-08-01,2014,8,CESAR,San Martín,0
2014-08-01,2014,8,CESAR,Valledupar,14877
2014-08-01,2014,8,CHOCO,Acandí,273
2014-08-01,2014,8,CHOCO,Bahía Solano,840
2014-08-01,2014,8,CHOCO,Nuquí,958
2014-08-01,2014,8,CHOCO,Quibdó,13059
2014-08-01,2014,8,CORDOBA,Montería,34722
2014-08-01,2014,8,GUAINIA,Barranco Minas,0
2014-08-01,2014,8,GUAINIA,Inírida,1081
2014-08-01,2014,8,GUAVIARE,Miraflores,273
2014-08-01,2014,8,GUAVIARE,San José del Guaviare,776
2014-08-01,2014,8,HUILA,Neiva,10988
2014-08-01,2014,8,LA GUAJIRA,Maicao,3042
2014-08-01,2014,8,LA GUAJIRA,Riohacha,5588
2014-08-01,2014,8,LA GUAJIRA,Uribia,1186
2014-08-01,2014,8,MAGDALENA,Santa Marta,50495
2014-08-01,2014,8,META,La Macarena,403
2014-08-01,2014,8,META,Villavicencio,6150
2014-08-01,2014,8,NARINO,Ipiales,196
2014-08-01,2014,8,NARINO,Pasto,10547
2014-08-01,2014,8,NARINO,San Andres de Tumaco,3396
2014-08-01,2014,8,NORTE DE SANTANDER,Cúcuta,41057
2014-08-01,2014,8,PUTUMAYO,Puerto Asís,2421
2014-08-01,2014,8,PUTUMAYO,Puerto Leguízamo,893
2014-08-01,2014,8,PUTUMAYO,Villagarzón,975
2014-08-01,2014,8,QUINDIO,Armenia,12660
2014-08-01,2014,8,RISARALDA,Pereira,48632
2014-08-01,2014,8,"SAN ANDRES, PROVIDENCIA Y SANTA CATALINA",Providencia,1116
2014-08-01,2014,8,"SAN ANDRES, PROVIDENCIA Y SANTA CATALINA",San Andrés,48643
2014-08-01,2014,8,SANTANDER,Barrancabermeja,8711
2014-08-01,2014,8,SANTANDER,Bucaramanga,65791
2014-08-01,2014,8,SIN ESPECIFICAR,Sin Especificar,0
2014-08-01,2014,8,SUCRE,Corozal,1909
2014-08-01,2014,8,SUCRE,Santiago de Tolú,448
2014-08-01,2014,8,TOLIMA,Ibagué,7109
2014-08-01,2014,8,VALLE DEL CAUCA,Buenaventura,481
2014-08-01,2014,8,VALLE DEL CAUCA,Cali,160052
2014-08-01,2014,8,VAUPES,Caruru,58
2014-08-01,2014,8,VAUPES,Mitú,927
2014-08-01,2014,8,VAUPES,Taraira,45
2014-08-01,2014,8,VICHADA,Cumaribo,227
2014-08-01,2014,8,VICHADA,La Primavera,0
2014-08-01,2014,8,VICHADA,Puerto Carreño,1307
2014-09-01,2014,9,AMAZONAS,LA CHORRERA,83
2014-09-01,2014,9,AMAZONAS,La Pedrera,77
2014-09-01,2014,9,AMAZONAS,Leticia,7213
2014-09-01,2014,9,AMAZONAS,Tarapacá,58
2014-09-01,2014,9,ANTIOQUIA,Carepa,8748
2014-09-01,2014,9,ANTIOQUIA,Caucasia,1785
2014-09-01,2014,9,ANTIOQUIA,El Bagre,373
2014-09-01,2014,9,ANTIOQUIA,Medellín,39768
2014-09-01,2014,9,ANTIOQUIA,Rionegro,201739
2014-09-01,2014,9,ARAUCA,Arauca,5596
2014-09-01,2014,9,ARAUCA,Tame,372
2014-09-01,2014,9,ATLANTICO,Barranquilla,86937
2014-09-01,2014,9,BOGOTA D.C.,"Bogotá, D.C.",643534
2014-09-01,2014,9,BOLIVAR,Cartagena,117933
2014-09-01,2014,9,CALDAS,Manizales,8216
2014-09-01,2014,9,CAQUETA,Florencia,3488
2014-09-01,2014,9,CAQUETA,San Vicente del Caguán,37
2014-09-01,2014,9,CASANARE,Paz de Ariporo,15
2014-09-01,2014,9,CASANARE,Yopal,18337
2014-09-01,2014,9,CAUCA,Guapi,1111
2014-09-01,2014,9,CAUCA,Popayán,3894
2014-09-01,2014,9,CESAR,San Martín,0
2014-09-01,2014,9,CESAR,Valledupar,15177
2014-09-01,2014,9,CHOCO,Acandí,202
2014-09-01,2014,9,CHOCO,Bahía Solano,274
2014-09-01,2014,9,CHOCO,Nuquí,671
2014-09-01,2014,9,CHOCO,Quibdó,13732
2014-09-01,2014,9,CORDOBA,Montería,33120
2014-09-01,2014,9,GUAINIA,Barranco Minas,18
2014-09-01,2014,9,GUAINIA,Inírida,1020
2014-09-01,2014,9,GUAVIARE,Miraflores,260
2014-09-01,2014,9,GUAVIARE,San José del Guaviare,991
2014-09-01,2014,9,HUILA,Neiva,11443
2014-09-01,2014,9,LA GUAJIRA,Maicao,2867
2014-09-01,2014,9,LA GUAJIRA,Riohacha,5467
2014-09-01,2014,9,LA GUAJIRA,Uribia,1229
2014-09-01,2014,9,MAGDALENA,Santa Marta,49036
2014-09-01,2014,9,META,La Macarena,355
2014-09-01,2014,9,META,Villavicencio,6633
2014-09-01,2014,9,NARINO,Ipiales,85
2014-09-01,2014,9,NARINO,Pasto,10127
2014-09-01,2014,9,NARINO,San Andres de Tumaco,4246
2014-09-01,2014,9,NORTE DE SANTANDER,Cúcuta,44035
2014-09-01,2014,9,PUTUMAYO,Puerto Asís,2549
2014-09-01,2014,9,PUTUMAYO,Puerto Leguízamo,820
2014-09-01,2014,9,PUTUMAYO,Villagarzón,980
2014-09-01,2014,9,QUINDIO,Armenia,12343
2014-09-01,2014,9,RISARALDA,Pereira,49327
2014-09-01,2014,9,"SAN ANDRES, PROVIDENCIA Y SANTA CATALINA",Providencia,1071
2014-09-01,2014,9,"SAN ANDRES, PROVIDENCIA Y SANTA CATALINA",San Andrés,44635
2014-09-01,2014,9,SANTANDER,Barrancabermeja,9437
2014-09-01,2014,9,SANTANDER,Bucaramanga,72102
2014-09-01,2014,9,SIN ESPECIFICAR,Sin Especificar,0
2014-09-01,2014,9,SUCRE,Corozal,2003
2014-09-01,2014,9,SUCRE,Coveñas,45
2014-09-01,2014,9,SUCRE,Santiago de Tolú,341
2014-09-01,2014,9,TOLIMA,Ibagué,7396
2014-09-01,2014,9,VALLE DEL CAUCA,Buenaventura,494
2014-09-01,2014,9,VALLE DEL CAUCA,Cali,156382
2014-09-01,2014,9,VAUPES,Caruru,64
2014-09-01,2014,9,VAUPES,Mitú,1045
2014-09-01,2014,9,VAUPES,Pacoa,0
2014-09-01,2014,9,VAUPES,Taraira,45
2014-09-01,2014,9,VICHADA,Cumaribo,308
2014-09-01,2014,9,VICHADA,La Primavera,0
2014-09-01,2014,9,VICHADA,Puerto Carreño,1428
2014-10-01,2014,10,AMAZONAS,LA CHORRERA,83
2014-10-01,2014,10,AMAZONAS,La Pedrera,104
2014-10-01,2014,10,AMAZONAS,Leticia,7194
2014-10-01,2014,10,AMAZONAS,Tarapacá,58
2014-10-01,2014,10,ANTIOQUIA,Carepa,9938
2014-10-01,2014,10,ANTIOQUIA,Caucasia,1823
2014-10-01,2014,10,ANTIOQUIA,El Bagre,388
2014-10-01,2014,10,ANTIOQUIA,Medellín,45160
2014-10-01,2014,10,ANTIOQUIA,Rionegro,224681
2014-10-01,2014,10,ARAUCA,Arauca,6566
2014-10-01,2014,10,ARAUCA,Tame,303
2014-10-01,2014,10,ATLANTICO,Barranquilla,98999
2014-10-01,2014,10,BOGOTA D.C.,"Bogotá, D.C.",699765
2014-10-01,2014,10,BOLIVAR,Cartagena,127529
2014-10-01,2014,10,CALDAS,Manizales,8246
2014-10-01,2014,10,CAQUETA,Florencia,3531
2014-10-01,2014,10,CAQUETA,San Vicente del Caguán,46
2014-10-01,2014,10,CAQUETA,Solano,0
2014-10-01,2014,10,CASANARE,Paz de Ariporo,29
2014-10-01,2014,10,CASANARE,Yopal,20218
2014-10-01,2014,10,CAUCA,Guapi,1076
2014-10-01,2014,10,CAUCA,Popayán,3604
2014-10-01,2014,10,CESAR,San Martín,11
2014-10-01,2014,10,CESAR,Valledupar,15113
2014-10-01,2014,10,CHOCO,Acandí,295
2014-10-01,2014,10,CHOCO,Bahía Solano,373
2014-10-01,2014,10,CHOCO,Nuquí,661
2014-10-01,2014,10,CHOCO,Quibdó,14224
2014-10-01,2014,10,CORDOBA,Montería,37866
2014-10-01,2014,10,GUAINIA,Barranco Minas,0
2014-10-01,2014,10,GUAINIA,Inírida,1151
2014-10-01,2014,10,GUAVIARE,Miraflores,241
2014-10-01,2014,10,GUAVIARE,San José del Guaviare,984
2014-10-01,2014,10,HUILA,Neiva,13777
2014-10-01,2014,10,LA GUAJIRA,Maicao,2669
2014-10-01,2014,10,LA GUAJIRA,Riohacha,5432
2014-10-01,2014,10,LA GUAJIRA,Uribia,1033
2014-10-01,2014,10,MAGDALENA,Santa Marta,55778
2014-10-01,2014,10,META,La Macarena,505
2014-10-01,2014,10,META,Villavicencio,7038
2014-10-01,2014,10,NARINO,Pasto,11128
2014-10-01,2014,10,NARINO,San Andres de Tumaco,5115
2014-10-01,2014,10,NORTE DE SANTANDER,Cúcuta,48231
2014-10-01,2014,10,PUTUMAYO,Puerto Asís,2766
2014-10-01,2014,10,PUTUMAYO,Puerto Leguízamo,875
2014-10-01,2014,10,PUTUMAYO,Villagarzón,1099
2014-10-01,2014,10,QUINDIO,Armenia,15001
2014-10-01,2014,10,RISARALDA,Pereira,53650
2014-10-01,2014,10,"SAN ANDRES, PROVIDENCIA Y SANTA CATALINA",Providencia,1093
2014-10-01,2014,10,"SAN ANDRES, PROVIDENCIA Y SANTA CATALINA",San Andrés,47018
2014-10-01,2014,10,SANTANDER,Barrancabermeja,9714
2014-10-01,2014,10,SANTANDER,Bucaramanga,76387
2014-10-01,2014,10,SIN ESPECIFICAR,Sin Especificar,0
2014-10-01,2014,10,SUCRE,Corozal,2140
2014-10-01,2014,10,SUCRE,Santiago de Tolú,606
2014-10-01,2014,10,TOLIMA,Ibagué,7109
2014-10-01,2014,10,VALLE DEL CAUCA,Buenaventura,495
2014-10-01,2014,10,VALLE DEL CAUCA,Cali,168591
2014-10-01,2014,10,VAUPES,Caruru,35
2014-10-01,2014,10,VAUPES,Mitú,1002
2014-10-01,2014,10,VAUPES,Taraira,57
2014-10-01,2014,10,VICHADA,Cumaribo,360
2014-10-01,2014,10,VICHADA,Puerto Carreño,1436
2014-11-01,2014,11,AMAZONAS,LA CHORRERA,79
2014-11-01,2014,11,AMAZONAS,La Pedrera,87
2014-11-01,2014,11,AMAZONAS,Leticia,7942
2014-11-01,2014,11,AMAZONAS,Tarapacá,71
2014-11-01,2014,11,ANTIOQUIA,Carepa,9337
2014-11-01,2014,11,ANTIOQUIA,Caucasia,1591
2014-11-01,2014,11,ANTIOQUIA,El Bagre,460
2014-11-01,2014,11,ANTIOQUIA,Medellín,42673
2014-11-01,2014,11,ANTIOQUIA,Rionegro,210366
2014-11-01,2014,11,ARAUCA,Arauca,5960
2014-11-01,2014,11,ARAUCA,Tame,56
2014-11-01,2014,11,ATLANTICO,Barranquilla,94637
2014-11-01,2014,11,BOGOTA D.C.,"Bogotá, D.C.",656828
2014-11-01,2014,11,BOLIVAR,Cartagena,120465
2014-11-01,2014,11,CALDAS,Manizales,8008
2014-11-01,2014,11,CAQUETA,Florencia,3409
2014-11-01,2014,11,CAQUETA,San Vicente del Caguán,71
2014-11-01,2014,11,CASANARE,Paz de Ariporo,45
2014-11-01,2014,11,CASANARE,Yopal,19004
2014-11-01,2014,11,CAUCA,Guapi,1057
2014-11-01,2014,11,CAUCA,Popayán,3534
2014-11-01,2014,11,CESAR,Valledupar,15613
2014-11-01,2014,11,CHOCO,Acandí,376
2014-11-01,2014,11,CHOCO,Bahía Solano,332
2014-11-01,2014,11,CHOCO,Nuquí,722
2014-11-01,2014,11,CHOCO,Quibdó,14218
2014-11-01,2014,11,CORDOBA,Montelíbano,73
2014-11-01,2014,11,CORDOBA,Montería,36454
2014-11-01,2014,11,GUAINIA,Barranco Minas,25
2014-11-01,2014,11,GUAINIA,Inírida,1307
2014-11-01,2014,11,GUAVIARE,Miraflores,288
2014-11-01,2014,11,GUAVIARE,San José del Guaviare,990
2014-11-01,2014,11,HUILA,Neiva,13408
2014-11-01,2014,11,LA GUAJIRA,Maicao,2717
2014-11-01,2014,11,LA GUAJIRA,Riohacha,5833
2014-11-01,2014,11,LA GUAJIRA,Uribia,1030
2014-11-01,2014,11,MAGDALENA,Santa Marta,54872
2014-11-01,2014,11,META,La Macarena,265
2014-11-01,2014,11,META,Uribe,19
2014-11-01,2014,11,META,Villavicencio,6398
2014-11-01,2014,11,NARINO,Pasto,12146
2014-11-01,2014,11,NARINO,San Andres de Tumaco,5194
2014-11-01,2014,11,NORTE DE SANTANDER,Cúcuta,45519
2014-11-01,2014,11,PUTUMAYO,Puerto Asís,2864
2014-11-01,2014,11,PUTUMAYO,Puerto Leguízamo,635
2014-11-01,2014,11,PUTUMAYO,Villagarzón,550
2014-11-01,2014,11,QUINDIO,Armenia,15039
2014-11-01,2014,11,RISARALDA,Pereira,50872
2014-11-01,2014,11,"SAN ANDRES, PROVIDENCIA Y SANTA CATALINA",Providencia,1167
2014-11-01,2014,11,"SAN ANDRES, PROVIDENCIA Y SANTA CATALINA",San Andrés,46621
2014-11-01,2014,11,SANTANDER,Barrancabermeja,9574
2014-11-01,2014,11,SANTANDER,Bucaramanga,69595
2014-11-01,2014,11,SIN ESPECIFICAR,Sin Especificar,0
2014-11-01,2014,11,SUCRE,Corozal,1914
2014-11-01,2014,11,SUCRE,Coveñas,80
2014-11-01,2014,11,SUCRE,Santiago de Tolú,369
2014-11-01,2014,11,TOLIMA,Ibagué,6907
2014-11-01,2014,11,VALLE DEL CAUCA,Buenaventura,462
2014-11-01,2014,11,VALLE DEL CAUCA,Cali,156604
2014-11-01,2014,11,VAUPES,Caruru,101
2014-11-01,2014,11,VAUPES,Mitú,1263
2014-11-01,2014,11,VAUPES,Pacoa,4
2014-11-01,2014,11,VAUPES,Taraira,48
2014-11-01,2014,11,VICHADA,Cumaribo,317
2014-11-01,2014,11,VICHADA,Puerto Carreño,1503
2014-12-01,2014,12,AMAZONAS,LA CHORRERA,49
2014-12-01,2014,12,AMAZONAS,La Pedrera,61
2014-12-01,2014,12,AMAZONAS,Leticia,7721
2014-12-01,2014,12,AMAZONAS,Tarapacá,36
2014-12-01,2014,12,ANTIOQUIA,Carepa,9275
2014-12-01,2014,12,ANTIOQUIA,Caucasia,1402
2014-12-01,2014,12,ANTIOQUIA,El Bagre,415
2014-12-01,2014,12,ANTIOQUIA,Medellín,42296
2014-12-01,2014,12,ANTIOQUIA,Rionegro,228621
2014-12-01,2014,12,ARAUCA,Arauca,6729
2014-12-01,2014,12,ARAUCA,Tame,91
2014-12-01,2014,12,ATLANTICO,Barranquilla,110302
2014-12-01,2014,12,BOGOTA D.C.,"Bogotá, D.C.",615824
2014-12-01,2014,12,BOLIVAR,Cartagena,137953
2014-12-01,2014,12,CALDAS,Manizales,9136
2014-12-01,2014,12,CAQUETA,Florencia,3842
2014-12-01,2014,12,CAQUETA,San Vicente del Caguán,54
2014-12-01,2014,12,CASANARE,Paz de Ariporo,85
2014-12-01,2014,12,CASANARE,Yopal,18382
2014-12-01,2014,12,CAUCA,Guapi,1198
2014-12-01,2014,12,CAUCA,Popayán,3936
2014-12-01,2014,12,CESAR,San Martín,0
2014-12-01,2014,12,CESAR,Valledupar,16077
2014-12-01,2014,12,CHOCO,Acandí,573
2014-12-01,2014,12,CHOCO,Bahía Solano,488
2014-12-01,2014,12,CHOCO,Nuquí,239
2014-12-01,2014,12,CHOCO,Quibdó,18725
2014-12-01,2014,12,CORDOBA,Montelíbano,172
2014-12-01,2014,12,CORDOBA,Montería,43018
2014-12-01,2014,12,GUAINIA,Barranco Minas,0
2014-12-01,2014,12,GUAINIA,Inírida,1155
2014-12-01,2014,12,GUAVIARE,Miraflores,277
2014-12-01,2014,12,GUAVIARE,San José del Guaviare,1108
2014-12-01,2014,12,HUILA,Neiva,12868
2014-12-01,2014,12,LA GUAJIRA,Maicao,2850
2014-12-01,2014,12,LA GUAJIRA,Riohacha,6418
2014-12-01,2014,12,LA GUAJIRA,Uribia,1184
2014-12-01,2014,12,MAGDALENA,Santa Marta,63118
2014-12-01,2014,12,META,La Macarena,33
2014-12-01,2014,12,META,Villavicencio,5654
2014-12-01,2014,12,NARINO,Pasto,12622
2014-12-01,2014,12,NARINO,San Andres de Tumaco,6476
2014-12-01,2014,12,NORTE DE SANTANDER,Cúcuta,56745
2014-12-01,2014,12,PUTUMAYO,Puerto Asís,2731
2014-12-01,2014,12,PUTUMAYO,Puerto Leguízamo,546
2014-12-01,2014,12,PUTUMAYO,Villagarzón,851
2014-12-01,2014,12,QUINDIO,Armenia,17774
2014-12-01,2014,12,RISARALDA,Pereira,57344
2014-12-01,2014,12,"SAN ANDRES, PROVIDENCIA Y SANTA CATALINA",Providencia,2335
2014-12-01,2014,12,"SAN ANDRES, PROVIDENCIA Y SANTA CATALINA",San Andrés,55578
2014-12-01,2014,12,SANTANDER,Barrancabermeja,8802
2014-12-01,2014,12,SANTANDER,Bucaramanga,75502
2014-12-01,2014,12,SIN ESPECIFICAR,Sin Especificar,0
2014-12-01,2014,12,SUCRE,Corozal,2524
2014-12-01,2014,12,SUCRE,Santiago de Tolú,1048
2014-12-01,2014,12,TOLIMA,Ibagué,6591
2014-12-01,2014,12,VALLE DEL CAUCA,Buenaventura,416
2014-12-01,2014,12,VALLE DEL CAUCA,Cali,170017
2014-12-01,2014,12,VAUPES,Caruru,73
2014-12-01,2014,12,VAUPES,Mitú,960
2014-12-01,2014,12,VAUPES,Pacoa,0
2014-12-01,2014,12,VAUPES,Taraira,37
2014-12-01,2014,12,VICHADA,Cumaribo,38
2014-12-01,2014,12,VICHADA,La Primavera,0
2014-12-01,2014,12,VICHADA,Puerto Carreño,1652
2015-01-01,2015,1,AMAZONAS,LA CHORRERA,65
2015-01-01,2015,1,AMAZONAS,La Pedrera,56
2015-01-01,2015,1,AMAZONAS,Leticia,8391
2015-01-01,2015,1,AMAZONAS,Tarapacá,31
2015-01-01,2015,1,ANTIOQUIA,Carepa,7225
2015-01-01,2015,1,ANTIOQUIA,Caucasia,944
2015-01-01,2015,1,ANTIOQUIA,El Bagre,346
2015-01-01,2015,1,ANTIOQUIA,Medellín,44923
2015-01-01,2015,1,ANTIOQUIA,Rionegro,200624
2015-01-01,2015,1,ARAUCA,Arauca,5790
2015-01-01,2015,1,ARAUCA,Tame,59
2015-01-01,2015,1,ATLANTICO,Barranquilla,89177
2015-01-01,2015,1,BOGOTA D.C.,"Bogotá, D.C.",714376
2015-01-01,2015,1,BOLIVAR,Cartagena,137836
2015-01-01,2015,1,CALDAS,Manizales,7878
2015-01-01,2015,1,CAQUETA,Florencia,3147
2015-01-01,2015,1,CAQUETA,San Vicente del Caguán,46
2015-01-01,2015,1,CAQUETA,Solano,0
2015-01-01,2015,1,CASANARE,Paz de Ariporo,87
2015-01-01,2015,1,CASANARE,Yopal,15436
2015-01-01,2015,1,CAUCA,Guapi,976
2015-01-01,2015,1,CAUCA,Popayán,2848
2015-01-01,2015,1,CESAR,Valledupar,12981
2015-01-01,2015,1,CHOCO,Acandí,470
2015-01-01,2015,1,CHOCO,Bahía Solano,345
2015-01-01,2015,1,CHOCO,Nuquí,433
2015-01-01,2015,1,CHOCO,Quibdó,13165
2015-01-01,2015,1,CORDOBA,Montelíbano,101
2015-01-01,2015,1,CORDOBA,Montería,34639
2015-01-01,2015,1,GUAINIA,Barranco Minas,0
2015-01-01,2015,1,GUAINIA,Inírida,1346
2015-01-01,2015,1,GUAVIARE,Miraflores,343
2015-01-01,2015,1,GUAVIARE,San José del Guaviare,943
2015-01-01,2015,1,HUILA,Neiva,9739
2015-01-01,2015,1,LA GUAJIRA,Maicao,2875
2015-01-01,2015,1,LA GUAJIRA,Riohacha,4847
2015-01-01,2015,1,LA GUAJIRA,Uribia,1280
2015-01-01,2015,1,MAGDALENA,Santa Marta,63520
2015-01-01,2015,1,META,La Macarena,44
2015-01-01,2015,1,META,Villavicencio,5058
2015-01-01,2015,1,NARINO,Pasto,11150
2015-01-01,2015,1,NARINO,San Andres de Tumaco,5019
2015-01-01,2015,1,NORTE DE SANTANDER,Cúcuta,47836
2015-01-01,2015,1,PUTUMAYO,Puerto Asís,2438
2015-01-01,2015,1,PUTUMAYO,Puerto Leguízamo,567
2015-01-01,2015,1,PUTUMAYO,Villagarzón,539
2015-01-01,2015,1,QUINDIO,Armenia,13466
2015-01-01,2015,1,RISARALDA,Pereira,48496
2015-01-01,2015,1,"SAN ANDRES, PROVIDENCIA Y SANTA CATALINA",Providencia,1643
2015-01-01,2015,1,"SAN ANDRES, PROVIDENCIA Y SANTA CATALINA",San Andrés,57521
2015-01-01,2015,1,SANTANDER,Barrancabermeja,6680
2015-01-01,2015,1,SANTANDER,Bucaramanga,64234
2015-01-01,2015,1,SIN ESPECIFICAR,Sin Especificar,0
2015-01-01,2015,1,SUCRE,Corozal,1957
2015-01-01,2015,1,SUCRE,Santiago de Tolú,856
2015-01-01,2015,1,TOLIMA,Ibagué,5433
2015-01-01,2015,1,VALLE DEL CAUCA,Buenaventura,454
2015-01-01,2015,1,VALLE DEL CAUCA,Cali,149462
2015-01-01,2015,1,VAUPES,Caruru,109
2015-01-01,2015,1,VAUPES,Mitú,1198
2015-01-01,2015,1,VAUPES,Pacoa,19
2015-01-01,2015,1,VAUPES,Taraira,82
2015-01-01,2015,1,VICHADA,Cumaribo,0
2015-01-01,2015,1,VICHADA,Puerto Carreño,1796
2015-02-01,2015,2,AMAZONAS,LA CHORRERA,40
2015-02-01,2015,2,AMAZONAS,La Pedrera,84
2015-02-01,2015,2,AMAZONAS,Leticia,6202
2015-02-01,2015,2,AMAZONAS,Tarapacá,54
2015-02-01,2015,2,ANTIOQUIA,Carepa,8101
2015-02-01,2015,2,ANTIOQUIA,Caucasia,1292
2015-02-01,2015,2,ANTIOQUIA,El Bagre,433
2015-02-01,2015,2,ANTIOQUIA,Medellín,37120
2015-02-01,2015,2,ANTIOQUIA,Rionegro,183438
2015-02-01,2015,2,ARAUCA,Arauca,4911
2015-02-01,2015,2,ARAUCA,Tame,58
2015-02-01,2015,2,ATLANTICO,Barranquilla,82997
2015-02-01,2015,2,BOGOTA D.C.,"Bogotá, D.C.",579973
2015-02-01,2015,2,BOLIVAR,Cartagena,107921
2015-02-01,2015,2,CALDAS,Manizales,7778
2015-02-01,2015,2,CAQUETA,Florencia,3419
2015-02-01,2015,2,CAQUETA,San Vicente del Caguán,14
2015-02-01,2015,2,CASANARE,Paz de Ariporo,68
2015-02-01,2015,2,CASANARE,Yopal,13828
2015-02-01,2015,2,CAUCA,Guapi,876
2015-02-01,2015,2,CAUCA,Popayán,3331
2015-02-01,2015,2,CESAR,San Martín,0
2015-02-01,2015,2,CESAR,Valledupar,12227
2015-02-01,2015,2,CHOCO,Acandí,407
2015-02-01,2015,2,CHOCO,Bahía Solano,436
2015-02-01,2015,2,CHOCO,Nuquí,213
2015-02-01,2015,2,CHOCO,Quibdó,11109
2015-02-01,2015,2,CORDOBA,Montelíbano,130
2015-02-01,2015,2,CORDOBA,Montería,29853
2015-02-01,2015,2,GUAINIA,Barranco Minas,0
2015-02-01,2015,2,GUAINIA,Inírida,1170
2015-02-01,2015,2,GUAVIARE,Miraflores,334
2015-02-01,2015,2,GUAVIARE,San José del Guaviare,692
2015-02-01,2015,2,HUILA,Neiva,10646
2015-02-01,2015,2,LA GUAJIRA,Maicao,2711
2015-02-01,2015,2,LA GUAJIRA,Riohacha,4507
2015-02-01,2015,2,LA GUAJIRA,Uribia,1164
2015-02-01,2015,2,MAGDALENA,Santa Marta,47986
2015-02-01,2015,2,META,La Macarena,32
2015-02-01,2015,2,META,Villavicencio,5146
2015-02-01,2015,2,NARINO,Pasto,9758
2015-02-01,2015,2,NARINO,San Andres de Tumaco,4126
2015-02-01,2015,2,NORTE DE SANTANDER,Cúcuta,35546
2015-02-01,2015,2,PUTUMAYO,Puerto Asís,2218
2015-02-01,2015,2,PUTUMAYO,Puerto Leguízamo,556
2015-02-01,2015,2,PUTUMAYO,Villagarzón,696
2015-02-01,2015,2,QUINDIO,Armenia,14557
2015-02-01,2015,2,RISARALDA,Pereira,43607
2015-02-01,2015,2,"SAN ANDRES, PROVIDENCIA Y SANTA CATALINA",Providencia,953
2015-02-01,2015,2,"SAN ANDRES, PROVIDENCIA Y SANTA CATALINA",San Andrés,45990
2015-02-01,2015,2,SANTANDER,Barrancabermeja,6614
2015-02-01,2015,2,SANTANDER,Bucaramanga,58967
2015-02-01,2015,2,SIN ESPECIFICAR,Sin Especificar,0
2015-02-01,2015,2,SUCRE,Corozal,1750
2015-02-01,2015,2,SUCRE,Santiago de Tolú,488
2015-02-01,2015,2,TOLIMA,Ibagué,5876
2015-02-01,2015,2,VALLE DEL CAUCA,Buenaventura,543
2015-02-01,2015,2,VALLE DEL CAUCA,Cali,137355
2015-02-01,2015,2,VAUPES,Caruru,28
2015-02-01,2015,2,VAUPES,Mitú,928
2015-02-01,2015,2,VAUPES,Pacoa,0
2015-02-01,2015,2,VAUPES,Taraira,50
2015-02-01,2015,2,VICHADA,Cumaribo,111
2015-02-01,2015,2,VICHADA,Puerto Carreño,1460
2015-03-01,2015,3,AMAZONAS,LA CHORRERA,46
2015-03-01,2015,3,AMAZONAS,La Pedrera,50
2015-03-01,2015,3,AMAZONAS,Leticia,6863
2015-03-01,2015,3,AMAZONAS,Tarapacá,38
2015-03-01,2015,3,ANTIOQUIA,Carepa,8612
2015-03-01,2015,3,ANTIOQUIA,Caucasia,1740
2015-03-01,2015,3,ANTIOQUIA,El Bagre,456
2015-03-01,2015,3,ANTIOQUIA,Medellín,40770
2015-03-01,2015,3,ANTIOQUIA,Rionegro,206430
2015-03-01,2015,3,ARAUCA,Arauca,6094
2015-03-01,2015,3,ARAUCA,Tame,55
2015-03-01,2015,3,ATLANTICO,Barranquilla,96282
2015-03-01,2015,3,BOGOTA D.C.,"Bogotá, D.C.",631712
2015-03-01,2015,3,BOLIVAR,Cartagena,122406
2015-03-01,2015,3,BOLIVAR,Mompós,36
2015-03-01,2015,3,CALDAS,Manizales,7647
2015-03-01,2015,3,CAQUETA,Florencia,3504
2015-03-01,2015,3,CAQUETA,San Vicente del Caguán,26
2015-03-01,2015,3,CASANARE,Paz de Ariporo,66
2015-03-01,2015,3,CASANARE,Yopal,15541
2015-03-01,2015,3,CAUCA,Guapi,835
2015-03-01,2015,3,CAUCA,Popayán,3907
2015-03-01,2015,3,CESAR,San Martín,0
2015-03-01,2015,3,CESAR,Valledupar,14337
2015-03-01,2015,3,CHOCO,Acandí,582
2015-03-01,2015,3,CHOCO,Bahía Solano,736
2015-03-01,2015,3,CHOCO,Quibdó,13744
2015-03-01,2015,3,CORDOBA,Montelíbano,175
2015-03-01,2015,3,CORDOBA,Montería,35473
2015-03-01,2015,3,GUAINIA,Barranco Minas,0
2015-03-01,2015,3,GUAINIA,Inírida,1105
2015-03-01,2015,3,GUAVIARE,Miraflores,220
2015-03-01,2015,3,GUAVIARE,San José del Guaviare,875
2015-03-01,2015,3,HUILA,Neiva,12103
2015-03-01,2015,3,LA GUAJIRA,Maicao,3090
2015-03-01,2015,3,LA GUAJIRA,Riohacha,5648
2015-03-01,2015,3,LA GUAJIRA,Uribia,1364
2015-03-01,2015,3,MAGDALENA,Santa Marta,52874
2015-03-01,2015,3,META,La Macarena,33
2015-03-01,2015,3,META,Villavicencio,5706
2015-03-01,2015,3,NARINO,Pasto,11567
2015-03-01,2015,3,NARINO,San Andres de Tumaco,4431
2015-03-01,2015,3,NORTE DE SANTANDER,Cúcuta,42191
2015-03-01,2015,3,PUTUMAYO,Puerto Asís,2447
2015-03-01,2015,3,PUTUMAYO,Puerto Leguízamo,561
2015-03-01,2015,3,PUTUMAYO,Villagarzón,801
2015-03-01,2015,3,QUINDIO,Armenia,14548
2015-03-01,2015,3,RISARALDA,Pereira,52344
2015-03-01,2015,3,"SAN ANDRES, PROVIDENCIA Y SANTA CATALINA",Providencia,1131
2015-03-01,2015,3,"SAN ANDRES, PROVIDENCIA Y SANTA CATALINA",San Andrés,53484
2015-03-01,2015,3,SANTANDER,Barrancabermeja,7118
2015-03-01,2015,3,SANTANDER,Bucaramanga,67100
2015-03-01,2015,3,SIN ESPECIFICAR,Sin Especificar,0
2015-03-01,2015,3,SUCRE,Corozal,2252
2015-03-01,2015,3,SUCRE,Santiago de Tolú,645
2015-03-01,2015,3,TOLIMA,Ibagué,6362
2015-03-01,2015,3,VALLE DEL CAUCA,Buenaventura,650
2015-03-01,2015,3,VALLE DEL CAUCA,Cali,149970
2015-03-01,2015,3,VAUPES,Caruru,12
2015-03-01,2015,3,VAUPES,Mitú,982
2015-03-01,2015,3,VAUPES,Taraira,53
2015-03-01,2015,3,VICHADA,Cumaribo,48
2015-03-01,2015,3,VICHADA,Puerto Carreño,1352
2015-04-01,2015,4,AMAZONAS,LA CHORRERA,34
2015-04-01,2015,4,AMAZONAS,La Pedrera,61
2015-04-01,2015,4,AMAZONAS,Leticia,7022
2015-04-01,2015,4,AMAZONAS,Tarapacá,38
2015-04-01,2015,4,ANTIOQUIA,Carepa,7752
2015-04-01,2015,4,ANTIOQUIA,Caucasia,1440
2015-04-01,2015,4,ANTIOQUIA,El Bagre,509
2015-04-01,2015,4,ANTIOQUIA,Medellín,38366
2015-04-01,2015,4,ANTIOQUIA,Rionegro,203627
2015-04-01,2015,4,ARAUCA,Arauca,5504
2015-04-01,2015,4,ARAUCA,Tame,81
2015-04-01,2015,4,ATLANTICO,Barranquilla,93309
2015-04-01,2015,4,BOGOTA D.C.,"Bogotá, D.C.",656216
2015-04-01,2015,4,BOLIVAR,Cartagena,113772
2015-04-01,2015,4,CALDAS,Manizales,6978
2015-04-01,2015,4,CAQUETA,Florencia,3407
2015-04-01,2015,4,CAQUETA,San Vicente del Caguán,3
2015-04-01,2015,4,CASANARE,Paz de Ariporo,55
2015-04-01,2015,4,CASANARE,Villanueva,0
2015-04-01,2015,4,CASANARE,Yopal,14381
2015-04-01,2015,4,CAUCA,Guapi,758
2015-04-01,2015,4,CAUCA,Popayán,3592
2015-04-01,2015,4,CESAR,Valledupar,15129
2015-04-01,2015,4,CHOCO,Acandí,462
2015-04-01,2015,4,CHOCO,Bahía Solano,192
2015-04-01,2015,4,CHOCO,Quibdó,13109
2015-04-01,2015,4,CORDOBA,Montelíbano,36
2015-04-01,2015,4,CORDOBA,Montería,32247
2015-04-01,2015,4,GUAINIA,Barranco Minas,0
2015-04-01,2015,4,GUAINIA,Inírida,1159
2015-04-01,2015,4,GUAVIARE,Miraflores,259
2015-04-01,2015,4,GUAVIARE,San José del Guaviare,785
2015-04-01,2015,4,HUILA,Neiva,11191
2015-04-01,2015,4,LA GUAJIRA,Maicao,2501
2015-04-01,2015,4,LA GUAJIRA,Riohacha,5354
2015-04-01,2015,4,LA GUAJIRA,Uribia,1215
2015-04-01,2015,4,MAGDALENA,Santa Marta,52546
2015-04-01,2015,4,META,La Macarena,0
2015-04-01,2015,4,META,Villavicencio,5969
2015-04-01,2015,4,NARINO,Pasto,11171
2015-04-01,2015,4,NARINO,San Andres de Tumaco,4381
2015-04-01,2015,4,NORTE DE SANTANDER,Cúcuta,42866
2015-04-01,2015,4,PUTUMAYO,Puerto Asís,2099
2015-04-01,2015,4,PUTUMAYO,Puerto Leguízamo,647
2015-04-01,2015,4,PUTUMAYO,Villagarzón,592
2015-04-01,2015,4,QUINDIO,Armenia,15800
2015-04-01,2015,4,RISARALDA,Pereira,52650
2015-04-01,2015,4,"SAN ANDRES, PROVIDENCIA Y SANTA CATALINA",Providencia,1100
2015-04-01,2015,4,"SAN ANDRES, PROVIDENCIA Y SANTA CATALINA",San Andrés,52849
2015-04-01,2015,4,SANTANDER,Barrancabermeja,6810
2015-04-01,2015,4,SANTANDER,Bucaramanga,68103
2015-04-01,2015,4,SIN ESPECIFICAR,Sin Especificar,0
2015-04-01,2015,4,SUCRE,Corozal,2063
2015-04-01,2015,4,SUCRE,Coveñas,42
2015-04-01,2015,4,SUCRE,Santiago de Tolú,393
2015-04-01,2015,4,TOLIMA,Ibagué,5888
2015-04-01,2015,4,VALLE DEL CAUCA,Buenaventura,550
2015-04-01,2015,4,VALLE DEL CAUCA,Cali,151126
2015-04-01,2015,4,VAUPES,Caruru,46
2015-04-01,2015,4,VAUPES,Mitú,993
2015-04-01,2015,4,VAUPES,Pacoa,8
2015-04-01,2015,4,VAUPES,Taraira,55
2015-04-01,2015,4,VICHADA,Cumaribo,296
2015-04-01,2015,4,VICHADA,Puerto Carreño,1508
2015-05-01,2015,5,AMAZONAS,LA CHORRERA,58
2015-05-01,2015,5,AMAZONAS,La Pedrera,100
2015-05-01,2015,5,AMAZONAS,Leticia,7227
2015-05-01,2015,5,AMAZONAS,Tarapacá,65
2015-05-01,2015,5,ANTIOQUIA,Carepa,8333
2015-05-01,2015,5,ANTIOQUIA,Caucasia,1562
2015-05-01,2015,5,ANTIOQUIA,El Bagre,466
2015-05-01,2015,5,ANTIOQUIA,Medellín,39756
2015-05-01,2015,5,ANTIOQUIA,Rionegro,207333
2015-05-01,2015,5,ARAUCA,Arauca,6347
2015-05-01,2015,5,ARAUCA,Tame,56
2015-05-01,2015,5,ATLANTICO,Barranquilla,101164
2015-05-01,2015,5,BOGOTA D.C.,"Bogotá, D.C.",686845
2015-05-01,2015,5,BOLIVAR,Cartagena,125141
2015-05-01,2015,5,CALDAS,Manizales,7351
2015-05-01,2015,5,CAQUETA,Florencia,3722
2015-05-01,2015,5,CAQUETA,San Vicente del Caguán,12
2015-05-01,2015,5,CASANARE,Paz de Ariporo,73
2015-05-01,2015,5,CASANARE,Yopal,15930
2015-05-01,2015,5,CAUCA,Guapi,827
2015-05-01,2015,5,CAUCA,Popayán,4873
2015-05-01,2015,5,CESAR,Valledupar,15006
2015-05-01,2015,5,CHOCO,Acandí,341
2015-05-01,2015,5,CHOCO,Bahía Solano,29
2015-05-01,2015,5,CHOCO,Quibdó,13044
2015-05-01,2015,5,CORDOBA,Montelíbano,10
2015-05-01,2015,5,CORDOBA,Montería,33409
2015-05-01,2015,5,GUAINIA,Barranco Minas,0
2015-05-01,2015,5,GUAINIA,Inírida,1166
2015-05-01,2015,5,GUAVIARE,Miraflores,342
2015-05-01,2015,5,GUAVIARE,San José del Guaviare,920
2015-05-01,2015,5,HUILA,Neiva,13170
2015-05-01,2015,5,LA GUAJIRA,Maicao,2746
2015-05-01,2015,5,LA GUAJIRA,Riohacha,4974
2015-05-01,2015,5,LA GUAJIRA,Uribia,994
2015-05-01,2015,5,MAGDALENA,Santa Marta,55126
2015-05-01,2015,5,META,La Macarena,0
2015-05-01,2015,5,META,Villavicencio,5677
2015-05-01,2015,5,NARINO,Pasto,11961
2015-05-01,2015,5,NARINO,San Andres de Tumaco,4386
2015-05-01,2015,5,NORTE DE SANTANDER,Cúcuta,49041
2015-05-01,2015,5,PUTUMAYO,Puerto Asís,2193
2015-05-01,2015,5,PUTUMAYO,Puerto Leguízamo,588
2015-05-01,2015,5,PUTUMAYO,Villagarzón,364
2015-05-01,2015,5,QUINDIO,Armenia,19553
2015-05-01,2015,5,RISARALDA,Pereira,56491
2015-05-01,2015,5,"SAN ANDRES, PROVIDENCIA Y SANTA CATALINA",Providencia,1045
2015-05-01,2015,5,"SAN ANDRES, PROVIDENCIA Y SANTA CATALINA",San Andrés,57641
2015-05-01,2015,5,SANTANDER,Barrancabermeja,7430
2015-05-01,2015,5,SANTANDER,Bucaramanga,74177
2015-05-01,2015,5,SIN ESPECIFICAR,Sin Especificar,0
2015-05-01,2015,5,SUCRE,Corozal,2076
2015-05-01,2015,5,SUCRE,Santiago de Tolú,452
2015-05-01,2015,5,TOLIMA,Ibagué,6598
2015-05-01,2015,5,VALLE DEL CAUCA,Buenaventura,537
2015-05-01,2015,5,VALLE DEL CAUCA,Cali,160126
2015-05-01,2015,5,VAUPES,Caruru,0
2015-05-01,2015,5,VAUPES,Mitú,973
2015-05-01,2015,5,VAUPES,Taraira,47
2015-05-01,2015,5,VICHADA,Cumaribo,32
2015-05-01,2015,5,VICHADA,Puerto Carreño,1327
2015-06-01,2015,6,AMAZONAS,LA CHORRERA,51
2015-06-01,2015,6,AMAZONAS,La Pedrera,92
2015-06-01,2015,6,AMAZONAS,Leticia,8276
2015-06-01,2015,6,AMAZONAS,Tarapacá,75
2015-06-01,2015,6,ANTIOQUIA,Carepa,9155
2015-06-01,2015,6,ANTIOQUIA,Caucasia,1559
2015-06-01,2015,6,ANTIOQUIA,El Bagre,485
2015-06-01,2015,6,ANTIOQUIA,Medellín,43986
2015-06-01,2015,6,ANTIOQUIA,Rionegro,220660
2015-06-01,2015,6,ARAUCA,Arauca,6584
2015-06-01,2015,6,ARAUCA,Tame,51
2015-06-01,2015,6,ATLANTICO,Barranquilla,111739
2015-06-01,2015,6,BOGOTA D.C.,"Bogotá, D.C.",693119
2015-06-01,2015,6,BOLIVAR,Cartagena,147513
2015-06-01,2015,6,CALDAS,Manizales,8371
2015-06-01,2015,6,CAQUETA,Florencia,3531
2015-06-01,2015,6,CAQUETA,San Vicente del Caguán,15
2015-06-01,2015,6,CASANARE,Paz de Ariporo,37
2015-06-01,2015,6,CASANARE,Yopal,16831
2015-06-01,2015,6,CAUCA,Guapi,861
2015-06-01,2015,6,CAUCA,Popayán,5099
2015-06-01,2015,6,CESAR,San Martín,0
2015-06-01,2015,6,CESAR,Valledupar,15757
2015-06-01,2015,6,CHOCO,Acandí,500
2015-06-01,2015,6,CHOCO,Bahía Solano,540
2015-06-01,2015,6,CHOCO,Quibdó,14308
2015-06-01,2015,6,CORDOBA,Montelíbano,160
2015-06-01,2015,6,CORDOBA,Montería,38082
2015-06-01,2015,6,GUAINIA,Barranco Minas,0
2015-06-01,2015,6,GUAINIA,Inírida,1175
2015-06-01,2015,6,GUAVIARE,Miraflores,349
2015-06-01,2015,6,GUAVIARE,San José del Guaviare,975
2015-06-01,2015,6,HUILA,Neiva,12899
2015-06-01,2015,6,LA GUAJIRA,Maicao,2563
2015-06-01,2015,6,LA GUAJIRA,Riohacha,5520
2015-06-01,2015,6,LA GUAJIRA,Uribia,1090
2015-06-01,2015,6,MAGDALENA,Santa Marta,59987
2015-06-01,2015,6,META,La Macarena,16
2015-06-01,2015,6,META,Villavicencio,5480
2015-06-01,2015,6,NARINO,Pasto,12307
2015-06-01,2015,6,NARINO,San Andres de Tumaco,4625
2015-06-01,2015,6,NORTE DE SANTANDER,Cúcuta,51744
2015-06-01,2015,6,PUTUMAYO,Puerto Asís,1585
2015-06-01,2015,6,PUTUMAYO,Puerto Leguízamo,628
2015-06-01,2015,6,PUTUMAYO,Villagarzón,763
2015-06-01,2015,6,QUINDIO,Armenia,20180
2015-06-01,2015,6,RISARALDA,Pereira,56757
2015-06-01,2015,6,"SAN ANDRES, PROVIDENCIA Y SANTA CATALINA",Providencia,1500
2015-06-01,2015,6,"SAN ANDRES, PROVIDENCIA Y SANTA CATALINA",San Andrés,71910
2015-06-01,2015,6,SANTANDER,Barrancabermeja,7441
2015-06-01,2015,6,SANTANDER,Bucaramanga,75355
2015-06-01,2015,6,SIN ESPECIFICAR,Sin Especificar,0
2015-06-01,2015,6,SUCRE,Corozal,2368
2015-06-01,2015,6,SUCRE,Santiago de Tolú,692
2015-06-01,2015,6,TOLIMA,Ibagué,6500
2015-06-01,2015,6,VALLE DEL CAUCA,Buenaventura,583
2015-06-01,2015,6,VALLE DEL CAUCA,Cali,170418
2015-06-01,2015,6,VAUPES,Caruru,151
2015-06-01,2015,6,VAUPES,Mitú,1462
2015-06-01,2015,6,VAUPES,Pacoa,40
2015-06-01,2015,6,VAUPES,Taraira,64
2015-06-01,2015,6,VICHADA,Cumaribo,0
2015-06-01,2015,6,VICHADA,Puerto Carreño,1382
2015-07-01,2015,7,AMAZONAS,LA CHORRERA,59
2015-07-01,2015,7,AMAZONAS,La Pedrera,73
2015-07-01,2015,7,AMAZONAS,Leticia,9149
2015-07-01,2015,7,AMAZONAS,Tarapacá,28
2015-07-01,2015,7,ANTIOQUIA,Carepa,9051
2015-07-01,2015,7,ANTIOQUIA,Caucasia,1764
2015-07-01,2015,7,ANTIOQUIA,El Bagre,556
2015-07-01,2015,7,ANTIOQUIA,Medellín,45482
2015-07-01,2015,7,ANTIOQUIA,Rionegro,230517
2015-07-01,2015,7,ARAUCA,Arauca,7293
2015-07-01,2015,7,ARAUCA,Tame,81
2015-07-01,2015,7,ATLANTICO,Barranquilla,112460
2015-07-01,2015,7,BOGOTA D.C.,"Bogotá, D.C.",756099
2015-07-01,2015,7,BOLIVAR,Cartagena,151112
2015-07-01,2015,7,CALDAS,Manizales,9349
2015-07-01,2015,7,CAQUETA,Florencia,3599
2015-07-01,2015,7,CAQUETA,San Vicente del Caguán,8
2015-07-01,2015,7,CASANARE,Paz de Ariporo,75
2015-07-01,2015,7,CASANARE,Yopal,20337
2015-07-01,2015,7,CAUCA,Guapi,1199
2015-07-01,2015,7,CAUCA,Popayán,5600
2015-07-01,2015,7,CESAR,San Martín,0
2015-07-01,2015,7,CESAR,Valledupar,17353
2015-07-01,2015,7,CHOCO,Acandí,485
2015-07-01,2015,7,CHOCO,Bahía Solano,684
2015-07-01,2015,7,CHOCO,Quibdó,14986
2015-07-01,2015,7,CORDOBA,Montelíbano,151
2015-07-01,2015,7,CORDOBA,Montería,38115
2015-07-01,2015,7,GUAINIA,Barranco Minas,0
2015-07-01,2015,7,GUAINIA,Inírida,1109
2015-07-01,2015,7,GUAVIARE,Miraflores,424
2015-07-01,2015,7,GUAVIARE,San José del Guaviare,1113
2015-07-01,2015,7,HUILA,Neiva,12811
2015-07-01,2015,7,HUILA,Pitalito,373
2015-07-01,2015,7,LA GUAJIRA,Maicao,2445
2015-07-01,2015,7,LA GUAJIRA,Riohacha,5609
2015-07-01,2015,7,LA GUAJIRA,Uribia,728
2015-07-01,2015,7,MAGDALENA,Santa Marta,66442
2015-07-01,2015,7,META,La Macarena,438
2015-07-01,2015,7,META,Villavicencio,5805
2015-07-01,2015,7,NARINO,Pasto,13714
2015-07-01,2015,7,NARINO,San Andres de Tumaco,4880
2015-07-01,2015,7,NORTE DE SANTANDER,Cúcuta,53599
2015-07-01,2015,7,PUTUMAYO,Puerto Asís,1678
2015-07-01,2015,7,PUTUMAYO,Puerto Leguízamo,630
2015-07-01,2015,7,PUTUMAYO,Villagarzón,891
2015-07-01,2015,7,QUINDIO,Armenia,20108
2015-07-01,2015,7,RISARALDA,Pereira,59578
2015-07-01,2015,7,"SAN ANDRES, PROVIDENCIA Y SANTA CATALINA",Providencia,1490
2015-07-01,2015,7,"SAN ANDRES, PROVIDENCIA Y SANTA CATALINA",San Andrés,71510
2015-07-01,2015,7,SANTANDER,Barrancabermeja,7751
2015-07-01,2015,7,SANTANDER,Bucaramanga,81018
2015-07-01,2015,7,SIN ESPECIFICAR,Sin Especificar,0
2015-07-01,2015,7,SUCRE,Corozal,2496
2015-07-01,2015,7,SUCRE,Santiago de Tolú,617
2015-07-01,2015,7,TOLIMA,Ibagué,6823
2015-07-01,2015,7,VALLE DEL CAUCA,Buenaventura,625
2015-07-01,2015,7,VALLE DEL CAUCA,Cali,179635
2015-07-01,2015,7,VAUPES,Caruru,2
2015-07-01,2015,7,VAUPES,Mitú,652
2015-07-01,2015,7,VAUPES,Pacoa,19
2015-07-01,2015,7,VAUPES,Taraira,73
2015-07-01,2015,7,VICHADA,Cumaribo,96
2015-07-01,2015,7,VICHADA,Puerto Carreño,1419
2015-07-01,2015,7,VICHADA,Santa Rosalía,93
2015-08-01,2015,8,AMAZONAS,LA CHORRERA,62
2015-08-01,2015,8,AMAZONAS,La Pedrera,117
2015-08-01,2015,8,AMAZONAS,Leticia,9480
2015-08-01,2015,8,AMAZONAS,Tarapacá,81
2015-08-01,2015,8,ANTIOQUIA,Carepa,8893
2015-08-01,2015,8,ANTIOQUIA,Caucasia,1868
2015-08-01,2015,8,ANTIOQUIA,El Bagre,585
2015-08-01,2015,8,ANTIOQUIA,Medellín,44043
2015-08-01,2015,8,ANTIOQUIA,Rionegro,225672
2015-08-01,2015,8,ARAUCA,Arauca,6753
2015-08-01,2015,8,ARAUCA,Tame,55
2015-08-01,2015,8,ATLANTICO,Barranquilla,100593
2015-08-01,2015,8,BOGOTA D.C.,"Bogotá, D.C.",721066
2015-08-01,2015,8,BOLIVAR,Cartagena,147979
2015-08-01,2015,8,CALDAS,Manizales,8893
2015-08-01,2015,8,CAQUETA,Florencia,3587
2015-08-01,2015,8,CASANARE,Paz de Ariporo,101
2015-08-01,2015,8,CASANARE,Yopal,18932
2015-08-01,2015,8,CAUCA,Guapi,1062
2015-08-01,2015,8,CAUCA,Popayán,5336
2015-08-01,2015,8,CESAR,Valledupar,16340
2015-08-01,2015,8,CHOCO,Acandí,489
2015-08-01,2015,8,CHOCO,Bahía Solano,458
2015-08-01,2015,8,CHOCO,Quibdó,13864
2015-08-01,2015,8,CORDOBA,Montelíbano,33
2015-08-01,2015,8,CORDOBA,Montería,37485
2015-08-01,2015,8,GUAINIA,Barranco Minas,36
2015-08-01,2015,8,GUAINIA,Inírida,1367
2015-08-01,2015,8,GUAVIARE,Miraflores,316
2015-08-01,2015,8,GUAVIARE,San José del Guaviare,977
2015-08-01,2015,8,HUILA,Neiva,13607
2015-08-01,2015,8,HUILA,Pitalito,372
2015-08-01,2015,8,LA GUAJIRA,Maicao,3266
2015-08-01,2015,8,LA GUAJIRA,Riohacha,5700
2015-08-01,2015,8,LA GUAJIRA,Uribia,1079
2015-08-01,2015,8,MAGDALENA,Santa Marta,68329
2015-08-01,2015,8,META,La Macarena,451
2015-08-01,2015,8,META,Villavicencio,5383
2015-08-01,2015,8,NARINO,Pasto,13625
2015-08-01,2015,8,NARINO,San Andres de Tumaco,4527
2015-08-01,2015,8,NORTE DE SANTANDER,Cúcuta,49794
2015-08-01,2015,8,PUTUMAYO,Puerto Asís,1670
2015-08-01,2015,8,PUTUMAYO,Puerto Leguízamo,566
2015-08-01,2015,8,PUTUMAYO,Villagarzón,896
2015-08-01,2015,8,QUINDIO,Armenia,19445
2015-08-01,2015,8,RISARALDA,Pereira,56648
2015-08-01,2015,8,"SAN ANDRES, PROVIDENCIA Y SANTA CATALINA",Providencia,1268
2015-08-01,2015,8,"SAN ANDRES, PROVIDENCIA Y SANTA CATALINA",San Andrés,67943
2015-08-01,2015,8,SANTANDER,Barrancabermeja,7337
2015-08-01,2015,8,SANTANDER,Bucaramanga,77631
2015-08-01,2015,8,SIN ESPECIFICAR,Sin Especificar,29
2015-08-01,2015,8,SUCRE,Corozal,2323
2015-08-01,2015,8,SUCRE,Santiago de Tolú,570
2015-08-01,2015,8,TOLIMA,Ibagué,6765
2015-08-01,2015,8,VALLE DEL CAUCA,Buenaventura,636
2015-08-01,2015,8,VALLE DEL CAUCA,Cali,174895
2015-08-01,2015,8,VAUPES,Caruru,54
2015-08-01,2015,8,VAUPES,Mitú,911
2015-08-01,2015,8,VAUPES,Pacoa,1
2015-08-01,2015,8,VAUPES,Taraira,58
2015-08-01,2015,8,VICHADA,Cumaribo,31
2015-08-01,2015,8,VICHADA,La Primavera,0
2015-08-01,2015,8,VICHADA,Puerto Carreño,1436
2015-09-01,2015,9,AMAZONAS,LA CHORRERA,49
2015-09-01,2015,9,AMAZONAS,La Pedrera,61
2015-09-01,2015,9,AMAZONAS,Leticia,8712
2015-09-01,2015,9,AMAZONAS,Tarapacá,37
2015-09-01,2015,9,ANTIOQUIA,Carepa,9051
2015-09-01,2015,9,ANTIOQUIA,Caucasia,1853
2015-09-01,2015,9,ANTIOQUIA,El Bagre,554
2015-09-01,2015,9,ANTIOQUIA,Medellín,43257
2015-09-01,2015,9,ANTIOQUIA,Rionegro,214306
2015-09-01,2015,9,ARAUCA,Arauca,7070
2015-09-01,2015,9,ARAUCA,Tame,60
2015-09-01,2015,9,ATLANTICO,Barranquilla,94414
2015-09-01,2015,9,BOGOTA D.C.,"Bogotá, D.C.",680501
2015-09-01,2015,9,BOLIVAR,Cartagena,133842
2015-09-01,2015,9,CALDAS,Manizales,7653
2015-09-01,2015,9,CAQUETA,Florencia,3773
2015-09-01,2015,9,CAQUETA,San Vicente del Caguán,0
2015-09-01,2015,9,CASANARE,Paz de Ariporo,88
2015-09-01,2015,9,CASANARE,Yopal,20619
2015-09-01,2015,9,CAUCA,Guapi,1027
2015-09-01,2015,9,CAUCA,Popayán,5466
2015-09-01,2015,9,CESAR,Valledupar,15802
2015-09-01,2015,9,CHOCO,Acandí,495
2015-09-01,2015,9,CHOCO,Bahía Solano,612
2015-09-01,2015,9,CHOCO,Nuquí,80
2015-09-01,2015,9,CHOCO,Quibdó,14829
2015-09-01,2015,9,CORDOBA,Montelíbano,11
2015-09-01,2015,9,CORDOBA,Montería,34677
2015-09-01,2015,9,GUAINIA,Barranco Minas,118
2015-09-01,2015,9,GUAINIA,Inírida,1427
2015-09-01,2015,9,GUAVIARE,Miraflores,420
2015-09-01,2015,9,GUAVIARE,San José del Guaviare,907
2015-09-01,2015,9,HUILA,Neiva,13934
2015-09-01,2015,9,HUILA,Pitalito,395
2015-09-01,2015,9,LA GUAJIRA,Maicao,3128
2015-09-01,2015,9,LA GUAJIRA,Riohacha,5462
2015-09-01,2015,9,LA GUAJIRA,Uribia,1249
2015-09-01,2015,9,MAGDALENA,Santa Marta,60410
2015-09-01,2015,9,META,La Macarena,391
2015-09-01,2015,9,META,Uribe,0
2015-09-01,2015,9,META,Villavicencio,5785
2015-09-01,2015,9,NARINO,Pasto,12671
2015-09-01,2015,9,NARINO,San Andres de Tumaco,4487
2015-09-01,2015,9,NORTE DE SANTANDER,Cúcuta,40830
2015-09-01,2015,9,PUTUMAYO,Puerto Asís,1859
2015-09-01,2015,9,PUTUMAYO,Puerto Leguízamo,477
2015-09-01,2015,9,PUTUMAYO,Villagarzón,973
2015-09-01,2015,9,QUINDIO,Armenia,17759
2015-09-01,2015,9,RISARALDA,Pereira,56000
2015-09-01,2015,9,"SAN ANDRES, PROVIDENCIA Y SANTA CATALINA",Providencia,1213
2015-09-01,2015,9,"SAN ANDRES, PROVIDENCIA Y SANTA CATALINA",San Andrés,63146
2015-09-01,2015,9,SANTANDER,Barrancabermeja,7058
2015-09-01,2015,9,SANTANDER,Bucaramanga,72696
2015-09-01,2015,9,SIN ESPECIFICAR,Sin Especificar,37
2015-09-01,2015,9,SUCRE,Corozal,2211
2015-09-01,2015,9,SUCRE,Santiago de Tolú,444
2015-09-01,2015,9,TOLIMA,Ibagué,6378
2015-09-01,2015,9,VALLE DEL CAUCA,Buenaventura,624
2015-09-01,2015,9,VALLE DEL CAUCA,Cali,160293
2015-09-01,2015,9,VAUPES,Caruru,13
2015-09-01,2015,9,VAUPES,Mitú,1009
2015-09-01,2015,9,VAUPES,Pacoa,3
2015-09-01,2015,9,VAUPES,Taraira,54
2015-09-01,2015,9,VICHADA,Cumaribo,56
2015-09-01,2015,9,VICHADA,La Primavera,0
2015-09-01,2015,9,VICHADA,Puerto Carreño,1570
2015-10-01,2015,10,AMAZONAS,LA CHORRERA,34
2015-10-01,2015,10,AMAZONAS,La Pedrera,127
2015-10-01,2015,10,AMAZONAS,Leticia,9071
2015-10-01,2015,10,AMAZONAS,Tarapacá,23
2015-10-01,2015,10,ANTIOQUIA,Carepa,9643
2015-10-01,2015,10,ANTIOQUIA,Caucasia,1881
2015-10-01,2015,10,ANTIOQUIA,El Bagre,587
2015-10-01,2015,10,ANTIOQUIA,Medellín,46842
2015-10-01,2015,10,ANTIOQUIA,Rionegro,226933
2015-10-01,2015,10,ARAUCA,Arauca,6618
2015-10-01,2015,10,ARAUCA,Tame,106
2015-10-01,2015,10,ATLANTICO,Barranquilla,107607
2015-10-01,2015,10,BOGOTA D.C.,"Bogotá, D.C.",715305
2015-10-01,2015,10,BOLIVAR,Cartagena,144261
2015-10-01,2015,10,CALDAS,Manizales,7615
2015-10-01,2015,10,CAQUETA,Florencia,3517
2015-10-01,2015,10,CASANARE,Paz de Ariporo,51
2015-10-01,2015,10,CASANARE,Yopal,19586
2015-10-01,2015,10,CAUCA,Guapi,1116
2015-10-01,2015,10,CAUCA,Popayán,5426
2015-10-01,2015,10,CESAR,San Martín,19
2015-10-01,2015,10,CESAR,Valledupar,16639
2015-10-01,2015,10,CHOCO,Acandí,547
2015-10-01,2015,10,CHOCO,Bahía Solano,730
2015-10-01,2015,10,CHOCO,Nuquí,229
2015-10-01,2015,10,CHOCO,Quibdó,15266
2015-10-01,2015,10,CORDOBA,Montería,39592
2015-10-01,2015,10,GUAINIA,Barranco Minas,105
2015-10-01,2015,10,GUAINIA,Inírida,1511
2015-10-01,2015,10,GUAVIARE,Miraflores,308
2015-10-01,2015,10,GUAVIARE,San José del Guaviare,894
2015-10-01,2015,10,HUILA,Neiva,14395
2015-10-01,2015,10,HUILA,Pitalito,420
2015-10-01,2015,10,LA GUAJIRA,Maicao,3119
2015-10-01,2015,10,LA GUAJIRA,Riohacha,5745
2015-10-01,2015,10,LA GUAJIRA,Uribia,1037
2015-10-01,2015,10,MAGDALENA,Santa Marta,61444
2015-10-01,2015,10,META,La Macarena,467
2015-10-01,2015,10,META,Villavicencio,5313
2015-10-01,2015,10,NARINO,Pasto,13449
2015-10-01,2015,10,NARINO,San Andres de Tumaco,4830
2015-10-01,2015,10,NORTE DE SANTANDER,Cúcuta,42497
2015-10-01,2015,10,PUTUMAYO,Puerto Asís,1932
2015-10-01,2015,10,PUTUMAYO,Puerto Leguízamo,372
2015-10-01,2015,10,PUTUMAYO,Villagarzón,955
2015-10-01,2015,10,QUINDIO,Armenia,17861
2015-10-01,2015,10,RISARALDA,Pereira,59741
2015-10-01,2015,10,"SAN ANDRES, PROVIDENCIA Y SANTA CATALINA",Providencia,1277
2015-10-01,2015,10,"SAN ANDRES, PROVIDENCIA Y SANTA CATALINA",San Andrés,67511
2015-10-01,2015,10,SANTANDER,Barrancabermeja,7495
2015-10-01,2015,10,SANTANDER,Bucaramanga,75434
2015-10-01,2015,10,SIN ESPECIFICAR,Sin Especificar,25
2015-10-01,2015,10,SUCRE,Corozal,2374
2015-10-01,2015,10,SUCRE,Santiago de Tolú,674
2015-10-01,2015,10,TOLIMA,Ibagué,6717
2015-10-01,2015,10,VALLE DEL CAUCA,Buenaventura,615
2015-10-01,2015,10,VALLE DEL CAUCA,Cali,171515
2015-10-01,2015,10,VAUPES,Caruru,19
2015-10-01,2015,10,VAUPES,Mitú,947
2015-10-01,2015,10,VAUPES,Pacoa,5
2015-10-01,2015,10,VAUPES,Taraira,153
2015-10-01,2015,10,VICHADA,Cumaribo,0
2015-10-01,2015,10,VICHADA,La Primavera,0
2015-10-01,2015,10,VICHADA,Puerto Carreño,1448
2015-11-01,2015,11,AMAZONAS,LA CHORRERA,47
2015-11-01,2015,11,AMAZONAS,La Pedrera,80
2015-11-01,2015,11,AMAZONAS,Leticia,9147
2015-11-01,2015,11,AMAZONAS,Tarapacá,39
2015-11-01,2015,11,ANTIOQUIA,Carepa,9517
2015-11-01,2015,11,ANTIOQUIA,Caucasia,1780
2015-11-01,2015,11,ANTIOQUIA,El Bagre,525
2015-11-01,2015,11,ANTIOQUIA,Medellín,46175
2015-11-01,2015,11,ANTIOQUIA,Rionegro,236494
2015-11-01,2015,11,ARAUCA,Arauca,6444
2015-11-01,2015,11,ARAUCA,Tame,62
2015-11-01,2015,11,ATLANTICO,Barranquilla,108045
2015-11-01,2015,11,BOGOTA D.C.,"Bogotá, D.C.",698782
2015-11-01,2015,11,BOLIVAR,Cartagena,148929
2015-11-01,2015,11,CALDAS,Manizales,8331
2015-11-01,2015,11,CAQUETA,Florencia,3642
2015-11-01,2015,11,CAQUETA,Morelia,0
2015-11-01,2015,11,CASANARE,Paz de Ariporo,88
2015-11-01,2015,11,CASANARE,Yopal,18119
2015-11-01,2015,11,CAUCA,Guapi,1031
2015-11-01,2015,11,CAUCA,Popayán,5074
2015-11-01,2015,11,CESAR,San Martín,15
2015-11-01,2015,11,CESAR,Valledupar,16050
2015-11-01,2015,11,CHOCO,Acandí,655
2015-11-01,2015,11,CHOCO,Bahía Solano,258
2015-11-01,2015,11,CHOCO,Nuquí,214
2015-11-01,2015,11,CHOCO,Quibdó,16861
2015-11-01,2015,11,CORDOBA,Montería,38695
2015-11-01,2015,11,GUAINIA,Barranco Minas,0
2015-11-01,2015,11,GUAINIA,Inírida,1453
2015-11-01,2015,11,GUAVIARE,Miraflores,294
2015-11-01,2015,11,GUAVIARE,San José del Guaviare,1004
2015-11-01,2015,11,HUILA,Neiva,14039
2015-11-01,2015,11,HUILA,Pitalito,428
2015-11-01,2015,11,LA GUAJIRA,Maicao,3154
2015-11-01,2015,11,LA GUAJIRA,Riohacha,6317
2015-11-01,2015,11,LA GUAJIRA,Uribia,1010
2015-11-01,2015,11,MAGDALENA,Santa Marta,59665
2015-11-01,2015,11,META,La Macarena,187
2015-11-01,2015,11,META,Uribe,0
2015-11-01,2015,11,META,Villavicencio,3901
2015-11-01,2015,11,NARINO,Pasto,13260
2015-11-01,2015,11,NARINO,San Andres de Tumaco,4673
2015-11-01,2015,11,NORTE DE SANTANDER,Cúcuta,42494
2015-11-01,2015,11,PUTUMAYO,Puerto Asís,2000
2015-11-01,2015,11,PUTUMAYO,Puerto Leguízamo,366
2015-11-01,2015,11,PUTUMAYO,Villagarzón,971
2015-11-01,2015,11,QUINDIO,Armenia,17442
2015-11-01,2015,11,RISARALDA,Pereira,53913
2015-11-01,2015,11,"SAN ANDRES, PROVIDENCIA Y SANTA CATALINA",Providencia,1217
2015-11-01,2015,11,"SAN ANDRES, PROVIDENCIA Y SANTA CATALINA",San Andrés,71679
2015-11-01,2015,11,SANTANDER,Barrancabermeja,7316
2015-11-01,2015,11,SANTANDER,Bucaramanga,69429
2015-11-01,2015,11,SIN ESPECIFICAR,Sin Especificar,0
2015-11-01,2015,11,SUCRE,Corozal,2283
2015-11-01,2015,11,SUCRE,Santiago de Tolú,545
2015-11-01,2015,11,TOLIMA,Ibagué,6027
2015-11-01,2015,11,VALLE DEL CAUCA,Buenaventura,539
2015-11-01,2015,11,VALLE DEL CAUCA,Cali,176408
2015-11-01,2015,11,VAUPES,Caruru,8
2015-11-01,2015,11,VAUPES,Mitú,923
2015-11-01,2015,11,VAUPES,Taraira,62
2015-11-01,2015,11,VICHADA,Cumaribo,0
2015-11-01,2015,11,VICHADA,Puerto Carreño,1516
2015-12-01,2015,12,AMAZONAS,LA CHORRERA,84
2015-12-01,2015,12,AMAZONAS,La Pedrera,156
2015-12-01,2015,12,AMAZONAS,Leticia,9865
2015-12-01,2015,12,AMAZONAS,Tarapacá,42
2015-12-01,2015,12,ANTIOQUIA,Carepa,9422
2015-12-01,2015,12,ANTIOQUIA,Caucasia,1613
2015-12-01,2015,12,ANTIOQUIA,El Bagre,526
2015-12-01,2015,12,ANTIOQUIA,Medellín,44528
2015-12-01,2015,12,ANTIOQUIA,Rionegro,255738
2015-12-01,2015,12,ARAUCA,Arauca,6438
2015-12-01,2015,12,ARAUCA,Tame,72
2015-12-01,2015,12,ATLANTICO,Barranquilla,117457
2015-12-01,2015,12,BOGOTA D.C.,"Bogotá, D.C.",674013
2015-12-01,2015,12,BOLIVAR,Cartagena,175840
2015-12-01,2015,12,CALDAS,Manizales,8112
2015-12-01,2015,12,CAQUETA,Florencia,3570
2015-12-01,2015,12,CAQUETA,San Vicente del Caguán,0
2015-12-01,2015,12,CASANARE,Paz de Ariporo,133
2015-12-01,2015,12,CASANARE,Yopal,17900
2015-12-01,2015,12,CAUCA,Guapi,1302
2015-12-01,2015,12,CAUCA,Popayán,5433
2015-12-01,2015,12,CESAR,San Martín,0
2015-12-01,2015,12,CESAR,Valledupar,17449
2015-12-01,2015,12,CHOCO,Acandí,785
2015-12-01,2015,12,CHOCO,Nuquí,412
2015-12-01,2015,12,CHOCO,Quibdó,20752
2015-12-01,2015,12,CORDOBA,Montería,46012
2015-12-01,2015,12,GUAINIA,Barranco Minas,0
2015-12-01,2015,12,GUAINIA,Inírida,1476
2015-12-01,2015,12,GUAVIARE,Miraflores,366
2015-12-01,2015,12,GUAVIARE,San José del Guaviare,1001
2015-12-01,2015,12,HUILA,Neiva,13797
2015-12-01,2015,12,HUILA,Pitalito,419
2015-12-01,2015,12,LA GUAJIRA,Maicao,2984
2015-12-01,2015,12,LA GUAJIRA,Riohacha,7050
2015-12-01,2015,12,LA GUAJIRA,Uribia,989
2015-12-01,2015,12,MAGDALENA,Santa Marta,67960
2015-12-01,2015,12,META,La Macarena,0
2015-12-01,2015,12,META,Villavicencio,4291
2015-12-01,2015,12,NARINO,Pasto,14465
2015-12-01,2015,12,NARINO,San Andres de Tumaco,5661
2015-12-01,2015,12,NORTE DE SANTANDER,Cúcuta,50250
2015-12-01,2015,12,PUTUMAYO,Puerto Asís,2156
2015-12-01,2015,12,PUTUMAYO,Puerto Leguízamo,445
2015-12-01,2015,12,PUTUMAYO,Villagarzón,876
2015-12-01,2015,12,QUINDIO,Armenia,17485
2015-12-01,2015,12,RISARALDA,Pereira,55497
2015-12-01,2015,12,"SAN ANDRES, PROVIDENCIA Y SANTA CATALINA",Providencia,2320
2015-12-01,2015,12,"SAN ANDRES, PROVIDENCIA Y SANTA CATALINA",San Andrés,77387
2015-12-01,2015,12,SANTANDER,Barrancabermeja,8910
2015-12-01,2015,12,SANTANDER,Bucaramanga,71371
2015-12-01,2015,12,SIN ESPECIFICAR,Sin Especificar,0
2015-12-01,2015,12,SUCRE,Corozal,2864
2015-12-01,2015,12,SUCRE,Santiago de Tolú,1216
2015-12-01,2015,12,TOLIMA,Ibagué,5839
2015-12-01,2015,12,VALLE DEL CAUCA,Buenaventura,529
2015-12-01,2015,12,VALLE DEL CAUCA,Cali,191004
2015-12-01,2015,12,VAUPES,Caruru,36
2015-12-01,2015,12,VAUPES,Mitú,1282
2015-12-01,2015,12,VAUPES,Taraira,83
2015-12-01,2015,12,VICHADA,Cumaribo,0
2015-12-01,2015,12,VICHADA,Puerto Carreño,1618
2016-01-01,2016,1,AMAZONAS,LA CHORRERA,37
2016-01-01,2016,1,AMAZONAS,La Pedrera,73
2016-01-01,2016,1,AMAZONAS,Leticia,9672
2016-01-01,2016,1,AMAZONAS,Tarapacá,35
2016-01-01,2016,1,ANTIOQUIA,Carepa,7364
2016-01-01,2016,1,ANTIOQUIA,Caucasia,969
2016-01-01,2016,1,ANTIOQUIA,El Bagre,419
2016-01-01,2016,1,ANTIOQUIA,Medellín,42978
2016-01-01,2016,1,ANTIOQUIA,Rionegro,225617
2016-01-01,2016,1,ARAUCA,Arauca,5063
2016-01-01,2016,1,ARAUCA,Tame,63
2016-01-01,2016,1,ATLANTICO,Barranquilla,101471
2016-01-01,2016,1,BOGOTA D.C.,"Bogotá, D.C.",749045
2016-01-01,2016,1,BOLIVAR,Cartagena,166815
2016-01-01,2016,1,CALDAS,Manizales,8777
2016-01-01,2016,1,CAQUETA,Florencia,2933
2016-01-01,2016,1,CASANARE,Paz de Ariporo,84
2016-01-01,2016,1,CASANARE,Yopal,15776
2016-01-01,2016,1,CAUCA,Guapi,938
2016-01-01,2016,1,CAUCA,Popayán,4258
2016-01-01,2016,1,CESAR,Valledupar,13524
2016-01-01,2016,1,CHOCO,Acandí,641
2016-01-01,2016,1,CHOCO,Bahía Solano,570
2016-01-01,2016,1,CHOCO,Nuquí,273
2016-01-01,2016,1,CHOCO,Quibdó,13222
2016-01-01,2016,1,CORDOBA,Montería,37110
2016-01-01,2016,1,GUAINIA,Barranco Minas,0
2016-01-01,2016,1,GUAINIA,Inírida,1496
2016-01-01,2016,1,GUAVIARE,Miraflores,333
2016-01-01,2016,1,GUAVIARE,San José del Guaviare,814
2016-01-01,2016,1,HUILA,Neiva,10447
2016-01-01,2016,1,HUILA,Pitalito,392
2016-01-01,2016,1,LA GUAJIRA,Maicao,2363
2016-01-01,2016,1,LA GUAJIRA,Riohacha,5335
2016-01-01,2016,1,LA GUAJIRA,Uribia,1040
2016-01-01,2016,1,MAGDALENA,Santa Marta,71418
2016-01-01,2016,1,META,La Macarena,4
2016-01-01,2016,1,META,Villavicencio,3692
2016-01-01,2016,1,NARINO,Pasto,11894
2016-01-01,2016,1,NARINO,San Andres de Tumaco,4492
2016-01-01,2016,1,NORTE DE SANTANDER,Cúcuta,42331
2016-01-01,2016,1,PUTUMAYO,Puerto Asís,2054
2016-01-01,2016,1,PUTUMAYO,Puerto Leguízamo,558
2016-01-01,2016,1,PUTUMAYO,Villagarzón,697
2016-01-01,2016,1,QUINDIO,Armenia,15753
2016-01-01,2016,1,RISARALDA,Pereira,50355
2016-01-01,2016,1,"SAN ANDRES, PROVIDENCIA Y SANTA CATALINA",Providencia,1326
2016-01-01,2016,1,"SAN ANDRES, PROVIDENCIA Y SANTA CATALINA",San Andrés,73691
2016-01-01,2016,1,SANTANDER,Barrancabermeja,6459
2016-01-01,2016,1,SANTANDER,Bucaramanga,60926
2016-01-01,2016,1,SIN ESPECIFICAR,Sin Especificar,0
2016-01-01,2016,1,SUCRE,Corozal,1932
2016-01-01,2016,1,SUCRE,Santiago de Tolú,1068
2016-01-01,2016,1,TOLIMA,Ibagué,4996
2016-01-01,2016,1,VALLE DEL CAUCA,Buenaventura,537
2016-01-01,2016,1,VALLE DEL CAUCA,Cali,156010
2016-01-01,2016,1,VAUPES,Caruru,42
2016-01-01,2016,1,VAUPES,Mitú,1232
2016-01-01,2016,1,VAUPES,Taraira,100
2016-01-01,2016,1,VICHADA,Puerto Carreño,1737
2016-02-01,2016,2,AMAZONAS,LA CHORRERA,37
2016-02-01,2016,2,AMAZONAS,La Pedrera,139
2016-02-01,2016,2,AMAZONAS,Leticia,7590
2016-02-01,2016,2,AMAZONAS,Tarapacá,36
2016-02-01,2016,2,ANTIOQUIA,Carepa,8582
2016-02-01,2016,2,ANTIOQUIA,Caucasia,1632
2016-02-01,2016,2,ANTIOQUIA,El Bagre,490
2016-02-01,2016,2,ANTIOQUIA,Medellín,39064
2016-02-01,2016,2,ANTIOQUIA,Rionegro,215171
2016-02-01,2016,2,ARAUCA,Arauca,5159
2016-02-01,2016,2,ARAUCA,Tame,70
2016-02-01,2016,2,ATLANTICO,Barranquilla,93199
2016-02-01,2016,2,BOGOTA D.C.,"Bogotá, D.C.",637929
2016-02-01,2016,2,BOLIVAR,Cartagena,131962
2016-02-01,2016,2,CALDAS,Manizales,9470
2016-02-01,2016,2,CAQUETA,Florencia,3156
2016-02-01,2016,2,CASANARE,Paz de Ariporo,152
2016-02-01,2016,2,CASANARE,Yopal,15823
2016-02-01,2016,2,CAUCA,Guapi,1122
2016-02-01,2016,2,CAUCA,Popayán,5321
2016-02-01,2016,2,CESAR,Valledupar,13544
2016-02-01,2016,2,CHOCO,Acandí,516
2016-02-01,2016,2,CHOCO,Bahía Solano,439
2016-02-01,2016,2,CHOCO,Nuquí,240
2016-02-01,2016,2,CHOCO,Quibdó,12737
2016-02-01,2016,2,CORDOBA,Montería,33110
2016-02-01,2016,2,GUAINIA,Barranco Minas,0
2016-02-01,2016,2,GUAINIA,Inírida,1493
2016-02-01,2016,2,GUAVIARE,Miraflores,183
2016-02-01,2016,2,GUAVIARE,San José del Guaviare,814
2016-02-01,2016,2,HUILA,Neiva,11401
2016-02-01,2016,2,HUILA,Pitalito,401
2016-02-01,2016,2,LA GUAJIRA,Maicao,2266
2016-02-01,2016,2,LA GUAJIRA,Riohacha,5186
2016-02-01,2016,2,LA GUAJIRA,Uribia,943
2016-02-01,2016,2,MAGDALENA,Santa Marta,51813
2016-02-01,2016,2,META,La Macarena,0
2016-02-01,2016,2,META,Villavicencio,3577
2016-02-01,2016,2,NARINO,Pasto,11491
2016-02-01,2016,2,NARINO,San Andres de Tumaco,4239
2016-02-01,2016,2,NORTE DE SANTANDER,Cúcuta,36523
2016-02-01,2016,2,PUTUMAYO,Puerto Asís,1875
2016-02-01,2016,2,PUTUMAYO,Puerto Leguízamo,521
2016-02-01,2016,2,PUTUMAYO,Villagarzón,874
2016-02-01,2016,2,QUINDIO,Armenia,16048
2016-02-01,2016,2,RISARALDA,Pereira,50490
2016-02-01,2016,2,"SAN ANDRES, PROVIDENCIA Y SANTA CATALINA",Providencia,988
2016-02-01,2016,2,"SAN ANDRES, PROVIDENCIA Y SANTA CATALINA",San Andrés,62648
2016-02-01,2016,2,SANTANDER,Barrancabermeja,6123
2016-02-01,2016,2,SANTANDER,Bucaramanga,61861
2016-02-01,2016,2,SIN ESPECIFICAR,Sin Especificar,0
2016-02-01,2016,2,SUCRE,Corozal,1920
2016-02-01,2016,2,SUCRE,Santiago de Tolú,516
2016-02-01,2016,2,TOLIMA,Ibagué,6612
2016-02-01,2016,2,VALLE DEL CAUCA,Buenaventura,589
2016-02-01,2016,2,VALLE DEL CAUCA,Cali,157787
2016-02-01,2016,2,VAUPES,Caruru,66
2016-02-01,2016,2,VAUPES,Mitú,1035
2016-02-01,2016,2,VAUPES,Pacoa,5
2016-02-01,2016,2,VAUPES,Taraira,96
2016-02-01,2016,2,VICHADA,Cumaribo,38
2016-02-01,2016,2,VICHADA,Puerto Carreño,1593
2016-03-01,2016,3,AMAZONAS,LA CHORRERA,45
2016-03-01,2016,3,AMAZONAS,La Pedrera,128
2016-03-01,2016,3,AMAZONAS,Leticia,7964
2016-03-01,2016,3,AMAZONAS,Tarapacá,84
2016-03-01,2016,3,ANTIOQUIA,Carepa,7721
2016-03-01,2016,3,ANTIOQUIA,Caucasia,1383
2016-03-01,2016,3,ANTIOQUIA,El Bagre,392
2016-03-01,2016,3,ANTIOQUIA,Medellín,36986
2016-03-01,2016,3,ANTIOQUIA,Rionegro,235898
2016-03-01,2016,3,ARAUCA,Arauca,5198
2016-03-01,2016,3,ARAUCA,Tame,102
2016-03-01,2016,3,ATLANTICO,Barranquilla,105849
2016-03-01,2016,3,BOGOTA D.C.,"Bogotá, D.C.",685382
2016-03-01,2016,3,BOLIVAR,Cartagena,145488
2016-03-01,2016,3,CALDAS,Manizales,8372
2016-03-01,2016,3,CAQUETA,Florencia,3152
2016-03-01,2016,3,CASANARE,Paz de Ariporo,98
2016-03-01,2016,3,CASANARE,Yopal,16050
2016-03-01,2016,3,CAUCA,Guapi,967
2016-03-01,2016,3,CAUCA,Popayán,5431
2016-03-01,2016,3,CESAR,San Martín,19
2016-03-01,2016,3,CESAR,Valledupar,14553
2016-03-01,2016,3,CHOCO,Acandí,580
2016-03-01,2016,3,CHOCO,Bahía Solano,576
2016-03-01,2016,3,CHOCO,Nuquí,250
2016-03-01,2016,3,CHOCO,Quibdó,13245
2016-03-01,2016,3,CORDOBA,Montería,37244
2016-03-01,2016,3,GUAINIA,Barranco Minas,24
2016-03-01,2016,3,GUAINIA,Inírida,1360
2016-03-01,2016,3,GUAVIARE,Miraflores,178
2016-03-01,2016,3,GUAVIARE,San José del Guaviare,806
2016-03-01,2016,3,HUILA,Neiva,11611
2016-03-01,2016,3,HUILA,Pitalito,384
2016-03-01,2016,3,LA GUAJIRA,Maicao,2208
2016-03-01,2016,3,LA GUAJIRA,Riohacha,6018
2016-03-01,2016,3,LA GUAJIRA,Uribia,1060
2016-03-01,2016,3,MAGDALENA,Santa Marta,55981
2016-03-01,2016,3,META,La Macarena,9
2016-03-01,2016,3,META,Villavicencio,3775
2016-03-01,2016,3,NARINO,Pasto,12254
2016-03-01,2016,3,NARINO,San Andres de Tumaco,4711
2016-03-01,2016,3,NORTE DE SANTANDER,Cúcuta,40287
2016-03-01,2016,3,PUTUMAYO,Puerto Asís,1916
2016-03-01,2016,3,PUTUMAYO,Puerto Leguízamo,479
2016-03-01,2016,3,PUTUMAYO,Villagarzón,691
2016-03-01,2016,3,QUINDIO,Armenia,15708
2016-03-01,2016,3,RISARALDA,Pereira,53710
2016-03-01,2016,3,"SAN ANDRES, PROVIDENCIA Y SANTA CATALINA",Providencia,1135
2016-03-01,2016,3,"SAN ANDRES, PROVIDENCIA Y SANTA CATALINA",San Andrés,65215
2016-03-01,2016,3,SANTANDER,Barrancabermeja,6612
2016-03-01,2016,3,SANTANDER,Bucaramanga,63706
2016-03-01,2016,3,SIN ESPECIFICAR,Sin Especificar,0
2016-03-01,2016,3,SUCRE,Corozal,2077
2016-03-01,2016,3,SUCRE,Santiago de Tolú,674
2016-03-01,2016,3,TOLIMA,Ibagué,5677
2016-03-01,2016,3,VALLE DEL CAUCA,Buenaventura,588
2016-03-01,2016,3,VALLE DEL CAUCA,Cali,174249
2016-03-01,2016,3,VAUPES,Caruru,66
2016-03-01,2016,3,VAUPES,Mitú,917
2016-03-01,2016,3,VAUPES,Pacoa,21
2016-03-01,2016,3,VAUPES,Taraira,85
2016-03-01,2016,3,VICHADA,Cumaribo,0
2016-03-01,2016,3,VICHADA,Puerto Carreño,1533
2016-03-01,2016,3,VICHADA,Santa Rosalía,34
2016-04-01,2016,4,AMAZONAS,LA CHORRERA,43
2016-04-01,2016,4,AMAZONAS,La Pedrera,88
2016-04-01,2016,4,AMAZONAS,Leticia,7663
2016-04-01,2016,4,AMAZONAS,Tarapacá,77
2016-04-01,2016,4,ANTIOQUIA,Carepa,8318
2016-04-01,2016,4,ANTIOQUIA,Caucasia,1528
2016-04-01,2016,4,ANTIOQUIA,El Bagre,462
2016-04-01,2016,4,ANTIOQUIA,Medellín,38869
2016-04-01,2016,4,ANTIOQUIA,Rionegro,217246
2016-04-01,2016,4,ARAUCA,Arauca,5118
2016-04-01,2016,4,ARAUCA,Tame,95
2016-04-01,2016,4,ATLANTICO,Barranquilla,92986
2016-04-01,2016,4,BOGOTA D.C.,"Bogotá, D.C.",638901
2016-04-01,2016,4,BOLIVAR,Cartagena,121389
2016-04-01,2016,4,CALDAS,Manizales,8643
2016-04-01,2016,4,CAQUETA,Florencia,3461
2016-04-01,2016,4,CASANARE,Paz de Ariporo,89
2016-04-01,2016,4,CASANARE,Yopal,15409
2016-04-01,2016,4,CAUCA,Guapi,1019
2016-04-01,2016,4,CAUCA,Popayán,5241
2016-04-01,2016,4,CESAR,San Martín,7
2016-04-01,2016,4,CESAR,Valledupar,16120
2016-04-01,2016,4,CHOCO,Acandí,365
2016-04-01,2016,4,CHOCO,Bahía Solano,664
2016-04-01,2016,4,CHOCO,Nuquí,211
2016-04-01,2016,4,CHOCO,Quibdó,14300
2016-04-01,2016,4,CORDOBA,Montería,33701
2016-04-01,2016,4,GUAINIA,Barranco Minas,0
2016-04-01,2016,4,GUAINIA,Inírida,1320
2016-04-01,2016,4,GUAVIARE,Miraflores,264
2016-04-01,2016,4,GUAVIARE,San José del Guaviare,760
2016-04-01,2016,4,HUILA,Neiva,12172
2016-04-01,2016,4,HUILA,Pitalito,362
2016-04-01,2016,4,LA GUAJIRA,Maicao,2198
2016-04-01,2016,4,LA GUAJIRA,Riohacha,5487
2016-04-01,2016,4,LA GUAJIRA,Uribia,939
2016-04-01,2016,4,MAGDALENA,Santa Marta,51917
2016-04-01,2016,4,META,La Macarena,0
2016-04-01,2016,4,META,Uribe,0
2016-04-01,2016,4,META,Villavicencio,4023
2016-04-01,2016,4,NARINO,Pasto,11829
2016-04-01,2016,4,NARINO,San Andres de Tumaco,4484
2016-04-01,2016,4,NORTE DE SANTANDER,Cúcuta,37280
2016-04-01,2016,4,PUTUMAYO,Puerto Asís,1873
2016-04-01,2016,4,PUTUMAYO,Puerto Leguízamo,469
2016-04-01,2016,4,PUTUMAYO,Villagarzón,844
2016-04-01,2016,4,QUINDIO,Armenia,15457
2016-04-01,2016,4,RISARALDA,Pereira,51436
2016-04-01,2016,4,"SAN ANDRES, PROVIDENCIA Y SANTA CATALINA",Providencia,989
2016-04-01,2016,4,"SAN ANDRES, PROVIDENCIA Y SANTA CATALINA",San Andrés,60790
2016-04-01,2016,4,SANTANDER,Barrancabermeja,6334
2016-04-01,2016,4,SANTANDER,Bucaramanga,62922
2016-04-01,2016,4,SIN ESPECIFICAR,Sin Especificar,0
2016-04-01,2016,4,SUCRE,Corozal,2365
2016-04-01,2016,4,SUCRE,Santiago de Tolú,418
2016-04-01,2016,4,TOLIMA,Ibagué,6220
2016-04-01,2016,4,VALLE DEL CAUCA,Buenaventura,608
2016-04-01,2016,4,VALLE DEL CAUCA,Cali,156850
2016-04-01,2016,4,VAUPES,Caruru,12
2016-04-01,2016,4,VAUPES,Mitú,762
2016-04-01,2016,4,VAUPES,Pacoa,2
2016-04-01,2016,4,VAUPES,Taraira,69
2016-04-01,2016,4,VICHADA,Cumaribo,0
2016-04-01,2016,4,VICHADA,Puerto Carreño,1241
2016-05-01,2016,5,AMAZONAS,LA CHORRERA,37
2016-05-01,2016,5,AMAZONAS,La Pedrera,99
2016-05-01,2016,5,AMAZONAS,Leticia,7926
2016-05-01,2016,5,AMAZONAS,Tarapacá,46
2016-05-01,2016,5,ANTIOQUIA,Carepa,8668
2016-05-01,2016,5,ANTIOQUIA,Caucasia,1666
2016-05-01,2016,5,ANTIOQUIA,El Bagre,467
2016-05-01,2016,5,ANTIOQUIA,Medellín,40663
2016-05-01,2016,5,ANTIOQUIA,Rionegro,237962
2016-05-01,2016,5,ARAUCA,Arauca,5889
2016-05-01,2016,5,ARAUCA,Tame,88
2016-05-01,2016,5,ATLANTICO,Barranquilla,100274
2016-05-01,2016,5,BOGOTA D.C.,"Bogotá, D.C.",692020
2016-05-01,2016,5,BOLIVAR,Cartagena,135387
2016-05-01,2016,5,CALDAS,Manizales,9334
2016-05-01,2016,5,CAQUETA,Florencia,3598
2016-05-01,2016,5,CASANARE,Paz de Ariporo,120
2016-05-01,2016,5,CASANARE,Yopal,16119
2016-05-01,2016,5,CAUCA,Guapi,1072
2016-05-01,2016,5,CAUCA,Popayán,5328
2016-05-01,2016,5,CESAR,San Martín,0
2016-05-01,2016,5,CESAR,Valledupar,16061
2016-05-01,2016,5,CHOCO,Acandí,398
2016-05-01,2016,5,CHOCO,Bahía Solano,1277
2016-05-01,2016,5,CHOCO,Nuquí,263
2016-05-01,2016,5,CHOCO,Quibdó,15610
2016-05-01,2016,5,CORDOBA,Montería,38339
2016-05-01,2016,5,GUAINIA,Barranco Minas,31
2016-05-01,2016,5,GUAINIA,Inírida,1348
2016-05-01,2016,5,GUAVIARE,Miraflores,260
2016-05-01,2016,5,GUAVIARE,San José del Guaviare,788
2016-05-01,2016,5,HUILA,Neiva,12138
2016-05-01,2016,5,HUILA,Pitalito,417
2016-05-01,2016,5,LA GUAJIRA,Maicao,2412
2016-05-01,2016,5,LA GUAJIRA,Riohacha,5689
2016-05-01,2016,5,LA GUAJIRA,Uribia,993
2016-05-01,2016,5,MAGDALENA,Santa Marta,56673
2016-05-01,2016,5,META,La Macarena,0
2016-05-01,2016,5,META,Villavicencio,4195
2016-05-01,2016,5,NARINO,Ipiales,54
2016-05-01,2016,5,NARINO,Pasto,11757
2016-05-01,2016,5,NARINO,San Andres de Tumaco,4609
2016-05-01,2016,5,NORTE DE SANTANDER,Cúcuta,44583
2016-05-01,2016,5,PUTUMAYO,Puerto Asís,1888
2016-05-01,2016,5,PUTUMAYO,Puerto Leguízamo,409
2016-05-01,2016,5,PUTUMAYO,Villagarzón,978
2016-05-01,2016,5,QUINDIO,Armenia,16522
2016-05-01,2016,5,RISARALDA,Pereira,53033
2016-05-01,2016,5,"SAN ANDRES, PROVIDENCIA Y SANTA CATALINA",Providencia,1000
2016-05-01,2016,5,"SAN ANDRES, PROVIDENCIA Y SANTA CATALINA",San Andrés,63560
2016-05-01,2016,5,SANTANDER,Barrancabermeja,6602
2016-05-01,2016,5,SANTANDER,Bucaramanga,67605
2016-05-01,2016,5,SIN ESPECIFICAR,Sin Especificar,15
2016-05-01,2016,5,SUCRE,Corozal,2606
2016-05-01,2016,5,SUCRE,Santiago de Tolú,459
2016-05-01,2016,5,TOLIMA,Ibagué,6223
2016-05-01,2016,5,VALLE DEL CAUCA,Buenaventura,577
2016-05-01,2016,5,VALLE DEL CAUCA,Cali,173509
2016-05-01,2016,5,VAUPES,Caruru,9
2016-05-01,2016,5,VAUPES,Mitú,1128
2016-05-01,2016,5,VAUPES,Taraira,52
2016-05-01,2016,5,VICHADA,Cumaribo,27
2016-05-01,2016,5,VICHADA,Puerto Carreño,1470
2016-06-01,2016,6,AMAZONAS,LA CHORRERA,46
2016-06-01,2016,6,AMAZONAS,La Pedrera,132
2016-06-01,2016,6,AMAZONAS,Leticia,8864
2016-06-01,2016,6,AMAZONAS,Tarapacá,130
2016-06-01,2016,6,ANTIOQUIA,Carepa,8778
2016-06-01,2016,6,ANTIOQUIA,Caucasia,1696
2016-06-01,2016,6,ANTIOQUIA,El Bagre,519
2016-06-01,2016,6,ANTIOQUIA,Medellín,45550
2016-06-01,2016,6,ANTIOQUIA,Rionegro,233604
2016-06-01,2016,6,ARAUCA,Arauca,6208
2016-06-01,2016,6,ARAUCA,Tame,170
2016-06-01,2016,6,ATLANTICO,Barranquilla,110561
2016-06-01,2016,6,BOGOTA D.C.,"Bogotá, D.C.",708269
2016-06-01,2016,6,BOLIVAR,Cartagena,158887
2016-06-01,2016,6,CALDAS,Manizales,10359
2016-06-01,2016,6,CAQUETA,Florencia,3799
2016-06-01,2016,6,CASANARE,Paz de Ariporo,75
2016-06-01,2016,6,CASANARE,Yopal,15857
2016-06-01,2016,6,CAUCA,Guapi,1087
2016-06-01,2016,6,CAUCA,Popayán,6579
2016-06-01,2016,6,CESAR,San Martín,13
2016-06-01,2016,6,CESAR,Valledupar,17268
2016-06-01,2016,6,CHOCO,Acandí,537
2016-06-01,2016,6,CHOCO,Bahía Solano,1472
2016-06-01,2016,6,CHOCO,Nuquí,367
2016-06-01,2016,6,CHOCO,Quibdó,17536
2016-06-01,2016,6,CORDOBA,Montería,41428
2016-06-01,2016,6,GUAINIA,Barranco Minas,0
2016-06-01,2016,6,GUAINIA,Inírida,1390
2016-06-01,2016,6,GUAVIARE,Miraflores,228
2016-06-01,2016,6,GUAVIARE,San José del Guaviare,792
2016-06-01,2016,6,HUILA,Neiva,12120
2016-06-01,2016,6,HUILA,Pitalito,451
2016-06-01,2016,6,LA GUAJIRA,Maicao,2361
2016-06-01,2016,6,LA GUAJIRA,Riohacha,6265
2016-06-01,2016,6,LA GUAJIRA,Uribia,1032
2016-06-01,2016,6,MAGDALENA,Santa Marta,64793
2016-06-01,2016,6,META,La Macarena,0
2016-06-01,2016,6,META,Villavicencio,4344
2016-06-01,2016,6,NARINO,Ipiales,465
2016-06-01,2016,6,NARINO,Pasto,13981
2016-06-01,2016,6,NARINO,San Andres de Tumaco,5493
2016-06-01,2016,6,NORTE DE SANTANDER,Cúcuta,46846
2016-06-01,2016,6,PUTUMAYO,Puerto Asís,2052
2016-06-01,2016,6,PUTUMAYO,Puerto Leguízamo,459
2016-06-01,2016,6,PUTUMAYO,Villagarzón,921
2016-06-01,2016,6,QUINDIO,Armenia,16384
2016-06-01,2016,6,RISARALDA,Pereira,55245
2016-06-01,2016,6,"SAN ANDRES, PROVIDENCIA Y SANTA CATALINA",Providencia,1253
2016-06-01,2016,6,"SAN ANDRES, PROVIDENCIA Y SANTA CATALINA",San Andrés,69959
2016-06-01,2016,6,SANTANDER,Barrancabermeja,6510
2016-06-01,2016,6,SANTANDER,Bucaramanga,68811
2016-06-01,2016,6,SIN ESPECIFICAR,Sin Especificar,0
2016-06-01,2016,6,SUCRE,Corozal,3500
2016-06-01,2016,6,SUCRE,Santiago de Tolú,762
2016-06-01,2016,6,TOLIMA,Ibagué,6658
2016-06-01,2016,6,VALLE DEL CAUCA,Buenaventura,607
2016-06-01,2016,6,VALLE DEL CAUCA,Cali,183940
2016-06-01,2016,6,VAUPES,Caruru,0
2016-06-01,2016,6,VAUPES,Mitú,1108
2016-06-01,2016,6,VAUPES,Pacoa,20
2016-06-01,2016,6,VAUPES,Taraira,98
2016-06-01,2016,6,VICHADA,Cumaribo,0
2016-06-01,2016,6,VICHADA,Puerto Carreño,1474
2016-07-01,2016,7,AMAZONAS,LA CHORRERA,67
2016-07-01,2016,7,AMAZONAS,La Pedrera,89
2016-07-01,2016,7,AMAZONAS,Leticia,9237
2016-07-01,2016,7,AMAZONAS,Tarapacá,116
2016-07-01,2016,7,ANTIOQUIA,Carepa,8648
2016-07-01,2016,7,ANTIOQUIA,Caucasia,1658
2016-07-01,2016,7,ANTIOQUIA,El Bagre,447
2016-07-01,2016,7,ANTIOQUIA,Medellín,47134
2016-07-01,2016,7,ANTIOQUIA,Rionegro,240836
2016-07-01,2016,7,ARAUCA,Arauca,5843
2016-07-01,2016,7,ARAUCA,Tame,91
2016-07-01,2016,7,ATLANTICO,Barranquilla,115378
2016-07-01,2016,7,BOGOTA D.C.,"Bogotá, D.C.",740169
2016-07-01,2016,7,BOLIVAR,Cartagena,165349
2016-07-01,2016,7,CALDAS,Manizales,8941
2016-07-01,2016,7,CAQUETA,Florencia,3764
2016-07-01,2016,7,CASANARE,Paz de Ariporo,143
2016-07-01,2016,7,CASANARE,Yopal,15513
2016-07-01,2016,7,CAUCA,Guapi,1400
2016-07-01,2016,7,CAUCA,Popayán,5409
2016-07-01,2016,7,CESAR,San Martín,0
2016-07-01,2016,7,CESAR,Valledupar,18054
2016-07-01,2016,7,CHOCO,Acandí,636
2016-07-01,2016,7,CHOCO,Bahía Solano,1561
2016-07-01,2016,7,CHOCO,Nuquí,498
2016-07-01,2016,7,CHOCO,Quibdó,17427
2016-07-01,2016,7,CORDOBA,Montería,40126
2016-07-01,2016,7,GUAINIA,Barranco Minas,0
2016-07-01,2016,7,GUAINIA,Inírida,1500
2016-07-01,2016,7,GUAVIARE,Miraflores,328
2016-07-01,2016,7,GUAVIARE,San José del Guaviare,877
2016-07-01,2016,7,HUILA,Neiva,11966
2016-07-01,2016,7,HUILA,Pitalito,511
2016-07-01,2016,7,LA GUAJIRA,Maicao,2013
2016-07-01,2016,7,LA GUAJIRA,Riohacha,6722
2016-07-01,2016,7,LA GUAJIRA,Uribia,808
2016-07-01,2016,7,MAGDALENA,Santa Marta,61122
2016-07-01,2016,7,META,La Macarena,649
2016-07-01,2016,7,META,Uribe,0
2016-07-01,2016,7,META,Villavicencio,4015
2016-07-01,2016,7,NARINO,Ipiales,488
2016-07-01,2016,7,NARINO,Pasto,13217
2016-07-01,2016,7,NARINO,San Andres de Tumaco,5330
2016-07-01,2016,7,NORTE DE SANTANDER,Cúcuta,44612
2016-07-01,2016,7,PUTUMAYO,Puerto Asís,2021
2016-07-01,2016,7,PUTUMAYO,Puerto Leguízamo,586
2016-07-01,2016,7,PUTUMAYO,Villagarzón,918
2016-07-01,2016,7,QUINDIO,Armenia,15813
2016-07-01,2016,7,RISARALDA,Pereira,54159
2016-07-01,2016,7,"SAN ANDRES, PROVIDENCIA Y SANTA CATALINA",Providencia,1976
2016-07-01,2016,7,"SAN ANDRES, PROVIDENCIA Y SANTA CATALINA",San Andrés,74858
2016-07-01,2016,7,SANTANDER,Barrancabermeja,6241
2016-07-01,2016,7,SANTANDER,Bucaramanga,71848
2016-07-01,2016,7,SIN ESPECIFICAR,Sin Especificar,0
2016-07-01,2016,7,SUCRE,Corozal,3260
2016-07-01,2016,7,SUCRE,Santiago de Tolú,653
2016-07-01,2016,7,TOLIMA,Ibagué,6600
2016-07-01,2016,7,VALLE DEL CAUCA,Buenaventura,548
2016-07-01,2016,7,VALLE DEL CAUCA,Cali,197056
2016-07-01,2016,7,VAUPES,Caruru,64
2016-07-01,2016,7,VAUPES,Mitú,1224
2016-07-01,2016,7,VAUPES,Pacoa,11
2016-07-01,2016,7,VAUPES,Taraira,104
2016-07-01,2016,7,VICHADA,Puerto Carreño,1504
2016-08-01,2016,8,AMAZONAS,LA CHORRERA,24
2016-08-01,2016,8,AMAZONAS,La Pedrera,92
2016-08-01,2016,8,AMAZONAS,Leticia,8624
2016-08-01,2016,8,AMAZONAS,Tarapacá,87
2016-08-01,2016,8,ANTIOQUIA,Carepa,9045
2016-08-01,2016,8,ANTIOQUIA,Caucasia,1924
2016-08-01,2016,8,ANTIOQUIA,El Bagre,489
2016-08-01,2016,8,ANTIOQUIA,Medellín,46449
2016-08-01,2016,8,ANTIOQUIA,Rionegro,242248
2016-08-01,2016,8,ARAUCA,Arauca,5275
2016-08-01,2016,8,ARAUCA,Tame,92
2016-08-01,2016,8,ATLANTICO,Barranquilla,109161
2016-08-01,2016,8,BOGOTA D.C.,"Bogotá, D.C.",727188
2016-08-01,2016,8,BOLIVAR,Cartagena,158229
2016-08-01,2016,8,CALDAS,Manizales,10209
2016-08-01,2016,8,CAQUETA,Florencia,4077
2016-08-01,2016,8,CAQUETA,Morelia,0
2016-08-01,2016,8,CASANARE,Paz de Ariporo,89
2016-08-01,2016,8,CASANARE,Yopal,15990
2016-08-01,2016,8,CAUCA,Guapi,1172
2016-08-01,2016,8,CAUCA,Popayán,5748
2016-08-01,2016,8,CESAR,Agustín Codazzi,0
2016-08-01,2016,8,CESAR,Valledupar,18146
2016-08-01,2016,8,CHOCO,Acandí,628
2016-08-01,2016,8,CHOCO,Bahía Solano,1825
2016-08-01,2016,8,CHOCO,Nuquí,540
2016-08-01,2016,8,CHOCO,Quibdó,15272
2016-08-01,2016,8,CORDOBA,Montería,39905
2016-08-01,2016,8,GUAINIA,Barranco Minas,0
2016-08-01,2016,8,GUAINIA,Inírida,1220
2016-08-01,2016,8,GUAVIARE,Miraflores,340
2016-08-01,2016,8,GUAVIARE,San José del Guaviare,982
2016-08-01,2016,8,HUILA,Neiva,12980
2016-08-01,2016,8,HUILA,Pitalito,454
2016-08-01,2016,8,LA GUAJIRA,Maicao,2137
2016-08-01,2016,8,LA GUAJIRA,Riohacha,6042
2016-08-01,2016,8,LA GUAJIRA,Uribia,975
2016-08-01,2016,8,MAGDALENA,Santa Marta,64053
2016-08-01,2016,8,META,La Macarena,493
2016-08-01,2016,8,META,Villavicencio,3787
2016-08-01,2016,8,NARINO,Ipiales,283
2016-08-01,2016,8,NARINO,Pasto,13732
2016-08-01,2016,8,NARINO,San Andres de Tumaco,5028
2016-08-01,2016,8,NORTE DE SANTANDER,Cúcuta,43671
2016-08-01,2016,8,PUTUMAYO,Puerto Asís,2007
2016-08-01,2016,8,PUTUMAYO,Puerto Leguízamo,442
2016-08-01,2016,8,PUTUMAYO,Villagarzón,1154
2016-08-01,2016,8,QUINDIO,Armenia,15948
2016-08-01,2016,8,RISARALDA,Pereira,53759
2016-08-01,2016,8,"SAN ANDRES, PROVIDENCIA Y SANTA CATALINA",Providencia,1262
2016-08-01,2016,8,"SAN ANDRES, PROVIDENCIA Y SANTA CATALINA",San Andrés,70481
2016-08-01,2016,8,SANTANDER,Barrancabermeja,6020
2016-08-01,2016,8,SANTANDER,Bucaramanga,70233
2016-08-01,2016,8,SIN ESPECIFICAR,Sin Especificar,0
2016-08-01,2016,8,SUCRE,Corozal,3292
2016-08-01,2016,8,SUCRE,Santiago de Tolú,473
2016-08-01,2016,8,TOLIMA,Ibagué,6825
2016-08-01,2016,8,VALLE DEL CAUCA,Buenaventura,619
2016-08-01,2016,8,VALLE DEL CAUCA,Cali,192122
2016-08-01,2016,8,VAUPES,Caruru,59
2016-08-01,2016,8,VAUPES,Mitú,1011
2016-08-01,2016,8,VAUPES,Pacoa,10
2016-08-01,2016,8,VAUPES,Taraira,100
2016-08-01,2016,8,VICHADA,Cumaribo,0
2016-08-01,2016,8,VICHADA,Puerto Carreño,1325
2016-09-01,2016,9,AMAZONAS,LA CHORRERA,41
2016-09-01,2016,9,AMAZONAS,La Pedrera,119
2016-09-01,2016,9,AMAZONAS,Leticia,9518
2016-09-01,2016,9,AMAZONAS,Tarapacá,144
2016-09-01,2016,9,ANTIOQUIA,Carepa,8765
2016-09-01,2016,9,ANTIOQUIA,Caucasia,1894
2016-09-01,2016,9,ANTIOQUIA,El Bagre,467
2016-09-01,2016,9,ANTIOQUIA,Medellín,43089
2016-09-01,2016,9,ANTIOQUIA,Rionegro,241107
2016-09-01,2016,9,ARAUCA,Arauca,5447
2016-09-01,2016,9,ARAUCA,Tame,131
2016-09-01,2016,9,ATLANTICO,Barranquilla,100508
2016-09-01,2016,9,BOGOTA D.C.,"Bogotá, D.C.",706908
2016-09-01,2016,9,BOLIVAR,Cartagena,144099
2016-09-01,2016,9,CALDAS,Manizales,8801
2016-09-01,2016,9,CAQUETA,Florencia,3929
2016-09-01,2016,9,CASANARE,Paz de Ariporo,95
2016-09-01,2016,9,CASANARE,Yopal,16717
2016-09-01,2016,9,CAUCA,Guapi,1160
2016-09-01,2016,9,CAUCA,Popayán,5480
2016-09-01,2016,9,CESAR,San Martín,0
2016-09-01,2016,9,CESAR,Valledupar,18265
2016-09-01,2016,9,CHOCO,Acandí,439
2016-09-01,2016,9,CHOCO,Bahía Solano,1620
2016-09-01,2016,9,CHOCO,Nuquí,476
2016-09-01,2016,9,CHOCO,Quibdó,15859
2016-09-01,2016,9,CORDOBA,Montería,39364
2016-09-01,2016,9,GUAINIA,Barranco Minas,0
2016-09-01,2016,9,GUAINIA,Inírida,1214
2016-09-01,2016,9,GUAVIARE,Miraflores,216
2016-09-01,2016,9,GUAVIARE,San José del Guaviare,730
2016-09-01,2016,9,HUILA,Neiva,12882
2016-09-01,2016,9,HUILA,Pitalito,432
2016-09-01,2016,9,LA GUAJIRA,Maicao,1976
2016-09-01,2016,9,LA GUAJIRA,Riohacha,5862
2016-09-01,2016,9,LA GUAJIRA,Uribia,772
2016-09-01,2016,9,MAGDALENA,Santa Marta,63369
2016-09-01,2016,9,META,La Macarena,494
2016-09-01,2016,9,META,Villavicencio,3979
2016-09-01,2016,9,NARINO,Ipiales,275
2016-09-01,2016,9,NARINO,Pasto,12569
2016-09-01,2016,9,NARINO,San Andres de Tumaco,5011
2016-09-01,2016,9,NORTE DE SANTANDER,Cúcuta,41647
2016-09-01,2016,9,PUTUMAYO,Puerto Asís,1993
2016-09-01,2016,9,PUTUMAYO,Puerto Leguízamo,456
2016-09-01,2016,9,PUTUMAYO,Villagarzón,1148
2016-09-01,2016,9,QUINDIO,Armenia,15016
2016-09-01,2016,9,RISARALDA,Pereira,51937
2016-09-01,2016,9,"SAN ANDRES, PROVIDENCIA Y SANTA CATALINA",Providencia,978
2016-09-01,2016,9,"SAN ANDRES, PROVIDENCIA Y SANTA CATALINA",San Andrés,64915
2016-09-01,2016,9,SANTANDER,Barrancabermeja,5971
2016-09-01,2016,9,SANTANDER,Bucaramanga,69393
2016-09-01,2016,9,SIN ESPECIFICAR,Sin Especificar,0
2016-09-01,2016,9,SUCRE,Corozal,3115
2016-09-01,2016,9,SUCRE,Santiago de Tolú,343
2016-09-01,2016,9,TOLIMA,Ibagué,7040
2016-09-01,2016,9,TOLIMA,Melgar,0
2016-09-01,2016,9,VALLE DEL CAUCA,Buenaventura,657
2016-09-01,2016,9,VALLE DEL CAUCA,Cali,177572
2016-09-01,2016,9,VAUPES,Caruru,62
2016-09-01,2016,9,VAUPES,Mitú,914
2016-09-01,2016,9,VAUPES,Pacoa,11
2016-09-01,2016,9,VAUPES,Taraira,102
2016-09-01,2016,9,VICHADA,Puerto Carreño,1239
2016-10-01,2016,10,AMAZONAS,LA CHORRERA,12
2016-10-01,2016,10,AMAZONAS,La Pedrera,87
2016-10-01,2016,10,AMAZONAS,Leticia,11486
2016-10-01,2016,10,AMAZONAS,Tarapacá,91
2016-10-01,2016,10,ANTIOQUIA,Carepa,9364
2016-10-01,2016,10,ANTIOQUIA,Caucasia,1875
2016-10-01,2016,10,ANTIOQUIA,El Bagre,534
2016-10-01,2016,10,ANTIOQUIA,Medellín,46583
2016-10-01,2016,10,ANTIOQUIA,Rionegro,254296
2016-10-01,2016,10,ARAUCA,Arauca,6007
2016-10-01,2016,10,ARAUCA,Tame,127
2016-10-01,2016,10,ATLANTICO,Barranquilla,115064
2016-10-01,2016,10,BOGOTA D.C.,"Bogotá, D.C.",748880
2016-10-01,2016,10,BOLIVAR,Cartagena,156330
2016-10-01,2016,10,CALDAS,Manizales,7995
2016-10-01,2016,10,CAQUETA,Florencia,4021
2016-10-01,2016,10,CASANARE,Paz de Ariporo,86
2016-10-01,2016,10,CASANARE,Yopal,15575
2016-10-01,2016,10,CAUCA,Guapi,1222
2016-10-01,2016,10,CAUCA,Popayán,5588
2016-10-01,2016,10,CESAR,San Martín,14
2016-10-01,2016,10,CESAR,Valledupar,19178
2016-10-01,2016,10,CHOCO,Acandí,616
2016-10-01,2016,10,CHOCO,Bahía Solano,1571
2016-10-01,2016,10,CHOCO,Quibdó,16375
2016-10-01,2016,10,CORDOBA,Montería,41428
2016-10-01,2016,10,GUAINIA,Barranco Minas,0
2016-10-01,2016,10,GUAINIA,Inírida,1566
2016-10-01,2016,10,GUAVIARE,Miraflores,264
2016-10-01,2016,10,GUAVIARE,San José del Guaviare,1015
2016-10-01,2016,10,HUILA,Neiva,12363
2016-10-01,2016,10,HUILA,Pitalito,462
2016-10-01,2016,10,LA GUAJIRA,Maicao,1999
2016-10-01,2016,10,LA GUAJIRA,Riohacha,6465
2016-10-01,2016,10,LA GUAJIRA,Uribia,853
2016-10-01,2016,10,MAGDALENA,Santa Marta,66277
2016-10-01,2016,10,META,La Macarena,513
2016-10-01,2016,10,META,Villavicencio,3844
2016-10-01,2016,10,NARINO,Ipiales,498
2016-10-01,2016,10,NARINO,Pasto,12461
2016-10-01,2016,10,NARINO,San Andres de Tumaco,4826
2016-10-01,2016,10,NORTE DE SANTANDER,Cúcuta,41571
2016-10-01,2016,10,PUTUMAYO,Puerto Asís,1959
2016-10-01,2016,10,PUTUMAYO,Puerto Leguízamo,447
2016-10-01,2016,10,PUTUMAYO,Villagarzón,1049
2016-10-01,2016,10,QUINDIO,Armenia,15892
2016-10-01,2016,10,RISARALDA,Pereira,57579
2016-10-01,2016,10,"SAN ANDRES, PROVIDENCIA Y SANTA CATALINA",Providencia,1151
2016-10-01,2016,10,"SAN ANDRES, PROVIDENCIA Y SANTA CATALINA",San Andrés,67485
2016-10-01,2016,10,SANTANDER,Barrancabermeja,6046
2016-10-01,2016,10,SANTANDER,Bucaramanga,72827
2016-10-01,2016,10,SIN ESPECIFICAR,Sin Especificar,0
2016-10-01,2016,10,SUCRE,Corozal,3628
2016-10-01,2016,10,SUCRE,Santiago de Tolú,547
2016-10-01,2016,10,TOLIMA,Ibagué,6433
2016-10-01,2016,10,VALLE DEL CAUCA,Buenaventura,592
2016-10-01,2016,10,VALLE DEL CAUCA,Cali,183874
2016-10-01,2016,10,VAUPES,Caruru,31
2016-10-01,2016,10,VAUPES,Mitú,1342
2016-10-01,2016,10,VAUPES,Pacoa,17
2016-10-01,2016,10,VAUPES,Taraira,134
2016-10-01,2016,10,VICHADA,Cumaribo,0
2016-10-01,2016,10,VICHADA,Puerto Carreño,1369
2016-11-01,2016,11,AMAZONAS,LA CHORRERA,48
2016-11-01,2016,11,AMAZONAS,La Pedrera,153
2016-11-01,2016,11,AMAZONAS,Leticia,12028
2016-11-01,2016,11,AMAZONAS,Tarapacá,127
2016-11-01,2016,11,ANTIOQUIA,Carepa,10336
2016-11-01,2016,11,ANTIOQUIA,Caucasia,1795
2016-11-01,2016,11,ANTIOQUIA,El Bagre,534
2016-11-01,2016,11,ANTIOQUIA,Medellín,46010
2016-11-01,2016,11,ANTIOQUIA,Rionegro,245779
2016-11-01,2016,11,ARAUCA,Arauca,5966
2016-11-01,2016,11,ARAUCA,Tame,94
2016-11-01,2016,11,ATLANTICO,Barranquilla,110337
2016-11-01,2016,11,BOGOTA D.C.,"Bogotá, D.C.",712130
2016-11-01,2016,11,BOLIVAR,Cartagena,154266
2016-11-01,2016,11,CALDAS,Manizales,7137
2016-11-01,2016,11,CAQUETA,Florencia,3945
2016-11-01,2016,11,CAQUETA,Morelia,0
2016-11-01,2016,11,CASANARE,Paz de Ariporo,166
2016-11-01,2016,11,CASANARE,Yopal,15105
2016-11-01,2016,11,CAUCA,Guapi,1227
2016-11-01,2016,11,CAUCA,Popayán,5668
2016-11-01,2016,11,CESAR,San Martín,0
2016-11-01,2016,11,CESAR,Valledupar,18109
2016-11-01,2016,11,CHOCO,Acandí,463
2016-11-01,2016,11,CHOCO,Bahía Solano,1385
2016-11-01,2016,11,CHOCO,Nuquí,165
2016-11-01,2016,11,CHOCO,Quibdó,15842
2016-11-01,2016,11,CORDOBA,Montería,41651
2016-11-01,2016,11,GUAINIA,Barranco Minas,0
2016-11-01,2016,11,GUAINIA,Inírida,1526
2016-11-01,2016,11,GUAVIARE,Miraflores,356
2016-11-01,2016,11,GUAVIARE,San José del Guaviare,1014
2016-11-01,2016,11,HUILA,Neiva,12659
2016-11-01,2016,11,HUILA,Pitalito,449
2016-11-01,2016,11,LA GUAJIRA,Maicao,2075
2016-11-01,2016,11,LA GUAJIRA,Riohacha,6914
2016-11-01,2016,11,LA GUAJIRA,Uribia,933
2016-11-01,2016,11,MAGDALENA,Santa Marta,67524
2016-11-01,2016,11,META,La Macarena,211
2016-11-01,2016,11,META,Puerto López,0
2016-11-01,2016,11,META,Uribe,0
2016-11-01,2016,11,META,Villavicencio,3571
2016-11-01,2016,11,NARINO,Ipiales,606
2016-11-01,2016,11,NARINO,Pasto,11485
2016-11-01,2016,11,NARINO,San Andres de Tumaco,4624
2016-11-01,2016,11,NORTE DE SANTANDER,Cúcuta,37690
2016-11-01,2016,11,PUTUMAYO,Puerto Asís,2136
2016-11-01,2016,11,PUTUMAYO,Puerto Leguízamo,471
2016-11-01,2016,11,PUTUMAYO,Villagarzón,1119
2016-11-01,2016,11,QUINDIO,Armenia,15340
2016-11-01,2016,11,RISARALDA,Pereira,47941
2016-11-01,2016,11,"SAN ANDRES, PROVIDENCIA Y SANTA CATALINA",Providencia,1280
2016-11-01,2016,11,"SAN ANDRES, PROVIDENCIA Y SANTA CATALINA",San Andrés,66976
2016-11-01,2016,11,SANTANDER,Barrancabermeja,5634
2016-11-01,2016,11,SANTANDER,Bucaramanga,71190
2016-11-01,2016,11,SIN ESPECIFICAR,Sin Especificar,0
2016-11-01,2016,11,SUCRE,Corozal,3591
2016-11-01,2016,11,SUCRE,Santiago de Tolú,540
2016-11-01,2016,11,TOLIMA,Ibagué,5691
2016-11-01,2016,11,VALLE DEL CAUCA,Buenaventura,518
2016-11-01,2016,11,VALLE DEL CAUCA,Cali,182609
2016-11-01,2016,11,VAUPES,Caruru,135
2016-11-01,2016,11,VAUPES,Mitú,1201
2016-11-01,2016,11,VAUPES,Pacoa,10
2016-11-01,2016,11,VAUPES,Taraira,73
2016-11-01,2016,11,VICHADA,Cumaribo,0
2016-11-01,2016,11,VICHADA,Puerto Carreño,1443
2016-12-01,2016,12,AMAZONAS,LA CHORRERA,67
2016-12-01,2016,12,AMAZONAS,La Pedrera,226
2016-12-01,2016,12,AMAZONAS,Leticia,13148
2016-12-01,2016,12,AMAZONAS,Tarapacá,139
2016-12-01,2016,12,ANTIOQUIA,Carepa,10058
2016-12-01,2016,12,ANTIOQUIA,Caucasia,1616
2016-12-01,2016,12,ANTIOQUIA,El Bagre,485
2016-12-01,2016,12,ANTIOQUIA,Medellín,44873
2016-12-01,2016,12,ANTIOQUIA,Rionegro,264596
2016-12-01,2016,12,ARAUCA,Arauca,5845
2016-12-01,2016,12,ARAUCA,Tame,115
2016-12-01,2016,12,ATLANTICO,Barranquilla,121708
2016-12-01,2016,12,BOGOTA D.C.,"Bogotá, D.C.",683470
2016-12-01,2016,12,BOLIVAR,Cartagena,184917
2016-12-01,2016,12,CALDAS,Manizales,8052
2016-12-01,2016,12,CAQUETA,Florencia,3844
2016-12-01,2016,12,CASANARE,Paz de Ariporo,185
2016-12-01,2016,12,CASANARE,Yopal,15202
2016-12-01,2016,12,CAUCA,Guapi,1361
2016-12-01,2016,12,CAUCA,Popayán,5837
2016-12-01,2016,12,CESAR,San Martín,0
2016-12-01,2016,12,CESAR,Valledupar,17315
2016-12-01,2016,12,CHOCO,Acandí,722
2016-12-01,2016,12,CHOCO,Bahía Solano,2065
2016-12-01,2016,12,CHOCO,Condoto,72
2016-12-01,2016,12,CHOCO,Nuquí,454
2016-12-01,2016,12,CHOCO,Quibdó,19544
2016-12-01,2016,12,CORDOBA,Montería,45280
2016-12-01,2016,12,GUAINIA,Barranco Minas,0
2016-12-01,2016,12,GUAINIA,Inírida,1640
2016-12-01,2016,12,GUAVIARE,Miraflores,251
2016-12-01,2016,12,GUAVIARE,San José del Guaviare,1119
2016-12-01,2016,12,HUILA,Neiva,12888
2016-12-01,2016,12,HUILA,Pitalito,481
2016-12-01,2016,12,LA GUAJIRA,Maicao,1731
2016-12-01,2016,12,LA GUAJIRA,Riohacha,7186
2016-12-01,2016,12,LA GUAJIRA,Uribia,710
2016-12-01,2016,12,MAGDALENA,Santa Marta,74473
2016-12-01,2016,12,META,La Macarena,0
2016-12-01,2016,12,META,Puerto López,0
2016-12-01,2016,12,META,Villavicencio,4288
2016-12-01,2016,12,NARINO,Ipiales,848
2016-12-01,2016,12,NARINO,Pasto,11195
2016-12-01,2016,12,NARINO,San Andres de Tumaco,5274
2016-12-01,2016,12,NORTE DE SANTANDER,Cúcuta,42977
2016-12-01,2016,12,PUTUMAYO,Puerto Asís,2394
2016-12-01,2016,12,PUTUMAYO,Puerto Leguízamo,584
2016-12-01,2016,12,PUTUMAYO,Villagarzón,994
2016-12-01,2016,12,QUINDIO,Armenia,15440
2016-12-01,2016,12,RISARALDA,Pereira,53929
2016-12-01,2016,12,"SAN ANDRES, PROVIDENCIA Y SANTA CATALINA",Providencia,2084
2016-12-01,2016,12,"SAN ANDRES, PROVIDENCIA Y SANTA CATALINA",San Andrés,78924
2016-12-01,2016,12,SANTANDER,Barrancabermeja,6189
2016-12-01,2016,12,SANTANDER,Bucaramanga,73475
2016-12-01,2016,12,SIN ESPECIFICAR,Sin Especificar,0
2016-12-01,2016,12,SUCRE,Corozal,4349
2016-12-01,2016,12,SUCRE,Coveñas,0
2016-12-01,2016,12,SUCRE,Santiago de Tolú,1448
2016-12-01,2016,12,TOLIMA,Ibagué,6204
2016-12-01,2016,12,VALLE DEL CAUCA,Buenaventura,594
2016-12-01,2016,12,VALLE DEL CAUCA,Cali,195375
2016-12-01,2016,12,VAUPES,Caruru,84
2016-12-01,2016,12,VAUPES,Mitú,1340
2016-12-01,2016,12,VAUPES,Pacoa,19
2016-12-01,2016,12,VAUPES,Taraira,121
2016-12-01,2016,12,VICHADA,Cumaribo,0
2016-12-01,2016,12,VICHADA,Puerto Carreño,1635
2017-01-01,2017,1,AMAZONAS,LA CHORRERA,31
2017-01-01,2017,1,AMAZONAS,La Pedrera,142
2017-01-01,2017,1,AMAZONAS,Leticia,13456
2017-01-01,2017,1,AMAZONAS,Tarapacá,68
2017-01-01,2017,1,ANTIOQUIA,Carepa,8398
2017-01-01,2017,1,ANTIOQUIA,Caucasia,1101
2017-01-01,2017,1,ANTIOQUIA,El Bagre,469
2017-01-01,2017,1,ANTIOQUIA,Medellín,45898
2017-01-01,2017,1,ANTIOQUIA,Rionegro,251242
2017-01-01,2017,1,ARAUCA,Arauca,4978
2017-01-01,2017,1,ARAUCA,Tame,97
2017-01-01,2017,1,ATLANTICO,Barranquilla,101640
2017-01-01,2017,1,BOGOTA D.C.,"Bogotá, D.C.",747101
2017-01-01,2017,1,BOLIVAR,Cartagena,178264
2017-01-01,2017,1,CALDAS,Manizales,6985
2017-01-01,2017,1,CAQUETA,Florencia,3028
2017-01-01,2017,1,CASANARE,Paz de Ariporo,93
2017-01-01,2017,1,CASANARE,Yopal,11227
2017-01-01,2017,1,CAUCA,Guapi,1080
2017-01-01,2017,1,CAUCA,Popayán,4358
2017-01-01,2017,1,CESAR,San Martín,19
2017-01-01,2017,1,CESAR,Valledupar,14334
2017-01-01,2017,1,CHOCO,Acandí,555
2017-01-01,2017,1,CHOCO,Bahía Solano,1653
2017-01-01,2017,1,CHOCO,Condoto,49
2017-01-01,2017,1,CHOCO,Nuquí,418
2017-01-01,2017,1,CHOCO,Quibdó,13703
2017-01-01,2017,1,CORDOBA,Montería,37435
2017-01-01,2017,1,GUAINIA,Barranco Minas,233
2017-01-01,2017,1,GUAINIA,Inírida,1783
2017-01-01,2017,1,GUAVIARE,Miraflores,271
2017-01-01,2017,1,GUAVIARE,San José del Guaviare,753
2017-01-01,2017,1,HUILA,Neiva,10187
2017-01-01,2017,1,HUILA,Pitalito,373
2017-01-01,2017,1,LA GUAJIRA,Maicao,1924
2017-01-01,2017,1,LA GUAJIRA,Riohacha,6164
2017-01-01,2017,1,LA GUAJIRA,Uribia,935
2017-01-01,2017,1,MAGDALENA,Santa Marta,74706
2017-01-01,2017,1,META,La Macarena,30
2017-01-01,2017,1,META,Villavicencio,3341
2017-01-01,2017,1,NARINO,Ipiales,603
2017-01-01,2017,1,NARINO,Pasto,9968
2017-01-01,2017,1,NARINO,San Andres de Tumaco,4411
2017-01-01,2017,1,NORTE DE SANTANDER,Cúcuta,38433
2017-01-01,2017,1,PUTUMAYO,Puerto Asís,1830
2017-01-01,2017,1,PUTUMAYO,Puerto Leguízamo,490
2017-01-01,2017,1,PUTUMAYO,Villagarzón,979
2017-01-01,2017,1,QUINDIO,Armenia,14590
2017-01-01,2017,1,RISARALDA,Pereira,48488
2017-01-01,2017,1,"SAN ANDRES, PROVIDENCIA Y SANTA CATALINA",Providencia,1510
2017-01-01,2017,1,"SAN ANDRES, PROVIDENCIA Y SANTA CATALINA",San Andrés,81054
2017-01-01,2017,1,SANTANDER,Barrancabermeja,4526
2017-01-01,2017,1,SANTANDER,Bucaramanga,59979
2017-01-01,2017,1,SIN ESPECIFICAR,Sin Especificar,0
2017-01-01,2017,1,SUCRE,Corozal,3320
2017-01-01,2017,1,SUCRE,Santiago de Tolú,1160
2017-01-01,2017,1,TOLIMA,Ibagué,5527
2017-01-01,2017,1,VALLE DEL CAUCA,Buenaventura,512
2017-01-01,2017,1,VALLE DEL CAUCA,Cali,176461
2017-01-01,2017,1,VAUPES,Caruru,23
2017-01-01,2017,1,VAUPES,Mitú,1278
2017-01-01,2017,1,VAUPES,Pacoa,26
2017-01-01,2017,1,VAUPES,Taraira,132
2017-01-01,2017,1,VICHADA,Cumaribo,0
2017-01-01,2017,1,VICHADA,La Primavera,0
2017-01-01,2017,1,VICHADA,Puerto Carreño,1850
2017-02-01,2017,2,AMAZONAS,LA CHORRERA,38
2017-02-01,2017,2,AMAZONAS,La Pedrera,155
2017-02-01,2017,2,AMAZONAS,Leticia,10285
2017-02-01,2017,2,AMAZONAS,Tarapacá,66
2017-02-01,2017,2,ANTIOQUIA,Carepa,7599
2017-02-01,2017,2,ANTIOQUIA,Caucasia,1471
2017-02-01,2017,2,ANTIOQUIA,El Bagre,487
2017-02-01,2017,2,ANTIOQUIA,Medellín,38262
2017-02-01,2017,2,ANTIOQUIA,Rionegro,223272
2017-02-01,2017,2,ARAUCA,Arauca,4834
2017-02-01,2017,2,ARAUCA,Tame,96
2017-02-01,2017,2,ATLANTICO,Barranquilla,92149
2017-02-01,2017,2,BOGOTA D.C.,"Bogotá, D.C.",622122
2017-02-01,2017,2,BOLIVAR,Cartagena,146202
2017-02-01,2017,2,CALDAS,Manizales,8290
2017-02-01,2017,2,CAQUETA,Florencia,3319
2017-02-01,2017,2,CASANARE,Paz de Ariporo,98
2017-02-01,2017,2,CASANARE,Yopal,12634
2017-02-01,2017,2,CAUCA,Guapi,1134
2017-02-01,2017,2,CAUCA,Popayán,5083
2017-02-01,2017,2,CESAR,Valledupar,14038
2017-02-01,2017,2,CHOCO,Acandí,403
2017-02-01,2017,2,CHOCO,Bahía Solano,1272
2017-02-01,2017,2,CHOCO,Condoto,43
2017-02-01,2017,2,CHOCO,Nuquí,373
2017-02-01,2017,2,CHOCO,Quibdó,12423
2017-02-01,2017,2,CORDOBA,Montería,32008
2017-02-01,2017,2,GUAINIA,Barranco Minas,240
2017-02-01,2017,2,GUAINIA,Inírida,1768
2017-02-01,2017,2,GUAVIARE,Miraflores,212
2017-02-01,2017,2,GUAVIARE,San José del Guaviare,726
2017-02-01,2017,2,HUILA,Neiva,11203
2017-02-01,2017,2,HUILA,Pitalito,437
2017-02-01,2017,2,LA GUAJIRA,Maicao,147
2017-02-01,2017,2,LA GUAJIRA,Riohacha,5245
2017-02-01,2017,2,LA GUAJIRA,Uribia,113
2017-02-01,2017,2,MAGDALENA,Santa Marta,56087
2017-02-01,2017,2,META,La Macarena,24
2017-02-01,2017,2,META,Villavicencio,3334
2017-02-01,2017,2,NARINO,Ipiales,391
2017-02-01,2017,2,NARINO,Pasto,10920
2017-02-01,2017,2,NARINO,San Andres de Tumaco,4117
2017-02-01,2017,2,NORTE DE SANTANDER,Cúcuta,31660
2017-02-01,2017,2,PUTUMAYO,Puerto Asís,1866
2017-02-01,2017,2,PUTUMAYO,Puerto Leguízamo,450
2017-02-01,2017,2,PUTUMAYO,Villagarzón,1111
2017-02-01,2017,2,QUINDIO,Armenia,15867
2017-02-01,2017,2,RISARALDA,Pereira,47080
2017-02-01,2017,2,"SAN ANDRES, PROVIDENCIA Y SANTA CATALINA",Providencia,976
2017-02-01,2017,2,"SAN ANDRES, PROVIDENCIA Y SANTA CATALINA",San Andrés,65719
2017-02-01,2017,2,SANTANDER,Barrancabermeja,4857
2017-02-01,2017,2,SANTANDER,Bucaramanga,57730
2017-02-01,2017,2,SIN ESPECIFICAR,Sin Especificar,109
2017-02-01,2017,2,SUCRE,Corozal,2728
2017-02-01,2017,2,SUCRE,Santiago de Tolú,582
2017-02-01,2017,2,TOLIMA,Ibagué,6356
2017-02-01,2017,2,VALLE DEL CAUCA,Buenaventura,577
2017-02-01,2017,2,VALLE DEL CAUCA,Cali,161171
2017-02-01,2017,2,VAUPES,Caruru,7
2017-02-01,2017,2,VAUPES,Mitú,1135
2017-02-01,2017,2,VAUPES,Pacoa,2
2017-02-01,2017,2,VAUPES,Taraira,90
2017-02-01,2017,2,VICHADA,Cumaribo,0
2017-02-01,2017,2,VICHADA,Puerto Carreño,1585
2017-03-01,2017,3,AMAZONAS,LA CHORRERA,48
2017-03-01,2017,3,AMAZONAS,La Pedrera,131
2017-03-01,2017,3,AMAZONAS,Leticia,10769
2017-03-01,2017,3,AMAZONAS,Tarapacá,131
2017-03-01,2017,3,ANTIOQUIA,Carepa,9002
2017-03-01,2017,3,ANTIOQUIA,Caucasia,1673
2017-03-01,2017,3,ANTIOQUIA,El Bagre,490
2017-03-01,2017,3,ANTIOQUIA,Medellín,42235
2017-03-01,2017,3,ANTIOQUIA,Rionegro,249360
2017-03-01,2017,3,ARAUCA,Arauca,5324
2017-03-01,2017,3,ARAUCA,Tame,140
2017-03-01,2017,3,ATLANTICO,Barranquilla,97051
2017-03-01,2017,3,BOGOTA D.C.,"Bogotá, D.C.",699193
2017-03-01,2017,3,BOLIVAR,Cartagena,159662
2017-03-01,2017,3,CALDAS,Manizales,7868
2017-03-01,2017,3,CAQUETA,Florencia,3994
2017-03-01,2017,3,CASANARE,Paz de Ariporo,142
2017-03-01,2017,3,CASANARE,Yopal,13833
2017-03-01,2017,3,CAUCA,Guapi,1158
2017-03-01,2017,3,CAUCA,Popayán,5372
2017-03-01,2017,3,CESAR,Valledupar,15116
2017-03-01,2017,3,CHOCO,Acandí,397
2017-03-01,2017,3,CHOCO,Bahía Solano,1482
2017-03-01,2017,3,CHOCO,Condoto,35
2017-03-01,2017,3,CHOCO,Nuquí,399
2017-03-01,2017,3,CHOCO,Quibdó,13917
2017-03-01,2017,3,CORDOBA,Montería,36232
2017-03-01,2017,3,GUAINIA,Barranco Minas,254
2017-03-01,2017,3,GUAINIA,Inírida,1595
2017-03-01,2017,3,GUAVIARE,Miraflores,218
2017-03-01,2017,3,GUAVIARE,San José del Guaviare,882
2017-03-01,2017,3,HUILA,Neiva,12563
2017-03-01,2017,3,HUILA,Pitalito,480
2017-03-01,2017,3,LA GUAJIRA,Riohacha,6098
2017-03-01,2017,3,MAGDALENA,Santa Marta,62905
2017-03-01,2017,3,META,La Macarena,34
2017-03-01,2017,3,META,Villavicencio,3753
2017-03-01,2017,3,NARINO,Ipiales,351
2017-03-01,2017,3,NARINO,Pasto,12069
2017-03-01,2017,3,NARINO,San Andres de Tumaco,4720
2017-03-01,2017,3,NORTE DE SANTANDER,Cúcuta,33956
2017-03-01,2017,3,PUTUMAYO,Puerto Asís,2059
2017-03-01,2017,3,PUTUMAYO,Puerto Leguízamo,459
2017-03-01,2017,3,PUTUMAYO,Villagarzón,1075
2017-03-01,2017,3,QUINDIO,Armenia,15378
2017-03-01,2017,3,RISARALDA,Pereira,54809
2017-03-01,2017,3,"SAN ANDRES, PROVIDENCIA Y SANTA CATALINA",Providencia,1259
2017-03-01,2017,3,"SAN ANDRES, PROVIDENCIA Y SANTA CATALINA",San Andrés,73981
2017-03-01,2017,3,SANTANDER,Barrancabermeja,5974
2017-03-01,2017,3,SANTANDER,Bucaramanga,63160
2017-03-01,2017,3,SIN ESPECIFICAR,Sin Especificar,114
2017-03-01,2017,3,SUCRE,Corozal,3066
2017-03-01,2017,3,SUCRE,Santiago de Tolú,583
2017-03-01,2017,3,TOLIMA,Ibagué,6541
2017-03-01,2017,3,VALLE DEL CAUCA,Buenaventura,593
2017-03-01,2017,3,VALLE DEL CAUCA,Cali,179634
2017-03-01,2017,3,VAUPES,Caruru,40
2017-03-01,2017,3,VAUPES,Mitú,951
2017-03-01,2017,3,VAUPES,Taraira,102
2017-03-01,2017,3,VICHADA,Cumaribo,0
2017-03-01,2017,3,VICHADA,Puerto Carreño,1658
2017-04-01,2017,4,AMAZONAS,LA CHORRERA,36
2017-04-01,2017,4,AMAZONAS,La Pedrera,132
2017-04-01,2017,4,AMAZONAS,Leticia,10610
2017-04-01,2017,4,AMAZONAS,Tarapacá,92
2017-04-01,2017,4,ANTIOQUIA,Carepa,8085
2017-04-01,2017,4,ANTIOQUIA,Caucasia,1250
2017-04-01,2017,4,ANTIOQUIA,El Bagre,482
2017-04-01,2017,4,ANTIOQUIA,Medellín,40210
2017-04-01,2017,4,ANTIOQUIA,Rionegro,242961
2017-04-01,2017,4,ARAUCA,Arauca,4942
2017-04-01,2017,4,ARAUCA,Tame,98
2017-04-01,2017,4,ATLANTICO,Barranquilla,93199
2017-04-01,2017,4,BOGOTA D.C.,"Bogotá, D.C.",664035
2017-04-01,2017,4,BOLIVAR,Cartagena,152747
2017-04-01,2017,4,CALDAS,Manizales,7726
2017-04-01,2017,4,CAQUETA,Florencia,3441
2017-04-01,2017,4,CASANARE,Paz de Ariporo,68
2017-04-01,2017,4,CASANARE,Yopal,12422
2017-04-01,2017,4,CAUCA,Guapi,1396
2017-04-01,2017,4,CAUCA,Popayán,4808
2017-04-01,2017,4,CESAR,Valledupar,17407
2017-04-01,2017,4,CHOCO,Acandí,360
2017-04-01,2017,4,CHOCO,Bahía Solano,1642
2017-04-01,2017,4,CHOCO,Condoto,47
2017-04-01,2017,4,CHOCO,Nuquí,384
2017-04-01,2017,4,CHOCO,Quibdó,14242
2017-04-01,2017,4,CORDOBA,Montería,39053
2017-04-01,2017,4,GUAINIA,Barranco Minas,178
2017-04-01,2017,4,GUAINIA,Inírida,1634
2017-04-01,2017,4,GUAVIARE,Miraflores,210
2017-04-01,2017,4,GUAVIARE,San José del Guaviare,726
2017-04-01,2017,4,HUILA,Neiva,11274
2017-04-01,2017,4,HUILA,Pitalito,424
2017-04-01,2017,4,LA GUAJIRA,Riohacha,6165
2017-04-01,2017,4,MAGDALENA,Santa Marta,69907
2017-04-01,2017,4,META,La Macarena,96
2017-04-01,2017,4,META,Villavicencio,3780
2017-04-01,2017,4,NARINO,Ipiales,536
2017-04-01,2017,4,NARINO,Pasto,11556
2017-04-01,2017,4,NARINO,San Andres de Tumaco,4794
2017-04-01,2017,4,NORTE DE SANTANDER,Cúcuta,34869
2017-04-01,2017,4,PUTUMAYO,Puerto Asís,1976
2017-04-01,2017,4,PUTUMAYO,Puerto Leguízamo,402
2017-04-01,2017,4,PUTUMAYO,Villagarzón,1023
2017-04-01,2017,4,QUINDIO,Armenia,14300
2017-04-01,2017,4,RISARALDA,Pereira,50508
2017-04-01,2017,4,"SAN ANDRES, PROVIDENCIA Y SANTA CATALINA",Providencia,1747
2017-04-01,2017,4,"SAN ANDRES, PROVIDENCIA Y SANTA CATALINA",San Andrés,76169
2017-04-01,2017,4,SANTANDER,Barrancabermeja,5349
2017-04-01,2017,4,SANTANDER,Bucaramanga,59642
2017-04-01,2017,4,SIN ESPECIFICAR,Sin Especificar,67
2017-04-01,2017,4,SUCRE,Corozal,3195
2017-04-01,2017,4,SUCRE,Santiago de Tolú,812
2017-04-01,2017,4,TOLIMA,Ibagué,6053
2017-04-01,2017,4,VALLE DEL CAUCA,Buenaventura,506
2017-04-01,2017,4,VALLE DEL CAUCA,Cali,167491
2017-04-01,2017,4,VAUPES,Caruru,11
2017-04-01,2017,4,VAUPES,Mitú,922
2017-04-01,2017,4,VAUPES,Taraira,84
2017-04-01,2017,4,VICHADA,Cumaribo,19
2017-04-01,2017,4,VICHADA,La Primavera,0
2017-04-01,2017,4,VICHADA,Puerto Carreño,1385
2017-05-01,2017,5,AMAZONAS,LA CHORRERA,35
2017-05-01,2017,5,AMAZONAS,La Pedrera,120
2017-05-01,2017,5,AMAZONAS,Leticia,9647
2017-05-01,2017,5,AMAZONAS,Tarapacá,49
2017-05-01,2017,5,ANTIOQUIA,Carepa,9139
2017-05-01,2017,5,ANTIOQUIA,Caucasia,836
2017-05-01,2017,5,ANTIOQUIA,El Bagre,518
2017-05-01,2017,5,ANTIOQUIA,Medellín,40382
2017-05-01,2017,5,ANTIOQUIA,Rionegro,245219
2017-05-01,2017,5,ARAUCA,Arauca,5717
2017-05-01,2017,5,ARAUCA,Tame,137
2017-05-01,2017,5,ATLANTICO,Barranquilla,88409
2017-05-01,2017,5,BOGOTA D.C.,"Bogotá, D.C.",697699
2017-05-01,2017,5,BOLIVAR,Cartagena,140353
2017-05-01,2017,5,CALDAS,Manizales,8349
2017-05-01,2017,5,CAQUETA,Florencia,3930
2017-05-01,2017,5,CASANARE,Paz de Ariporo,44
2017-05-01,2017,5,CASANARE,Yopal,14610
2017-05-01,2017,5,CAUCA,Guapi,1410
2017-05-01,2017,5,CAUCA,Popayán,5532
2017-05-01,2017,5,CESAR,Manaure,3
2017-05-01,2017,5,CESAR,Valledupar,15839
2017-05-01,2017,5,CHOCO,Acandí,291
2017-05-01,2017,5,CHOCO,Bahía Solano,1194
2017-05-01,2017,5,CHOCO,Condoto,79
2017-05-01,2017,5,CHOCO,Nuquí,382
2017-05-01,2017,5,CHOCO,Quibdó,12241
2017-05-01,2017,5,CORDOBA,Montería,39516
2017-05-01,2017,5,GUAINIA,Barranco Minas,152
2017-05-01,2017,5,GUAINIA,Inírida,1483
2017-05-01,2017,5,GUAVIARE,Miraflores,191
2017-05-01,2017,5,GUAVIARE,San José del Guaviare,791
2017-05-01,2017,5,HUILA,Neiva,13490
2017-05-01,2017,5,HUILA,Pitalito,517
2017-05-01,2017,5,LA GUAJIRA,Riohacha,6278
2017-05-01,2017,5,MAGDALENA,Santa Marta,59275
2017-05-01,2017,5,META,La Macarena,134
2017-05-01,2017,5,META,Villavicencio,4031
2017-05-01,2017,5,NARINO,Ipiales,496
2017-05-01,2017,5,NARINO,Pasto,12353
2017-05-01,2017,5,NARINO,San Andres de Tumaco,4822
2017-05-01,2017,5,NORTE DE SANTANDER,Cúcuta,35786
2017-05-01,2017,5,PUTUMAYO,Puerto Asís,2339
2017-05-01,2017,5,PUTUMAYO,Puerto Leguízamo,476
2017-05-01,2017,5,PUTUMAYO,Villagarzón,1322
2017-05-01,2017,5,QUINDIO,Armenia,15321
2017-05-01,2017,5,RISARALDA,Pereira,52336
2017-05-01,2017,5,"SAN ANDRES, PROVIDENCIA Y SANTA CATALINA",Providencia,996
2017-05-01,2017,5,"SAN ANDRES, PROVIDENCIA Y SANTA CATALINA",San Andrés,69869
2017-05-01,2017,5,SANTANDER,Barrancabermeja,5859
2017-05-01,2017,5,SANTANDER,Bucaramanga,63440
2017-05-01,2017,5,SIN ESPECIFICAR,Sin Especificar,69
2017-05-01,2017,5,SUCRE,Corozal,2968
2017-05-01,2017,5,SUCRE,Santiago de Tolú,472
2017-05-01,2017,5,TOLIMA,Ibagué,6782
2017-05-01,2017,5,VALLE DEL CAUCA,Buenaventura,413
2017-05-01,2017,5,VALLE DEL CAUCA,Cali,168886
2017-05-01,2017,5,VAUPES,Caruru,30
2017-05-01,2017,5,VAUPES,Mitú,1082
2017-05-01,2017,5,VAUPES,Pacoa,9
2017-05-01,2017,5,VAUPES,Taraira,72
2017-05-01,2017,5,VICHADA,Cumaribo,0
2017-05-01,2017,5,VICHADA,La Primavera,0
2017-05-01,2017,5,VICHADA,Puerto Carreño,1475
2017-06-01,2017,6,AMAZONAS,LA CHORRERA,38
2017-06-01,2017,6,AMAZONAS,La Pedrera,116
2017-06-01,2017,6,AMAZONAS,Leticia,10677
2017-06-01,2017,6,AMAZONAS,Tarapacá,22
2017-06-01,2017,6,ANTIOQUIA,Carepa,8591
2017-06-01,2017,6,ANTIOQUIA,Caucasia,1353
2017-06-01,2017,6,ANTIOQUIA,El Bagre,522
2017-06-01,2017,6,ANTIOQUIA,Medellín,40328
2017-06-01,2017,6,ANTIOQUIA,Rionegro,252554
2017-06-01,2017,6,ARAUCA,Arauca,5673
2017-06-01,2017,6,ARAUCA,Tame,171
2017-06-01,2017,6,ATLANTICO,Barranquilla,98349
2017-06-01,2017,6,BOGOTA D.C.,"Bogotá, D.C.",707788
2017-06-01,2017,6,BOLIVAR,Cartagena,166568
2017-06-01,2017,6,CALDAS,Manizales,8522
2017-06-01,2017,6,CAQUETA,Florencia,3986
2017-06-01,2017,6,CASANARE,Paz de Ariporo,55
2017-06-01,2017,6,CASANARE,Yopal,14294
2017-06-01,2017,6,CAUCA,Guapi,1383
2017-06-01,2017,6,CAUCA,Popayán,6640
2017-06-01,2017,6,CESAR,San Martín,18
2017-06-01,2017,6,CESAR,Valledupar,17592
2017-06-01,2017,6,CHOCO,Acandí,458
2017-06-01,2017,6,CHOCO,Bahía Solano,1417
2017-06-01,2017,6,CHOCO,Condoto,74
2017-06-01,2017,6,CHOCO,Nuquí,424
2017-06-01,2017,6,CHOCO,Quibdó,15372
2017-06-01,2017,6,CORDOBA,Montería,44803
2017-06-01,2017,6,GUAINIA,Barranco Minas,210
2017-06-01,2017,6,GUAINIA,Inírida,1862
2017-06-01,2017,6,GUAVIARE,Miraflores,151
2017-06-01,2017,6,GUAVIARE,San José del Guaviare,775
2017-06-01,2017,6,HUILA,Neiva,12601
2017-06-01,2017,6,HUILA,Pitalito,646
2017-06-01,2017,6,LA GUAJIRA,Riohacha,6932
2017-06-01,2017,6,MAGDALENA,Santa Marta,72007
2017-06-01,2017,6,META,La Macarena,364
2017-06-01,2017,6,META,Villavicencio,4171
2017-06-01,2017,6,NARINO,Ipiales,971
2017-06-01,2017,6,NARINO,Pasto,12427
2017-06-01,2017,6,NARINO,San Andres de Tumaco,5098
2017-06-01,2017,6,NORTE DE SANTANDER,Cúcuta,38356
2017-06-01,2017,6,PUTUMAYO,Puerto Asís,2693
2017-06-01,2017,6,PUTUMAYO,Puerto Leguízamo,578
2017-06-01,2017,6,PUTUMAYO,Villagarzón,1295
2017-06-01,2017,6,QUINDIO,Armenia,15584
2017-06-01,2017,6,RISARALDA,Pereira,55276
2017-06-01,2017,6,"SAN ANDRES, PROVIDENCIA Y SANTA CATALINA",Providencia,1385
2017-06-01,2017,6,"SAN ANDRES, PROVIDENCIA Y SANTA CATALINA",San Andrés,80954
2017-06-01,2017,6,SANTANDER,Barrancabermeja,5972
2017-06-01,2017,6,SANTANDER,Bucaramanga,63973
2017-06-01,2017,6,SIN ESPECIFICAR,Sin Especificar,82
2017-06-01,2017,6,SUCRE,Corozal,3391
2017-06-01,2017,6,SUCRE,Santiago de Tolú,693
2017-06-01,2017,6,TOLIMA,Ibagué,6820
2017-06-01,2017,6,VALLE DEL CAUCA,Buenaventura,524
2017-06-01,2017,6,VALLE DEL CAUCA,Cali,170639
2017-06-01,2017,6,VAUPES,Caruru,198
2017-06-01,2017,6,VAUPES,Mitú,1187
2017-06-01,2017,6,VAUPES,Pacoa,38
2017-06-01,2017,6,VAUPES,Taraira,101
2017-06-01,2017,6,VICHADA,Cumaribo,0
2017-06-01,2017,6,VICHADA,Puerto Carreño,1592
2017-07-01,2017,7,AMAZONAS,LA CHORRERA,83
2017-07-01,2017,7,AMAZONAS,La Pedrera,152
2017-07-01,2017,7,AMAZONAS,Leticia,12213
2017-07-01,2017,7,AMAZONAS,Tarapacá,103
2017-07-01,2017,7,ANTIOQUIA,Carepa,8395
2017-07-01,2017,7,ANTIOQUIA,Caucasia,1217
2017-07-01,2017,7,ANTIOQUIA,El Bagre,503
2017-07-01,2017,7,ANTIOQUIA,Medellín,43966
2017-07-01,2017,7,ANTIOQUIA,Rionegro,253969
2017-07-01,2017,7,ARAUCA,Arauca,5770
2017-07-01,2017,7,ARAUCA,Tame,136
2017-07-01,2017,7,ATLANTICO,Barranquilla,102358
2017-07-01,2017,7,BOGOTA D.C.,"Bogotá, D.C.",757479
2017-07-01,2017,7,BOLIVAR,Cartagena,179411
2017-07-01,2017,7,CALDAS,Manizales,11366
2017-07-01,2017,7,CAQUETA,Florencia,4005
2017-07-01,2017,7,CASANARE,Paz de Ariporo,124
2017-07-01,2017,7,CASANARE,Yopal,14068
2017-07-01,2017,7,CAUCA,Guapi,1798
2017-07-01,2017,7,CAUCA,Popayán,5948
2017-07-01,2017,7,CESAR,San Martín,19
2017-07-01,2017,7,CESAR,Valledupar,17812
2017-07-01,2017,7,CHOCO,Acandí,573
2017-07-01,2017,7,CHOCO,Bahía Solano,1898
2017-07-01,2017,7,CHOCO,Condoto,29
2017-07-01,2017,7,CHOCO,Nuquí,543
2017-07-01,2017,7,CHOCO,Quibdó,14197
2017-07-01,2017,7,CORDOBA,Montería,44087
2017-07-01,2017,7,GUAINIA,Barranco Minas,316
2017-07-01,2017,7,GUAINIA,Inírida,2079
2017-07-01,2017,7,GUAVIARE,Miraflores,442
2017-07-01,2017,7,GUAVIARE,San José del Guaviare,1039
2017-07-01,2017,7,HUILA,Neiva,12731
2017-07-01,2017,7,HUILA,Pitalito,614
2017-07-01,2017,7,LA GUAJIRA,Riohacha,7432
2017-07-01,2017,7,MAGDALENA,Santa Marta,74622
2017-07-01,2017,7,META,La Macarena,594
2017-07-01,2017,7,META,Villavicencio,4430
2017-07-01,2017,7,NARINO,Ipiales,1003
2017-07-01,2017,7,NARINO,Pasto,13274
2017-07-01,2017,7,NARINO,San Andres de Tumaco,5533
2017-07-01,2017,7,NORTE DE SANTANDER,Cúcuta,39288
2017-07-01,2017,7,PUTUMAYO,Puerto Asís,2659
2017-07-01,2017,7,PUTUMAYO,Puerto Leguízamo,725
2017-07-01,2017,7,PUTUMAYO,Villagarzón,1472
2017-07-01,2017,7,QUINDIO,Armenia,15626
2017-07-01,2017,7,RISARALDA,Pereira,56333
2017-07-01,2017,7,"SAN ANDRES, PROVIDENCIA Y SANTA CATALINA",Providencia,1750
2017-07-01,2017,7,"SAN ANDRES, PROVIDENCIA Y SANTA CATALINA",San Andrés,82821
2017-07-01,2017,7,SANTANDER,Barrancabermeja,6003
2017-07-01,2017,7,SANTANDER,Bucaramanga,66845
2017-07-01,2017,7,SIN ESPECIFICAR,Sin Especificar,63
2017-07-01,2017,7,SUCRE,Corozal,3390
2017-07-01,2017,7,SUCRE,Santiago de Tolú,625
2017-07-01,2017,7,TOLIMA,Ibagué,7021
2017-07-01,2017,7,VALLE DEL CAUCA,Buenaventura,651
2017-07-01,2017,7,VALLE DEL CAUCA,Cali,180274
2017-07-01,2017,7,VAUPES,Caruru,112
2017-07-01,2017,7,VAUPES,Mitú,1238
2017-07-01,2017,7,VAUPES,Taraira,81
2017-07-01,2017,7,VICHADA,Cumaribo,10
2017-07-01,2017,7,VICHADA,Puerto Carreño,1676
2017-08-01,2017,8,AMAZONAS,LA CHORRERA,37
2017-08-01,2017,8,AMAZONAS,La Pedrera,136
2017-08-01,2017,8,AMAZONAS,Leticia,11203
2017-08-01,2017,8,AMAZONAS,Tarapacá,123
2017-08-01,2017,8,ANTIOQUIA,Carepa,8920
2017-08-01,2017,8,ANTIOQUIA,Caucasia,1418
2017-08-01,2017,8,ANTIOQUIA,El Bagre,577
2017-08-01,2017,8,ANTIOQUIA,Medellín,44475
2017-08-01,2017,8,ANTIOQUIA,Rionegro,257986
2017-08-01,2017,8,ARAUCA,Arauca,5781
2017-08-01,2017,8,ARAUCA,Tame,139
2017-08-01,2017,8,ATLANTICO,Barranquilla,99586
2017-08-01,2017,8,BOGOTA D.C.,"Bogotá, D.C.",739510
2017-08-01,2017,8,BOLIVAR,Cartagena,177273
2017-08-01,2017,8,CALDAS,Manizales,11048
2017-08-01,2017,8,CAQUETA,Florencia,3980
2017-08-01,2017,8,CASANARE,Paz de Ariporo,66
2017-08-01,2017,8,CASANARE,Yopal,14743
2017-08-01,2017,8,CAUCA,Guapi,1550
2017-08-01,2017,8,CAUCA,Popayán,6143
2017-08-01,2017,8,CESAR,San Martín,14
2017-08-01,2017,8,CESAR,Valledupar,16452
2017-08-01,2017,8,CHOCO,Acandí,523
2017-08-01,2017,8,CHOCO,Bahía Solano,2355
2017-08-01,2017,8,CHOCO,Condoto,53
2017-08-01,2017,8,CHOCO,Nuquí,693
2017-08-01,2017,8,CHOCO,Quibdó,14723
2017-08-01,2017,8,CORDOBA,Montería,43333
2017-08-01,2017,8,GUAINIA,Barranco Minas,288
2017-08-01,2017,8,GUAINIA,Inírida,1869
2017-08-01,2017,8,GUAVIARE,Miraflores,295
2017-08-01,2017,8,GUAVIARE,San José del Guaviare,910
2017-08-01,2017,8,HUILA,Neiva,13803
2017-08-01,2017,8,HUILA,Pitalito,642
2017-08-01,2017,8,LA GUAJIRA,Riohacha,7174
2017-08-01,2017,8,MAGDALENA,Santa Marta,75605
2017-08-01,2017,8,META,La Macarena,609
2017-08-01,2017,8,META,Villavicencio,4370
2017-08-01,2017,8,NARINO,Ipiales,960
2017-08-01,2017,8,NARINO,Pasto,12999
2017-08-01,2017,8,NARINO,San Andres de Tumaco,5464
2017-08-01,2017,8,NORTE DE SANTANDER,Cúcuta,36876
2017-08-01,2017,8,PUTUMAYO,Puerto Asís,2735
2017-08-01,2017,8,PUTUMAYO,Puerto Leguízamo,581
2017-08-01,2017,8,PUTUMAYO,Villagarzón,1368
2017-08-01,2017,8,QUINDIO,Armenia,15220
2017-08-01,2017,8,RISARALDA,Pereira,55572
2017-08-01,2017,8,"SAN ANDRES, PROVIDENCIA Y SANTA CATALINA",Providencia,1490
2017-08-01,2017,8,"SAN ANDRES, PROVIDENCIA Y SANTA CATALINA",San Andrés,86590
2017-08-01,2017,8,SANTANDER,Barrancabermeja,6086
2017-08-01,2017,8,SANTANDER,Betulia Santander,0
2017-08-01,2017,8,SANTANDER,Bucaramanga,65296
2017-08-01,2017,8,SIN ESPECIFICAR,Sin Especificar,139
2017-08-01,2017,8,SUCRE,Corozal,3233
2017-08-01,2017,8,SUCRE,Santiago de Tolú,565
2017-08-01,2017,8,TOLIMA,Ibagué,6926
2017-08-01,2017,8,VALLE DEL CAUCA,Buenaventura,639
2017-08-01,2017,8,VALLE DEL CAUCA,Cali,184884
2017-08-01,2017,8,VAUPES,Caruru,93
2017-08-01,2017,8,VAUPES,Mitú,1122
2017-08-01,2017,8,VAUPES,Pacoa,0
2017-08-01,2017,8,VAUPES,Taraira,118
2017-08-01,2017,8,VICHADA,Cumaribo,14
2017-08-01,2017,8,VICHADA,La Primavera,2
2017-08-01,2017,8,VICHADA,Puerto Carreño,1319
2017-09-01,2017,9,AMAZONAS,LA CHORRERA,54
2017-09-01,2017,9,AMAZONAS,La Pedrera,184
2017-09-01,2017,9,AMAZONAS,Leticia,10263
2017-09-01,2017,9,AMAZONAS,Tarapacá,119
2017-09-01,2017,9,ANTIOQUIA,Carepa,8244
2017-09-01,2017,9,ANTIOQUIA,Caucasia,1222
2017-09-01,2017,9,ANTIOQUIA,El Bagre,494
2017-09-01,2017,9,ANTIOQUIA,Medellín,38894
2017-09-01,2017,9,ANTIOQUIA,Rionegro,217304
2017-09-01,2017,9,ARAUCA,Arauca,5498
2017-09-01,2017,9,ARAUCA,Tame,98
2017-09-01,2017,9,ATLANTICO,Barranquilla,74042
2017-09-01,2017,9,BOGOTA D.C.,"Bogotá, D.C.",637837
2017-09-01,2017,9,BOLIVAR,Cartagena,143556
2017-09-01,2017,9,CALDAS,Manizales,9030
2017-09-01,2017,9,CAQUETA,Florencia,3813
2017-09-01,2017,9,CASANARE,Paz de Ariporo,73
2017-09-01,2017,9,CASANARE,Yopal,14523
2017-09-01,2017,9,CAUCA,Guapi,1546
2017-09-01,2017,9,CAUCA,Popayán,5913
2017-09-01,2017,9,CESAR,San Martín,0
2017-09-01,2017,9,CESAR,Valledupar,13777
2017-09-01,2017,9,CHOCO,Acandí,390
2017-09-01,2017,9,CHOCO,Bahía Solano,1431
2017-09-01,2017,9,CHOCO,Condoto,28
2017-09-01,2017,9,CHOCO,Nuquí,501
2017-09-01,2017,9,CHOCO,Quibdó,15016
2017-09-01,2017,9,CORDOBA,Montería,36214
2017-09-01,2017,9,GUAINIA,Barranco Minas,221
2017-09-01,2017,9,GUAINIA,Inírida,1777
2017-09-01,2017,9,GUAVIARE,Miraflores,341
2017-09-01,2017,9,GUAVIARE,San José del Guaviare,956
2017-09-01,2017,9,HUILA,Neiva,11682
2017-09-01,2017,9,HUILA,Pitalito,600
2017-09-01,2017,9,LA GUAJIRA,Riohacha,5674
2017-09-01,2017,9,MAGDALENA,Santa Marta,64220
2017-09-01,2017,9,META,La Macarena,545
2017-09-01,2017,9,META,Villavicencio,3473
2017-09-01,2017,9,NARINO,Ipiales,863
2017-09-01,2017,9,NARINO,Pasto,10426
2017-09-01,2017,9,NARINO,San Andres de Tumaco,4117
2017-09-01,2017,9,NORTE DE SANTANDER,Cúcuta,29634
2017-09-01,2017,9,PUTUMAYO,Puerto Asís,2616
2017-09-01,2017,9,PUTUMAYO,Puerto Leguízamo,718
2017-09-01,2017,9,PUTUMAYO,Villagarzón,1316
2017-09-01,2017,9,QUINDIO,Armenia,12549
2017-09-01,2017,9,RISARALDA,Pereira,49773
2017-09-01,2017,9,"SAN ANDRES, PROVIDENCIA Y SANTA CATALINA",Providencia,958
2017-09-01,2017,9,"SAN ANDRES, PROVIDENCIA Y SANTA CATALINA",San Andrés,78822
2017-09-01,2017,9,SANTANDER,Barrancabermeja,4180
2017-09-01,2017,9,SANTANDER,Bucaramanga,57390
2017-09-01,2017,9,SIN ESPECIFICAR,Sin Especificar,77
2017-09-01,2017,9,SUCRE,Corozal,3388
2017-09-01,2017,9,SUCRE,Santiago de Tolú,580
2017-09-01,2017,9,TOLIMA,Ibagué,5304
2017-09-01,2017,9,VALLE DEL CAUCA,Buenaventura,647
2017-09-01,2017,9,VALLE DEL CAUCA,Cali,131243
2017-09-01,2017,9,VAUPES,Caruru,72
2017-09-01,2017,9,VAUPES,Mitú,1008
2017-09-01,2017,9,VAUPES,Pacoa,5
2017-09-01,2017,9,VAUPES,Taraira,116
2017-09-01,2017,9,VICHADA,Cumaribo,0
2017-09-01,2017,9,VICHADA,La Primavera,0
2017-09-01,2017,9,VICHADA,Puerto Carreño,1251
2017-10-01,2017,10,AMAZONAS,LA CHORRERA,76
2017-10-01,2017,10,AMAZONAS,La Pedrera,149
2017-10-01,2017,10,AMAZONAS,Leticia,11270
2017-10-01,2017,10,AMAZONAS,Tarapacá,149
2017-10-01,2017,10,ANTIOQUIA,Carepa,8869
2017-10-01,2017,10,ANTIOQUIA,Caucasia,1513
2017-10-01,2017,10,ANTIOQUIA,El Bagre,584
2017-10-01,2017,10,ANTIOQUIA,Medellín,46984
2017-10-01,2017,10,ANTIOQUIA,Rionegro,181516
2017-10-01,2017,10,ARAUCA,Arauca,5872
2017-10-01,2017,10,ARAUCA,Tame,111
2017-10-01,2017,10,ATLANTICO,Barranquilla,63675
2017-10-01,2017,10,BOGOTA D.C.,"Bogotá, D.C.",580934
2017-10-01,2017,10,BOLIVAR,Cartagena,133093
2017-10-01,2017,10,CALDAS,Manizales,10090
2017-10-01,2017,10,CAQUETA,Florencia,4277
2017-10-01,2017,10,CASANARE,Paz de Ariporo,61
2017-10-01,2017,10,CASANARE,Villanueva,0
2017-10-01,2017,10,CASANARE,Yopal,13473
2017-10-01,2017,10,CAUCA,Guapi,1638
2017-10-01,2017,10,CAUCA,Popayán,4497
2017-10-01,2017,10,CESAR,San Martín,32
2017-10-01,2017,10,CESAR,Valledupar,11898
2017-10-01,2017,10,CHOCO,Acandí,515
2017-10-01,2017,10,CHOCO,Bahía Solano,1240
2017-10-01,2017,10,CHOCO,Condoto,46
2017-10-01,2017,10,CHOCO,Nuquí,495
2017-10-01,2017,10,CHOCO,Quibdó,14805
2017-10-01,2017,10,CORDOBA,Montería,31509
2017-10-01,2017,10,GUAINIA,Barranco Minas,244
2017-10-01,2017,10,GUAINIA,Inírida,2090
2017-10-01,2017,10,GUAVIARE,Miraflores,358
2017-10-01,2017,10,GUAVIARE,San José del Guaviare,968
2017-10-01,2017,10,HUILA,Neiva,9506
2017-10-01,2017,10,HUILA,Pitalito,686
2017-10-01,2017,10,LA GUAJIRA,Riohacha,4060
2017-10-01,2017,10,MAGDALENA,Santa Marta,60320
2017-10-01,2017,10,META,La Macarena,989
2017-10-01,2017,10,META,Villavicencio,2534
2017-10-01,2017,10,NARINO,Ipiales,1155
2017-10-01,2017,10,NARINO,Pasto,8443
2017-10-01,2017,10,NARINO,San Andres de Tumaco,4904
2017-10-01,2017,10,NORTE DE SANTANDER,Cúcuta,18976
2017-10-01,2017,10,PUTUMAYO,Puerto Asís,2730
2017-10-01,2017,10,PUTUMAYO,Puerto Leguízamo,733
2017-10-01,2017,10,PUTUMAYO,Villagarzón,1421
2017-10-01,2017,10,QUINDIO,Armenia,9301
2017-10-01,2017,10,RISARALDA,Pereira,42611
2017-10-01,2017,10,"SAN ANDRES, PROVIDENCIA Y SANTA CATALINA",Providencia,1169
2017-10-01,2017,10,"SAN ANDRES, PROVIDENCIA Y SANTA CATALINA",San Andrés,79438
2017-10-01,2017,10,SANTANDER,Barrancabermeja,2893
2017-10-01,2017,10,SANTANDER,Bucaramanga,49945
2017-10-01,2017,10,SIN ESPECIFICAR,Sin Especificar,91
2017-10-01,2017,10,SUCRE,Corozal,3927
2017-10-01,2017,10,SUCRE,Santiago de Tolú,571
2017-10-01,2017,10,TOLIMA,Ibagué,3948
2017-10-01,2017,10,VALLE DEL CAUCA,Buenaventura,687
2017-10-01,2017,10,VALLE DEL CAUCA,Cali,104512
2017-10-01,2017,10,VAUPES,Caruru,93
2017-10-01,2017,10,VAUPES,Mitú,1133
2017-10-01,2017,10,VAUPES,Pacoa,7
2017-10-01,2017,10,VAUPES,Taraira,139
2017-10-01,2017,10,VICHADA,Cumaribo,0
2017-10-01,2017,10,VICHADA,La Primavera,0
2017-10-01,2017,10,VICHADA,Puerto Carreño,1495
2017-11-01,2017,11,AMAZONAS,LA CHORRERA,33
2017-11-01,2017,11,AMAZONAS,La Pedrera,204
2017-11-01,2017,11,AMAZONAS,Leticia,10071
2017-11-01,2017,11,AMAZONAS,Tarapacá,132
2017-11-01,2017,11,ANTIOQUIA,Carepa,8519
2017-11-01,2017,11,ANTIOQUIA,Caucasia,1266
2017-11-01,2017,11,ANTIOQUIA,El Bagre,431
2017-11-01,2017,11,ANTIOQUIA,Medellín,44527
2017-11-01,2017,11,ANTIOQUIA,Rionegro,212351
2017-11-01,2017,11,ARAUCA,Arauca,5801
2017-11-01,2017,11,ARAUCA,Tame,100
2017-11-01,2017,11,ATLANTICO,Barranquilla,78580
2017-11-01,2017,11,BOGOTA D.C.,"Bogotá, D.C.",654722
2017-11-01,2017,11,BOLIVAR,Cartagena,150600
2017-11-01,2017,11,CALDAS,Manizales,8939
2017-11-01,2017,11,CAQUETA,Florencia,4439
2017-11-01,2017,11,CAQUETA,San Vicente del Caguán,0
2017-11-01,2017,11,CASANARE,Paz de Ariporo,86
2017-11-01,2017,11,CASANARE,Yopal,13772
2017-11-01,2017,11,CAUCA,Guapi,1586
2017-11-01,2017,11,CAUCA,Popayán,4203
2017-11-01,2017,11,CESAR,San Martín,16
2017-11-01,2017,11,CESAR,Valledupar,14270
2017-11-01,2017,11,CHOCO,Acandí,395
2017-11-01,2017,11,CHOCO,Bahía Solano,1016
2017-11-01,2017,11,CHOCO,Condoto,61
2017-11-01,2017,11,CHOCO,Nuquí,423
2017-11-01,2017,11,CHOCO,Quibdó,15139
2017-11-01,2017,11,CORDOBA,Montería,35410
2017-11-01,2017,11,GUAINIA,Barranco Minas,274
2017-11-01,2017,11,GUAINIA,Inírida,2066
2017-11-01,2017,11,GUAVIARE,Miraflores,361
2017-11-01,2017,11,GUAVIARE,San José del Guaviare,1149
2017-11-01,2017,11,HUILA,Neiva,11067
2017-11-01,2017,11,HUILA,Pitalito,872
2017-11-01,2017,11,LA GUAJIRA,Riohacha,4177
2017-11-01,2017,11,MAGDALENA,Santa Marta,69617
2017-11-01,2017,11,META,La Macarena,336
2017-11-01,2017,11,META,Villavicencio,3129
2017-11-01,2017,11,NARINO,Ipiales,1254
2017-11-01,2017,11,NARINO,Pasto,10165
2017-11-01,2017,11,NARINO,San Andres de Tumaco,5330
2017-11-01,2017,11,NORTE DE SANTANDER,Cúcuta,24874
2017-11-01,2017,11,PUTUMAYO,Puerto Asís,2719
2017-11-01,2017,11,PUTUMAYO,Puerto Leguízamo,717
2017-11-01,2017,11,PUTUMAYO,Villagarzón,1432
2017-11-01,2017,11,QUINDIO,Armenia,13494
2017-11-01,2017,11,RISARALDA,Pereira,56707
2017-11-01,2017,11,"SAN ANDRES, PROVIDENCIA Y SANTA CATALINA",Providencia,1819
2017-11-01,2017,11,"SAN ANDRES, PROVIDENCIA Y SANTA CATALINA",San Andrés,82252
2017-11-01,2017,11,SANTANDER,Barrancabermeja,4840
2017-11-01,2017,11,SANTANDER,Bucaramanga,49730
2017-11-01,2017,11,SIN ESPECIFICAR,Sin Especificar,70
2017-11-01,2017,11,SUCRE,Corozal,3883
2017-11-01,2017,11,SUCRE,Santiago de Tolú,266
2017-11-01,2017,11,TOLIMA,Ibagué,3796
2017-11-01,2017,11,TOLIMA,Melgar,0
2017-11-01,2017,11,VALLE DEL CAUCA,Buenaventura,629
2017-11-01,2017,11,VALLE DEL CAUCA,Cali,125299
2017-11-01,2017,11,VAUPES,Caruru,127
2017-11-01,2017,11,VAUPES,Mitú,1119
2017-11-01,2017,11,VAUPES,Pacoa,12
2017-11-01,2017,11,VAUPES,Taraira,127
2017-11-01,2017,11,VICHADA,Cumaribo,19
2017-11-01,2017,11,VICHADA,Puerto Carreño,1408
2017-12-01,2017,12,AMAZONAS,LA CHORRERA,46
2017-12-01,2017,12,AMAZONAS,La Pedrera,187
2017-12-01,2017,12,AMAZONAS,Leticia,10461
2017-12-01,2017,12,AMAZONAS,Tarapacá,138
2017-12-01,2017,12,ANTIOQUIA,Carepa,7829
2017-12-01,2017,12,ANTIOQUIA,Caucasia,1125
2017-12-01,2017,12,ANTIOQUIA,El Bagre,410
2017-12-01,2017,12,ANTIOQUIA,Medellín,41250
2017-12-01,2017,12,ANTIOQUIA,Rionegro,230586
2017-12-01,2017,12,ARAUCA,Arauca,5879
2017-12-01,2017,12,ARAUCA,Tame,108
2017-12-01,2017,12,ATLANTICO,Barranquilla,92944
2017-12-01,2017,12,BOGOTA D.C.,"Bogotá, D.C.",671891
2017-12-01,2017,12,BOLIVAR,Cartagena,174057
2017-12-01,2017,12,CALDAS,Manizales,8458
2017-12-01,2017,12,CAQUETA,Florencia,4448
2017-12-01,2017,12,CAQUETA,San Vicente del Caguán,0
2017-12-01,2017,12,CASANARE,Paz de Ariporo,119
2017-12-01,2017,12,CASANARE,Yopal,12908
2017-12-01,2017,12,CAUCA,Guapi,1868
2017-12-01,2017,12,CAUCA,Popayán,4613
2017-12-01,2017,12,CESAR,San Martín,16
2017-12-01,2017,12,CESAR,Valledupar,18707
2017-12-01,2017,12,CHOCO,Acandí,531
2017-12-01,2017,12,CHOCO,Bahía Solano,1311
2017-12-01,2017,12,CHOCO,Condoto,40
2017-12-01,2017,12,CHOCO,Nuquí,575
2017-12-01,2017,12,CHOCO,Quibdó,18172
2017-12-01,2017,12,CORDOBA,Montería,38686
2017-12-01,2017,12,GUAINIA,Barranco Minas,458
2017-12-01,2017,12,GUAINIA,Inírida,2450
2017-12-01,2017,12,GUAVIARE,Miraflores,439
2017-12-01,2017,12,GUAVIARE,San José del Guaviare,1237
2017-12-01,2017,12,HUILA,Neiva,9310
2017-12-01,2017,12,HUILA,Pitalito,1104
2017-12-01,2017,12,LA GUAJIRA,Riohacha,7501
2017-12-01,2017,12,MAGDALENA,Santa Marta,80775
2017-12-01,2017,12,META,La Macarena,127
2017-12-01,2017,12,META,Villavicencio,4784
2017-12-01,2017,12,NARINO,Ipiales,1352
2017-12-01,2017,12,NARINO,Pasto,13322
2017-12-01,2017,12,NARINO,San Andres de Tumaco,5763
2017-12-01,2017,12,NORTE DE SANTANDER,Cúcuta,32394
2017-12-01,2017,12,PUTUMAYO,Puerto Asís,2828
2017-12-01,2017,12,PUTUMAYO,Puerto Leguízamo,844
2017-12-01,2017,12,PUTUMAYO,Villagarzón,1391
2017-12-01,2017,12,QUINDIO,Armenia,10971
2017-12-01,2017,12,RISARALDA,Pereira,66972
2017-12-01,2017,12,"SAN ANDRES, PROVIDENCIA Y SANTA CATALINA",Providencia,2216
2017-12-01,2017,12,"SAN ANDRES, PROVIDENCIA Y SANTA CATALINA",San Andrés,85902
2017-12-01,2017,12,SANTANDER,Barrancabermeja,6633
2017-12-01,2017,12,SANTANDER,Bucaramanga,60842
2017-12-01,2017,12,SIN ESPECIFICAR,Sin Especificar,118
2017-12-01,2017,12,SUCRE,Corozal,4519
2017-12-01,2017,12,SUCRE,Santiago de Tolú,551
2017-12-01,2017,12,TOLIMA,Ibagué,5038
2017-12-01,2017,12,TOLIMA,Melgar,0
2017-12-01,2017,12,VALLE DEL CAUCA,Buenaventura,647
2017-12-01,2017,12,VALLE DEL CAUCA,Cali,145387
2017-12-01,2017,12,VAUPES,Caruru,92
2017-12-01,2017,12,VAUPES,Mitú,1506
2017-12-01,2017,12,VAUPES,Taraira,131
2017-12-01,2017,12,VICHADA,Cumaribo,19
2017-12-01,2017,12,VICHADA,La Primavera,0
2017-12-01,2017,12,VICHADA,Puerto Carreño,1825
2018-01-01,2018,1,AMAZONAS,LA CHORRERA,86
2018-01-01,2018,1,AMAZONAS,La Pedrera,156
2018-01-01,2018,1,AMAZONAS,Leticia,10365
2018-01-01,2018,1,AMAZONAS,Tarapacá,98
2018-01-01,2018,1,ANTIOQUIA,Carepa,6888
2018-01-01,2018,1,ANTIOQUIA,Caucasia,764
2018-01-01,2018,1,ANTIOQUIA,El Bagre,381
2018-01-01,2018,1,ANTIOQUIA,Medellín,44553
2018-01-01,2018,1,ANTIOQUIA,Rionegro,225056
2018-01-01,2018,1,ARAUCA,Arauca,5267
2018-01-01,2018,1,ARAUCA,Tame,102
2018-01-01,2018,1,ATLANTICO,Barranquilla,89192
2018-01-01,2018,1,BOGOTA D.C.,"Bogotá, D.C.",736577
2018-01-01,2018,1,BOLIVAR,Cartagena,171462
2018-01-01,2018,1,CALDAS,Manizales,7854
2018-01-01,2018,1,CAQUETA,Florencia,3628
2018-01-01,2018,1,CAQUETA,San Vicente del Caguán,153
2018-01-01,2018,1,CASANARE,Paz de Ariporo,163
2018-01-01,2018,1,CASANARE,Yopal,12432
2018-01-01,2018,1,CAUCA,Guapi,1370
2018-01-01,2018,1,CAUCA,Popayán,4215
2018-01-01,2018,1,CESAR,San Martín,3
2018-01-01,2018,1,CESAR,Valledupar,15266
2018-01-01,2018,1,CHOCO,Acandí,498
2018-01-01,2018,1,CHOCO,Bahía Solano,1163
2018-01-01,2018,1,CHOCO,Condoto,55
2018-01-01,2018,1,CHOCO,Nuquí,511
2018-01-01,2018,1,CHOCO,Quibdó,12361
2018-01-01,2018,1,CORDOBA,Montería,35826
2018-01-01,2018,1,GUAINIA,Barranco Minas,308
2018-01-01,2018,1,GUAINIA,Inírida,2477
2018-01-01,2018,1,GUAVIARE,Miraflores,388
2018-01-01,2018,1,GUAVIARE,San José del Guaviare,905
2018-01-01,2018,1,HUILA,Neiva,8752
2018-01-01,2018,1,HUILA,Pitalito,759
2018-01-01,2018,1,LA GUAJIRA,Riohacha,6944
2018-01-01,2018,1,MAGDALENA,Santa Marta,77546
2018-01-01,2018,1,META,La Macarena,27
2018-01-01,2018,1,META,Villavicencio,4037
2018-01-01,2018,1,NARINO,Ipiales,989
2018-01-01,2018,1,NARINO,Pasto,12337
2018-01-01,2018,1,NARINO,San Andres de Tumaco,4972
2018-01-01,2018,1,NORTE DE SANTANDER,Cúcuta,34393
2018-01-01,2018,1,PUTUMAYO,Puerto Asís,2465
2018-01-01,2018,1,PUTUMAYO,Puerto Leguízamo,963
2018-01-01,2018,1,PUTUMAYO,Villagarzón,1240
2018-01-01,2018,1,QUINDIO,Armenia,9448
2018-01-01,2018,1,RISARALDA,Pereira,60691
2018-01-01,2018,1,"SAN ANDRES, PROVIDENCIA Y SANTA CATALINA",Providencia,1563
2018-01-01,2018,1,"SAN ANDRES, PROVIDENCIA Y SANTA CATALINA",San Andrés,86691
2018-01-01,2018,1,SANTANDER,Barrancabermeja,4875
2018-01-01,2018,1,SANTANDER,Bucaramanga,52961
2018-01-01,2018,1,SIN ESPECIFICAR,Sin Especificar,61
2018-01-01,2018,1,SUCRE,Corozal,3551
2018-01-01,2018,1,SUCRE,Santiago de Tolú,424
2018-01-01,2018,1,TOLIMA,Ibagué,4509
2018-01-01,2018,1,VALLE DEL CAUCA,Buenaventura,490
2018-01-01,2018,1,VALLE DEL CAUCA,Cali,133596
2018-01-01,2018,1,VAUPES,Caruru,151
2018-01-01,2018,1,VAUPES,Mitú,1461
2018-01-01,2018,1,VAUPES,Pacoa,2
2018-01-01,2018,1,VAUPES,Taraira,97
2018-01-01,2018,1,VICHADA,Cumaribo,17
2018-01-01,2018,1,VICHADA,Puerto Carreño,1992
2018-02-01,2018,2,AMAZONAS,LA CHORRERA,71
2018-02-01,2018,2,AMAZONAS,La Pedrera,189
2018-02-01,2018,2,AMAZONAS,Leticia,8580
2018-02-01,2018,2,AMAZONAS,Tarapacá,127
2018-02-01,2018,2,ANTIOQUIA,Carepa,7629
2018-02-01,2018,2,ANTIOQUIA,Caucasia,1219
2018-02-01,2018,2,ANTIOQUIA,El Bagre,436
2018-02-01,2018,2,ANTIOQUIA,Medellín,40548
2018-02-01,2018,2,ANTIOQUIA,Rionegro,202561
2018-02-01,2018,2,ARAUCA,Arauca,4910
2018-02-01,2018,2,ARAUCA,Tame,105
2018-02-01,2018,2,ATLANTICO,Barranquilla,72886
2018-02-01,2018,2,BOGOTA D.C.,"Bogotá, D.C.",623720
2018-02-01,2018,2,BOLIVAR,Cartagena,145550
2018-02-01,2018,2,CALDAS,Manizales,8626
2018-02-01,2018,2,CAQUETA,Florencia,3818
2018-02-01,2018,2,CAQUETA,San Vicente del Caguán,202
2018-02-01,2018,2,CASANARE,Paz de Ariporo,105
2018-02-01,2018,2,CASANARE,Yopal,13113
2018-02-01,2018,2,CAUCA,Guapi,1440
2018-02-01,2018,2,CAUCA,Popayán,4575
2018-02-01,2018,2,CESAR,Valledupar,14909
2018-02-01,2018,2,CHOCO,Acandí,377
2018-02-01,2018,2,CHOCO,Bahía Solano,1002
2018-02-01,2018,2,CHOCO,Condoto,53
2018-02-01,2018,2,CHOCO,Nuquí,482
2018-02-01,2018,2,CHOCO,Quibdó,11924
2018-02-01,2018,2,CORDOBA,Montería,30644
2018-02-01,2018,2,GUAINIA,Barranco Minas,204
2018-02-01,2018,2,GUAINIA,Inírida,2049
2018-02-01,2018,2,GUAVIARE,Miraflores,249
2018-02-01,2018,2,GUAVIARE,San José del Guaviare,825
2018-02-01,2018,2,HUILA,Neiva,10421
2018-02-01,2018,2,HUILA,Pitalito,673
2018-02-01,2018,2,LA GUAJIRA,Riohacha,5792
2018-02-01,2018,2,MAGDALENA,Santa Marta,59470
2018-02-01,2018,2,META,La Macarena,21
2018-02-01,2018,2,META,Villavicencio,4484
2018-02-01,2018,2,NARINO,Ipiales,783
2018-02-01,2018,2,NARINO,Pasto,11176
2018-02-01,2018,2,NARINO,San Andres de Tumaco,4314
2018-02-01,2018,2,NORTE DE SANTANDER,Cúcuta,30098
2018-02-01,2018,2,PUTUMAYO,Puerto Asís,2567
2018-02-01,2018,2,PUTUMAYO,Puerto Leguízamo,720
2018-02-01,2018,2,PUTUMAYO,Villagarzón,1293
2018-02-01,2018,2,QUINDIO,Armenia,11510
2018-02-01,2018,2,RISARALDA,Pereira,56988
2018-02-01,2018,2,"SAN ANDRES, PROVIDENCIA Y SANTA CATALINA",Providencia,955
2018-02-01,2018,2,"SAN ANDRES, PROVIDENCIA Y SANTA CATALINA",San Andrés,74755
2018-02-01,2018,2,SANTANDER,Barrancabermeja,4622
2018-02-01,2018,2,SANTANDER,Bucaramanga,53863
2018-02-01,2018,2,SIN ESPECIFICAR,Sin Especificar,85
2018-02-01,2018,2,SUCRE,Corozal,2970
2018-02-01,2018,2,SUCRE,Santiago de Tolú,222
2018-02-01,2018,2,TOLIMA,Ibagué,4652
2018-02-01,2018,2,VALLE DEL CAUCA,Buenaventura,595
2018-02-01,2018,2,VALLE DEL CAUCA,Cali,121777
2018-02-01,2018,2,VALLE DEL CAUCA,Roldanillo,118
2018-02-01,2018,2,VAUPES,Caruru,61
2018-02-01,2018,2,VAUPES,Mitú,1170
2018-02-01,2018,2,VAUPES,Pacoa,6
2018-02-01,2018,2,VAUPES,Taraira,87
2018-02-01,2018,2,VICHADA,Cumaribo,0
2018-02-01,2018,2,VICHADA,La Primavera,0
2018-02-01,2018,2,VICHADA,Puerto Carreño,1642
2018-03-01,2018,3,AMAZONAS,LA CHORRERA,87
2018-03-01,2018,3,AMAZONAS,La Pedrera,183
2018-03-01,2018,3,AMAZONAS,Leticia,9987
2018-03-01,2018,3,AMAZONAS,Tarapacá,114
2018-03-01,2018,3,ANTIOQUIA,Carepa,7733
2018-03-01,2018,3,ANTIOQUIA,Caucasia,1167
2018-03-01,2018,3,ANTIOQUIA,El Bagre,356
2018-03-01,2018,3,ANTIOQUIA,Medellín,40264
2018-03-01,2018,3,ANTIOQUIA,Rionegro,220679
2018-03-01,2018,3,ARAUCA,Arauca,5142
2018-03-01,2018,3,ARAUCA,Tame,112
2018-03-01,2018,3,ATLANTICO,Barranquilla,78690
2018-03-01,2018,3,BOGOTA D.C.,"Bogotá, D.C.",671698
2018-03-01,2018,3,BOLIVAR,Cartagena,172002
2018-03-01,2018,3,CALDAS,Manizales,8616
2018-03-01,2018,3,CAQUETA,Florencia,3965
2018-03-01,2018,3,CAQUETA,San Vicente del Caguán,188
2018-03-01,2018,3,CASANARE,Paz de Ariporo,113
2018-03-01,2018,3,CASANARE,Yopal,13227
2018-03-01,2018,3,CAUCA,Guapi,1415
2018-03-01,2018,3,CAUCA,Popayán,4190
2018-03-01,2018,3,CESAR,Valledupar,16200
2018-03-01,2018,3,CHOCO,Acandí,411
2018-03-01,2018,3,CHOCO,Bahía Solano,1154
2018-03-01,2018,3,CHOCO,Condoto,43
2018-03-01,2018,3,CHOCO,Nuquí,573
2018-03-01,2018,3,CHOCO,Quibdó,12713
2018-03-01,2018,3,CORDOBA,Montería,33581
2018-03-01,2018,3,GUAINIA,Barranco Minas,293
2018-03-01,2018,3,GUAINIA,Inírida,2096
2018-03-01,2018,3,GUAVIARE,Miraflores,317
2018-03-01,2018,3,GUAVIARE,San José del Guaviare,1053
2018-03-01,2018,3,HUILA,Neiva,11035
2018-03-01,2018,3,HUILA,Pitalito,833
2018-03-01,2018,3,LA GUAJIRA,Riohacha,6534
2018-03-01,2018,3,MAGDALENA,Santa Marta,69523
2018-03-01,2018,3,META,La Macarena,40
2018-03-01,2018,3,META,Villavicencio,4307
2018-03-01,2018,3,NARINO,Ipiales,970
2018-03-01,2018,3,NARINO,Pasto,12936
2018-03-01,2018,3,NARINO,San Andres de Tumaco,4610
2018-03-01,2018,3,NORTE DE SANTANDER,Cúcuta,30609
2018-03-01,2018,3,PUTUMAYO,Puerto Asís,2716
2018-03-01,2018,3,PUTUMAYO,Puerto Leguízamo,732
2018-03-01,2018,3,PUTUMAYO,Villagarzón,1364
2018-03-01,2018,3,QUINDIO,Armenia,13371
2018-03-01,2018,3,RISARALDA,Pereira,64031
2018-03-01,2018,3,"SAN ANDRES, PROVIDENCIA Y SANTA CATALINA",Providencia,1166
2018-03-01,2018,3,"SAN ANDRES, PROVIDENCIA Y SANTA CATALINA",San Andrés,77769
2018-03-01,2018,3,SANTANDER,Barrancabermeja,4581
2018-03-01,2018,3,SANTANDER,Bucaramanga,56599
2018-03-01,2018,3,SIN ESPECIFICAR,Sin Especificar,125
2018-03-01,2018,3,SUCRE,Corozal,3371
2018-03-01,2018,3,SUCRE,Santiago de Tolú,365
2018-03-01,2018,3,TOLIMA,Ibagué,4789
2018-03-01,2018,3,VALLE DEL CAUCA,Buenaventura,561
2018-03-01,2018,3,VALLE DEL CAUCA,Cali,132463
2018-03-01,2018,3,VAUPES,Caruru,66
2018-03-01,2018,3,VAUPES,Mitú,1178
2018-03-01,2018,3,VAUPES,Taraira,108
2018-03-01,2018,3,VICHADA,Cumaribo,26
2018-03-01,2018,3,VICHADA,La Primavera,18
2018-03-01,2018,3,VICHADA,Puerto Carreño,1655
2018-04-01,2018,4,AMAZONAS,LA CHORRERA,46
2018-04-01,2018,4,AMAZONAS,La Pedrera,109
2018-04-01,2018,4,AMAZONAS,Leticia,9120
2018-04-01,2018,4,AMAZONAS,Tarapacá,65
2018-04-01,2018,4,ANTIOQUIA,Carepa,8301
2018-04-01,2018,4,ANTIOQUIA,Caucasia,1281
2018-04-01,2018,4,ANTIOQUIA,El Bagre,442
2018-04-01,2018,4,ANTIOQUIA,Medellín,40424
2018-04-01,2018,4,ANTIOQUIA,Rionegro,222403
2018-04-01,2018,4,ARAUCA,Arauca,5687
2018-04-01,2018,4,ARAUCA,Tame,106
2018-04-01,2018,4,ATLANTICO,Barranquilla,85308
2018-04-01,2018,4,BOGOTA D.C.,"Bogotá, D.C.",695697
2018-04-01,2018,4,BOLIVAR,Cartagena,156027
2018-04-01,2018,4,CALDAS,Manizales,7814
2018-04-01,2018,4,CAQUETA,Florencia,4266
2018-04-01,2018,4,CAQUETA,San Vicente del Caguán,247
2018-04-01,2018,4,CASANARE,Paz de Ariporo,87
2018-04-01,2018,4,CASANARE,Yopal,12796
2018-04-01,2018,4,CAUCA,Guapi,1413
2018-04-01,2018,4,CAUCA,Popayán,4327
2018-04-01,2018,4,CESAR,Valledupar,17265
2018-04-01,2018,4,CHOCO,Acandí,346
2018-04-01,2018,4,CHOCO,Bahía Solano,1106
2018-04-01,2018,4,CHOCO,Nuquí,541
2018-04-01,2018,4,CHOCO,Quibdó,13279
2018-04-01,2018,4,CORDOBA,Montería,33589
2018-04-01,2018,4,GUAINIA,Barranco Minas,250
2018-04-01,2018,4,GUAINIA,Inírida,2125
2018-04-01,2018,4,GUAVIARE,Miraflores,339
2018-04-01,2018,4,GUAVIARE,San José del Guaviare,984
2018-04-01,2018,4,HUILA,Neiva,10670
2018-04-01,2018,4,HUILA,Pitalito,893
2018-04-01,2018,4,LA GUAJIRA,Riohacha,6837
2018-04-01,2018,4,MAGDALENA,Santa Marta,65287
2018-04-01,2018,4,META,La Macarena,72
2018-04-01,2018,4,META,Villavicencio,4038
2018-04-01,2018,4,NARINO,Ipiales,1022
2018-04-01,2018,4,NARINO,Pasto,12764
2018-04-01,2018,4,NARINO,San Andres de Tumaco,5067
2018-04-01,2018,4,NORTE DE SANTANDER,Cúcuta,31110
2018-04-01,2018,4,PUTUMAYO,Puerto Asís,2830
2018-04-01,2018,4,PUTUMAYO,Puerto Leguízamo,937
2018-04-01,2018,4,PUTUMAYO,Villagarzón,1351
2018-04-01,2018,4,QUINDIO,Armenia,11949
2018-04-01,2018,4,RISARALDA,Pereira,57273
2018-04-01,2018,4,"SAN ANDRES, PROVIDENCIA Y SANTA CATALINA",Providencia,1032
2018-04-01,2018,4,"SAN ANDRES, PROVIDENCIA Y SANTA CATALINA",San Andrés,70155
2018-04-01,2018,4,SANTANDER,Barrancabermeja,5002
2018-04-01,2018,4,SANTANDER,Bucaramanga,56501
2018-04-01,2018,4,SIN ESPECIFICAR,Sin Especificar,59
2018-04-01,2018,4,SUCRE,Corozal,3116
2018-04-01,2018,4,SUCRE,Santiago de Tolú,235
2018-04-01,2018,4,TOLIMA,Ibagué,4808
2018-04-01,2018,4,VALLE DEL CAUCA,Buenaventura,618
2018-04-01,2018,4,VALLE DEL CAUCA,Cali,141044
2018-04-01,2018,4,VAUPES,Caruru,98
2018-04-01,2018,4,VAUPES,Mitú,1342
2018-04-01,2018,4,VAUPES,Pacoa,0
2018-04-01,2018,4,VAUPES,Taraira,84
2018-04-01,2018,4,VICHADA,Cumaribo,0
2018-04-01,2018,4,VICHADA,La Primavera,0
2018-04-01,2018,4,VICHADA,Puerto Carreño,1585
2018-05-01,2018,5,AMAZONAS,LA CHORRERA,68
2018-05-01,2018,5,AMAZONAS,La Pedrera,159
2018-05-01,2018,5,AMAZONAS,Leticia,9298
2018-05-01,2018,5,AMAZONAS,Tarapacá,74
2018-05-01,2018,5,ANTIOQUIA,Carepa,8351
2018-05-01,2018,5,ANTIOQUIA,Caucasia,1263
2018-05-01,2018,5,ANTIOQUIA,El Bagre,479
2018-05-01,2018,5,ANTIOQUIA,Medellín,41062
2018-05-01,2018,5,ANTIOQUIA,Rionegro,232946
2018-05-01,2018,5,ARAUCA,Arauca,6287
2018-05-01,2018,5,ARAUCA,Tame,138
2018-05-01,2018,5,ATLANTICO,Barranquilla,81811
2018-05-01,2018,5,BOGOTA D.C.,"Bogotá, D.C.",681204
2018-05-01,2018,5,BOLIVAR,Cartagena,150098
2018-05-01,2018,5,CALDAS,Manizales,8244
2018-05-01,2018,5,CAQUETA,Florencia,4371
2018-05-01,2018,5,CAQUETA,San Vicente del Caguán,282
2018-05-01,2018,5,CASANARE,Paz de Ariporo,102
2018-05-01,2018,5,CASANARE,Yopal,13471
2018-05-01,2018,5,CAUCA,Guapi,1398
2018-05-01,2018,5,CAUCA,Popayán,4509
2018-05-01,2018,5,CESAR,San Martín,4
2018-05-01,2018,5,CESAR,Valledupar,15717
2018-05-01,2018,5,CHOCO,Acandí,334
2018-05-01,2018,5,CHOCO,Bahía Solano,1237
2018-05-01,2018,5,CHOCO,Nuquí,632
2018-05-01,2018,5,CHOCO,Quibdó,13147
2018-05-01,2018,5,CORDOBA,Montería,34752
2018-05-01,2018,5,GUAINIA,Barranco Minas,245
2018-05-01,2018,5,GUAINIA,Inírida,2115
2018-05-01,2018,5,GUAVIARE,Miraflores,333
2018-05-01,2018,5,GUAVIARE,San José del Guaviare,1095
2018-05-01,2018,5,HUILA,Neiva,11302
2018-05-01,2018,5,HUILA,Pitalito,1048
2018-05-01,2018,5,LA GUAJIRA,Riohacha,6205
2018-05-01,2018,5,MAGDALENA,Santa Marta,65808
2018-05-01,2018,5,META,La Macarena,50
2018-05-01,2018,5,META,Villavicencio,4302
2018-05-01,2018,5,NARINO,Ipiales,1060
2018-05-01,2018,5,NARINO,Pasto,12566
2018-05-01,2018,5,NARINO,San Andres de Tumaco,4950
2018-05-01,2018,5,NORTE DE SANTANDER,Cúcuta,31454
2018-05-01,2018,5,PUTUMAYO,Puerto Asís,2912
2018-05-01,2018,5,PUTUMAYO,Puerto Leguízamo,793
2018-05-01,2018,5,PUTUMAYO,Villagarzón,1386
2018-05-01,2018,5,QUINDIO,Armenia,12200
2018-05-01,2018,5,RISARALDA,Pereira,59992
2018-05-01,2018,5,"SAN ANDRES, PROVIDENCIA Y SANTA CATALINA",Providencia,1105
2018-05-01,2018,5,"SAN ANDRES, PROVIDENCIA Y SANTA CATALINA",San Andrés,68365
2018-05-01,2018,5,SANTANDER,Barrancabermeja,5268
2018-05-01,2018,5,SANTANDER,Bucaramanga,59738
2018-05-01,2018,5,SIN ESPECIFICAR,Sin Especificar,94
2018-05-01,2018,5,SUCRE,Corozal,3454
2018-05-01,2018,5,SUCRE,Santiago de Tolú,268
2018-05-01,2018,5,TOLIMA,Ibagué,4922
2018-05-01,2018,5,VALLE DEL CAUCA,Buenaventura,586
2018-05-01,2018,5,VALLE DEL CAUCA,Cali,143038
2018-05-01,2018,5,VAUPES,Caruru,139
2018-05-01,2018,5,VAUPES,Mitú,1224
2018-05-01,2018,5,VAUPES,Pacoa,0
2018-05-01,2018,5,VAUPES,Taraira,98
2018-05-01,2018,5,VICHADA,Cumaribo,14
2018-05-01,2018,5,VICHADA,La Primavera,0
2018-05-01,2018,5,VICHADA,Puerto Carreño,1637
2018-06-01,2018,6,AMAZONAS,LA CHORRERA,45
2018-06-01,2018,6,AMAZONAS,La Pedrera,155
2018-06-01,2018,6,AMAZONAS,Leticia,10262
2018-06-01,2018,6,AMAZONAS,Tarapacá,20
2018-06-01,2018,6,ANTIOQUIA,Carepa,8055
2018-06-01,2018,6,ANTIOQUIA,Caucasia,1382
2018-06-01,2018,6,ANTIOQUIA,El Bagre,463
2018-06-01,2018,6,ANTIOQUIA,Medellín,43116
2018-06-01,2018,6,ANTIOQUIA,Rionegro,227751
2018-06-01,2018,6,ARAUCA,Arauca,5586
2018-06-01,2018,6,ARAUCA,Tame,128
2018-06-01,2018,6,ATLANTICO,Barranquilla,91371
2018-06-01,2018,6,BOGOTA D.C.,"Bogotá, D.C.",696280
2018-06-01,2018,6,BOLIVAR,Cartagena,170539
2018-06-01,2018,6,CALDAS,Manizales,8579
2018-06-01,2018,6,CAQUETA,Florencia,4419
2018-06-01,2018,6,CAQUETA,San Vicente del Caguán,376
2018-06-01,2018,6,CASANARE,Paz de Ariporo,56
2018-06-01,2018,6,CASANARE,Yopal,12416
2018-06-01,2018,6,CAUCA,Guapi,1144
2018-06-01,2018,6,CAUCA,Popayán,4339
2018-06-01,2018,6,CESAR,San Martín,18
2018-06-01,2018,6,CESAR,Valledupar,15677
2018-06-01,2018,6,CHOCO,Acandí,463
2018-06-01,2018,6,CHOCO,Bahía Solano,1115
2018-06-01,2018,6,CHOCO,Nuquí,595
2018-06-01,2018,6,CHOCO,Quibdó,13596
2018-06-01,2018,6,CORDOBA,Montería,38861
2018-06-01,2018,6,GUAINIA,Barranco Minas,353
2018-06-01,2018,6,GUAINIA,Inírida,1947
2018-06-01,2018,6,GUAVIARE,Miraflores,332
2018-06-01,2018,6,GUAVIARE,San José del Guaviare,1123
2018-06-01,2018,6,HUILA,Neiva,10856
2018-06-01,2018,6,HUILA,Pitalito,1110
2018-06-01,2018,6,LA GUAJIRA,Riohacha,6781
2018-06-01,2018,6,MAGDALENA,Santa Marta,79938
2018-06-01,2018,6,META,La Macarena,295
2018-06-01,2018,6,META,Villavicencio,4054
2018-06-01,2018,6,NARINO,Ipiales,1010
2018-06-01,2018,6,NARINO,Pasto,12915
2018-06-01,2018,6,NARINO,San Andres de Tumaco,5261
2018-06-01,2018,6,NORTE DE SANTANDER,Cúcuta,33303
2018-06-01,2018,6,NORTE DE SANTANDER,Tibú,94
2018-06-01,2018,6,PUTUMAYO,Puerto Asís,3130
2018-06-01,2018,6,PUTUMAYO,Puerto Leguízamo,777
2018-06-01,2018,6,PUTUMAYO,Villagarzón,1330
2018-06-01,2018,6,QUINDIO,Armenia,12578
2018-06-01,2018,6,RISARALDA,Pereira,60690
2018-06-01,2018,6,"SAN ANDRES, PROVIDENCIA Y SANTA CATALINA",Providencia,1254
2018-06-01,2018,6,"SAN ANDRES, PROVIDENCIA Y SANTA CATALINA",San Andrés,74789
2018-06-01,2018,6,SANTANDER,Barrancabermeja,4811
2018-06-01,2018,6,SANTANDER,Bucaramanga,60298
2018-06-01,2018,6,SIN ESPECIFICAR,Sin Especificar,143
2018-06-01,2018,6,SUCRE,Corozal,3765
2018-06-01,2018,6,SUCRE,Santiago de Tolú,554
2018-06-01,2018,6,TOLIMA,Ibagué,4825
2018-06-01,2018,6,VALLE DEL CAUCA,Buenaventura,589
2018-06-01,2018,6,VALLE DEL CAUCA,Cali,142042
2018-06-01,2018,6,VAUPES,Caruru,146
2018-06-01,2018,6,VAUPES,Mitú,1154
2018-06-01,2018,6,VAUPES,Pacoa,28
2018-06-01,2018,6,VAUPES,Taraira,121
2018-06-01,2018,6,VICHADA,Cumaribo,51
2018-06-01,2018,6,VICHADA,Puerto Carreño,1377
2018-07-01,2018,7,AMAZONAS,LA CHORRERA,65
2018-07-01,2018,7,AMAZONAS,La Pedrera,125
2018-07-01,2018,7,AMAZONAS,Leticia,11367
2018-07-01,2018,7,AMAZONAS,Tarapacá,42
2018-07-01,2018,7,ANTIOQUIA,Carepa,8279
2018-07-01,2018,7,ANTIOQUIA,Caucasia,1291
2018-07-01,2018,7,ANTIOQUIA,El Bagre,419
2018-07-01,2018,7,ANTIOQUIA,Medellín,44457
2018-07-01,2018,7,ANTIOQUIA,Rionegro,267097
2018-07-01,2018,7,ARAUCA,Arauca,5603
2018-07-01,2018,7,ARAUCA,Tame,81
2018-07-01,2018,7,ATLANTICO,Barranquilla,97645
2018-07-01,2018,7,BOGOTA D.C.,"Bogotá, D.C.",738864
2018-07-01,2018,7,BOLIVAR,Cartagena,196486
2018-07-01,2018,7,CALDAS,Manizales,8358
2018-07-01,2018,7,CAQUETA,Florencia,5127
2018-07-01,2018,7,CAQUETA,San Vicente del Caguán,390
2018-07-01,2018,7,CASANARE,Paz de Ariporo,130
2018-07-01,2018,7,CASANARE,Yopal,13410
2018-07-01,2018,7,CAUCA,Guapi,1482
2018-07-01,2018,7,CAUCA,Popayán,4389
2018-07-01,2018,7,CESAR,Valledupar,15983
2018-07-01,2018,7,CHOCO,Acandí,422
2018-07-01,2018,7,CHOCO,Bahía Solano,1372
2018-07-01,2018,7,CHOCO,Nuquí,169
2018-07-01,2018,7,CHOCO,Quibdó,14147
2018-07-01,2018,7,CORDOBA,Montería,43152
2018-07-01,2018,7,GUAINIA,Barranco Minas,310
2018-07-01,2018,7,GUAINIA,Inírida,2072
2018-07-01,2018,7,GUAVIARE,Miraflores,459
2018-07-01,2018,7,GUAVIARE,San José del Guaviare,1165
2018-07-01,2018,7,HUILA,Neiva,10803
2018-07-01,2018,7,HUILA,Pitalito,1155
2018-07-01,2018,7,LA GUAJIRA,Riohacha,7054
2018-07-01,2018,7,MAGDALENA,Santa Marta,85528
2018-07-01,2018,7,META,La Macarena,555
2018-07-01,2018,7,META,Villavicencio,4672
2018-07-01,2018,7,NARINO,Ipiales,1129
2018-07-01,2018,7,NARINO,Pasto,13721
2018-07-01,2018,7,NARINO,San Andres de Tumaco,5735
2018-07-01,2018,7,NORTE DE SANTANDER,Cúcuta,36847
2018-07-01,2018,7,PUTUMAYO,Puerto Asís,3090
2018-07-01,2018,7,PUTUMAYO,Puerto Leguízamo,831
2018-07-01,2018,7,PUTUMAYO,Villagarzón,1548
2018-07-01,2018,7,QUINDIO,Armenia,13129
2018-07-01,2018,7,RISARALDA,Pereira,63006
2018-07-01,2018,7,"SAN ANDRES, PROVIDENCIA Y SANTA CATALINA",Providencia,1158
2018-07-01,2018,7,"SAN ANDRES, PROVIDENCIA Y SANTA CATALINA",San Andrés,81495
2018-07-01,2018,7,SANTANDER,Barrancabermeja,4984
2018-07-01,2018,7,SANTANDER,Bucaramanga,62972
2018-07-01,2018,7,SIN ESPECIFICAR,Sin Especificar,53
2018-07-01,2018,7,SUCRE,Corozal,3441
2018-07-01,2018,7,SUCRE,Santiago de Tolú,451
2018-07-01,2018,7,TOLIMA,Ibagué,4678
2018-07-01,2018,7,VALLE DEL CAUCA,Buenaventura,655
2018-07-01,2018,7,VALLE DEL CAUCA,Cali,163183
2018-07-01,2018,7,VAUPES,Caruru,140
2018-07-01,2018,7,VAUPES,Mitú,1269
2018-07-01,2018,7,VAUPES,Pacoa,55
2018-07-01,2018,7,VAUPES,Taraira,102
2018-07-01,2018,7,VICHADA,Cumaribo,0
2018-07-01,2018,7,VICHADA,La Primavera,0
2018-07-01,2018,7,VICHADA,Puerto Carreño,1339
2018-08-01,2018,8,AMAZONAS,LA CHORRERA,86
2018-08-01,2018,8,AMAZONAS,La Pedrera,215
2018-08-01,2018,8,AMAZONAS,Leticia,11257
2018-08-01,2018,8,AMAZONAS,Tarapacá,74
2018-08-01,2018,8,ANTIOQUIA,Carepa,8435
2018-08-01,2018,8,ANTIOQUIA,Caucasia,1304
2018-08-01,2018,8,ANTIOQUIA,El Bagre,436
2018-08-01,2018,8,ANTIOQUIA,Medellín,45412
2018-08-01,2018,8,ANTIOQUIA,Rionegro,266755
2018-08-01,2018,8,ARAUCA,Arauca,5994
2018-08-01,2018,8,ATLANTICO,Barranquilla,86966
2018-08-01,2018,8,BOGOTA D.C.,"Bogotá, D.C.",758522
2018-08-01,2018,8,BOLIVAR,Cartagena,190696
2018-08-01,2018,8,BOLIVAR,Magangué,0
2018-08-01,2018,8,CALDAS,Manizales,8726
2018-08-01,2018,8,CAQUETA,Florencia,4981
2018-08-01,2018,8,CAQUETA,San Vicente del Caguán,302
2018-08-01,2018,8,CASANARE,Paz de Ariporo,108
2018-08-01,2018,8,CASANARE,Yopal,13793
2018-08-01,2018,8,CAUCA,Guapi,1386
2018-08-01,2018,8,CAUCA,Popayán,4517
2018-08-01,2018,8,CESAR,Valledupar,14803
2018-08-01,2018,8,CHOCO,Acandí,462
2018-08-01,2018,8,CHOCO,Bahía Solano,1408
2018-08-01,2018,8,CHOCO,Nuquí,361
2018-08-01,2018,8,CHOCO,Quibdó,12843
2018-08-01,2018,8,CORDOBA,Montería,39399
2018-08-01,2018,8,GUAINIA,Barranco Minas,340
2018-08-01,2018,8,GUAINIA,Inírida,2011
2018-08-01,2018,8,GUAVIARE,Miraflores,345
2018-08-01,2018,8,GUAVIARE,San José del Guaviare,1061
2018-08-01,2018,8,HUILA,Neiva,11461
2018-08-01,2018,8,HUILA,Pitalito,1152
2018-08-01,2018,8,LA GUAJIRA,Riohacha,6254
2018-08-01,2018,8,MAGDALENA,Santa Marta,84349
2018-08-01,2018,8,META,La Macarena,619
2018-08-01,2018,8,META,Villavicencio,5503
2018-08-01,2018,8,NARINO,Ipiales,1125
2018-08-01,2018,8,NARINO,Pasto,12799
2018-08-01,2018,8,NARINO,San Andres de Tumaco,5043
2018-08-01,2018,8,NORTE DE SANTANDER,Cúcuta,33817
2018-08-01,2018,8,PUTUMAYO,Puerto Asís,3085
2018-08-01,2018,8,PUTUMAYO,Puerto Leguízamo,786
2018-08-01,2018,8,PUTUMAYO,Villagarzón,1468
2018-08-01,2018,8,QUINDIO,Armenia,13018
2018-08-01,2018,8,RISARALDA,Pereira,62216
2018-08-01,2018,8,"SAN ANDRES, PROVIDENCIA Y SANTA CATALINA",Providencia,676
2018-08-01,2018,8,"SAN ANDRES, PROVIDENCIA Y SANTA CATALINA",San Andrés,79541
2018-08-01,2018,8,SANTANDER,Barrancabermeja,4906
2018-08-01,2018,8,SANTANDER,Bucaramanga,63645
2018-08-01,2018,8,SIN ESPECIFICAR,Sin Especificar,126
2018-08-01,2018,8,SUCRE,Corozal,3479
2018-08-01,2018,8,SUCRE,Santiago de Tolú,404
2018-08-01,2018,8,TOLIMA,Ibagué,5068
2018-08-01,2018,8,VALLE DEL CAUCA,Buenaventura,616
2018-08-01,2018,8,VALLE DEL CAUCA,Cali,158922
2018-08-01,2018,8,VAUPES,Caruru,73
2018-08-01,2018,8,VAUPES,Mitú,1290
2018-08-01,2018,8,VAUPES,Pacoa,31
2018-08-01,2018,8,VAUPES,Taraira,119
2018-08-01,2018,8,VICHADA,Cumaribo,73
2018-08-01,2018,8,VICHADA,Puerto Carreño,1551
2018-09-01,2018,9,AMAZONAS,LA CHORRERA,96
2018-09-01,2018,9,AMAZONAS,La Pedrera,118
2018-09-01,2018,9,AMAZONAS,Leticia,10273
2018-09-01,2018,9,AMAZONAS,Tarapacá,73
2018-09-01,2018,9,ANTIOQUIA,Carepa,8931
2018-09-01,2018,9,ANTIOQUIA,Caucasia,1403
2018-09-01,2018,9,ANTIOQUIA,El Bagre,414
2018-09-01,2018,9,ANTIOQUIA,Medellín,44624
2018-09-01,2018,9,ANTIOQUIA,Rionegro,256033
2018-09-01,2018,9,ARAUCA,Arauca,5972
2018-09-01,2018,9,ATLANTICO,Barranquilla,89103
2018-09-01,2018,9,BOGOTA D.C.,"Bogotá, D.C.",711455
2018-09-01,2018,9,BOLIVAR,Cartagena,174331
2018-09-01,2018,9,CALDAS,Manizales,8362
2018-09-01,2018,9,CAQUETA,Florencia,4848
2018-09-01,2018,9,CAQUETA,San Vicente del Caguán,316
2018-09-01,2018,9,CASANARE,Paz de Ariporo,97
2018-09-01,2018,9,CASANARE,Yopal,14392
2018-09-01,2018,9,CAUCA,Guapi,1245
2018-09-01,2018,9,CAUCA,Popayán,4353
2018-09-01,2018,9,CESAR,Valledupar,15503
2018-09-01,2018,9,CHOCO,Acandí,294
2018-09-01,2018,9,CHOCO,Bahía Solano,1248
2018-09-01,2018,9,CHOCO,Nuquí,114
2018-09-01,2018,9,CHOCO,Quibdó,13930
2018-09-01,2018,9,CORDOBA,Montería,40242
2018-09-01,2018,9,GUAINIA,Barranco Minas,168
2018-09-01,2018,9,GUAINIA,Inírida,2006
2018-09-01,2018,9,GUAVIARE,Miraflores,376
2018-09-01,2018,9,GUAVIARE,San José del Guaviare,1135
2018-09-01,2018,9,HUILA,Neiva,10942
2018-09-01,2018,9,HUILA,Pitalito,1059
2018-09-01,2018,9,LA GUAJIRA,Riohacha,6210
2018-09-01,2018,9,MAGDALENA,Santa Marta,79683
2018-09-01,2018,9,META,La Macarena,540
2018-09-01,2018,9,META,Puerto Gaitán,11
2018-09-01,2018,9,META,Villavicencio,5265
2018-09-01,2018,9,NARINO,Ipiales,1143
2018-09-01,2018,9,NARINO,Pasto,13469
2018-09-01,2018,9,NARINO,San Andres de Tumaco,5136
2018-09-01,2018,9,NORTE DE SANTANDER,Cúcuta,35654
2018-09-01,2018,9,PUTUMAYO,Puerto Asís,2914
2018-09-01,2018,9,PUTUMAYO,Puerto Leguízamo,845
2018-09-01,2018,9,PUTUMAYO,Villagarzón,1499
2018-09-01,2018,9,QUINDIO,Armenia,11908
2018-09-01,2018,9,RISARALDA,Pereira,60092
2018-09-01,2018,9,"SAN ANDRES, PROVIDENCIA Y SANTA CATALINA",Providencia,738
2018-09-01,2018,9,"SAN ANDRES, PROVIDENCIA Y SANTA CATALINA",San Andrés,73606
2018-09-01,2018,9,SANTANDER,Barrancabermeja,4946
2018-09-01,2018,9,SANTANDER,Bucaramanga,64121
2018-09-01,2018,9,SIN ESPECIFICAR,Sin Especificar,34
2018-09-01,2018,9,SUCRE,Corozal,3187
2018-09-01,2018,9,SUCRE,Santiago de Tolú,251
2018-09-01,2018,9,TOLIMA,Ibagué,5128
2018-09-01,2018,9,VALLE DEL CAUCA,Buenaventura,707
2018-09-01,2018,9,VALLE DEL CAUCA,Cali,151896
2018-09-01,2018,9,VAUPES,Caruru,106
2018-09-01,2018,9,VAUPES,Mitú,1251
2018-09-01,2018,9,VAUPES,Taraira,76
2018-09-01,2018,9,VICHADA,Cumaribo,0
2018-09-01,2018,9,VICHADA,Puerto Carreño,1506
2018-10-01,2018,10,AMAZONAS,LA CHORRERA,99
2018-10-01,2018,10,AMAZONAS,La Pedrera,168
2018-10-01,2018,10,AMAZONAS,Leticia,10446
2018-10-01,2018,10,AMAZONAS,Tarapacá,82
2018-10-01,2018,10,ANTIOQUIA,Carepa,9564
2018-10-01,2018,10,ANTIOQUIA,Caucasia,1401
2018-10-01,2018,10,ANTIOQUIA,El Bagre,379
2018-10-01,2018,10,ANTIOQUIA,Medellín,47091
2018-10-01,2018,10,ANTIOQUIA,Rionegro,273012
2018-10-01,2018,10,ARAUCA,Arauca,6751
2018-10-01,2018,10,ATLANTICO,Barranquilla,94697
2018-10-01,2018,10,BOGOTA D.C.,"Bogotá, D.C.",762065
2018-10-01,2018,10,BOLIVAR,Cartagena,190304
2018-10-01,2018,10,CALDAS,Manizales,8616
2018-10-01,2018,10,CAQUETA,Florencia,5011
2018-10-01,2018,10,CAQUETA,San Vicente del Caguán,338
2018-10-01,2018,10,CASANARE,Paz de Ariporo,146
2018-10-01,2018,10,CASANARE,Yopal,14605
2018-10-01,2018,10,CAUCA,Guapi,1342
2018-10-01,2018,10,CAUCA,Popayán,4285
2018-10-01,2018,10,CESAR,Valledupar,15929
2018-10-01,2018,10,CHOCO,Acandí,214
2018-10-01,2018,10,CHOCO,Bahía Solano,1209
2018-10-01,2018,10,CHOCO,Nuquí,103
2018-10-01,2018,10,CHOCO,Quibdó,13914
2018-10-01,2018,10,CORDOBA,Montería,40202
2018-10-01,2018,10,GUAINIA,Barranco Minas,178
2018-10-01,2018,10,GUAINIA,Inírida,2267
2018-10-01,2018,10,GUAVIARE,Miraflores,377
2018-10-01,2018,10,GUAVIARE,San José del Guaviare,1211
2018-10-01,2018,10,HUILA,Neiva,11960
2018-10-01,2018,10,HUILA,Pitalito,1114
2018-10-01,2018,10,LA GUAJIRA,Riohacha,7002
2018-10-01,2018,10,MAGDALENA,Santa Marta,86648
2018-10-01,2018,10,META,La Macarena,542
2018-10-01,2018,10,META,Villavicencio,5067
2018-10-01,2018,10,NARINO,Ipiales,1275
2018-10-01,2018,10,NARINO,Pasto,13881
2018-10-01,2018,10,NARINO,San Andres de Tumaco,5485
2018-10-01,2018,10,NORTE DE SANTANDER,Cúcuta,37534
2018-10-01,2018,10,PUTUMAYO,Puerto Asís,3142
2018-10-01,2018,10,PUTUMAYO,Puerto Leguízamo,951
2018-10-01,2018,10,PUTUMAYO,Villagarzón,1466
2018-10-01,2018,10,QUINDIO,Armenia,13187
2018-10-01,2018,10,RISARALDA,Pereira,64649
2018-10-01,2018,10,"SAN ANDRES, PROVIDENCIA Y SANTA CATALINA",Providencia,814
2018-10-01,2018,10,"SAN ANDRES, PROVIDENCIA Y SANTA CATALINA",San Andrés,75469
2018-10-01,2018,10,SANTANDER,Barrancabermeja,5359
2018-10-01,2018,10,SANTANDER,Bucaramanga,67606
2018-10-01,2018,10,SIN ESPECIFICAR,Sin Especificar,102
2018-10-01,2018,10,SUCRE,Corozal,5310
2018-10-01,2018,10,SUCRE,Santiago de Tolú,372
2018-10-01,2018,10,TOLIMA,Ibagué,4982
2018-10-01,2018,10,VALLE DEL CAUCA,Buenaventura,704
2018-10-01,2018,10,VALLE DEL CAUCA,Cali,161774
2018-10-01,2018,10,VAUPES,Caruru,148
2018-10-01,2018,10,VAUPES,Mitú,1329
2018-10-01,2018,10,VAUPES,Pacoa,0
2018-10-01,2018,10,VAUPES,Taraira,97
2018-10-01,2018,10,VICHADA,Cumaribo,2
2018-10-01,2018,10,VICHADA,Puerto Carreño,1983
2018-11-01,2018,11,AMAZONAS,LA CHORRERA,80
2018-11-01,2018,11,AMAZONAS,La Pedrera,281
2018-11-01,2018,11,AMAZONAS,Leticia,11274
2018-11-01,2018,11,AMAZONAS,Tarapacá,97
2018-11-01,2018,11,ANTIOQUIA,Carepa,8794
2018-11-01,2018,11,ANTIOQUIA,Caucasia,1323
2018-11-01,2018,11,ANTIOQUIA,El Bagre,409
2018-11-01,2018,11,ANTIOQUIA,Medellín,45255
2018-11-01,2018,11,ANTIOQUIA,Rionegro,272119
2018-11-01,2018,11,ARAUCA,Arauca,6115
2018-11-01,2018,11,ATLANTICO,Barranquilla,96836
2018-11-01,2018,11,BOGOTA D.C.,"Bogotá, D.C.",731467
2018-11-01,2018,11,BOLIVAR,Cartagena,193590
2018-11-01,2018,11,CALDAS,Manizales,8299
2018-11-01,2018,11,CAQUETA,Florencia,4697
2018-11-01,2018,11,CAQUETA,San Vicente del Caguán,282
2018-11-01,2018,11,CASANARE,Paz de Ariporo,135
2018-11-01,2018,11,CASANARE,Yopal,13214
2018-11-01,2018,11,CAUCA,Guapi,1296
2018-11-01,2018,11,CAUCA,Popayán,4269
2018-11-01,2018,11,CESAR,Valledupar,15768
2018-11-01,2018,11,CHOCO,Acandí,401
2018-11-01,2018,11,CHOCO,Bahía Solano,997
2018-11-01,2018,11,CHOCO,Nuquí,172
2018-11-01,2018,11,CHOCO,Quibdó,13947
2018-11-01,2018,11,CORDOBA,Montería,40890
2018-11-01,2018,11,GUAINIA,Barranco Minas,367
2018-11-01,2018,11,GUAINIA,Inírida,2154
2018-11-01,2018,11,GUAVIARE,Miraflores,384
2018-11-01,2018,11,GUAVIARE,San José del Guaviare,1227
2018-11-01,2018,11,HUILA,Neiva,10489
2018-11-01,2018,11,HUILA,Pitalito,1159
2018-11-01,2018,11,LA GUAJIRA,Riohacha,7315
2018-11-01,2018,11,MAGDALENA,Santa Marta,102581
2018-11-01,2018,11,META,La Macarena,166
2018-11-01,2018,11,META,Villavicencio,4887
2018-11-01,2018,11,NARINO,Ipiales,1111
2018-11-01,2018,11,NARINO,Pasto,12933
2018-11-01,2018,11,NARINO,San Andres de Tumaco,5198
2018-11-01,2018,11,NORTE DE SANTANDER,Cúcuta,36421
2018-11-01,2018,11,PUTUMAYO,Puerto Asís,3095
2018-11-01,2018,11,PUTUMAYO,Puerto Leguízamo,803
2018-11-01,2018,11,PUTUMAYO,Villagarzón,1341
2018-11-01,2018,11,QUINDIO,Armenia,13302
2018-11-01,2018,11,RISARALDA,Pereira,66897
2018-11-01,2018,11,"SAN ANDRES, PROVIDENCIA Y SANTA CATALINA",Providencia,776
2018-11-01,2018,11,"SAN ANDRES, PROVIDENCIA Y SANTA CATALINA",San Andrés,83281
2018-11-01,2018,11,SANTANDER,Barrancabermeja,5182
2018-11-01,2018,11,SANTANDER,Bucaramanga,69738
2018-11-01,2018,11,SIN ESPECIFICAR,Sin Especificar,100
2018-11-01,2018,11,SUCRE,Corozal,5096
2018-11-01,2018,11,SUCRE,Santiago de Tolú,370
2018-11-01,2018,11,TOLIMA,Ibagué,5382
2018-11-01,2018,11,VALLE DEL CAUCA,Buenaventura,523
2018-11-01,2018,11,VALLE DEL CAUCA,Cali,165226
2018-11-01,2018,11,VAUPES,Caruru,187
2018-11-01,2018,11,VAUPES,Mitú,1390
2018-11-01,2018,11,VAUPES,Pacoa,27
2018-11-01,2018,11,VAUPES,Taraira,187
2018-11-01,2018,11,VICHADA,Cumaribo,106
2018-11-01,2018,11,VICHADA,La Primavera,0
2018-11-01,2018,11,VICHADA,Puerto Carreño,1479
2018-12-01,2018,12,AMAZONAS,LA CHORRERA,148
2018-12-01,2018,12,AMAZONAS,La Pedrera,240
2018-12-01,2018,12,AMAZONAS,Leticia,12142
2018-12-01,2018,12,AMAZONAS,Tarapacá,67
2018-12-01,2018,12,ANTIOQUIA,Carepa,8835
2018-12-01,2018,12,ANTIOQUIA,Caucasia,1284
2018-12-01,2018,12,ANTIOQUIA,El Bagre,359
2018-12-01,2018,12,ANTIOQUIA,Medellín,43455
2018-12-01,2018,12,ANTIOQUIA,Rionegro,300962
2018-12-01,2018,12,ARAUCA,Arauca,6206
2018-12-01,2018,12,ATLANTICO,Barranquilla,103286
2018-12-01,2018,12,BOGOTA D.C.,"Bogotá, D.C.",697229
2018-12-01,2018,12,BOLIVAR,Cartagena,222030
2018-12-01,2018,12,CALDAS,Manizales,8985
2018-12-01,2018,12,CAQUETA,Florencia,5363
2018-12-01,2018,12,CAQUETA,San Vicente del Caguán,334
2018-12-01,2018,12,CASANARE,Paz de Ariporo,150
2018-12-01,2018,12,CASANARE,Yopal,11759
2018-12-01,2018,12,CAUCA,Guapi,1452
2018-12-01,2018,12,CAUCA,Popayán,4646
2018-12-01,2018,12,CESAR,Valledupar,17609
2018-12-01,2018,12,CHOCO,Acandí,523
2018-12-01,2018,12,CHOCO,Bahía Solano,1269
2018-12-01,2018,12,CHOCO,Nuquí,243
2018-12-01,2018,12,CHOCO,Quibdó,17300
2018-12-01,2018,12,CORDOBA,Montería,45585
2018-12-01,2018,12,GUAINIA,Barranco Minas,378
2018-12-01,2018,12,GUAINIA,Inírida,2463
2018-12-01,2018,12,GUAVIARE,Miraflores,398
2018-12-01,2018,12,GUAVIARE,San José del Guaviare,1283
2018-12-01,2018,12,HUILA,Neiva,8918
2018-12-01,2018,12,HUILA,Pitalito,1248
2018-12-01,2018,12,LA GUAJIRA,Riohacha,9297
2018-12-01,2018,12,MAGDALENA,Santa Marta,121201
2018-12-01,2018,12,META,La Macarena,23
2018-12-01,2018,12,META,Villavicencio,5351
2018-12-01,2018,12,NARINO,Ipiales,1438
2018-12-01,2018,12,NARINO,Pasto,14142
2018-12-01,2018,12,NARINO,San Andres de Tumaco,6143
2018-12-01,2018,12,NORTE DE SANTANDER,Cúcuta,37092
2018-12-01,2018,12,PUTUMAYO,Puerto Asís,3317
2018-12-01,2018,12,PUTUMAYO,Puerto Leguízamo,918
2018-12-01,2018,12,PUTUMAYO,Villagarzón,1410
2018-12-01,2018,12,QUINDIO,Armenia,14268
2018-12-01,2018,12,RISARALDA,Pereira,70468
2018-12-01,2018,12,"SAN ANDRES, PROVIDENCIA Y SANTA CATALINA",Providencia,1880
2018-12-01,2018,12,"SAN ANDRES, PROVIDENCIA Y SANTA CATALINA",San Andrés,98097
2018-12-01,2018,12,SANTANDER,Barrancabermeja,5174
2018-12-01,2018,12,SANTANDER,Bucaramanga,72392
2018-12-01,2018,12,SIN ESPECIFICAR,Sin Especificar,92
2018-12-01,2018,12,SUCRE,Corozal,5618
2018-12-01,2018,12,SUCRE,Santiago de Tolú,662
2018-12-01,2018,12,TOLIMA,Ibagué,5488
2018-12-01,2018,12,TOLIMA,Melgar,0
2018-12-01,2018,12,VALLE DEL CAUCA,Buenaventura,547
2018-12-01,2018,12,VALLE DEL CAUCA,Cali,182926
2018-12-01,2018,12,VAUPES,Caruru,108
2018-12-01,2018,12,VAUPES,Mitú,1473
2018-12-01,2018,12,VAUPES,Taraira,131
2018-12-01,2018,12,VICHADA,Cumaribo,0
2018-12-01,2018,12,VICHADA,La Primavera,0
2018-12-01,2018,12,VICHADA,Puerto Carreño,1889
2019-01-01,2019,1,AMAZONAS,LA CHORRERA,65
2019-01-01,2019,1,AMAZONAS,La Pedrera,142
2019-01-01,2019,1,AMAZONAS,Leticia,11800
2019-01-01,2019,1,ANTIOQUIA,Carepa,7239
2019-01-01,2019,1,ANTIOQUIA,Caucasia,991
2019-01-01,2019,1,ANTIOQUIA,El Bagre,343
2019-01-01,2019,1,ANTIOQUIA,Medellín,45449
2019-01-01,2019,1,ANTIOQUIA,Rionegro,281743
2019-01-01,2019,1,ARAUCA,Arauca,4625
2019-01-01,2019,1,ARAUCA,SARAVENA,1059
2019-01-01,2019,1,ATLANTICO,Barranquilla,92515
2019-01-01,2019,1,BOGOTA D.C.,"Bogotá, D.C.",799279
2019-01-01,2019,1,BOLIVAR,Cartagena,212473
2019-01-01,2019,1,CALDAS,Manizales,8179
2019-01-01,2019,1,CAQUETA,Florencia,4615
2019-01-01,2019,1,CAQUETA,San Vicente del Caguán,287
2019-01-01,2019,1,CAQUETA,Solano,140
2019-01-01,2019,1,CASANARE,Yopal,10368
2019-01-01,2019,1,CAUCA,Guapi,1172
2019-01-01,2019,1,CAUCA,Popayán,3718
2019-01-01,2019,1,CESAR,Valledupar,15766
2019-01-01,2019,1,CHOCO,Acandí,528
2019-01-01,2019,1,CHOCO,Bahía Solano,1093
2019-01-01,2019,1,CHOCO,Quibdó,11207
2019-01-01,2019,1,CORDOBA,Montería,40364
2019-01-01,2019,1,GUAINIA,Barranco Minas,344
2019-01-01,2019,1,GUAINIA,Inírida,2404
2019-01-01,2019,1,GUAINIA,San Felipe,33
2019-01-01,2019,1,GUAVIARE,Miraflores,295
2019-01-01,2019,1,GUAVIARE,San José del Guaviare,907
2019-01-01,2019,1,HUILA,Neiva,8814
2019-01-01,2019,1,HUILA,Pitalito,1105
2019-01-01,2019,1,LA GUAJIRA,Riohacha,10126
2019-01-01,2019,1,MAGDALENA,Santa Marta,111611
2019-01-01,2019,1,META,La Macarena,8
2019-01-01,2019,1,META,Villavicencio,4662
2019-01-01,2019,1,NARINO,Pasto,11227
2019-01-01,2019,1,NARINO,San Andres de Tumaco,4769
2019-01-01,2019,1,NARINO,Aldana,1254
2019-01-01,2019,1,NORTE DE SANTANDER,Cúcuta,37289
2019-01-01,2019,1,PUTUMAYO,Puerto Asís,3961
2019-01-01,2019,1,PUTUMAYO,Puerto Leguízamo,892
2019-01-01,2019,1,PUTUMAYO,Villagarzón,1032
2019-01-01,2019,1,QUINDIO,Armenia,15101
2019-01-01,2019,1,RISARALDA,Pereira,57801
2019-01-01,2019,1,"SAN ANDRES, PROVIDENCIA Y SANTA CATALINA",Providencia,1655
2019-01-01,2019,1,"SAN ANDRES, PROVIDENCIA Y SANTA CATALINA",San Andrés,96439
2019-01-01,2019,1,SANTANDER,Barrancabermeja,4492
2019-01-01,2019,1,SANTANDER,Bucaramanga,62582
2019-01-01,2019,1,SUCRE,Corozal,4495
2019-01-01,2019,1,SUCRE,San José De Toluviejo,505
2019-01-01,2019,1,TOLIMA,Ibagué,4775
2019-01-01,2019,1,TOLIMA,Melgar,0
2019-01-01,2019,1,VALLE DEL CAUCA,Buenaventura,485
2019-01-01,2019,1,VALLE DEL CAUCA,Cali,161526
2019-01-01,2019,1,VAUPES,Caruru,38
2019-01-01,2019,1,VAUPES,Mitú,1461
2019-01-01,2019,1,VAUPES,Taraira,115
2019-01-01,2019,1,VICHADA,Cumaribo,0
2019-01-01,2019,1,VICHADA,Puerto Carreño,2077
2019-02-01,2019,2,AMAZONAS,LA CHORRERA,30
2019-02-01,2019,2,AMAZONAS,La Pedrera,102
2019-02-01,2019,2,AMAZONAS,Leticia,9126
2019-02-01,2019,2,ANTIOQUIA,Carepa,7637
2019-02-01,2019,2,ANTIOQUIA,Caucasia,1294
2019-02-01,2019,2,ANTIOQUIA,El Bagre,352
2019-02-01,2019,2,ANTIOQUIA,Medellín,40646
2019-02-01,2019,2,ANTIOQUIA,Rionegro,234590
2019-02-01,2019,2,ARAUCA,Arauca,4545
2019-02-01,2019,2,ARAUCA,SARAVENA,900
2019-02-01,2019,2,ATLANTICO,Barranquilla,81027
2019-02-01,2019,2,BOGOTA D.C.,"Bogotá, D.C.",643764
2019-02-01,2019,2,BOLIVAR,Cartagena,165300
2019-02-01,2019,2,CALDAS,Manizales,8173
2019-02-01,2019,2,CAQUETA,Florencia,4363
2019-02-01,2019,2,CAQUETA,San Vicente del Caguán,249
2019-02-01,2019,2,CAQUETA,Solano,62
2019-02-01,2019,2,CASANARE,Yopal,11659
2019-02-01,2019,2,CAUCA,Guapi,1136
2019-02-01,2019,2,CAUCA,Popayán,3720
2019-02-01,2019,2,CESAR,Aguachica,0
2019-02-01,2019,2,CESAR,Valledupar,14405
2019-02-01,2019,2,CHOCO,Acandí,447
2019-02-01,2019,2,CHOCO,Bahía Solano,933
2019-02-01,2019,2,CHOCO,Quibdó,11371
2019-02-01,2019,2,CORDOBA,Montería,33219
2019-02-01,2019,2,GUAINIA,Barranco Minas,150
2019-02-01,2019,2,GUAINIA,Inírida,1919
2019-02-01,2019,2,GUAINIA,San Felipe,35
2019-02-01,2019,2,GUAVIARE,Miraflores,343
2019-02-01,2019,2,GUAVIARE,San José del Guaviare,858
2019-02-01,2019,2,HUILA,Neiva,10892
2019-02-01,2019,2,HUILA,Pitalito,936
2019-02-01,2019,2,LA GUAJIRA,Riohacha,8295
2019-02-01,2019,2,MAGDALENA,Santa Marta,85368
2019-02-01,2019,2,META,La Macarena,16
2019-02-01,2019,2,META,Villavicencio,3860
2019-02-01,2019,2,NARINO,Pasto,11138
2019-02-01,2019,2,NARINO,San Andres de Tumaco,4216
2019-02-01,2019,2,NARINO,Aldana,1040
2019-02-01,2019,2,NORTE DE SANTANDER,Cúcuta,32507
2019-02-01,2019,2,PUTUMAYO,Puerto Asís,3835
2019-02-01,2019,2,PUTUMAYO,Puerto Leguízamo,649
2019-02-01,2019,2,PUTUMAYO,Villagarzón,1199
2019-02-01,2019,2,QUINDIO,Armenia,13206
2019-02-01,2019,2,RISARALDA,Pereira,53384
2019-02-01,2019,2,"SAN ANDRES, PROVIDENCIA Y SANTA CATALINA",Providencia,991
2019-02-01,2019,2,"SAN ANDRES, PROVIDENCIA Y SANTA CATALINA",San Andrés,70009
2019-02-01,2019,2,SANTANDER,Barrancabermeja,4798
2019-02-01,2019,2,SANTANDER,Bucaramanga,57536
2019-02-01,2019,2,SUCRE,Corozal,3430
2019-02-01,2019,2,SUCRE,San José De Toluviejo,379
2019-02-01,2019,2,TOLIMA,Ibagué,5035
2019-02-01,2019,2,TOLIMA,Melgar,0
2019-02-01,2019,2,VALLE DEL CAUCA,Buenaventura,634
2019-02-01,2019,2,VALLE DEL CAUCA,Cali,136472
2019-02-01,2019,2,VAUPES,Caruru,180
2019-02-01,2019,2,VAUPES,Mitú,1136
2019-02-01,2019,2,VAUPES,Taraira,70
2019-02-01,2019,2,VICHADA,Cumaribo,0
2019-02-01,2019,2,VICHADA,Puerto Carreño,1569
2019-03-01,2019,3,AMAZONAS,LA CHORRERA,83
2019-03-01,2019,3,AMAZONAS,La Pedrera,130
2019-03-01,2019,3,AMAZONAS,Leticia,10122
2019-03-01,2019,3,ANTIOQUIA,Carepa,9146
2019-03-01,2019,3,ANTIOQUIA,Caucasia,1323
2019-03-01,2019,3,ANTIOQUIA,El Bagre,359
2019-03-01,2019,3,ANTIOQUIA,Medellín,43805
2019-03-01,2019,3,ANTIOQUIA,Rionegro,264107
2019-03-01,2019,3,ARAUCA,Arauca,5564
2019-03-01,2019,3,ARAUCA,SARAVENA,1066
2019-03-01,2019,3,ARAUCA,Tame,226
2019-03-01,2019,3,ATLANTICO,Barranquilla,88163
2019-03-01,2019,3,BOGOTA D.C.,"Bogotá, D.C.",734200
2019-03-01,2019,3,BOLIVAR,Cartagena,182785
2019-03-01,2019,3,CALDAS,Manizales,8926
2019-03-01,2019,3,CAQUETA,Florencia,5479
2019-03-01,2019,3,CAQUETA,San Vicente del Caguán,351
2019-03-01,2019,3,CAQUETA,Solano,104
2019-03-01,2019,3,CASANARE,Yopal,12573
2019-03-01,2019,3,CAUCA,Guapi,1169
2019-03-01,2019,3,CAUCA,Popayán,5774
2019-03-01,2019,3,CESAR,Valledupar,16057
2019-03-01,2019,3,CHOCO,Acandí,348
2019-03-01,2019,3,CHOCO,Bahía Solano,1014
2019-03-01,2019,3,CHOCO,Quibdó,13433
2019-03-01,2019,3,CORDOBA,Montería,36493
2019-03-01,2019,3,GUAINIA,Barranco Minas,28
2019-03-01,2019,3,GUAINIA,Inírida,2054
2019-03-01,2019,3,GUAINIA,San Felipe,22
2019-03-01,2019,3,GUAVIARE,Miraflores,224
2019-03-01,2019,3,GUAVIARE,San José del Guaviare,895
2019-03-01,2019,3,HUILA,Neiva,11922
2019-03-01,2019,3,HUILA,Pitalito,1550
2019-03-01,2019,3,LA GUAJIRA,Riohacha,8566
2019-03-01,2019,3,MAGDALENA,Santa Marta,94001
2019-03-01,2019,3,META,La Macarena,6
2019-03-01,2019,3,META,San Martín Meta,0
2019-03-01,2019,3,META,Villavicencio,4430
2019-03-01,2019,3,NARINO,Pasto,12582
2019-03-01,2019,3,NARINO,San Andres de Tumaco,5557
2019-03-01,2019,3,NARINO,Aldana,1660
2019-03-01,2019,3,NORTE DE SANTANDER,Cúcuta,32604
2019-03-01,2019,3,PUTUMAYO,Puerto Asís,4927
2019-03-01,2019,3,PUTUMAYO,Puerto Leguízamo,784
2019-03-01,2019,3,PUTUMAYO,Villagarzón,1441
2019-03-01,2019,3,QUINDIO,Armenia,13604
2019-03-01,2019,3,RISARALDA,Pereira,63496
2019-03-01,2019,3,"SAN ANDRES, PROVIDENCIA Y SANTA CATALINA",Providencia,1101
2019-03-01,2019,3,"SAN ANDRES, PROVIDENCIA Y SANTA CATALINA",San Andrés,80848
2019-03-01,2019,3,SANTANDER,Barrancabermeja,4859
2019-03-01,2019,3,SANTANDER,Bucaramanga,61733
2019-03-01,2019,3,SUCRE,Corozal,3798
2019-03-01,2019,3,SUCRE,San José De Toluviejo,404
2019-03-01,2019,3,TOLIMA,Ibagué,5282
2019-03-01,2019,3,VALLE DEL CAUCA,Buenaventura,708
2019-03-01,2019,3,VALLE DEL CAUCA,Cali,155036
2019-03-01,2019,3,VAUPES,Caruru,83
2019-03-01,2019,3,VAUPES,Mitú,1373
2019-03-01,2019,3,VAUPES,Taraira,96
2019-03-01,2019,3,VICHADA,Cumaribo,0
2019-03-01,2019,3,VICHADA,Puerto Carreño,2099
2019-04-01,2019,4,AMAZONAS,LA CHORRERA,56
2019-04-01,2019,4,AMAZONAS,La Pedrera,124
2019-04-01,2019,4,AMAZONAS,Leticia,11107
2019-04-01,2019,4,ANTIOQUIA,Carepa,8255
2019-04-01,2019,4,ANTIOQUIA,Medellín,38281
2019-04-01,2019,4,ANTIOQUIA,Rionegro,251460
2019-04-01,2019,4,ARAUCA,Arauca,5265
2019-04-01,2019,4,ARAUCA,SARAVENA,962
2019-04-01,2019,4,ARAUCA,Tame,298
2019-04-01,2019,4,ATLANTICO,Barranquilla,85640
2019-04-01,2019,4,BOGOTA D.C.,"Bogotá, D.C.",719788
2019-04-01,2019,4,BOLIVAR,Cartagena,174330
2019-04-01,2019,4,CALDAS,Manizales,9191
2019-04-01,2019,4,CAQUETA,Florencia,4821
2019-04-01,2019,4,CAQUETA,San Vicente del Caguán,328
2019-04-01,2019,4,CAQUETA,Solano,136
2019-04-01,2019,4,CASANARE,Yopal,11978
2019-04-01,2019,4,CAUCA,Guapi,1175
2019-04-01,2019,4,CAUCA,Popayán,5958
2019-04-01,2019,4,CESAR,Valledupar,16850
2019-04-01,2019,4,CHOCO,Bahía Solano,649
2019-04-01,2019,4,CHOCO,Quibdó,13206
2019-04-01,2019,4,CORDOBA,Montería,39285
2019-04-01,2019,4,GUAINIA,Barranco Minas,74
2019-04-01,2019,4,GUAINIA,Inírida,1967
2019-04-01,2019,4,GUAINIA,San Felipe,30
2019-04-01,2019,4,GUAVIARE,Miraflores,230
2019-04-01,2019,4,GUAVIARE,San José del Guaviare,1135
2019-04-01,2019,4,HUILA,Neiva,12023
2019-04-01,2019,4,HUILA,Pitalito,1249
2019-04-01,2019,4,LA GUAJIRA,Riohacha,9693
2019-04-01,2019,4,MAGDALENA,Santa Marta,91584
2019-04-01,2019,4,META,Villavicencio,3868
2019-04-01,2019,4,NARINO,Pasto,12155
2019-04-01,2019,4,NARINO,San Andres de Tumaco,5358
2019-04-01,2019,4,NARINO,Aldana,1692
2019-04-01,2019,4,NORTE DE SANTANDER,Cúcuta,35453
2019-04-01,2019,4,NORTE DE SANTANDER,Tibú,27
2019-04-01,2019,4,PUTUMAYO,Puerto Asís,4512
2019-04-01,2019,4,PUTUMAYO,Puerto Leguízamo,765
2019-04-01,2019,4,PUTUMAYO,Villagarzón,1234
2019-04-01,2019,4,QUINDIO,Armenia,13458
2019-04-01,2019,4,RISARALDA,Pereira,64116
2019-04-01,2019,4,"SAN ANDRES, PROVIDENCIA Y SANTA CATALINA",Providencia,1632
2019-04-01,2019,4,"SAN ANDRES, PROVIDENCIA Y SANTA CATALINA",San Andrés,77487
2019-04-01,2019,4,SANTANDER,Barrancabermeja,5209
2019-04-01,2019,4,SANTANDER,Bucaramanga,64352
2019-04-01,2019,4,SUCRE,Corozal,3521
2019-04-01,2019,4,TOLIMA,Ibagué,4701
2019-04-01,2019,4,VALLE DEL CAUCA,Buenaventura,675
2019-04-01,2019,4,VALLE DEL CAUCA,Cali,150961
2019-04-01,2019,4,VAUPES,Caruru,99
2019-04-01,2019,4,VAUPES,Mitú,1155
2019-04-01,2019,4,VAUPES,Taraira,67
2019-04-01,2019,4,VICHADA,Cumaribo,0
2019-04-01,2019,4,VICHADA,Puerto Carreño,1687
2019-05-01,2019,5,AMAZONAS,LA CHORRERA,21
2019-05-01,2019,5,AMAZONAS,La Pedrera,179
2019-05-01,2019,5,AMAZONAS,Leticia,10345
2019-05-01,2019,5,ANTIOQUIA,Carepa,9600
2019-05-01,2019,5,ANTIOQUIA,Medellín,41345
2019-05-01,2019,5,ANTIOQUIA,Rionegro,270390
2019-05-01,2019,5,ARAUCA,Arauca,5677
2019-05-01,2019,5,ARAUCA,SARAVENA,1014
2019-05-01,2019,5,ARAUCA,Tame,306
2019-05-01,2019,5,ATLANTICO,Barranquilla,89947
2019-05-01,2019,5,BOGOTA D.C.,"Bogotá, D.C.",765475
2019-05-01,2019,5,BOLIVAR,Cartagena,163179
2019-05-01,2019,5,CALDAS,Manizales,10113
2019-05-01,2019,5,CAQUETA,Florencia,5044
2019-05-01,2019,5,CAQUETA,San Vicente del Caguán,262
2019-05-01,2019,5,CAQUETA,Solano,27
2019-05-01,2019,5,CASANARE,Villanueva,13
2019-05-01,2019,5,CASANARE,Yopal,14026
2019-05-01,2019,5,CAUCA,Guapi,1192
2019-05-01,2019,5,CAUCA,Popayán,4378
2019-05-01,2019,5,CESAR,Valledupar,18642
2019-05-01,2019,5,CHOCO,Bahía Solano,702
2019-05-01,2019,5,CHOCO,Quibdó,13462
2019-05-01,2019,5,CORDOBA,Montería,38412
2019-05-01,2019,5,GUAINIA,Barranco Minas,165
2019-05-01,2019,5,GUAINIA,Inírida,1954
2019-05-01,2019,5,GUAINIA,San Felipe,64
2019-05-01,2019,5,GUAVIARE,Miraflores,254
2019-05-01,2019,5,GUAVIARE,San José del Guaviare,1105
2019-05-01,2019,5,HUILA,Neiva,14262
2019-05-01,2019,5,HUILA,Pitalito,1334
2019-05-01,2019,5,LA GUAJIRA,Riohacha,9976
2019-05-01,2019,5,MAGDALENA,Santa Marta,85704
2019-05-01,2019,5,META,La Macarena,10
2019-05-01,2019,5,META,Villavicencio,5309
2019-05-01,2019,5,META,Mapiripán,1
2019-05-01,2019,5,NARINO,Pasto,13227
2019-05-01,2019,5,NARINO,San Andres de Tumaco,5069
2019-05-01,2019,5,NARINO,Aldana,1663
2019-05-01,2019,5,NORTE DE SANTANDER,Cúcuta,37568
2019-05-01,2019,5,PUTUMAYO,Puerto Asís,5166
2019-05-01,2019,5,PUTUMAYO,Puerto Leguízamo,845
2019-05-01,2019,5,PUTUMAYO,Villagarzón,1412
2019-05-01,2019,5,QUINDIO,Armenia,14138
2019-05-01,2019,5,RISARALDA,Pereira,60920
2019-05-01,2019,5,"SAN ANDRES, PROVIDENCIA Y SANTA CATALINA",Providencia,1077
2019-05-01,2019,5,"SAN ANDRES, PROVIDENCIA Y SANTA CATALINA",San Andrés,82756
2019-05-01,2019,5,SANTANDER,Barrancabermeja,5409
2019-05-01,2019,5,SANTANDER,Bucaramanga,68832
2019-05-01,2019,5,SUCRE,Corozal,3453
2019-05-01,2019,5,TOLIMA,Ibagué,5198
2019-05-01,2019,5,VALLE DEL CAUCA,Buenaventura,780
2019-05-01,2019,5,VALLE DEL CAUCA,Cali,162383
2019-05-01,2019,5,VAUPES,Caruru,82
2019-05-01,2019,5,VAUPES,Mitú,1169
2019-05-01,2019,5,VAUPES,Pacoa,15
2019-05-01,2019,5,VAUPES,Taraira,122
2019-05-01,2019,5,VICHADA,Cumaribo,0
2019-05-01,2019,5,VICHADA,La Primavera,0
2019-05-01,2019,5,VICHADA,Puerto Carreño,2151
2019-06-01,2019,6,AMAZONAS,LA CHORRERA,10
2019-06-01,2019,6,AMAZONAS,La Pedrera,162
2019-06-01,2019,6,AMAZONAS,Leticia,12355
2019-06-01,2019,6,ANTIOQUIA,Carepa,9343
2019-06-01,2019,6,ANTIOQUIA,Medellín,43982
2019-06-01,2019,6,ANTIOQUIA,Rionegro,290193
2019-06-01,2019,6,ARAUCA,Arauca,5911
2019-06-01,2019,6,ARAUCA,SARAVENA,1067
2019-06-01,2019,6,ARAUCA,Tame,320
2019-06-01,2019,6,ATLANTICO,Barranquilla,100968
2019-06-01,2019,6,BOGOTA D.C.,"Bogotá, D.C.",795712
2019-06-01,2019,6,BOLIVAR,Cartagena,187736
2019-06-01,2019,6,CALDAS,Manizales,11595
2019-06-01,2019,6,CAQUETA,Florencia,5063
2019-06-01,2019,6,CAQUETA,San Vicente del Caguán,349
2019-06-01,2019,6,CAQUETA,Solano,16
2019-06-01,2019,6,CASANARE,Yopal,13166
2019-06-01,2019,6,CAUCA,Guapi,1240
2019-06-01,2019,6,CAUCA,Popayán,3931
2019-06-01,2019,6,CESAR,Valledupar,18688
2019-06-01,2019,6,CHOCO,Bahía Solano,853
2019-06-01,2019,6,CHOCO,Quibdó,14875
2019-06-01,2019,6,CORDOBA,Montería,42303
2019-06-01,2019,6,GUAINIA,Barranco Minas,122
2019-06-01,2019,6,GUAINIA,Inírida,2000
2019-06-01,2019,6,GUAINIA,San Felipe,39
2019-06-01,2019,6,GUAVIARE,Miraflores,250
2019-06-01,2019,6,GUAVIARE,San José del Guaviare,1263
2019-06-01,2019,6,HUILA,Neiva,13378
2019-06-01,2019,6,HUILA,Pitalito,1287
2019-06-01,2019,6,LA GUAJIRA,Riohacha,10943
2019-06-01,2019,6,MAGDALENA,Santa Marta,98507
2019-06-01,2019,6,META,La Macarena,279
2019-06-01,2019,6,META,Villavicencio,7059
2019-06-01,2019,6,NARINO,Pasto,13780
2019-06-01,2019,6,NARINO,San Andres de Tumaco,5230
2019-06-01,2019,6,NARINO,Aldana,1640
2019-06-01,2019,6,NORTE DE SANTANDER,Cúcuta,40250
2019-06-01,2019,6,PUTUMAYO,Puerto Asís,4886
2019-06-01,2019,6,PUTUMAYO,Puerto Leguízamo,767
2019-06-01,2019,6,PUTUMAYO,Villagarzón,1319
2019-06-01,2019,6,QUINDIO,Armenia,14600
2019-06-01,2019,6,RISARALDA,Pereira,59929
2019-06-01,2019,6,"SAN ANDRES, PROVIDENCIA Y SANTA CATALINA",Providencia,1875
2019-06-01,2019,6,"SAN ANDRES, PROVIDENCIA Y SANTA CATALINA",San Andrés,94302
2019-06-01,2019,6,SANTANDER,Barrancabermeja,5249
2019-06-01,2019,6,SANTANDER,Bucaramanga,71067
2019-06-01,2019,6,SUCRE,Corozal,3975
2019-06-01,2019,6,TOLIMA,Ibagué,5948
2019-06-01,2019,6,VALLE DEL CAUCA,Buenaventura,671
2019-06-01,2019,6,VALLE DEL CAUCA,Cali,171273
2019-06-01,2019,6,VALLE DEL CAUCA,Roldanillo,127
2019-06-01,2019,6,VAUPES,Caruru,156
2019-06-01,2019,6,VAUPES,Mitú,1346
2019-06-01,2019,6,VAUPES,Pacoa,0
2019-06-01,2019,6,VAUPES,Taraira,85
2019-06-01,2019,6,VICHADA,Cumaribo,0
2019-06-01,2019,6,VICHADA,Puerto Carreño,1980
2019-07-01,2019,7,AMAZONAS,LA CHORRERA,43
2019-07-01,2019,7,AMAZONAS,La Pedrera,144
2019-07-01,2019,7,AMAZONAS,Leticia,16301
2019-07-01,2019,7,ANTIOQUIA,Carepa,9541
2019-07-01,2019,7,ANTIOQUIA,Medellín,47708
2019-07-01,2019,7,ANTIOQUIA,Rionegro,309685
2019-07-01,2019,7,ARAUCA,Arauca,6472
2019-07-01,2019,7,ARAUCA,SARAVENA,1091
2019-07-01,2019,7,ARAUCA,Tame,373
2019-07-01,2019,7,ATLANTICO,Barranquilla,109078
2019-07-01,2019,7,BOGOTA D.C.,"Bogotá, D.C.",876580
2019-07-01,2019,7,BOLIVAR,Cartagena,196494
2019-07-01,2019,7,CALDAS,Manizales,10985
2019-07-01,2019,7,CAQUETA,Florencia,5242
2019-07-01,2019,7,CAQUETA,San Vicente del Caguán,305
2019-07-01,2019,7,CAQUETA,Solano,56
2019-07-01,2019,7,CASANARE,Yopal,14496
2019-07-01,2019,7,CAUCA,Guapi,1413
2019-07-01,2019,7,CAUCA,Popayán,4860
2019-07-01,2019,7,CESAR,Valledupar,18416
2019-07-01,2019,7,CESAR,Bosconia,159
2019-07-01,2019,7,CHOCO,Bahía Solano,1020
2019-07-01,2019,7,CHOCO,Quibdó,15270
2019-07-01,2019,7,CORDOBA,Montería,44394
2019-07-01,2019,7,GUAINIA,Barranco Minas,237
2019-07-01,2019,7,GUAINIA,Inírida,2288
2019-07-01,2019,7,GUAINIA,San Felipe,63
2019-07-01,2019,7,GUAVIARE,Miraflores,418
2019-07-01,2019,7,GUAVIARE,San José del Guaviare,1544
2019-07-01,2019,7,HUILA,Neiva,13848
2019-07-01,2019,7,HUILA,Pitalito,1544
2019-07-01,2019,7,LA GUAJIRA,Riohacha,11790
2019-07-01,2019,7,MAGDALENA,Santa Marta,103876
2019-07-01,2019,7,META,La Macarena,590
2019-07-01,2019,7,META,Villavicencio,8714
2019-07-01,2019,7,NARINO,Pasto,13633
2019-07-01,2019,7,NARINO,San Andres de Tumaco,6041
2019-07-01,2019,7,NARINO,Aldana,1850
2019-07-01,2019,7,NORTE DE SANTANDER,Cúcuta,42144
2019-07-01,2019,7,PUTUMAYO,Puerto Asís,5167
2019-07-01,2019,7,PUTUMAYO,Puerto Leguízamo,831
2019-07-01,2019,7,PUTUMAYO,Villagarzón,1175
2019-07-01,2019,7,QUINDIO,Armenia,15017
2019-07-01,2019,7,RISARALDA,Pereira,72930
2019-07-01,2019,7,"SAN ANDRES, PROVIDENCIA Y SANTA CATALINA",Providencia,1468
2019-07-01,2019,7,"SAN ANDRES, PROVIDENCIA Y SANTA CATALINA",San Andrés,97359
2019-07-01,2019,7,SANTANDER,Barrancabermeja,6337
2019-07-01,2019,7,SANTANDER,Bucaramanga,78834
2019-07-01,2019,7,SUCRE,Corozal,4243
2019-07-01,2019,7,TOLIMA,Ibagué,6661
2019-07-01,2019,7,VALLE DEL CAUCA,Buenaventura,703
2019-07-01,2019,7,VALLE DEL CAUCA,Cali,200175
2019-07-01,2019,7,VAUPES,Caruru,118
2019-07-01,2019,7,VAUPES,Mitú,1370
2019-07-01,2019,7,VAUPES,Pacoa,0
2019-07-01,2019,7,VAUPES,Taraira,95
2019-07-01,2019,7,VICHADA,Puerto Carreño,2199
2019-08-01,2019,8,AMAZONAS,LA CHORRERA,74
2019-08-01,2019,8,AMAZONAS,La Pedrera,140
2019-08-01,2019,8,AMAZONAS,Leticia,15183
2019-08-01,2019,8,ANTIOQUIA,Carepa,9622
2019-08-01,2019,8,ANTIOQUIA,Medellín,46344
2019-08-01,2019,8,ANTIOQUIA,Rionegro,317379
2019-08-01,2019,8,ANTIOQUIA,Ituango,34
2019-08-01,2019,8,ARAUCA,Arauca,5826
2019-08-01,2019,8,ARAUCA,SARAVENA,1125
2019-08-01,2019,8,ARAUCA,Tame,336
2019-08-01,2019,8,ATLANTICO,Barranquilla,106907
2019-08-01,2019,8,BOGOTA D.C.,"Bogotá, D.C.",892204
2019-08-01,2019,8,BOLIVAR,Cartagena,192505
2019-08-01,2019,8,CALDAS,Manizales,12102
2019-08-01,2019,8,CAQUETA,Florencia,5663
2019-08-01,2019,8,CAQUETA,San Vicente del Caguán,305
2019-08-01,2019,8,CAQUETA,Solano,176
2019-08-01,2019,8,CASANARE,Aguazul,0
2019-08-01,2019,8,CASANARE,Nunchía,100
2019-08-01,2019,8,CASANARE,Trinidad,11
2019-08-01,2019,8,CASANARE,Villanueva,9
2019-08-01,2019,8,CASANARE,Yopal,13814
2019-08-01,2019,8,CAUCA,Guapi,1390
2019-08-01,2019,8,CAUCA,Popayán,5659
2019-08-01,2019,8,CAUCA,Padilla,6
2019-08-01,2019,8,CESAR,Agustín Codazzi,34
2019-08-01,2019,8,CESAR,Valledupar,17477
2019-08-01,2019,8,CESAR,Bosconia,113
2019-08-01,2019,8,CHOCO,Bahía Solano,1047
2019-08-01,2019,8,CHOCO,Bajo Baudó,1
2019-08-01,2019,8,CHOCO,Quibdó,14150
2019-08-01,2019,8,CORDOBA,Montería,42387
2019-08-01,2019,8,GUAINIA,Barranco Minas,193
2019-08-01,2019,8,GUAINIA,Inírida,1913
2019-08-01,2019,8,GUAINIA,San Felipe,60
2019-08-01,2019,8,GUAVIARE,Miraflores,317
2019-08-01,2019,8,GUAVIARE,San José del Guaviare,1629
2019-08-01,2019,8,HUILA,Neiva,13465
2019-08-01,2019,8,HUILA,Pitalito,1550
2019-08-01,2019,8,LA GUAJIRA,Riohacha,11251
2019-08-01,2019,8,MAGDALENA,Ariguaní,0
2019-08-01,2019,8,MAGDALENA,Santa Marta,95711
2019-08-01,2019,8,META,La Macarena,569
2019-08-01,2019,8,META,Villavicencio,31562
2019-08-01,2019,8,NARINO,Pasto,14268
2019-08-01,2019,8,NARINO,San Andres de Tumaco,6391
2019-08-01,2019,8,NARINO,Aldana,1707
2019-08-01,2019,8,NORTE DE SANTANDER,Cúcuta,40440
2019-08-01,2019,8,PUTUMAYO,Puerto Asís,5070
2019-08-01,2019,8,PUTUMAYO,Puerto Leguízamo,847
2019-08-01,2019,8,PUTUMAYO,Villagarzón,1056
2019-08-01,2019,8,QUINDIO,Armenia,14969
2019-08-01,2019,8,RISARALDA,Pereira,71376
2019-08-01,2019,8,"SAN ANDRES, PROVIDENCIA Y SANTA CATALINA",Providencia,1133
2019-08-01,2019,8,"SAN ANDRES, PROVIDENCIA Y SANTA CATALINA",San Andrés,95564
2019-08-01,2019,8,SANTANDER,Barrancabermeja,6538
2019-08-01,2019,8,SANTANDER,Bucaramanga,80291
2019-08-01,2019,8,SUCRE,Corozal,3827
2019-08-01,2019,8,TOLIMA,Ibagué,7232
2019-08-01,2019,8,TOLIMA,natagaima,21
2019-08-01,2019,8,TOLIMA,San Sebastián de Mariquita,19
2019-08-01,2019,8,TOLIMA,Saldaña,13
2019-08-01,2019,8,VALLE DEL CAUCA,Buenaventura,574
2019-08-01,2019,8,VALLE DEL CAUCA,Cali,199306
2019-08-01,2019,8,VAUPES,Caruru,104
2019-08-01,2019,8,VAUPES,Mitú,1342
2019-08-01,2019,8,VAUPES,Taraira,89
2019-08-01,2019,8,VICHADA,Cumaribo,0
2019-08-01,2019,8,VICHADA,Puerto Carreño,2000
2019-09-01,2019,9,AMAZONAS,LA CHORRERA,90
2019-09-01,2019,9,AMAZONAS,La Pedrera,126
2019-09-01,2019,9,AMAZONAS,Leticia,13253
2019-09-01,2019,9,ANTIOQUIA,Carepa,9882
2019-09-01,2019,9,ANTIOQUIA,Medellín,45027
2019-09-01,2019,9,ANTIOQUIA,Rionegro,290742
2019-09-01,2019,9,ANTIOQUIA,Ituango,72
2019-09-01,2019,9,ARAUCA,Arauca,5510
2019-09-01,2019,9,ARAUCA,SARAVENA,1021
2019-09-01,2019,9,ARAUCA,Tame,320
2019-09-01,2019,9,ATLANTICO,Barranquilla,101024
2019-09-01,2019,9,BOGOTA D.C.,"Bogotá, D.C.",847760
2019-09-01,2019,9,BOLIVAR,Cartagena,172144
2019-09-01,2019,9,CALDAS,Manizales,11189
2019-09-01,2019,9,CAQUETA,Florencia,5528
2019-09-01,2019,9,CAQUETA,San Vicente del Caguán,271
2019-09-01,2019,9,CAQUETA,Solano,62
2019-09-01,2019,9,CASANARE,Nunchía,55
2019-09-01,2019,9,CASANARE,Trinidad,18
2019-09-01,2019,9,CASANARE,Yopal,13801
2019-09-01,2019,9,CAUCA,Guapi,1307
2019-09-01,2019,9,CAUCA,Popayán,5569
2019-09-01,2019,9,CAUCA,Padilla,10
2019-09-01,2019,9,CESAR,Agustín Codazzi,19
2019-09-01,2019,9,CESAR,Valledupar,18496
2019-09-01,2019,9,CESAR,Bosconia,215
2019-09-01,2019,9,CHOCO,Bahía Solano,950
2019-09-01,2019,9,CHOCO,Bajo Baudó,7
2019-09-01,2019,9,CHOCO,Quibdó,15088
2019-09-01,2019,9,CORDOBA,Montería,41895
2019-09-01,2019,9,GUAINIA,Barranco Minas,143
2019-09-01,2019,9,GUAINIA,Inírida,2097
2019-09-01,2019,9,GUAINIA,San Felipe,61
2019-09-01,2019,9,GUAVIARE,Miraflores,281
2019-09-01,2019,9,GUAVIARE,San José del Guaviare,1553
2019-09-01,2019,9,HUILA,Neiva,12870
2019-09-01,2019,9,HUILA,Pitalito,1369
2019-09-01,2019,9,LA GUAJIRA,Riohacha,10454
2019-09-01,2019,9,MAGDALENA,Santa Marta,83597
2019-09-01,2019,9,META,La Macarena,503
2019-09-01,2019,9,META,San Martín Meta,4
2019-09-01,2019,9,META,Villavicencio,30296
2019-09-01,2019,9,NARINO,Pasto,12863
2019-09-01,2019,9,NARINO,San Andres de Tumaco,5669
2019-09-01,2019,9,NARINO,Aldana,1615
2019-09-01,2019,9,NORTE DE SANTANDER,Cúcuta,41755
2019-09-01,2019,9,PUTUMAYO,Puerto Asís,5151
2019-09-01,2019,9,PUTUMAYO,Puerto Leguízamo,918
2019-09-01,2019,9,PUTUMAYO,Villagarzón,1137
2019-09-01,2019,9,QUINDIO,Armenia,14392
2019-09-01,2019,9,RISARALDA,Pereira,61226
2019-09-01,2019,9,"SAN ANDRES, PROVIDENCIA Y SANTA CATALINA",Providencia,1077
2019-09-01,2019,9,"SAN ANDRES, PROVIDENCIA Y SANTA CATALINA",San Andrés,89401
2019-09-01,2019,9,SANTANDER,Barrancabermeja,7327
2019-09-01,2019,9,SANTANDER,Bucaramanga,76849
2019-09-01,2019,9,SUCRE,Corozal,3688
2019-09-01,2019,9,TOLIMA,Ibagué,6732
2019-09-01,2019,9,TOLIMA,natagaima,21
2019-09-01,2019,9,TOLIMA,Saldaña,13
2019-09-01,2019,9,VALLE DEL CAUCA,Buenaventura,622
2019-09-01,2019,9,VALLE DEL CAUCA,Cali,183267
2019-09-01,2019,9,VALLE DEL CAUCA,Calima,1
2019-09-01,2019,9,VAUPES,Caruru,57
2019-09-01,2019,9,VAUPES,Mitú,1350
2019-09-01,2019,9,VAUPES,Pacoa,38
2019-09-01,2019,9,VAUPES,Taraira,62
2019-09-01,2019,9,VICHADA,Cumaribo,0
2019-09-01,2019,9,VICHADA,La Primavera,0
2019-09-01,2019,9,VICHADA,Puerto Carreño,2211
2019-10-01,2019,10,AMAZONAS,LA CHORRERA,89
2019-10-01,2019,10,AMAZONAS,La Pedrera,263
2019-10-01,2019,10,AMAZONAS,Leticia,13994
2019-10-01,2019,10,ANTIOQUIA,Carepa,10759
2019-10-01,2019,10,ANTIOQUIA,Medellín,45929
2019-10-01,2019,10,ANTIOQUIA,Rionegro,298580
2019-10-01,2019,10,ANTIOQUIA,Ituango,79
2019-10-01,2019,10,ARAUCA,Arauca,6013
2019-10-01,2019,10,ARAUCA,SARAVENA,1207
2019-10-01,2019,10,ARAUCA,Tame,302
2019-10-01,2019,10,ATLANTICO,Barranquilla,99118
2019-10-01,2019,10,BOGOTA D.C.,"Bogotá, D.C.",852003
2019-10-01,2019,10,BOLIVAR,Cartagena,177961
2019-10-01,2019,10,CALDAS,Manizales,9334
2019-10-01,2019,10,CAQUETA,Florencia,6327
2019-10-01,2019,10,CAQUETA,San Vicente del Caguán,325
2019-10-01,2019,10,CAQUETA,Solano,76
2019-10-01,2019,10,CASANARE,Nunchía,126
2019-10-01,2019,10,CASANARE,Paz de Ariporo,1
2019-10-01,2019,10,CASANARE,Trinidad,28
2019-10-01,2019,10,CASANARE,Yopal,13466
2019-10-01,2019,10,CAUCA,Guapi,1326
2019-10-01,2019,10,CAUCA,Popayán,4998
2019-10-01,2019,10,CAUCA,Padilla,17
2019-10-01,2019,10,CESAR,Agustín Codazzi,26
2019-10-01,2019,10,CESAR,Valledupar,19436
2019-10-01,2019,10,CESAR,Bosconia,104
2019-10-01,2019,10,CHOCO,Bahía Solano,946
2019-10-01,2019,10,CHOCO,Bajo Baudó,5
2019-10-01,2019,10,CHOCO,Quibdó,14733
2019-10-01,2019,10,CORDOBA,Montería,43517
2019-10-01,2019,10,GUAINIA,Barranco Minas,78
2019-10-01,2019,10,GUAINIA,Inírida,2088
2019-10-01,2019,10,GUAINIA,San Felipe,48
2019-10-01,2019,10,GUAVIARE,Miraflores,369
2019-10-01,2019,10,GUAVIARE,San José del Guaviare,1361
2019-10-01,2019,10,HUILA,Neiva,11421
2019-10-01,2019,10,HUILA,Pitalito,1380
2019-10-01,2019,10,LA GUAJIRA,Riohacha,9685
2019-10-01,2019,10,MAGDALENA,Santa Marta,82427
2019-10-01,2019,10,META,La Macarena,509
2019-10-01,2019,10,META,San Martín Meta,9
2019-10-01,2019,10,META,Villavicencio,20228
2019-10-01,2019,10,NARINO,Pasto,13137
2019-10-01,2019,10,NARINO,San Andres de Tumaco,5405
2019-10-01,2019,10,NARINO,Aldana,1595
2019-10-01,2019,10,NORTE DE SANTANDER,Cúcuta,42162
2019-10-01,2019,10,PUTUMAYO,Puerto Asís,5194
2019-10-01,2019,10,PUTUMAYO,Puerto Leguízamo,829
2019-10-01,2019,10,PUTUMAYO,Villagarzón,1281
2019-10-01,2019,10,QUINDIO,Armenia,14705
2019-10-01,2019,10,RISARALDA,Pereira,66607
2019-10-01,2019,10,"SAN ANDRES, PROVIDENCIA Y SANTA CATALINA",Providencia,1373
2019-10-01,2019,10,"SAN ANDRES, PROVIDENCIA Y SANTA CATALINA",San Andrés,89706
2019-10-01,2019,10,SANTANDER,Barrancabermeja,8021
2019-10-01,2019,10,SANTANDER,Bucaramanga,80513
2019-10-01,2019,10,SANTANDER,Rionegro Santander,0
2019-10-01,2019,10,SUCRE,Corozal,3372
2019-10-01,2019,10,TOLIMA,Ibagué,5323
2019-10-01,2019,10,TOLIMA,natagaima,44
2019-10-01,2019,10,TOLIMA,Saldaña,12
2019-10-01,2019,10,VALLE DEL CAUCA,Buenaventura,562
2019-10-01,2019,10,VALLE DEL CAUCA,Cali,179105
2019-10-01,2019,10,VAUPES,Caruru,279
2019-10-01,2019,10,VAUPES,Mitú,1502
2019-10-01,2019,10,VAUPES,Taraira,167
2019-10-01,2019,10,VICHADA,Cumaribo,0
2019-10-01,2019,10,VICHADA,Puerto Carreño,2150
2019-11-01,2019,11,AMAZONAS,LA CHORRERA,35
2019-11-01,2019,11,AMAZONAS,La Pedrera,208
2019-11-01,2019,11,AMAZONAS,Leticia,12978
2019-11-01,2019,11,AMAZONAS,EL ENCANTO,0
2019-11-01,2019,11,ANTIOQUIA,Carepa,10161
2019-11-01,2019,11,ANTIOQUIA,Medellín,45249
2019-11-01,2019,11,ANTIOQUIA,Rionegro,300933
2019-11-01,2019,11,ANTIOQUIA,Ituango,59
2019-11-01,2019,11,ARAUCA,Arauca,6018
2019-11-01,2019,11,ARAUCA,SARAVENA,1064
2019-11-01,2019,11,ARAUCA,Tame,362
2019-11-01,2019,11,ATLANTICO,Barranquilla,98018
2019-11-01,2019,11,BOGOTA D.C.,"Bogotá, D.C.",825572
2019-11-01,2019,11,BOLIVAR,Cartagena,187542
2019-11-01,2019,11,CALDAS,Manizales,8004
2019-11-01,2019,11,CAQUETA,Florencia,5924
2019-11-01,2019,11,CAQUETA,San Vicente del Caguán,301
2019-11-01,2019,11,CAQUETA,Solano,35
2019-11-01,2019,11,CASANARE,Nunchía,136
2019-11-01,2019,11,CASANARE,Trinidad,26
2019-11-01,2019,11,CASANARE,Yopal,13183
2019-11-01,2019,11,CAUCA,Guapi,1197
2019-11-01,2019,11,CAUCA,Popayán,4571
2019-11-01,2019,11,CAUCA,Padilla,11
2019-11-01,2019,11,CESAR,Agustín Codazzi,7
2019-11-01,2019,11,CESAR,Valledupar,19629
2019-11-01,2019,11,CESAR,Bosconia,50
2019-11-01,2019,11,CHOCO,Bahía Solano,846
2019-11-01,2019,11,CHOCO,Bajo Baudó,6
2019-11-01,2019,11,CHOCO,Quibdó,14612
2019-11-01,2019,11,CORDOBA,Montería,45441
2019-11-01,2019,11,GUAINIA,Barranco Minas,140
2019-11-01,2019,11,GUAINIA,Inírida,2104
2019-11-01,2019,11,GUAINIA,San Felipe,49
2019-11-01,2019,11,GUAVIARE,Miraflores,272
2019-11-01,2019,11,GUAVIARE,San José del Guaviare,1374
2019-11-01,2019,11,HUILA,Neiva,11481
2019-11-01,2019,11,HUILA,Pitalito,1228
2019-11-01,2019,11,LA GUAJIRA,Riohacha,9855
2019-11-01,2019,11,MAGDALENA,Santa Marta,93400
2019-11-01,2019,11,META,La Macarena,206
2019-11-01,2019,11,META,San Martín Meta,13
2019-11-01,2019,11,META,Villavicencio,13102
2019-11-01,2019,11,NARINO,Pasto,13054
2019-11-01,2019,11,NARINO,San Andres de Tumaco,5086
2019-11-01,2019,11,NARINO,Aldana,1582
2019-11-01,2019,11,NORTE DE SANTANDER,Cúcuta,42846
2019-11-01,2019,11,PUTUMAYO,Puerto Asís,5066
2019-11-01,2019,11,PUTUMAYO,Puerto Leguízamo,853
2019-11-01,2019,11,PUTUMAYO,Villagarzón,1345
2019-11-01,2019,11,QUINDIO,Armenia,16086
2019-11-01,2019,11,RISARALDA,Pereira,67336
2019-11-01,2019,11,"SAN ANDRES, PROVIDENCIA Y SANTA CATALINA",Providencia,1185
2019-11-01,2019,11,"SAN ANDRES, PROVIDENCIA Y SANTA CATALINA",San Andrés,93787
2019-11-01,2019,11,SANTANDER,Barrancabermeja,6767
2019-11-01,2019,11,SANTANDER,Bucaramanga,78818
2019-11-01,2019,11,SUCRE,Corozal,2484
2019-11-01,2019,11,SUCRE,San José De Toluviejo,123
2019-11-01,2019,11,TOLIMA,Ibagué,4786
2019-11-01,2019,11,TOLIMA,natagaima,53
2019-11-01,2019,11,TOLIMA,Saldaña,12
2019-11-01,2019,11,VALLE DEL CAUCA,Buenaventura,507
2019-11-01,2019,11,VALLE DEL CAUCA,Cali,177957
2019-11-01,2019,11,VAUPES,Caruru,126
2019-11-01,2019,11,VAUPES,Mitú,1407
2019-11-01,2019,11,VAUPES,Taraira,64
2019-11-01,2019,11,VICHADA,Cumaribo,0
2019-11-01,2019,11,VICHADA,Puerto Carreño,2062
2019-12-01,2019,12,AMAZONAS,LA CHORRERA,113
2019-12-01,2019,12,AMAZONAS,La Pedrera,255
2019-12-01,2019,12,AMAZONAS,Leticia,15681
2019-12-01,2019,12,ANTIOQUIA,Carepa,10928
2019-12-01,2019,12,ANTIOQUIA,Medellín,46850
2019-12-01,2019,12,ANTIOQUIA,Rionegro,335778
2019-12-01,2019,12,ANTIOQUIA,Ituango,58
2019-12-01,2019,12,ARAUCA,Arauca,6337
2019-12-01,2019,12,ARAUCA,SARAVENA,950
2019-12-01,2019,12,ARAUCA,Tame,397
2019-12-01,2019,12,ATLANTICO,Barranquilla,105380
2019-12-01,2019,12,BOGOTA D.C.,"Bogotá, D.C.",837173
2019-12-01,2019,12,BOLIVAR,Cartagena,217776
2019-12-01,2019,12,CALDAS,Manizales,9460
2019-12-01,2019,12,CAQUETA,Florencia,6108
2019-12-01,2019,12,CAQUETA,San Vicente del Caguán,307
2019-12-01,2019,12,CAQUETA,Solano,159
2019-12-01,2019,12,CASANARE,Nunchía,79
2019-12-01,2019,12,CASANARE,Trinidad,25
2019-12-01,2019,12,CASANARE,Yopal,13736
2019-12-01,2019,12,CAUCA,Guapi,1353
2019-12-01,2019,12,CAUCA,Popayán,5611
2019-12-01,2019,12,CAUCA,Padilla,7
2019-12-01,2019,12,CESAR,Aguachica,262
2019-12-01,2019,12,CESAR,Agustín Codazzi,6
2019-12-01,2019,12,CESAR,Valledupar,22365
2019-12-01,2019,12,CESAR,Bosconia,91
2019-12-01,2019,12,CHOCO,Bahía Solano,1060
2019-12-01,2019,12,CHOCO,Bajo Baudó,5
2019-12-01,2019,12,CHOCO,Quibdó,19051
2019-12-01,2019,12,CORDOBA,Ayapel,1
2019-12-01,2019,12,CORDOBA,Montería,57894
2019-12-01,2019,12,GUAINIA,Barranco Minas,125
2019-12-01,2019,12,GUAINIA,Inírida,2334
2019-12-01,2019,12,GUAVIARE,Miraflores,331
2019-12-01,2019,12,GUAVIARE,San José del Guaviare,1379
2019-12-01,2019,12,HUILA,Neiva,11429
2019-12-01,2019,12,HUILA,Palermo,1
2019-12-01,2019,12,HUILA,Pitalito,1153
2019-12-01,2019,12,LA GUAJIRA,Riohacha,12587
2019-12-01,2019,12,MAGDALENA,Santa Marta,109138
2019-12-01,2019,12,META,San Martín Meta,5
2019-12-01,2019,12,META,Villavicencio,9748
2019-12-01,2019,12,NARINO,Pasto,16447
2019-12-01,2019,12,NARINO,San Andres de Tumaco,7986
2019-12-01,2019,12,NARINO,Aldana,1845
2019-12-01,2019,12,NORTE DE SANTANDER,Cúcuta,50913
2019-12-01,2019,12,NORTE DE SANTANDER,Tibú,97
2019-12-01,2019,12,PUTUMAYO,Puerto Asís,5333
2019-12-01,2019,12,PUTUMAYO,Puerto Leguízamo,971
2019-12-01,2019,12,PUTUMAYO,Villagarzón,1479
2019-12-01,2019,12,QUINDIO,Armenia,21329
2019-12-01,2019,12,RISARALDA,Pereira,73898
2019-12-01,2019,12,"SAN ANDRES, PROVIDENCIA Y SANTA CATALINA",Providencia,2189
2019-12-01,2019,12,"SAN ANDRES, PROVIDENCIA Y SANTA CATALINA",San Andrés,103378
2019-12-01,2019,12,SANTANDER,Barrancabermeja,7005
2019-12-01,2019,12,SANTANDER,Bucaramanga,82913
2019-12-01,2019,12,SUCRE,Corozal,3056
2019-12-01,2019,12,SUCRE,San José De Toluviejo,465
2019-12-01,2019,12,TOLIMA,Ibagué,5659
2019-12-01,2019,12,TOLIMA,natagaima,47
2019-12-01,2019,12,TOLIMA,Saldaña,6
2019-12-01,2019,12,VALLE DEL CAUCA,Buenaventura,592
2019-12-01,2019,12,VALLE DEL CAUCA,Cali,196432
2019-12-01,2019,12,VALLE DEL CAUCA,Calima,1
2019-12-01,2019,12,VAUPES,Caruru,33
2019-12-01,2019,12,VAUPES,Mitú,1450
2019-12-01,2019,12,VAUPES,Taraira,140
2019-12-01,2019,12,VICHADA,Cumaribo,0
2019-12-01,2019,12,VICHADA,La Primavera,0
2019-12-01,2019,12,VICHADA,Puerto Carreño,2035
2020-01-01,2020,1,AMAZONAS,LA CHORRERA,79
2020-01-01,2020,1,AMAZONAS,La Pedrera,185
2020-01-01,2020,1,AMAZONAS,Leticia,15782
2020-01-01,2020,1,ANTIOQUIA,Carepa,8713
2020-01-01,2020,1,ANTIOQUIA,Medellín,48122
2020-01-01,2020,1,ANTIOQUIA,Rionegro,307489
2020-01-01,2020,1,ANTIOQUIA,Ituango,57
2020-01-01,2020,1,ARAUCA,Arauca,5748
2020-01-01,2020,1,ARAUCA,SARAVENA,1064
2020-01-01,2020,1,ARAUCA,Tame,321
2020-01-01,2020,1,ATLANTICO,Barranquilla,99784
2020-01-01,2020,1,BOGOTA D.C.,"Bogotá, D.C.",855478
2020-01-01,2020,1,BOLIVAR,Cartagena,216292
2020-01-01,2020,1,CALDAS,Manizales,8359
2020-01-01,2020,1,CAQUETA,Florencia,4742
2020-01-01,2020,1,CAQUETA,San Vicente del Caguán,235
2020-01-01,2020,1,CAQUETA,Solano,112
2020-01-01,2020,1,CASANARE,Aguazul,0
2020-01-01,2020,1,CASANARE,Nunchía,36
2020-01-01,2020,1,CASANARE,Trinidad,32
2020-01-01,2020,1,CASANARE,Yopal,11458
2020-01-01,2020,1,CAUCA,Guapi,1256
2020-01-01,2020,1,CAUCA,popayán,3537
2020-01-01,2020,1,CAUCA,Padilla,11
2020-01-01,2020,1,CESAR,Aguachica,287
2020-01-01,2020,1,CESAR,Agustín Codazzi,52
2020-01-01,2020,1,CESAR,VALLEDUPAR,18998
2020-01-01,2020,1,CESAR,Bosconia,187
2020-01-01,2020,1,CHOCO,Bahía Solano,1018
2020-01-01,2020,1,CHOCO,Bajo Baudó,6
2020-01-01,2020,1,CHOCO,Quibdó,13302
2020-01-01,2020,1,CORDOBA,Montería,49682
2020-01-01,2020,1,GUAINIA,Barranco Minas,175
2020-01-01,2020,1,GUAINIA,Inírida,2478
2020-01-01,2020,1,GUAINIA,San Felipe,9
2020-01-01,2020,1,GUAVIARE,Miraflores,296
2020-01-01,2020,1,GUAVIARE,San José del Guaviare,1123
2020-01-01,2020,1,HUILA,Neiva,9906
2020-01-01,2020,1,HUILA,Pitalito,848
2020-01-01,2020,1,LA GUAJIRA,Riohacha,11652
2020-01-01,2020,1,MAGDALENA,Ariguaní,1
2020-01-01,2020,1,MAGDALENA,Ciénaga,18
2020-01-01,2020,1,MAGDALENA,Santa Marta,105212
2020-01-01,2020,1,META,San Martín Meta,7
2020-01-01,2020,1,META,Villavicencio,5992
2020-01-01,2020,1,NARINO,Pasto,11646
2020-01-01,2020,1,NARINO,San Andres de Tumaco,5650
2020-01-01,2020,1,NARINO,Aldana,1661
2020-01-01,2020,1,NORTE DE SANTANDER,Cúcuta,44881
2020-01-01,2020,1,PUTUMAYO,Puerto Asís,4787
2020-01-01,2020,1,PUTUMAYO,Puerto Leguízamo,931
2020-01-01,2020,1,PUTUMAYO,Villagarzón,1417
2020-01-01,2020,1,QUINDIO,Armenia,18974
2020-01-01,2020,1,RISARALDA,Pereira,66758
2020-01-01,2020,1,"SAN ANDRES, PROVIDENCIA Y SANTA CATALINA",Providencia,1695
2020-01-01,2020,1,"SAN ANDRES, PROVIDENCIA Y SANTA CATALINA",San Andrés,101113
2020-01-01,2020,1,SANTANDER,Barrancabermeja,5507
2020-01-01,2020,1,SANTANDER,Bucaramanga,74276
2020-01-01,2020,1,SUCRE,Corozal,2436
2020-01-01,2020,1,SUCRE,SAN MARCOS,57
2020-01-01,2020,1,SUCRE,San José De Toluviejo,542
2020-01-01,2020,1,TOLIMA,Ibagué,4331
2020-01-01,2020,1,TOLIMA,natagaima,33
2020-01-01,2020,1,TOLIMA,Saldaña,20
2020-01-01,2020,1,VALLE DEL CAUCA,Buenaventura,495
2020-01-01,2020,1,VALLE DEL CAUCA,Cali,172265
2020-01-01,2020,1,VAUPES,Caruru,47
2020-01-01,2020,1,VAUPES,Mitú,1592
2020-01-01,2020,1,VAUPES,Pacoa,2
2020-01-01,2020,1,VAUPES,Taraira,115
2020-01-01,2020,1,VICHADA,Cumaribo,0
2020-01-01,2020,1,VICHADA,PUERTO CARREÑO,2339
2020-02-01,2020,2,AMAZONAS,LA CHORRERA,40
2020-02-01,2020,2,AMAZONAS,La Pedrera,109
2020-02-01,2020,2,AMAZONAS,Leticia,11930
2020-02-01,2020,2,ANTIOQUIA,Carepa,9660
2020-02-01,2020,2,ANTIOQUIA,Medellín,42179
2020-02-01,2020,2,ANTIOQUIA,Rionegro,285817
2020-02-01,2020,2,ARAUCA,Arauca,5425
2020-02-01,2020,2,ARAUCA,SARAVENA,1076
2020-02-01,2020,2,ARAUCA,Tame,251
2020-02-01,2020,2,ATLANTICO,Barranquilla,97812
2020-02-01,2020,2,BOGOTA D.C.,"Bogotá, D.C.",770456
2020-02-01,2020,2,BOLIVAR,Cartagena,175681
2020-02-01,2020,2,CALDAS,Manizales,8866
2020-02-01,2020,2,CAQUETA,Florencia,5361
2020-02-01,2020,2,CAQUETA,San Vicente del Caguán,317
2020-02-01,2020,2,CAQUETA,Solano,58
2020-02-01,2020,2,CASANARE,Aguazul,0
2020-02-01,2020,2,CASANARE,Nunchía,3
2020-02-01,2020,2,CASANARE,Paz de Ariporo,1
2020-02-01,2020,2,CASANARE,Yopal,12684
2020-02-01,2020,2,CAUCA,Guapi,1288
2020-02-01,2020,2,CAUCA,popayán,4354
2020-02-01,2020,2,CAUCA,Padilla,5
2020-02-01,2020,2,CESAR,Aguachica,229
2020-02-01,2020,2,CESAR,VALLEDUPAR,17525
2020-02-01,2020,2,CHOCO,Bahía Solano,900
2020-02-01,2020,2,CHOCO,Quibdó,12826
2020-02-01,2020,2,CORDOBA,Montería,44173
2020-02-01,2020,2,GUAINIA,Barranco Minas,164
2020-02-01,2020,2,GUAINIA,Inírida,2256
2020-02-01,2020,2,GUAVIARE,Miraflores,304
2020-02-01,2020,2,GUAVIARE,San José del Guaviare,1030
2020-02-01,2020,2,HUILA,Neiva,11421
2020-02-01,2020,2,HUILA,Pitalito,999
2020-02-01,2020,2,LA GUAJIRA,Riohacha,9443
2020-02-01,2020,2,MAGDALENA,Ariguaní,0
2020-02-01,2020,2,MAGDALENA,Santa Marta,79971
2020-02-01,2020,2,META,Villavicencio,6449
2020-02-01,2020,2,NARINO,Pasto,14167
2020-02-01,2020,2,NARINO,San Andres de Tumaco,5428
2020-02-01,2020,2,NARINO,santa barbara - narino,8
2020-02-01,2020,2,NARINO,Aldana,1456
2020-02-01,2020,2,NORTE DE SANTANDER,Cúcuta,39951
2020-02-01,2020,2,PUTUMAYO,Puerto Asís,4582
2020-02-01,2020,2,PUTUMAYO,Puerto Leguízamo,773
2020-02-01,2020,2,PUTUMAYO,Villagarzón,1289
2020-02-01,2020,2,QUINDIO,Armenia,19063
2020-02-01,2020,2,RISARALDA,Pereira,60514
2020-02-01,2020,2,"SAN ANDRES, PROVIDENCIA Y SANTA CATALINA",Providencia,1064
2020-02-01,2020,2,"SAN ANDRES, PROVIDENCIA Y SANTA CATALINA",San Andrés,90768
2020-02-01,2020,2,SANTANDER,Barrancabermeja,7112
2020-02-01,2020,2,SANTANDER,Bucaramanga,77004
2020-02-01,2020,2,SUCRE,Corozal,2161
2020-02-01,2020,2,SUCRE,San José De Toluviejo,113
2020-02-01,2020,2,TOLIMA,Flandes,77
2020-02-01,2020,2,TOLIMA,Ibagué,4478
2020-02-01,2020,2,TOLIMA,natagaima,7
2020-02-01,2020,2,VALLE DEL CAUCA,Buenaventura,571
2020-02-01,2020,2,VALLE DEL CAUCA,Cali,176335
2020-02-01,2020,2,VAUPES,Caruru,65
2020-02-01,2020,2,VAUPES,Mitú,1380
2020-02-01,2020,2,VAUPES,Pacoa,4
2020-02-01,2020,2,VAUPES,Taraira,99
2020-02-01,2020,2,VICHADA,Cumaribo,0
2020-02-01,2020,2,VICHADA,PUERTO CARREÑO,2044
2020-03-01,2020,3,AMAZONAS,LA CHORRERA,55
2020-03-01,2020,3,AMAZONAS,La Pedrera,112
2020-03-01,2020,3,AMAZONAS,Leticia,7948
2020-03-01,2020,3,ANTIOQUIA,Carepa,6386
2020-03-01,2020,3,ANTIOQUIA,Medellín,26990
2020-03-01,2020,3,ANTIOQUIA,Rionegro,166769
2020-03-01,2020,3,ANTIOQUIA,Ituango,60
2020-03-01,2020,3,ARAUCA,Arauca,3758
2020-03-01,2020,3,ARAUCA,SARAVENA,826
2020-03-01,2020,3,ARAUCA,Tame,236
2020-03-01,2020,3,ATLANTICO,Barranquilla,54284
2020-03-01,2020,3,BOGOTA D.C.,"Bogotá, D.C.",455349
2020-03-01,2020,3,BOLIVAR,Cartagena,94656
2020-03-01,2020,3,BOLIVAR,El Carmen De Bolívar,0
2020-03-01,2020,3,CALDAS,Manizales,5432
2020-03-01,2020,3,CAQUETA,Florencia,3586
2020-03-01,2020,3,CAQUETA,San Vicente del Caguán,111
2020-03-01,2020,3,CAQUETA,Solano,107
2020-03-01,2020,3,CASANARE,Aguazul,0
2020-03-01,2020,3,CASANARE,Nunchía,13
2020-03-01,2020,3,CASANARE,Trinidad,20
2020-03-01,2020,3,CASANARE,Yopal,8794
2020-03-01,2020,3,CAUCA,Guapi,887
2020-03-01,2020,3,CAUCA,popayán,2953
2020-03-01,2020,3,CAUCA,Padilla,9
2020-03-01,2020,3,CESAR,Aguachica,201
2020-03-01,2020,3,CESAR,Agustín Codazzi,1
2020-03-01,2020,3,CESAR,VALLEDUPAR,11088
2020-03-01,2020,3,CESAR,Bosconia,84
2020-03-01,2020,3,CHOCO,Bahía Solano,747
2020-03-01,2020,3,CHOCO,Bajo Baudó,5
2020-03-01,2020,3,CHOCO,Quibdó,10367
2020-03-01,2020,3,CORDOBA,Montería,28755
2020-03-01,2020,3,GUAINIA,Barranco Minas,186
2020-03-01,2020,3,GUAINIA,Inírida,1526
2020-03-01,2020,3,GUAINIA,San Felipe,26
2020-03-01,2020,3,GUAVIARE,Miraflores,246
2020-03-01,2020,3,GUAVIARE,San José del Guaviare,897
2020-03-01,2020,3,HUILA,Neiva,7843
2020-03-01,2020,3,HUILA,Pitalito,681
2020-03-01,2020,3,HUILA,Yaguará,2
2020-03-01,2020,3,LA GUAJIRA,Riohacha,5835
2020-03-01,2020,3,MAGDALENA,Ariguaní,5
2020-03-01,2020,3,MAGDALENA,Santa Marta,44436
2020-03-01,2020,3,META,San Martín Meta,29
2020-03-01,2020,3,META,Villavicencio,5017
2020-03-01,2020,3,NARINO,Pasto,10207
2020-03-01,2020,3,NARINO,San Andres de Tumaco,4354
2020-03-01,2020,3,NARINO,santa barbara - narino,2
2020-03-01,2020,3,NARINO,Aldana,919
2020-03-01,2020,3,NORTE DE SANTANDER,Cúcuta,25301
2020-03-01,2020,3,PUTUMAYO,Puerto Asís,3382
2020-03-01,2020,3,PUTUMAYO,Puerto Leguízamo,532
2020-03-01,2020,3,PUTUMAYO,Villagarzón,1010
2020-03-01,2020,3,QUINDIO,Armenia,11607
2020-03-01,2020,3,RISARALDA,Pereira,37465
2020-03-01,2020,3,"SAN ANDRES, PROVIDENCIA Y SANTA CATALINA",Providencia,692
2020-03-01,2020,3,"SAN ANDRES, PROVIDENCIA Y SANTA CATALINA",San Andrés,51622
2020-03-01,2020,3,SANTANDER,Barrancabermeja,4596
2020-03-01,2020,3,SANTANDER,Bucaramanga,46229
2020-03-01,2020,3,SANTANDER,Rionegro Santander,0
2020-03-01,2020,3,SUCRE,Corozal,1614
2020-03-01,2020,3,SUCRE,San José De Toluviejo,193
2020-03-01,2020,3,TOLIMA,Chicoral,7
2020-03-01,2020,3,TOLIMA,Ibagué,2846
2020-03-01,2020,3,TOLIMA,natagaima,14
2020-03-01,2020,3,TOLIMA,Saldaña,18
2020-03-01,2020,3,VALLE DEL CAUCA,Buenaventura,322
2020-03-01,2020,3,VALLE DEL CAUCA,Cali,108543
2020-03-01,2020,3,VALLE DEL CAUCA,Candelaria,2
2020-03-01,2020,3,VAUPES,Caruru,124
2020-03-01,2020,3,VAUPES,Mitú,678
2020-03-01,2020,3,VAUPES,Pacoa,2
2020-03-01,2020,3,VAUPES,Taraira,62
2020-03-01,2020,3,VICHADA,Cumaribo,0
2020-03-01,2020,3,VICHADA,PUERTO CARREÑO,1006
2020-04-01,2020,4,AMAZONAS,LA CHORRERA,0
2020-04-01,2020,4,AMAZONAS,La Pedrera,0
2020-04-01,2020,4,AMAZONAS,Leticia,0
2020-04-01,2020,4,ANTIOQUIA,Rionegro,0
2020-04-01,2020,4,ATLANTICO,Barranquilla,0
2020-04-01,2020,4,BOGOTA D.C.,"Bogotá, D.C.",0
2020-04-01,2020,4,CAQUETA,Florencia,0
2020-04-01,2020,4,CAQUETA,Solano,0
2020-04-01,2020,4,GUAINIA,Barranco Minas,0
2020-04-01,2020,4,GUAINIA,Inírida,0
2020-04-01,2020,4,GUAVIARE,Miraflores,0
2020-04-01,2020,4,GUAVIARE,San José del Guaviare,0
2020-04-01,2020,4,META,Villavicencio,0
2020-04-01,2020,4,PUTUMAYO,Puerto Leguízamo,0
2020-04-01,2020,4,"SAN ANDRES, PROVIDENCIA Y SANTA CATALINA",San Andrés,0
2020-04-01,2020,4,VALLE DEL CAUCA,Cali,0
2020-04-01,2020,4,VAUPES,Caruru,0
2020-04-01,2020,4,VAUPES,Mitú,0
2020-04-01,2020,4,VAUPES,Taraira,0
2020-04-01,2020,4,VICHADA,Cumaribo,0
2020-04-01,2020,4,VICHADA,La Primavera,0
2020-04-01,2020,4,VICHADA,PUERTO CARREÑO,0
2020-05-01,2020,5,AMAZONAS,LA CHORRERA,0
2020-05-01,2020,5,AMAZONAS,La Pedrera,0
2020-05-01,2020,5,AMAZONAS,Leticia,0
2020-05-01,2020,5,ANTIOQUIA,Rionegro,0
2020-05-01,2020,5,ATLANTICO,Barranquilla,0
2020-05-01,2020,5,BOGOTA D.C.,"Bogotá, D.C.",0
2020-05-01,2020,5,CAQUETA,Solano,0
2020-05-01,2020,5,CASANARE,Yopal,0
2020-05-01,2020,5,GUAINIA,Barranco Minas,0
2020-05-01,2020,5,GUAINIA,Inírida,0
2020-05-01,2020,5,GUAVIARE,Miraflores,0
2020-05-01,2020,5,GUAVIARE,San José del Guaviare,0
2020-05-01,2020,5,META,Villavicencio,0
2020-05-01,2020,5,PUTUMAYO,Puerto Leguízamo,0
2020-05-01,2020,5,"SAN ANDRES, PROVIDENCIA Y SANTA CATALINA",San Andrés,0
2020-05-01,2020,5,VALLE DEL CAUCA,Cali,0
2020-05-01,2020,5,VAUPES,Caruru,0
2020-05-01,2020,5,VAUPES,Mitú,0
2020-05-01,2020,5,VAUPES,Pacoa,0
2020-05-01,2020,5,VAUPES,Taraira,0
2020-05-01,2020,5,VICHADA,Cumaribo,0
2020-05-01,2020,5,VICHADA,PUERTO CARREÑO,0
2020-06-01,2020,6,AMAZONAS,LA CHORRERA,0
2020-06-01,2020,6,AMAZONAS,La Pedrera,0
2020-06-01,2020,6,AMAZONAS,Leticia,0
2020-06-01,2020,6,ANTIOQUIA,Rionegro,0
2020-06-01,2020,6,ATLANTICO,Barranquilla,0
2020-06-01,2020,6,BOGOTA D.C.,"Bogotá, D.C.",0
2020-06-01,2020,6,CAQUETA,Florencia,0
2020-06-01,2020,6,CAQUETA,Solano,0
2020-06-01,2020,6,GUAINIA,Barranco Minas,0
2020-06-01,2020,6,GUAINIA,Inírida,0
2020-06-01,2020,6,GUAVIARE,Miraflores,0
2020-06-01,2020,6,GUAVIARE,San José del Guaviare,0
2020-06-01,2020,6,META,Villavicencio,0
2020-06-01,2020,6,PUTUMAYO,Puerto Leguízamo,0
2020-06-01,2020,6,"SAN ANDRES, PROVIDENCIA Y SANTA CATALINA",San Andrés,0
2020-06-01,2020,6,VALLE DEL CAUCA,Cali,0
2020-06-01,2020,6,VAUPES,Caruru,0
2020-06-01,2020,6,VAUPES,Mitú,0
2020-06-01,2020,6,VAUPES,Taraira,0
2020-06-01,2020,6,VICHADA,Cumaribo,0
2020-06-01,2020,6,VICHADA,La Primavera,0
2020-06-01,2020,6,VICHADA,PUERTO CARREÑO,0
2020-07-01,2020,7,AMAZONAS,LA CHORRERA,0
2020-07-01,2020,7,AMAZONAS,La Pedrera,0
2020-07-01,2020,7,AMAZONAS,Leticia,0
2020-07-01,2020,7,ANTIOQUIA,Rionegro,0
2020-07-01,2020,7,ATLANTICO,Barranquilla,0
2020-07-01,2020,7,BOGOTA D.C.,"Bogotá, D.C.",0
2020-07-01,2020,7,CAQUETA,Florencia,0
2020-07-01,2020,7,CAQUETA,Solano,0
2020-07-01,2020,7,GUAINIA,Barranco Minas,0
2020-07-01,2020,7,GUAINIA,Inírida,0
2020-07-01,2020,7,GUAINIA,San Felipe,0
2020-07-01,2020,7,GUAVIARE,Miraflores,0
2020-07-01,2020,7,GUAVIARE,San José del Guaviare,0
2020-07-01,2020,7,META,Villavicencio,0
2020-07-01,2020,7,NORTE DE SANTANDER,Cúcuta,295
2020-07-01,2020,7,PUTUMAYO,Puerto Leguízamo,0
2020-07-01,2020,7,"SAN ANDRES, PROVIDENCIA Y SANTA CATALINA",San Andrés,0
2020-07-01,2020,7,SANTANDER,Bucaramanga,303
2020-07-01,2020,7,VALLE DEL CAUCA,Cali,0
2020-07-01,2020,7,VAUPES,Caruru,0
2020-07-01,2020,7,VAUPES,Mitú,0
2020-07-01,2020,7,VAUPES,Pacoa,0
2020-07-01,2020,7,VAUPES,Taraira,0
2020-07-01,2020,7,VICHADA,Cumaribo,0
2020-07-01,2020,7,VICHADA,PUERTO CARREÑO,0
2020-08-01,2020,8,AMAZONAS,LA CHORRERA,19
2020-08-01,2020,8,AMAZONAS,La Pedrera,3
2020-08-01,2020,8,AMAZONAS,Leticia,0
2020-08-01,2020,8,ANTIOQUIA,Rionegro,802
2020-08-01,2020,8,ATLANTICO,Barranquilla,0
2020-08-01,2020,8,BOGOTA D.C.,"Bogotá, D.C.",0
2020-08-01,2020,8,CAQUETA,Florencia,0
2020-08-01,2020,8,CAQUETA,San Vicente del Caguán,0
2020-08-01,2020,8,CAQUETA,Solano,6
2020-08-01,2020,8,CASANARE,Yopal,0
2020-08-01,2020,8,GUAINIA,Barranco Minas,13
2020-08-01,2020,8,GUAINIA,Inírida,54
2020-08-01,2020,8,GUAVIARE,Miraflores,5
2020-08-01,2020,8,GUAVIARE,San José del Guaviare,13
2020-08-01,2020,8,META,Villavicencio,19
2020-08-01,2020,8,NORTE DE SANTANDER,Cúcuta,683
2020-08-01,2020,8,PUTUMAYO,Puerto Leguízamo,7
2020-08-01,2020,8,RISARALDA,Pereira,364
2020-08-01,2020,8,"SAN ANDRES, PROVIDENCIA Y SANTA CATALINA",San Andrés,0
2020-08-01,2020,8,SANTANDER,Bucaramanga,852
2020-08-01,2020,8,VALLE DEL CAUCA,Cali,0
2020-08-01,2020,8,VAUPES,Caruru,13
2020-08-01,2020,8,VAUPES,Mitú,7
2020-08-01,2020,8,VAUPES,Pacoa,0
2020-08-01,2020,8,VAUPES,Taraira,14
2020-08-01,2020,8,VICHADA,Cumaribo,0
2020-08-01,2020,8,VICHADA,La Primavera,0
2020-08-01,2020,8,VICHADA,PUERTO CARREÑO,0
2020-09-01,2020,9,AMAZONAS,LA CHORRERA,7
2020-09-01,2020,9,AMAZONAS,La Pedrera,74
2020-09-01,2020,9,AMAZONAS,Leticia,1755
2020-09-01,2020,9,ANTIOQUIA,Carepa,883
2020-09-01,2020,9,ANTIOQUIA,Medellín,12973
2020-09-01,2020,9,ANTIOQUIA,Rionegro,39576
2020-09-01,2020,9,ARAUCA,Arauca,171
2020-09-01,2020,9,ATLANTICO,Barranquilla,23825
2020-09-01,2020,9,BOGOTA D.C.,"Bogotá, D.C.",111063
2020-09-01,2020,9,BOLIVAR,Cartagena,24516
2020-09-01,2020,9,CALDAS,Manizales,305
2020-09-01,2020,9,CAQUETA,Florencia,524
2020-09-01,2020,9,CAQUETA,Solano,13
2020-09-01,2020,9,CHOCO,Quibdó,1220
2020-09-01,2020,9,CORDOBA,Montería,7342
2020-09-01,2020,9,GUAINIA,Barranco Minas,79
2020-09-01,2020,9,GUAINIA,Inírida,91
2020-09-01,2020,9,GUAINIA,San Felipe,5
2020-09-01,2020,9,GUAVIARE,Miraflores,42
2020-09-01,2020,9,GUAVIARE,San José del Guaviare,60
2020-09-01,2020,9,HUILA,Neiva,201
2020-09-01,2020,9,MAGDALENA,Santa Marta,11277
2020-09-01,2020,9,META,Villavicencio,723
2020-09-01,2020,9,NARINO,Pasto,2763
2020-09-01,2020,9,NARINO,San Andres de Tumaco,281
2020-09-01,2020,9,NORTE DE SANTANDER,Cúcuta,8469
2020-09-01,2020,9,PUTUMAYO,Puerto Asís,96
2020-09-01,2020,9,PUTUMAYO,Puerto Leguízamo,11
2020-09-01,2020,9,QUINDIO,Armenia,356
2020-09-01,2020,9,RISARALDA,Pereira,12405
2020-09-01,2020,9,"SAN ANDRES, PROVIDENCIA Y SANTA CATALINA",San Andrés,3762
2020-09-01,2020,9,SANTANDER,Bucaramanga,10727
2020-09-01,2020,9,VALLE DEL CAUCA,Cali,27437
2020-09-01,2020,9,VAUPES,Caruru,0
2020-09-01,2020,9,VAUPES,Mitú,25
2020-09-01,2020,9,VAUPES,Pacoa,0
2020-09-01,2020,9,VAUPES,Taraira,61
2020-09-01,2020,9,VICHADA,Cumaribo,0
2020-09-01,2020,9,VICHADA,La Primavera,0
2020-09-01,2020,9,VICHADA,PUERTO CARREÑO,0
2020-10-01,2020,10,AMAZONAS,LA CHORRERA,24
2020-10-01,2020,10,AMAZONAS,La Pedrera,141
2020-10-01,2020,10,AMAZONAS,Leticia,3601
2020-10-01,2020,10,ANTIOQUIA,Carepa,4893
2020-10-01,2020,10,ANTIOQUIA,Medellín,24654
2020-10-01,2020,10,ANTIOQUIA,Rionegro,81590
2020-10-01,2020,10,ANTIOQUIA,Ituango,0
2020-10-01,2020,10,ARAUCA,Arauca,1503
2020-10-01,2020,10,ARAUCA,SARAVENA,763
2020-10-01,2020,10,ARAUCA,Tame,260
2020-10-01,2020,10,ATLANTICO,Barranquilla,37617
2020-10-01,2020,10,BOGOTA D.C.,"Bogotá, D.C.",223856
2020-10-01,2020,10,BOLIVAR,Cartagena,52902
2020-10-01,2020,10,BOLIVAR,El Carmen De Bolívar,0
2020-10-01,2020,10,CALDAS,Manizales,2959
2020-10-01,2020,10,CAQUETA,Florencia,1768
2020-10-01,2020,10,CAQUETA,San Vicente del Caguán,0
2020-10-01,2020,10,CAQUETA,Solano,20
2020-10-01,2020,10,CASANARE,Aguazul,17
2020-10-01,2020,10,CASANARE,Nunchía,0
2020-10-01,2020,10,CASANARE,Paz de Ariporo,9
2020-10-01,2020,10,CASANARE,Trinidad,1
2020-10-01,2020,10,CASANARE,Yopal,1920
2020-10-01,2020,10,CAUCA,Guapi,582
2020-10-01,2020,10,CAUCA,popayán,954
2020-10-01,2020,10,CESAR,Aguachica,228
2020-10-01,2020,10,CESAR,Agustín Codazzi,0
2020-10-01,2020,10,CESAR,Becerril,2
2020-10-01,2020,10,CESAR,VALLEDUPAR,2341
2020-10-01,2020,10,CHOCO,Bahía Solano,148
2020-10-01,2020,10,CHOCO,Quibdó,6768
2020-10-01,2020,10,CORDOBA,Montería,16421
2020-10-01,2020,10,GUAINIA,Barranco Minas,83
2020-10-01,2020,10,GUAINIA,Inírida,684
2020-10-01,2020,10,GUAINIA,San Felipe,29
2020-10-01,2020,10,GUAVIARE,Miraflores,87
2020-10-01,2020,10,GUAVIARE,San José del Guaviare,376
2020-10-01,2020,10,HUILA,Neiva,1916
2020-10-01,2020,10,HUILA,Pitalito,273
2020-10-01,2020,10,HUILA,Yaguará,0
2020-10-01,2020,10,LA GUAJIRA,Riohacha,1891
2020-10-01,2020,10,MAGDALENA,Ariguaní,3
2020-10-01,2020,10,MAGDALENA,Santa Marta,28072
2020-10-01,2020,10,META,San Martín Meta,0
2020-10-01,2020,10,META,Villavicencio,1297
2020-10-01,2020,10,NARINO,Pasto,4058
2020-10-01,2020,10,NARINO,San Andres de Tumaco,1458
2020-10-01,2020,10,NARINO,santa barbara - narino,0
2020-10-01,2020,10,NARINO,Aldana,520
2020-10-01,2020,10,NORTE DE SANTANDER,Cúcuta,14014
2020-10-01,2020,10,PUTUMAYO,Puerto Asís,1644
2020-10-01,2020,10,PUTUMAYO,Puerto Leguízamo,390
2020-10-01,2020,10,PUTUMAYO,Villagarzón,335
2020-10-01,2020,10,QUINDIO,Armenia,3959
2020-10-01,2020,10,RISARALDA,Pereira,16744
2020-10-01,2020,10,"SAN ANDRES, PROVIDENCIA Y SANTA CATALINA",San Andrés,16092
2020-10-01,2020,10,SANTANDER,Barrancabermeja,863
2020-10-01,2020,10,SANTANDER,Bucaramanga,18417
2020-10-01,2020,10,SANTANDER,Rionegro Santander,0
2020-10-01,2020,10,SUCRE,Corozal,1234
2020-10-01,2020,10,TOLIMA,Chicoral,1
2020-10-01,2020,10,TOLIMA,Ibagué,376
2020-10-01,2020,10,TOLIMA,Saldaña,0
2020-10-01,2020,10,VALLE DEL CAUCA,Buenaventura,208
2020-10-01,2020,10,VALLE DEL CAUCA,Cali,55943
2020-10-01,2020,10,VALLE DEL CAUCA,Candelaria,7
2020-10-01,2020,10,VAUPES,Caruru,31
2020-10-01,2020,10,VAUPES,Mitú,626
2020-10-01,2020,10,VAUPES,Taraira,89
2020-10-01,2020,10,VICHADA,Cumaribo,0
2020-10-01,2020,10,VICHADA,La Primavera,0
2020-10-01,2020,10,VICHADA,PUERTO CARREÑO,514
2020-11-01,2020,11,AMAZONAS,LA CHORRERA,33
2020-11-01,2020,11,AMAZONAS,La Pedrera,143
2020-11-01,2020,11,AMAZONAS,Leticia,4273
2020-11-01,2020,11,ANTIOQUIA,Carepa,6257
2020-11-01,2020,11,ANTIOQUIA,Medellín,27681
2020-11-01,2020,11,ANTIOQUIA,Rionegro,120721
2020-11-01,2020,11,ANTIOQUIA,Ituango,0
2020-11-01,2020,11,ARAUCA,Arauca,2151
2020-11-01,2020,11,ARAUCA,SARAVENA,661
2020-11-01,2020,11,ARAUCA,Tame,285
2020-11-01,2020,11,ATLANTICO,Barranquilla,49273
2020-11-01,2020,11,BOGOTA D.C.,"Bogotá, D.C.",331052
2020-11-01,2020,11,BOLIVAR,Cartagena,76413
2020-11-01,2020,11,BOLIVAR,El Carmen De Bolívar,0
2020-11-01,2020,11,CALDAS,Manizales,2880
2020-11-01,2020,11,CALDAS,Pensilvania,1
2020-11-01,2020,11,CAQUETA,Florencia,2207
2020-11-01,2020,11,CAQUETA,San Vicente del Caguán,12
2020-11-01,2020,11,CAQUETA,Solano,74
2020-11-01,2020,11,CASANARE,Aguazul,23
2020-11-01,2020,11,CASANARE,Nunchía,0
2020-11-01,2020,11,CASANARE,Paz de Ariporo,12
2020-11-01,2020,11,CASANARE,Trinidad,3
2020-11-01,2020,11,CASANARE,Yopal,3130
2020-11-01,2020,11,CAUCA,Guapi,943
2020-11-01,2020,11,CAUCA,popayán,867
2020-11-01,2020,11,CESAR,Aguachica,249
2020-11-01,2020,11,CESAR,Agustín Codazzi,0
2020-11-01,2020,11,CESAR,VALLEDUPAR,5866
2020-11-01,2020,11,CHOCO,Bahía Solano,461
2020-11-01,2020,11,CHOCO,Nuquí,46
2020-11-01,2020,11,CHOCO,Quibdó,8304
2020-11-01,2020,11,CORDOBA,Montería,25075
2020-11-01,2020,11,GUAINIA,Barranco Minas,80
2020-11-01,2020,11,GUAINIA,Inírida,1128
2020-11-01,2020,11,GUAINIA,San Felipe,74
2020-11-01,2020,11,GUAVIARE,Miraflores,129
2020-11-01,2020,11,GUAVIARE,San José del Guaviare,590
2020-11-01,2020,11,HUILA,Neiva,2268
2020-11-01,2020,11,HUILA,Pitalito,326
2020-11-01,2020,11,HUILA,Yaguará,0
2020-11-01,2020,11,LA GUAJIRA,Riohacha,3115
2020-11-01,2020,11,MAGDALENA,Ariguaní,6
2020-11-01,2020,11,MAGDALENA,Santa Marta,44715
2020-11-01,2020,11,META,San Martín Meta,0
2020-11-01,2020,11,META,Villavicencio,1463
2020-11-01,2020,11,NARINO,Pasto,5117
2020-11-01,2020,11,NARINO,San Andres de Tumaco,2181
2020-11-01,2020,11,NARINO,santa barbara - narino,5
2020-11-01,2020,11,NARINO,Aldana,873
2020-11-01,2020,11,NORTE DE SANTANDER,Cúcuta,19449
2020-11-01,2020,11,NORTE DE SANTANDER,Ábrego,0
2020-11-01,2020,11,PUTUMAYO,Puerto Asís,1693
2020-11-01,2020,11,PUTUMAYO,Puerto Leguízamo,341
2020-11-01,2020,11,PUTUMAYO,Villagarzón,525
2020-11-01,2020,11,QUINDIO,Armenia,4458
2020-11-01,2020,11,RISARALDA,Pereira,25738
2020-11-01,2020,11,"SAN ANDRES, PROVIDENCIA Y SANTA CATALINA",Providencia,157
2020-11-01,2020,11,"SAN ANDRES, PROVIDENCIA Y SANTA CATALINA",San Andrés,28047
2020-11-01,2020,11,SANTANDER,Barrancabermeja,876
2020-11-01,2020,11,SANTANDER,Bucaramanga,26582
2020-11-01,2020,11,SANTANDER,Rionegro Santander,0
2020-11-01,2020,11,SUCRE,Corozal,1174
2020-11-01,2020,11,SUCRE,San José De Toluviejo,316
2020-11-01,2020,11,TOLIMA,Chicoral,2
2020-11-01,2020,11,TOLIMA,Ibagué,426
2020-11-01,2020,11,TOLIMA,Saldaña,1
2020-11-01,2020,11,VALLE DEL CAUCA,Buenaventura,319
2020-11-01,2020,11,VALLE DEL CAUCA,Cali,93745
2020-11-01,2020,11,VALLE DEL CAUCA,Candelaria,92
2020-11-01,2020,11,VAUPES,Caruru,18
2020-11-01,2020,11,VAUPES,Mitú,702
2020-11-01,2020,11,VAUPES,Taraira,115
2020-11-01,2020,11,VICHADA,Cumaribo,0
2020-11-01,2020,11,VICHADA,PUERTO CARREÑO,872
2020-12-01,2020,12,AMAZONAS,LA CHORRERA,99
2020-12-01,2020,12,AMAZONAS,La Pedrera,198
2020-12-01,2020,12,AMAZONAS,Leticia,6005
2020-12-01,2020,12,ANTIOQUIA,Carepa,7702
2020-12-01,2020,12,ANTIOQUIA,Medellín,32302
2020-12-01,2020,12,ANTIOQUIA,Rionegro,162358
2020-12-01,2020,12,ANTIOQUIA,Ituango,2
2020-12-01,2020,12,ARAUCA,Arauca,2407
2020-12-01,2020,12,ARAUCA,SARAVENA,818
2020-12-01,2020,12,ARAUCA,Tame,337
2020-12-01,2020,12,ATLANTICO,Barranquilla,73789
2020-12-01,2020,12,BOGOTA D.C.,"Bogotá, D.C.",416998
2020-12-01,2020,12,BOLIVAR,Cartagena,104327
2020-12-01,2020,12,BOLIVAR,El Carmen De Bolívar,0
2020-12-01,2020,12,CALDAS,Manizales,4445
2020-12-01,2020,12,CALDAS,Pensilvania,45
2020-12-01,2020,12,CAQUETA,Florencia,2727
2020-12-01,2020,12,CAQUETA,San Vicente del Caguán,158
2020-12-01,2020,12,CAQUETA,Solano,71
2020-12-01,2020,12,CASANARE,Aguazul,58
2020-12-01,2020,12,CASANARE,Nunchía,0
2020-12-01,2020,12,CASANARE,Paz de Ariporo,6
2020-12-01,2020,12,CASANARE,Trinidad,1
2020-12-01,2020,12,CASANARE,Yopal,3962
2020-12-01,2020,12,CAUCA,Guapi,1308
2020-12-01,2020,12,CAUCA,popayán,1504
2020-12-01,2020,12,CESAR,Aguachica,307
2020-12-01,2020,12,CESAR,Agustín Codazzi,0
2020-12-01,2020,12,CESAR,Becerril,7
2020-12-01,2020,12,CESAR,VALLEDUPAR,8508
2020-12-01,2020,12,CHOCO,Bahía Solano,866
2020-12-01,2020,12,CHOCO,Nuquí,410
2020-12-01,2020,12,CHOCO,Quibdó,11308
2020-12-01,2020,12,CORDOBA,Montería,32324
2020-12-01,2020,12,GUAINIA,Barranco Minas,55
2020-12-01,2020,12,GUAINIA,Inírida,1626
2020-12-01,2020,12,GUAINIA,San Felipe,80
2020-12-01,2020,12,GUAVIARE,Miraflores,127
2020-12-01,2020,12,GUAVIARE,San José del Guaviare,683
2020-12-01,2020,12,HUILA,Neiva,3332
2020-12-01,2020,12,HUILA,Pitalito,384
2020-12-01,2020,12,HUILA,Yaguará,10
2020-12-01,2020,12,LA GUAJIRA,Riohacha,6615
2020-12-01,2020,12,MAGDALENA,Ariguaní,13
2020-12-01,2020,12,MAGDALENA,Santa Marta,70532
2020-12-01,2020,12,META,La Macarena,4
2020-12-01,2020,12,META,San Martín Meta,0
2020-12-01,2020,12,META,Villavicencio,2137
2020-12-01,2020,12,NARINO,Pasto,8066
2020-12-01,2020,12,NARINO,San Andres de Tumaco,2498
2020-12-01,2020,12,NARINO,santa barbara - narino,0
2020-12-01,2020,12,NARINO,Aldana,1018
2020-12-01,2020,12,NORTE DE SANTANDER,Cúcuta,24991
2020-12-01,2020,12,PUTUMAYO,Puerto Asís,2011
2020-12-01,2020,12,PUTUMAYO,Puerto Leguízamo,503
2020-12-01,2020,12,PUTUMAYO,Villagarzón,506
2020-12-01,2020,12,QUINDIO,Armenia,6994
2020-12-01,2020,12,RISARALDA,Pereira,40986
2020-12-01,2020,12,"SAN ANDRES, PROVIDENCIA Y SANTA CATALINA",Providencia,806
2020-12-01,2020,12,"SAN ANDRES, PROVIDENCIA Y SANTA CATALINA",San Andrés,42907
2020-12-01,2020,12,SANTANDER,Barrancabermeja,1395
2020-12-01,2020,12,SANTANDER,Bucaramanga,34776
2020-12-01,2020,12,SANTANDER,Rionegro Santander,0
2020-12-01,2020,12,SUCRE,Corozal,2051
2020-12-01,2020,12,SUCRE,San José De Toluviejo,520
2020-12-01,2020,12,TOLIMA,Chicoral,0
2020-12-01,2020,12,TOLIMA,Ibagué,937
2020-12-01,2020,12,TOLIMA,Saldaña,0
2020-12-01,2020,12,VALLE DEL CAUCA,Buenaventura,384
2020-12-01,2020,12,VALLE DEL CAUCA,Cali,138838
2020-12-01,2020,12,VALLE DEL CAUCA,Calima,7
2020-12-01,2020,12,VALLE DEL CAUCA,Candelaria,140
2020-12-01,2020,12,VAUPES,Caruru,25
2020-12-01,2020,12,VAUPES,Mitú,946
2020-12-01,2020,12,VAUPES,Pacoa,14
2020-12-01,2020,12,VAUPES,Taraira,143
2020-12-01,2020,12,VICHADA,Cumaribo,0
2020-12-01,2020,12,VICHADA,La Primavera,0
2020-12-01,2020,12,VICHADA,PUERTO CARREÑO,989
2021-01-01,2021,1,AMAZONAS,LA CHORRERA,25
2021-01-01,2021,1,AMAZONAS,La Pedrera,151
2021-01-01,2021,1,AMAZONAS,Leticia,4646
2021-01-01,2021,1,ANTIOQUIA,Carepa,7146
2021-01-01,2021,1,ANTIOQUIA,Medellín,32567
2021-01-01,2021,1,ANTIOQUIA,Rionegro,164981
2021-01-01,2021,1,ANTIOQUIA,Ituango,14
2021-01-01,2021,1,ARAUCA,Arauca,2453
2021-01-01,2021,1,ARAUCA,SARAVENA,817
2021-01-01,2021,1,ARAUCA,Tame,249
2021-01-01,2021,1,ATLANTICO,Barranquilla,62338
2021-01-01,2021,1,BOGOTA D.C.,"Bogotá, D.C.",469807
2021-01-01,2021,1,BOLIVAR,Cartagena,114101
2021-01-01,2021,1,CALDAS,Manizales,3295
2021-01-01,2021,1,CALDAS,Pensilvania,6
2021-01-01,2021,1,CAQUETA,Florencia,2314
2021-01-01,2021,1,CAQUETA,San Vicente del Caguán,178
2021-01-01,2021,1,CAQUETA,Solano,19
2021-01-01,2021,1,CASANARE,Aguazul,50
2021-01-01,2021,1,CASANARE,Nunchía,0
2021-01-01,2021,1,CASANARE,Paz de Ariporo,16
2021-01-01,2021,1,CASANARE,Trinidad,13
2021-01-01,2021,1,CASANARE,Yopal,2869
2021-01-01,2021,1,CAUCA,Guapi,1231
2021-01-01,2021,1,CAUCA,popayán,1100
2021-01-01,2021,1,CESAR,Aguachica,257
2021-01-01,2021,1,CESAR,Agustín Codazzi,0
2021-01-01,2021,1,CESAR,Becerril,176
2021-01-01,2021,1,CESAR,VALLEDUPAR,7449
2021-01-01,2021,1,CHOCO,Bahía Solano,719
2021-01-01,2021,1,CHOCO,Nuquí,354
2021-01-01,2021,1,CHOCO,Quibdó,7966
2021-01-01,2021,1,CORDOBA,Ayapel,1
2021-01-01,2021,1,CORDOBA,Montería,32595
2021-01-01,2021,1,GUAINIA,Barranco Minas,31
2021-01-01,2021,1,GUAINIA,Inírida,1717
2021-01-01,2021,1,GUAINIA,San Felipe,42
2021-01-01,2021,1,GUAVIARE,Miraflores,125
2021-01-01,2021,1,GUAVIARE,San José del Guaviare,534
2021-01-01,2021,1,HUILA,Neiva,2299
2021-01-01,2021,1,HUILA,Palermo,0
2021-01-01,2021,1,HUILA,Pitalito,444
2021-01-01,2021,1,HUILA,Yaguará,3
2021-01-01,2021,1,LA GUAJIRA,Riohacha,6759
2021-01-01,2021,1,MAGDALENA,Ariguaní,9
2021-01-01,2021,1,MAGDALENA,Santa Marta,79241
2021-01-01,2021,1,META,Puerto López,1
2021-01-01,2021,1,META,San Martín Meta,1
2021-01-01,2021,1,META,Villavicencio,1930
2021-01-01,2021,1,NARINO,Pasto,5295
2021-01-01,2021,1,NARINO,San Andres de Tumaco,3591
2021-01-01,2021,1,NARINO,Aldana,899
2021-01-01,2021,1,NORTE DE SANTANDER,Cúcuta,23069
2021-01-01,2021,1,PUTUMAYO,Puerto Asís,1961
2021-01-01,2021,1,PUTUMAYO,Puerto Leguízamo,565
2021-01-01,2021,1,PUTUMAYO,Villagarzón,465
2021-01-01,2021,1,QUINDIO,Armenia,6141
2021-01-01,2021,1,RISARALDA,Pereira,33898
2021-01-01,2021,1,RISARALDA,Balboa,2
2021-01-01,2021,1,"SAN ANDRES, PROVIDENCIA Y SANTA CATALINA",Providencia,1356
2021-01-01,2021,1,"SAN ANDRES, PROVIDENCIA Y SANTA CATALINA",San Andrés,64902
2021-01-01,2021,1,SANTANDER,Barrancabermeja,1147
2021-01-01,2021,1,SANTANDER,Bucaramanga,25373
2021-01-01,2021,1,SUCRE,Corozal,1530
2021-01-01,2021,1,SUCRE,San José De Toluviejo,515
2021-01-01,2021,1,TOLIMA,Flandes,7
2021-01-01,2021,1,TOLIMA,Ibagué,958
2021-01-01,2021,1,TOLIMA,Saldaña,2
2021-01-01,2021,1,VALLE DEL CAUCA,Buenaventura,246
2021-01-01,2021,1,VALLE DEL CAUCA,Cali,125873
2021-01-01,2021,1,VALLE DEL CAUCA,Calima,3
2021-01-01,2021,1,VALLE DEL CAUCA,Candelaria,112
2021-01-01,2021,1,VAUPES,Caruru,28
2021-01-01,2021,1,VAUPES,Mitú,887
2021-01-01,2021,1,VAUPES,Pacoa,8
2021-01-01,2021,1,VAUPES,Taraira,110
2021-01-01,2021,1,VICHADA,Cumaribo,0
2021-01-01,2021,1,VICHADA,La Primavera,0
2021-01-01,2021,1,VICHADA,PUERTO CARREÑO,1259
2021-02-01,2021,2,AMAZONAS,LA CHORRERA,20
2021-02-01,2021,2,AMAZONAS,La Pedrera,47
2021-02-01,2021,2,AMAZONAS,Leticia,18
2021-02-01,2021,2,ANTIOQUIA,Carepa,6597
2021-02-01,2021,2,ANTIOQUIA,Medellín,29048
2021-02-01,2021,2,ANTIOQUIA,Rionegro,162313
2021-02-01,2021,2,ANTIOQUIA,Ituango,2
2021-02-01,2021,2,ARAUCA,Arauca,2988
2021-02-01,2021,2,ARAUCA,SARAVENA,948
2021-02-01,2021,2,ARAUCA,Tame,258
2021-02-01,2021,2,ATLANTICO,Barranquilla,51410
2021-02-01,2021,2,BOGOTA D.C.,"Bogotá, D.C.",413129
2021-02-01,2021,2,BOLIVAR,Cartagena,106745
2021-02-01,2021,2,BOLIVAR,El Carmen De Bolívar,0
2021-02-01,2021,2,CALDAS,Manizales,2830
2021-02-01,2021,2,CALDAS,Pensilvania,25
2021-02-01,2021,2,CAQUETA,Florencia,2289
2021-02-01,2021,2,CAQUETA,San Vicente del Caguán,197
2021-02-01,2021,2,CAQUETA,Solano,31
2021-02-01,2021,2,CASANARE,Aguazul,10
2021-02-01,2021,2,CASANARE,Nunchía,0
2021-02-01,2021,2,CASANARE,Paz de Ariporo,9
2021-02-01,2021,2,CASANARE,Trinidad,5
2021-02-01,2021,2,CASANARE,Yopal,4102
2021-02-01,2021,2,CAUCA,Guapi,1241
2021-02-01,2021,2,CAUCA,popayán,1437
2021-02-01,2021,2,CESAR,Aguachica,270
2021-02-01,2021,2,CESAR,Agustín Codazzi,0
2021-02-01,2021,2,CESAR,Becerril,85
2021-02-01,2021,2,CESAR,VALLEDUPAR,7344
2021-02-01,2021,2,CHOCO,Bahía Solano,439
2021-02-01,2021,2,CHOCO,Nuquí,341
2021-02-01,2021,2,CHOCO,Quibdó,7889
2021-02-01,2021,2,CORDOBA,Montería,29856
2021-02-01,2021,2,GUAINIA,Barranco Minas,21
2021-02-01,2021,2,GUAINIA,Inírida,1587
2021-02-01,2021,2,GUAINIA,San Felipe,60
2021-02-01,2021,2,GUAVIARE,Miraflores,106
2021-02-01,2021,2,GUAVIARE,San José del Guaviare,559
2021-02-01,2021,2,HUILA,Neiva,2783
2021-02-01,2021,2,HUILA,Palermo,1
2021-02-01,2021,2,HUILA,Pitalito,496
2021-02-01,2021,2,HUILA,Yaguará,10
2021-02-01,2021,2,LA GUAJIRA,Riohacha,6297
2021-02-01,2021,2,MAGDALENA,Ariguaní,9
2021-02-01,2021,2,MAGDALENA,Ciénaga,8
2021-02-01,2021,2,MAGDALENA,Santa Marta,73361
2021-02-01,2021,2,META,San Martín Meta,0
2021-02-01,2021,2,META,Villavicencio,1685
2021-02-01,2021,2,NARINO,Pasto,7456
2021-02-01,2021,2,NARINO,San Andres de Tumaco,3073
2021-02-01,2021,2,NARINO,santa barbara - narino,0
2021-02-01,2021,2,NARINO,Aldana,851
2021-02-01,2021,2,NORTE DE SANTANDER,Cúcuta,21601
2021-02-01,2021,2,PUTUMAYO,Puerto Asís,2264
2021-02-01,2021,2,PUTUMAYO,Puerto Leguízamo,479
2021-02-01,2021,2,PUTUMAYO,Villagarzón,583
2021-02-01,2021,2,QUINDIO,Armenia,4900
2021-02-01,2021,2,RISARALDA,Pereira,36081
2021-02-01,2021,2,"SAN ANDRES, PROVIDENCIA Y SANTA CATALINA",Providencia,975
2021-02-01,2021,2,"SAN ANDRES, PROVIDENCIA Y SANTA CATALINA",San Andrés,60763
2021-02-01,2021,2,SANTANDER,Barrancabermeja,1231
2021-02-01,2021,2,SANTANDER,Bucaramanga,28609
2021-02-01,2021,2,SANTANDER,Rionegro Santander,0
2021-02-01,2021,2,SUCRE,Corozal,1219
2021-02-01,2021,2,SUCRE,San José De Toluviejo,581
2021-02-01,2021,2,TOLIMA,Chicoral,7
2021-02-01,2021,2,TOLIMA,Ibagué,919
2021-02-01,2021,2,TOLIMA,Saldaña,21
2021-02-01,2021,2,VALLE DEL CAUCA,Buenaventura,234
2021-02-01,2021,2,VALLE DEL CAUCA,Cali,115930
2021-02-01,2021,2,VALLE DEL CAUCA,Candelaria,60
2021-02-01,2021,2,VAUPES,Caruru,29
2021-02-01,2021,2,VAUPES,Mitú,879
2021-02-01,2021,2,VAUPES,Taraira,133
2021-02-01,2021,2,VICHADA,Cumaribo,0
2021-02-01,2021,2,VICHADA,La Primavera,0
2021-02-01,2021,2,VICHADA,PUERTO CARREÑO,1317
2021-03-01,2021,3,AMAZONAS,LA CHORRERA,2
2021-03-01,2021,3,AMAZONAS,La Pedrera,39
2021-03-01,2021,3,AMAZONAS,Leticia,7
2021-03-01,2021,3,ANTIOQUIA,Carepa,8722
2021-03-01,2021,3,ANTIOQUIA,Medellín,36301
2021-03-01,2021,3,ANTIOQUIA,Rionegro,203382
2021-03-01,2021,3,ANTIOQUIA,Ituango,1
2021-03-01,2021,3,ARAUCA,Arauca,4287
2021-03-01,2021,3,ARAUCA,SARAVENA,1063
2021-03-01,2021,3,ARAUCA,Tame,328
2021-03-01,2021,3,ATLANTICO,Barranquilla,69372
2021-03-01,2021,3,BOGOTA D.C.,"Bogotá, D.C.",512673
2021-03-01,2021,3,BOLIVAR,Cartagena,142751
2021-03-01,2021,3,BOLIVAR,El Carmen De Bolívar,0
2021-03-01,2021,3,CALDAS,Manizales,3711
2021-03-01,2021,3,CALDAS,Pensilvania,23
2021-03-01,2021,3,CAQUETA,Florencia,2972
2021-03-01,2021,3,CAQUETA,San Vicente del Caguán,291
2021-03-01,2021,3,CAQUETA,Solano,0
2021-03-01,2021,3,CASANARE,Aguazul,23
2021-03-01,2021,3,CASANARE,Nunchía,7
2021-03-01,2021,3,CASANARE,Paz de Ariporo,14
2021-03-01,2021,3,CASANARE,Trinidad,1
2021-03-01,2021,3,CASANARE,Yopal,5273
2021-03-01,2021,3,CAUCA,Guapi,1627
2021-03-01,2021,3,CAUCA,popayán,2102
2021-03-01,2021,3,CESAR,Aguachica,304
2021-03-01,2021,3,CESAR,Agustín Codazzi,0
2021-03-01,2021,3,CESAR,Becerril,87
2021-03-01,2021,3,CESAR,VALLEDUPAR,10458
2021-03-01,2021,3,CHOCO,Bahía Solano,699
2021-03-01,2021,3,CHOCO,Nuquí,442
2021-03-01,2021,3,CHOCO,Quibdó,10463
2021-03-01,2021,3,CORDOBA,Montería,40921
2021-03-01,2021,3,GUAINIA,Barranco Minas,9
2021-03-01,2021,3,GUAINIA,Inírida,1760
2021-03-01,2021,3,GUAINIA,San Felipe,20
2021-03-01,2021,3,GUAVIARE,Miraflores,32
2021-03-01,2021,3,GUAVIARE,San José del Guaviare,541
2021-03-01,2021,3,HUILA,Neiva,4057
2021-03-01,2021,3,HUILA,Palermo,0
2021-03-01,2021,3,HUILA,Pitalito,708
2021-03-01,2021,3,HUILA,Yaguará,10
2021-03-01,2021,3,LA GUAJIRA,Riohacha,7444
2021-03-01,2021,3,MAGDALENA,Ariguaní,2
2021-03-01,2021,3,MAGDALENA,Santa Marta,88722
2021-03-01,2021,3,META,Puerto López,3
2021-03-01,2021,3,META,San Martín Meta,1
2021-03-01,2021,3,META,Villavicencio,1803
2021-03-01,2021,3,NARINO,Pasto,10231
2021-03-01,2021,3,NARINO,San Andres de Tumaco,3741
2021-03-01,2021,3,NARINO,santa barbara - narino,1
2021-03-01,2021,3,NARINO,Aldana,1143
2021-03-01,2021,3,NORTE DE SANTANDER,Cúcuta,27235
2021-03-01,2021,3,NORTE DE SANTANDER,Ábrego,0
2021-03-01,2021,3,PUTUMAYO,Puerto Asís,3307
2021-03-01,2021,3,PUTUMAYO,Puerto Leguízamo,614
2021-03-01,2021,3,PUTUMAYO,Villagarzón,800
2021-03-01,2021,3,QUINDIO,Armenia,6803
2021-03-01,2021,3,RISARALDA,Pereira,47882
2021-03-01,2021,3,"SAN ANDRES, PROVIDENCIA Y SANTA CATALINA",Providencia,1015
2021-03-01,2021,3,"SAN ANDRES, PROVIDENCIA Y SANTA CATALINA",San Andrés,77714
2021-03-01,2021,3,SANTANDER,Barrancabermeja,1684
2021-03-01,2021,3,SANTANDER,Bucaramanga,39142
2021-03-01,2021,3,SANTANDER,Rionegro Santander,0
2021-03-01,2021,3,SUCRE,Corozal,1665
2021-03-01,2021,3,SUCRE,San José De Toluviejo,735
2021-03-01,2021,3,TOLIMA,Chicoral,2
2021-03-01,2021,3,TOLIMA,Ibagué,1156
2021-03-01,2021,3,TOLIMA,Saldaña,3
2021-03-01,2021,3,VALLE DEL CAUCA,Buenaventura,309
2021-03-01,2021,3,VALLE DEL CAUCA,Cali,156132
2021-03-01,2021,3,VALLE DEL CAUCA,Calima,5
2021-03-01,2021,3,VALLE DEL CAUCA,Candelaria,76
2021-03-01,2021,3,VAUPES,Caruru,0
2021-03-01,2021,3,VAUPES,Mitú,914
2021-03-01,2021,3,VAUPES,Taraira,49
2021-03-01,2021,3,VICHADA,Cumaribo,0
2021-03-01,2021,3,VICHADA,La Primavera,0
2021-03-01,2021,3,VICHADA,PUERTO CARREÑO,1524
2021-04-01,2021,4,AMAZONAS,LA CHORRERA,1
2021-04-01,2021,4,AMAZONAS,La Pedrera,24
2021-04-01,2021,4,AMAZONAS,Leticia,4
2021-04-01,2021,4,ANTIOQUIA,Carepa,6218
2021-04-01,2021,4,ANTIOQUIA,Medellín,27461
2021-04-01,2021,4,ANTIOQUIA,Rionegro,146463
2021-04-01,2021,4,ANTIOQUIA,Ituango,2
2021-04-01,2021,4,ARAUCA,Arauca,4461
2021-04-01,2021,4,ARAUCA,SARAVENA,960
2021-04-01,2021,4,ARAUCA,Tame,279
2021-04-01,2021,4,ATLANTICO,Barranquilla,43201
2021-04-01,2021,4,BOGOTA D.C.,"Bogotá, D.C.",427820
2021-04-01,2021,4,BOLIVAR,Cartagena,111817
2021-04-01,2021,4,BOLIVAR,El Carmen De Bolívar,0
2021-04-01,2021,4,CALDAS,Manizales,2971
2021-04-01,2021,4,CALDAS,Pensilvania,30
2021-04-01,2021,4,CAQUETA,Florencia,2621
2021-04-01,2021,4,CAQUETA,San Vicente del Caguán,253
2021-04-01,2021,4,CAQUETA,Solano,0
2021-04-01,2021,4,CASANARE,Aguazul,19
2021-04-01,2021,4,CASANARE,Nunchía,0
2021-04-01,2021,4,CASANARE,Paz de Ariporo,13
2021-04-01,2021,4,CASANARE,Trinidad,1
2021-04-01,2021,4,CASANARE,Yopal,4355
2021-04-01,2021,4,CAUCA,Guapi,1521
2021-04-01,2021,4,CAUCA,popayán,1709
2021-04-01,2021,4,CESAR,Aguachica,263
2021-04-01,2021,4,CESAR,Agustín Codazzi,0
2021-04-01,2021,4,CESAR,Becerril,85
2021-04-01,2021,4,CESAR,VALLEDUPAR,7906
2021-04-01,2021,4,CHOCO,Bahía Solano,553
2021-04-01,2021,4,CHOCO,Nuquí,341
2021-04-01,2021,4,CHOCO,Quibdó,8562
2021-04-01,2021,4,CORDOBA,Ayapel,31
2021-04-01,2021,4,CORDOBA,Montería,30123
2021-04-01,2021,4,GUAINIA,Barranco Minas,55
2021-04-01,2021,4,GUAINIA,Inírida,1611
2021-04-01,2021,4,GUAINIA,San Felipe,63
2021-04-01,2021,4,GUAVIARE,Miraflores,0
2021-04-01,2021,4,GUAVIARE,San José del Guaviare,554
2021-04-01,2021,4,HUILA,Neiva,3588
2021-04-01,2021,4,HUILA,Palermo,0
2021-04-01,2021,4,HUILA,Pitalito,655
2021-04-01,2021,4,HUILA,Yaguará,10
2021-04-01,2021,4,LA GUAJIRA,Riohacha,5030
2021-04-01,2021,4,MAGDALENA,Ariguaní,3
2021-04-01,2021,4,MAGDALENA,Santa Marta,52331
2021-04-01,2021,4,META,La Macarena,0
2021-04-01,2021,4,META,San Martín Meta,3
2021-04-01,2021,4,META,Villavicencio,1559
2021-04-01,2021,4,META,Fuente de Oro,2
2021-04-01,2021,4,NARINO,Pasto,9452
2021-04-01,2021,4,NARINO,San Andres de Tumaco,3307
2021-04-01,2021,4,NARINO,santa barbara - narino,4
2021-04-01,2021,4,NARINO,Aldana,962
2021-04-01,2021,4,NORTE DE SANTANDER,Cúcuta,26958
2021-04-01,2021,4,PUTUMAYO,Puerto Asís,3002
2021-04-01,2021,4,PUTUMAYO,Puerto Leguízamo,643
2021-04-01,2021,4,PUTUMAYO,Villagarzón,771
2021-04-01,2021,4,QUINDIO,Armenia,6537
2021-04-01,2021,4,RISARALDA,Pereira,38669
2021-04-01,2021,4,"SAN ANDRES, PROVIDENCIA Y SANTA CATALINA",Providencia,1041
2021-04-01,2021,4,"SAN ANDRES, PROVIDENCIA Y SANTA CATALINA",San Andrés,75228
2021-04-01,2021,4,SANTANDER,Barrancabermeja,1422
2021-04-01,2021,4,SANTANDER,Bucaramanga,35345
2021-04-01,2021,4,SANTANDER,Rionegro Santander,0
2021-04-01,2021,4,SUCRE,Corozal,1290
2021-04-01,2021,4,SUCRE,San José De Toluviejo,453
2021-04-01,2021,4,TOLIMA,Chicoral,1
2021-04-01,2021,4,TOLIMA,Ibagué,932
2021-04-01,2021,4,TOLIMA,Saldaña,3
2021-04-01,2021,4,VALLE DEL CAUCA,Buenaventura,227
2021-04-01,2021,4,VALLE DEL CAUCA,Cali,125231
2021-04-01,2021,4,VALLE DEL CAUCA,Candelaria,113
2021-04-01,2021,4,VALLE DEL CAUCA,Yotoco,1
2021-04-01,2021,4,VAUPES,Caruru,0
2021-04-01,2021,4,VAUPES,Mitú,830
2021-04-01,2021,4,VAUPES,Taraira,40
2021-04-01,2021,4,VICHADA,Cumaribo,0
2021-04-01,2021,4,VICHADA,La Primavera,0
2021-04-01,2021,4,VICHADA,PUERTO CARREÑO,1242
2021-05-01,2021,5,AMAZONAS,LA CHORRERA,2
2021-05-01,2021,5,AMAZONAS,La Pedrera,29
2021-05-01,2021,5,AMAZONAS,Leticia,2172
2021-05-01,2021,5,ANTIOQUIA,Carepa,7399
2021-05-01,2021,5,ANTIOQUIA,Medellín,31096
2021-05-01,2021,5,ANTIOQUIA,Rionegro,151416
2021-05-01,2021,5,ANTIOQUIA,Ituango,0
2021-05-01,2021,5,ARAUCA,Arauca,4509
2021-05-01,2021,5,ARAUCA,SARAVENA,1057
2021-05-01,2021,5,ARAUCA,Tame,362
2021-05-01,2021,5,ATLANTICO,Barranquilla,45585
2021-05-01,2021,5,BOGOTA D.C.,"Bogotá, D.C.",428589
2021-05-01,2021,5,BOLIVAR,Cartagena,98882
2021-05-01,2021,5,BOLIVAR,El Carmen De Bolívar,0
2021-05-01,2021,5,CALDAS,Manizales,4070
2021-05-01,2021,5,CALDAS,Pensilvania,107
2021-05-01,2021,5,CAQUETA,Florencia,3201
2021-05-01,2021,5,CAQUETA,San Vicente del Caguán,349
2021-05-01,2021,5,CAQUETA,Solano,0
2021-05-01,2021,5,CASANARE,Aguazul,23
2021-05-01,2021,5,CASANARE,Nunchía,2
2021-05-01,2021,5,CASANARE,Paz de Ariporo,11
2021-05-01,2021,5,CASANARE,Trinidad,3
2021-05-01,2021,5,CASANARE,Yopal,4932
2021-05-01,2021,5,CAUCA,Guapi,1972
2021-05-01,2021,5,CAUCA,popayán,2225
2021-05-01,2021,5,CESAR,Aguachica,351
2021-05-01,2021,5,CESAR,Agustín Codazzi,0
2021-05-01,2021,5,CESAR,Becerril,69
2021-05-01,2021,5,CESAR,VALLEDUPAR,7879
2021-05-01,2021,5,CHOCO,Bahía Solano,446
2021-05-01,2021,5,CHOCO,Nuquí,388
2021-05-01,2021,5,CHOCO,Quibdó,8567
2021-05-01,2021,5,CORDOBA,Montería,32154
2021-05-01,2021,5,GUAINIA,Barranco Minas,41
2021-05-01,2021,5,GUAINIA,Inírida,1535
2021-05-01,2021,5,GUAINIA,San Felipe,68
2021-05-01,2021,5,GUAVIARE,San José del Guaviare,648
2021-05-01,2021,5,HUILA,Neiva,5398
2021-05-01,2021,5,HUILA,Palermo,0
2021-05-01,2021,5,HUILA,Pitalito,848
2021-05-01,2021,5,HUILA,Yaguará,10
2021-05-01,2021,5,LA GUAJIRA,Riohacha,5834
2021-05-01,2021,5,MAGDALENA,Ariguaní,4
2021-05-01,2021,5,MAGDALENA,Santa Marta,68922
2021-05-01,2021,5,META,Puerto López,1
2021-05-01,2021,5,META,San Martín Meta,0
2021-05-01,2021,5,META,Villavicencio,2693
2021-05-01,2021,5,NARINO,Pasto,9261
2021-05-01,2021,5,NARINO,San Andres de Tumaco,3843
2021-05-01,2021,5,NARINO,santa barbara - narino,1
2021-05-01,2021,5,NARINO,Aldana,1021
2021-05-01,2021,5,NORTE DE SANTANDER,Cúcuta,29732
2021-05-01,2021,5,PUTUMAYO,Puerto Asís,2566
2021-05-01,2021,5,PUTUMAYO,Puerto Leguízamo,542
2021-05-01,2021,5,PUTUMAYO,Villagarzón,775
2021-05-01,2021,5,QUINDIO,Armenia,7120
2021-05-01,2021,5,RISARALDA,Pereira,42071
2021-05-01,2021,5,"SAN ANDRES, PROVIDENCIA Y SANTA CATALINA",Providencia,969
2021-05-01,2021,5,"SAN ANDRES, PROVIDENCIA Y SANTA CATALINA",San Andrés,70890
2021-05-01,2021,5,SANTANDER,Barrancabermeja,1638
2021-05-01,2021,5,SANTANDER,Bucaramanga,37861
2021-05-01,2021,5,SANTANDER,Rionegro Santander,0
2021-05-01,2021,5,SUCRE,Corozal,1173
2021-05-01,2021,5,SUCRE,San José De Toluviejo,564
2021-05-01,2021,5,TOLIMA,Chicoral,6
2021-05-01,2021,5,TOLIMA,Ibagué,1723
2021-05-01,2021,5,TOLIMA,Saldaña,4
2021-05-01,2021,5,VALLE DEL CAUCA,Buenaventura,405
2021-05-01,2021,5,VALLE DEL CAUCA,Cali,81108
2021-05-01,2021,5,VALLE DEL CAUCA,Calima,1
2021-05-01,2021,5,VALLE DEL CAUCA,Candelaria,176
2021-05-01,2021,5,VAUPES,Mitú,872
2021-05-01,2021,5,VAUPES,Taraira,41
2021-05-01,2021,5,VICHADA,Cumaribo,0
2021-05-01,2021,5,VICHADA,La Primavera,0
2021-05-01,2021,5,VICHADA,PUERTO CARREÑO,1332
2021-06-01,2021,6,AMAZONAS,LA CHORRERA,62
2021-06-01,2021,6,AMAZONAS,La Pedrera,108
2021-06-01,2021,6,AMAZONAS,Leticia,5188
2021-06-01,2021,6,ANTIOQUIA,Carepa,8856
2021-06-01,2021,6,ANTIOQUIA,Medellín,36429
2021-06-01,2021,6,ANTIOQUIA,Rionegro,238849
2021-06-01,2021,6,ANTIOQUIA,Ituango,0
2021-06-01,2021,6,ARAUCA,Arauca,5967
2021-06-01,2021,6,ARAUCA,SARAVENA,1094
2021-06-01,2021,6,ARAUCA,Tame,322
2021-06-01,2021,6,ATLANTICO,Barranquilla,75942
2021-06-01,2021,6,BOGOTA D.C.,"Bogotá, D.C.",592110
2021-06-01,2021,6,BOLIVAR,Cartagena,166620
2021-06-01,2021,6,BOLIVAR,El Carmen De Bolívar,0
2021-06-01,2021,6,CALDAS,Manizales,4635
2021-06-01,2021,6,CALDAS,Pensilvania,183
2021-06-01,2021,6,CAQUETA,Florencia,3822
2021-06-01,2021,6,CAQUETA,San Vicente del Caguán,364
2021-06-01,2021,6,CAQUETA,Solano,10
2021-06-01,2021,6,CASANARE,Aguazul,29
2021-06-01,2021,6,CASANARE,Nunchía,0
2021-06-01,2021,6,CASANARE,Paz de Ariporo,9
2021-06-01,2021,6,CASANARE,Trinidad,2
2021-06-01,2021,6,CASANARE,Yopal,5479
2021-06-01,2021,6,CAUCA,Guapi,2657
2021-06-01,2021,6,CAUCA,popayán,2612
2021-06-01,2021,6,CESAR,Aguachica,287
2021-06-01,2021,6,CESAR,Agustín Codazzi,0
2021-06-01,2021,6,CESAR,Becerril,59
2021-06-01,2021,6,CESAR,VALLEDUPAR,10967
2021-06-01,2021,6,CESAR,Bosconia,40
2021-06-01,2021,6,CHOCO,Bahía Solano,790
2021-06-01,2021,6,CHOCO,Nuquí,492
2021-06-01,2021,6,CHOCO,Quibdó,10941
2021-06-01,2021,6,CORDOBA,Montería,46191
2021-06-01,2021,6,GUAINIA,Barranco Minas,56
2021-06-01,2021,6,GUAINIA,Inírida,1742
2021-06-01,2021,6,GUAINIA,San Felipe,49
2021-06-01,2021,6,GUAVIARE,Miraflores,12
2021-06-01,2021,6,GUAVIARE,San José del Guaviare,633
2021-06-01,2021,6,HUILA,Neiva,5763
2021-06-01,2021,6,HUILA,Pitalito,722
2021-06-01,2021,6,HUILA,Yaguará,3
2021-06-01,2021,6,LA GUAJIRA,Riohacha,8332
2021-06-01,2021,6,MAGDALENA,Ariguaní,3
2021-06-01,2021,6,MAGDALENA,Santa Marta,110475
2021-06-01,2021,6,META,La Macarena,102
2021-06-01,2021,6,META,Puerto López,3
2021-06-01,2021,6,META,San Martín Meta,0
2021-06-01,2021,6,META,Villavicencio,2536
2021-06-01,2021,6,NARINO,Pasto,12593
2021-06-01,2021,6,NARINO,San Andres de Tumaco,4420
2021-06-01,2021,6,NARINO,santa barbara - narino,0
2021-06-01,2021,6,NARINO,Aldana,1178
2021-06-01,2021,6,NORTE DE SANTANDER,Cúcuta,40733
2021-06-01,2021,6,PUTUMAYO,Puerto Asís,3726
2021-06-01,2021,6,PUTUMAYO,Puerto Leguízamo,510
2021-06-01,2021,6,PUTUMAYO,Villagarzón,679
2021-06-01,2021,6,QUINDIO,Armenia,10590
2021-06-01,2021,6,RISARALDA,Pereira,59333
2021-06-01,2021,6,"SAN ANDRES, PROVIDENCIA Y SANTA CATALINA",Providencia,1192
2021-06-01,2021,6,"SAN ANDRES, PROVIDENCIA Y SANTA CATALINA",San Andrés,98834
2021-06-01,2021,6,SANTANDER,Barrancabermeja,1953
2021-06-01,2021,6,SANTANDER,Bucaramanga,48897
2021-06-01,2021,6,SANTANDER,Rionegro Santander,0
2021-06-01,2021,6,SUCRE,Corozal,1891
2021-06-01,2021,6,SUCRE,San José De Toluviejo,690
2021-06-01,2021,6,TOLIMA,Chicoral,2
2021-06-01,2021,6,TOLIMA,Ibagué,1896
2021-06-01,2021,6,TOLIMA,Saldaña,3
2021-06-01,2021,6,VALLE DEL CAUCA,Buenaventura,338
2021-06-01,2021,6,VALLE DEL CAUCA,Cali,165972
2021-06-01,2021,6,VALLE DEL CAUCA,Candelaria,166
2021-06-01,2021,6,VAUPES,Caruru,0
2021-06-01,2021,6,VAUPES,Mitú,849
2021-06-01,2021,6,VAUPES,Taraira,77
2021-06-01,2021,6,VICHADA,Cumaribo,0
2021-06-01,2021,6,VICHADA,PUERTO CARREÑO,1309
2021-07-01,2021,7,AMAZONAS,LA CHORRERA,45
2021-07-01,2021,7,AMAZONAS,La Pedrera,60
2021-07-01,2021,7,AMAZONAS,Leticia,7233
2021-07-01,2021,7,ANTIOQUIA,Carepa,9496
2021-07-01,2021,7,ANTIOQUIA,Medellín,41683
2021-07-01,2021,7,ANTIOQUIA,Rionegro,289781
2021-07-01,2021,7,ANTIOQUIA,Ituango,26
2021-07-01,2021,7,ARAUCA,Arauca,6088
2021-07-01,2021,7,ARAUCA,SARAVENA,1217
2021-07-01,2021,7,ARAUCA,Tame,332
2021-07-01,2021,7,ATLANTICO,Barranquilla,79402
2021-07-01,2021,7,BOGOTA D.C.,"Bogotá, D.C.",663951
2021-07-01,2021,7,BOLIVAR,Cartagena,183226
2021-07-01,2021,7,BOLIVAR,El Carmen De Bolívar,0
2021-07-01,2021,7,CALDAS,Manizales,4779
2021-07-01,2021,7,CALDAS,Pensilvania,95
2021-07-01,2021,7,CAQUETA,Florencia,3954
2021-07-01,2021,7,CAQUETA,San Vicente del Caguán,361
2021-07-01,2021,7,CASANARE,Aguazul,37
2021-07-01,2021,7,CASANARE,Nunchía,0
2021-07-01,2021,7,CASANARE,Paz de Ariporo,5
2021-07-01,2021,7,CASANARE,Trinidad,16
2021-07-01,2021,7,CASANARE,Yopal,5773
2021-07-01,2021,7,CAUCA,Guapi,2995
2021-07-01,2021,7,CAUCA,popayán,2497
2021-07-01,2021,7,CESAR,Aguachica,315
2021-07-01,2021,7,CESAR,Agustín Codazzi,39
2021-07-01,2021,7,CESAR,Becerril,553
2021-07-01,2021,7,CESAR,VALLEDUPAR,12695
2021-07-01,2021,7,CESAR,Bosconia,80
2021-07-01,2021,7,CHOCO,Bahía Solano,985
2021-07-01,2021,7,CHOCO,Nuquí,537
2021-07-01,2021,7,CHOCO,Quibdó,11495
2021-07-01,2021,7,CORDOBA,Montería,45600
2021-07-01,2021,7,GUAINIA,Barranco Minas,18
2021-07-01,2021,7,GUAINIA,Inírida,1752
2021-07-01,2021,7,GUAINIA,San Felipe,18
2021-07-01,2021,7,GUAVIARE,San José del Guaviare,589
2021-07-01,2021,7,HUILA,Neiva,6618
2021-07-01,2021,7,HUILA,Palermo,0
2021-07-01,2021,7,HUILA,Pitalito,731
2021-07-01,2021,7,HUILA,Yaguará,3
2021-07-01,2021,7,LA GUAJIRA,Riohacha,9022
2021-07-01,2021,7,MAGDALENA,Santa Marta,122620
2021-07-01,2021,7,META,La Macarena,448
2021-07-01,2021,7,META,Puerto López,1
2021-07-01,2021,7,META,San Martín Meta,9
2021-07-01,2021,7,META,Villavicencio,2690
2021-07-01,2021,7,NARINO,Pasto,11509
2021-07-01,2021,7,NARINO,San Andres de Tumaco,4883
2021-07-01,2021,7,NARINO,santa barbara - narino,0
2021-07-01,2021,7,NARINO,Aldana,1329
2021-07-01,2021,7,NORTE DE SANTANDER,Cúcuta,45028
2021-07-01,2021,7,PUTUMAYO,Puerto Asís,4074
2021-07-01,2021,7,PUTUMAYO,Puerto Leguízamo,593
2021-07-01,2021,7,PUTUMAYO,Villagarzón,704
2021-07-01,2021,7,QUINDIO,Armenia,12307
2021-07-01,2021,7,RISARALDA,Pereira,63835
2021-07-01,2021,7,RISARALDA,Balboa,1
2021-07-01,2021,7,"SAN ANDRES, PROVIDENCIA Y SANTA CATALINA",Providencia,1352
2021-07-01,2021,7,"SAN ANDRES, PROVIDENCIA Y SANTA CATALINA",San Andrés,111327
2021-07-01,2021,7,SANTANDER,Barrancabermeja,2185
2021-07-01,2021,7,SANTANDER,Bucaramanga,51709
2021-07-01,2021,7,SANTANDER,Rionegro Santander,0
2021-07-01,2021,7,SUCRE,Corozal,1987
2021-07-01,2021,7,SUCRE,San José De Toluviejo,773
2021-07-01,2021,7,TOLIMA,Chicoral,1
2021-07-01,2021,7,TOLIMA,Ibagué,1827
2021-07-01,2021,7,TOLIMA,Saldaña,9
2021-07-01,2021,7,VALLE DEL CAUCA,Buenaventura,318
2021-07-01,2021,7,VALLE DEL CAUCA,Cali,206406
2021-07-01,2021,7,VALLE DEL CAUCA,Calima,1
2021-07-01,2021,7,VALLE DEL CAUCA,Candelaria,126
2021-07-01,2021,7,VAUPES,Mitú,1027
2021-07-01,2021,7,VAUPES,Taraira,8
2021-07-01,2021,7,VICHADA,PUERTO CARREÑO,1461
2021-08-01,2021,8,AMAZONAS,LA CHORRERA,49
2021-08-01,2021,8,AMAZONAS,La Pedrera,50
2021-08-01,2021,8,AMAZONAS,Leticia,7529
2021-08-01,2021,8,ANTIOQUIA,Carepa,9670
2021-08-01,2021,8,ANTIOQUIA,Medellín,41233
2021-08-01,2021,8,ANTIOQUIA,Rionegro,297965
2021-08-01,2021,8,ANTIOQUIA,Ituango,32
2021-08-01,2021,8,ARAUCA,Arauca,6655
2021-08-01,2021,8,ARAUCA,SARAVENA,1180
2021-08-01,2021,8,ARAUCA,Tame,375
2021-08-01,2021,8,ATLANTICO,Barranquilla,81544
2021-08-01,2021,8,BOGOTA D.C.,"Bogotá, D.C.",694681
2021-08-01,2021,8,BOLIVAR,Cartagena,175803
2021-08-01,2021,8,BOLIVAR,El Carmen De Bolívar,0
2021-08-01,2021,8,CALDAS,Manizales,5681
2021-08-01,2021,8,CALDAS,Pensilvania,66
2021-08-01,2021,8,CAQUETA,Florencia,4246
2021-08-01,2021,8,CAQUETA,San Vicente del Caguán,352
2021-08-01,2021,8,CASANARE,Aguazul,50
2021-08-01,2021,8,CASANARE,Nunchía,0
2021-08-01,2021,8,CASANARE,Paz de Ariporo,44
2021-08-01,2021,8,CASANARE,Trinidad,20
2021-08-01,2021,8,CASANARE,Yopal,6576
2021-08-01,2021,8,CAUCA,Guapi,3366
2021-08-01,2021,8,CAUCA,popayán,3110
2021-08-01,2021,8,CESAR,Aguachica,355
2021-08-01,2021,8,CESAR,Agustín Codazzi,62
2021-08-01,2021,8,CESAR,Becerril,602
2021-08-01,2021,8,CESAR,VALLEDUPAR,11191
2021-08-01,2021,8,CESAR,Bosconia,55
2021-08-01,2021,8,CHOCO,Bahía Solano,1013
2021-08-01,2021,8,CHOCO,Nuquí,597
2021-08-01,2021,8,CHOCO,Quibdó,11465
2021-08-01,2021,8,CORDOBA,Ayapel,11
2021-08-01,2021,8,CORDOBA,Montería,47774
2021-08-01,2021,8,GUAINIA,Inírida,1636
2021-08-01,2021,8,GUAVIARE,San José del Guaviare,665
2021-08-01,2021,8,HUILA,Neiva,6880
2021-08-01,2021,8,HUILA,Palermo,3
2021-08-01,2021,8,HUILA,Pitalito,725
2021-08-01,2021,8,HUILA,Yaguará,0
2021-08-01,2021,8,LA GUAJIRA,Riohacha,8298
2021-08-01,2021,8,MAGDALENA,Ariguaní,1
2021-08-01,2021,8,MAGDALENA,Ciénaga,5
2021-08-01,2021,8,MAGDALENA,Santa Marta,122534
2021-08-01,2021,8,META,La Macarena,497
2021-08-01,2021,8,META,Puerto López,1
2021-08-01,2021,8,META,San Martín Meta,11
2021-08-01,2021,8,META,Villavicencio,3223
2021-08-01,2021,8,NARINO,Pasto,13245
2021-08-01,2021,8,NARINO,San Andres de Tumaco,4898
2021-08-01,2021,8,NARINO,santa barbara - narino,0
2021-08-01,2021,8,NARINO,Aldana,1283
2021-08-01,2021,8,NORTE DE SANTANDER,Cúcuta,45740
2021-08-01,2021,8,PUTUMAYO,Puerto Asís,4636
2021-08-01,2021,8,PUTUMAYO,Puerto Leguízamo,579
2021-08-01,2021,8,PUTUMAYO,Villagarzón,779
2021-08-01,2021,8,QUINDIO,Armenia,13135
2021-08-01,2021,8,RISARALDA,Pereira,64021
2021-08-01,2021,8,"SAN ANDRES, PROVIDENCIA Y SANTA CATALINA",Providencia,1171
2021-08-01,2021,8,"SAN ANDRES, PROVIDENCIA Y SANTA CATALINA",San Andrés,119605
2021-08-01,2021,8,SANTANDER,Barrancabermeja,2209
2021-08-01,2021,8,SANTANDER,Bucaramanga,51563
2021-08-01,2021,8,SANTANDER,Rionegro Santander,0
2021-08-01,2021,8,SUCRE,Corozal,1291
2021-08-01,2021,8,SUCRE,San José De Toluviejo,772
2021-08-01,2021,8,TOLIMA,Chicoral,6
2021-08-01,2021,8,TOLIMA,Flandes,6
2021-08-01,2021,8,TOLIMA,Ibagué,2155
2021-08-01,2021,8,TOLIMA,Saldaña,15
2021-08-01,2021,8,VALLE DEL CAUCA,Buenaventura,344
2021-08-01,2021,8,VALLE DEL CAUCA,Cali,219290
2021-08-01,2021,8,VALLE DEL CAUCA,Calima,6
2021-08-01,2021,8,VALLE DEL CAUCA,Candelaria,122
2021-08-01,2021,8,VAUPES,Mitú,870
2021-08-01,2021,8,VICHADA,PUERTO CARREÑO,1467
2021-09-01,2021,9,AMAZONAS,LA CHORRERA,55
2021-09-01,2021,9,AMAZONAS,La Pedrera,115
2021-09-01,2021,9,AMAZONAS,Leticia,7508
2021-09-01,2021,9,ANTIOQUIA,Carepa,10543
2021-09-01,2021,9,ANTIOQUIA,Medellín,42426
2021-09-01,2021,9,ANTIOQUIA,Rionegro,295713
2021-09-01,2021,9,ANTIOQUIA,Ituango,96
2021-09-01,2021,9,ARAUCA,Arauca,6538
2021-09-01,2021,9,ARAUCA,SARAVENA,1443
2021-09-01,2021,9,ARAUCA,Tame,318
2021-09-01,2021,9,ATLANTICO,Barranquilla,84610
2021-09-01,2021,9,BOGOTA D.C.,"Bogotá, D.C.",686970
2021-09-01,2021,9,BOLIVAR,Cartagena,163843
2021-09-01,2021,9,BOLIVAR,El Carmen De Bolívar,0
2021-09-01,2021,9,CALDAS,Manizales,5894
2021-09-01,2021,9,CALDAS,Pensilvania,68
2021-09-01,2021,9,CAQUETA,Florencia,4194
2021-09-01,2021,9,CAQUETA,San Vicente del Caguán,299
2021-09-01,2021,9,CAQUETA,Solano,8
2021-09-01,2021,9,CASANARE,Aguazul,51
2021-09-01,2021,9,CASANARE,Nunchía,3
2021-09-01,2021,9,CASANARE,Paz de Ariporo,10
2021-09-01,2021,9,CASANARE,Trinidad,36
2021-09-01,2021,9,CASANARE,Yopal,8083
2021-09-01,2021,9,CAUCA,Guapi,3209
2021-09-01,2021,9,CAUCA,popayán,3065
2021-09-01,2021,9,CESAR,Aguachica,349
2021-09-01,2021,9,CESAR,Agustín Codazzi,54
2021-09-01,2021,9,CESAR,Becerril,618
2021-09-01,2021,9,CESAR,VALLEDUPAR,10789
2021-09-01,2021,9,CESAR,Bosconia,59
2021-09-01,2021,9,CHOCO,Bahía Solano,1006
2021-09-01,2021,9,CHOCO,Nuquí,568
2021-09-01,2021,9,CHOCO,Quibdó,11924
2021-09-01,2021,9,CORDOBA,Montería,47053
2021-09-01,2021,9,GUAINIA,Inírida,1560
2021-09-01,2021,9,GUAVIARE,San José del Guaviare,618
2021-09-01,2021,9,HUILA,Neiva,7504
2021-09-01,2021,9,HUILA,Palermo,0
2021-09-01,2021,9,HUILA,Pitalito,667
2021-09-01,2021,9,HUILA,Yaguará,0
2021-09-01,2021,9,LA GUAJIRA,Riohacha,4206
2021-09-01,2021,9,MAGDALENA,Ariguaní,4
2021-09-01,2021,9,MAGDALENA,Santa Marta,112336
2021-09-01,2021,9,META,La Macarena,524
2021-09-01,2021,9,META,San Martín Meta,10
2021-09-01,2021,9,META,Villavicencio,3523
2021-09-01,2021,9,NARINO,Pasto,12366
2021-09-01,2021,9,NARINO,San Andres de Tumaco,4664
2021-09-01,2021,9,NARINO,santa barbara - narino,1
2021-09-01,2021,9,NARINO,Aldana,1242
2021-09-01,2021,9,NORTE DE SANTANDER,Cúcuta,47514
2021-09-01,2021,9,PUTUMAYO,Puerto Asís,4461
2021-09-01,2021,9,PUTUMAYO,Puerto Leguízamo,575
2021-09-01,2021,9,PUTUMAYO,Villagarzón,715
2021-09-01,2021,9,QUINDIO,Armenia,15726
2021-09-01,2021,9,RISARALDA,Pereira,62468
2021-09-01,2021,9,"SAN ANDRES, PROVIDENCIA Y SANTA CATALINA",Providencia,1180
2021-09-01,2021,9,"SAN ANDRES, PROVIDENCIA Y SANTA CATALINA",San Andrés,115310
2021-09-01,2021,9,SANTANDER,Barrancabermeja,3059
2021-09-01,2021,9,SANTANDER,Bucaramanga,51918
2021-09-01,2021,9,SANTANDER,Rionegro Santander,0
2021-09-01,2021,9,SUCRE,Corozal,1346
2021-09-01,2021,9,SUCRE,San José De Toluviejo,708
2021-09-01,2021,9,TOLIMA,Chicoral,2
2021-09-01,2021,9,TOLIMA,Flandes,3
2021-09-01,2021,9,TOLIMA,Ibagué,2377
2021-09-01,2021,9,TOLIMA,Saldaña,5
2021-09-01,2021,9,VALLE DEL CAUCA,Buenaventura,316
2021-09-01,2021,9,VALLE DEL CAUCA,Cali,204383
2021-09-01,2021,9,VALLE DEL CAUCA,Calima,7
2021-09-01,2021,9,VALLE DEL CAUCA,Candelaria,63
2021-09-01,2021,9,VAUPES,Mitú,1022
2021-09-01,2021,9,VAUPES,Taraira,52
2021-09-01,2021,9,VICHADA,Cumaribo,0
2021-09-01,2021,9,VICHADA,La Primavera,0
2021-09-01,2021,9,VICHADA,PUERTO CARREÑO,1501
2021-10-01,2021,10,AMAZONAS,LA CHORRERA,55
2021-10-01,2021,10,AMAZONAS,La Pedrera,106
2021-10-01,2021,10,AMAZONAS,Leticia,8839
2021-10-01,2021,10,ANTIOQUIA,Carepa,11088
2021-10-01,2021,10,ANTIOQUIA,Medellín,45433
2021-10-01,2021,10,ANTIOQUIA,Rionegro,325748
2021-10-01,2021,10,ANTIOQUIA,Ituango,65
2021-10-01,2021,10,ARAUCA,Arauca,7228
2021-10-01,2021,10,ARAUCA,SARAVENA,1504
2021-10-01,2021,10,ARAUCA,Tame,356
2021-10-01,2021,10,ATLANTICO,Barranquilla,88280
2021-10-01,2021,10,BOGOTA D.C.,"Bogotá, D.C.",704575
2021-10-01,2021,10,BOLIVAR,Cartagena,151720
2021-10-01,2021,10,CALDAS,Manizales,6189
2021-10-01,2021,10,CALDAS,Pensilvania,83
2021-10-01,2021,10,CAQUETA,Florencia,4800
2021-10-01,2021,10,CAQUETA,San Vicente del Caguán,353
2021-10-01,2021,10,CAQUETA,Solano,0
2021-10-01,2021,10,CASANARE,Aguazul,64
2021-10-01,2021,10,CASANARE,Nunchía,9
2021-10-01,2021,10,CASANARE,Paz de Ariporo,31
2021-10-01,2021,10,CASANARE,Trinidad,21
2021-10-01,2021,10,CASANARE,Yopal,8939
2021-10-01,2021,10,CAUCA,Guapi,3084
2021-10-01,2021,10,CAUCA,popayán,3056
2021-10-01,2021,10,CESAR,Aguachica,329
2021-10-01,2021,10,CESAR,Agustín Codazzi,56
2021-10-01,2021,10,CESAR,Becerril,572
2021-10-01,2021,10,CESAR,VALLEDUPAR,10602
2021-10-01,2021,10,CESAR,Bosconia,45
2021-10-01,2021,10,CHOCO,Bahía Solano,903
2021-10-01,2021,10,CHOCO,Nuquí,622
2021-10-01,2021,10,CHOCO,Quibdó,12422
2021-10-01,2021,10,CORDOBA,Montería,49894
2021-10-01,2021,10,GUAINIA,Barranco Minas,30
2021-10-01,2021,10,GUAINIA,Inírida,1786
2021-10-01,2021,10,GUAINIA,San Felipe,68
2021-10-01,2021,10,GUAVIARE,Miraflores,0
2021-10-01,2021,10,GUAVIARE,San José del Guaviare,725
2021-10-01,2021,10,HUILA,Neiva,8550
2021-10-01,2021,10,HUILA,Palermo,0
2021-10-01,2021,10,HUILA,Pitalito,694
2021-10-01,2021,10,LA GUAJIRA,Riohacha,4393
2021-10-01,2021,10,MAGDALENA,Ariguaní,1
2021-10-01,2021,10,MAGDALENA,Ciénaga,2
2021-10-01,2021,10,MAGDALENA,Santa Marta,115984
2021-10-01,2021,10,META,La Macarena,564
2021-10-01,2021,10,META,San Martín Meta,7
2021-10-01,2021,10,META,Villavicencio,3283
2021-10-01,2021,10,NARINO,Pasto,12258
2021-10-01,2021,10,NARINO,San Andres de Tumaco,5023
2021-10-01,2021,10,NARINO,Aldana,1269
2021-10-01,2021,10,NORTE DE SANTANDER,Cúcuta,49933
2021-10-01,2021,10,PUTUMAYO,Puerto Asís,4546
2021-10-01,2021,10,PUTUMAYO,Puerto Leguízamo,586
2021-10-01,2021,10,PUTUMAYO,Villagarzón,776
2021-10-01,2021,10,QUINDIO,Armenia,13199
2021-10-01,2021,10,RISARALDA,Pereira,68457
2021-10-01,2021,10,"SAN ANDRES, PROVIDENCIA Y SANTA CATALINA",Providencia,1230
2021-10-01,2021,10,"SAN ANDRES, PROVIDENCIA Y SANTA CATALINA",San Andrés,122295
2021-10-01,2021,10,SANTANDER,Barrancabermeja,2181
2021-10-01,2021,10,SANTANDER,Bucaramanga,61534
2021-10-01,2021,10,SUCRE,Corozal,1660
2021-10-01,2021,10,SUCRE,San José De Toluviejo,739
2021-10-01,2021,10,TOLIMA,Ibagué,2702
2021-10-01,2021,10,TOLIMA,Saldaña,6
2021-10-01,2021,10,VALLE DEL CAUCA,Buenaventura,347
2021-10-01,2021,10,VALLE DEL CAUCA,Cali,222538
2021-10-01,2021,10,VALLE DEL CAUCA,Calima,3
2021-10-01,2021,10,VALLE DEL CAUCA,Candelaria,51
2021-10-01,2021,10,VAUPES,Caruru,0
2021-10-01,2021,10,VAUPES,Mitú,1002
2021-10-01,2021,10,VAUPES,Taraira,45
2021-10-01,2021,10,VICHADA,Cumaribo,0
2021-10-01,2021,10,VICHADA,PUERTO CARREÑO,1530
2021-11-01,2021,11,AMAZONAS,LA CHORRERA,66
2021-11-01,2021,11,AMAZONAS,La Pedrera,169
2021-11-01,2021,11,AMAZONAS,Leticia,11840
2021-11-01,2021,11,ANTIOQUIA,Carepa,11228
2021-11-01,2021,11,ANTIOQUIA,Medellín,43200
2021-11-01,2021,11,ANTIOQUIA,Rionegro,329264
2021-11-01,2021,11,ANTIOQUIA,Ituango,64
2021-11-01,2021,11,ARAUCA,Arauca,7111
2021-11-01,2021,11,ARAUCA,SARAVENA,1442
2021-11-01,2021,11,ARAUCA,Tame,346
2021-11-01,2021,11,ATLANTICO,Barranquilla,99683
2021-11-01,2021,11,BOGOTA D.C.,"Bogotá, D.C.",851161
2021-11-01,2021,11,BOLIVAR,Cartagena,232541
2021-11-01,2021,11,BOLIVAR,El Carmen De Bolívar,0
2021-11-01,2021,11,CALDAS,Manizales,5898
2021-11-01,2021,11,CALDAS,Pensilvania,20
2021-11-01,2021,11,CAQUETA,Florencia,4981
2021-11-01,2021,11,CAQUETA,San Vicente del Caguán,352
2021-11-01,2021,11,CAQUETA,Solano,16
2021-11-01,2021,11,CASANARE,Aguazul,51
2021-11-01,2021,11,CASANARE,Nunchía,7
2021-11-01,2021,11,CASANARE,Orocué,1
2021-11-01,2021,11,CASANARE,Paz de Ariporo,13
2021-11-01,2021,11,CASANARE,Trinidad,21
2021-11-01,2021,11,CASANARE,Yopal,12707
2021-11-01,2021,11,CAUCA,Guapi,2871
2021-11-01,2021,11,CAUCA,popayán,2772
2021-11-01,2021,11,CESAR,Aguachica,303
2021-11-01,2021,11,CESAR,Agustín Codazzi,44
2021-11-01,2021,11,CESAR,Becerril,489
2021-11-01,2021,11,CESAR,VALLEDUPAR,19867
2021-11-01,2021,11,CESAR,Bosconia,56
2021-11-01,2021,11,CHOCO,Bahía Solano,742
2021-11-01,2021,11,CHOCO,Nuquí,524
2021-11-01,2021,11,CHOCO,Quibdó,12995
2021-11-01,2021,11,CORDOBA,Ayapel,1
2021-11-01,2021,11,CORDOBA,Montería,58371
2021-11-01,2021,11,GUAINIA,Barranco Minas,57
2021-11-01,2021,11,GUAINIA,Inírida,1978
2021-11-01,2021,11,GUAINIA,San Felipe,57
2021-11-01,2021,11,GUAVIARE,Miraflores,48
2021-11-01,2021,11,GUAVIARE,San José del Guaviare,740
2021-11-01,2021,11,HUILA,Neiva,8916
2021-11-01,2021,11,HUILA,Pitalito,759
2021-11-01,2021,11,HUILA,Yaguará,0
2021-11-01,2021,11,LA GUAJIRA,Riohacha,13614
2021-11-01,2021,11,MAGDALENA,Ariguaní,7
2021-11-01,2021,11,MAGDALENA,Ciénaga,12
2021-11-01,2021,11,MAGDALENA,Santa Marta,146188
2021-11-01,2021,11,META,La Macarena,348
2021-11-01,2021,11,META,Puerto López,0
2021-11-01,2021,11,META,San Martín Meta,6
2021-11-01,2021,11,META,Villavicencio,3424
2021-11-01,2021,11,NARINO,Pasto,18577
2021-11-01,2021,11,NARINO,San Andres de Tumaco,5078
2021-11-01,2021,11,NARINO,santa barbara - narino,2
2021-11-01,2021,11,NARINO,Aldana,1186
2021-11-01,2021,11,NORTE DE SANTANDER,Cúcuta,45776
2021-11-01,2021,11,PUTUMAYO,Puerto Asís,4917
2021-11-01,2021,11,PUTUMAYO,Puerto Leguízamo,546
2021-11-01,2021,11,PUTUMAYO,Villagarzón,716
2021-11-01,2021,11,QUINDIO,Armenia,16890
2021-11-01,2021,11,RISARALDA,Pereira,82424
2021-11-01,2021,11,"SAN ANDRES, PROVIDENCIA Y SANTA CATALINA",Providencia,1132
2021-11-01,2021,11,"SAN ANDRES, PROVIDENCIA Y SANTA CATALINA",San Andrés,129487
2021-11-01,2021,11,SANTANDER,Barrancabermeja,2886
2021-11-01,2021,11,SANTANDER,Bucaramanga,70768
2021-11-01,2021,11,SANTANDER,Rionegro Santander,0
2021-11-01,2021,11,SUCRE,Corozal,2326
2021-11-01,2021,11,SUCRE,San José De Toluviejo,781
2021-11-01,2021,11,TOLIMA,Chicoral,11
2021-11-01,2021,11,TOLIMA,Flandes,1
2021-11-01,2021,11,TOLIMA,Ibagué,3753
2021-11-01,2021,11,TOLIMA,Saldaña,7
2021-11-01,2021,11,VALLE DEL CAUCA,Buenaventura,331
2021-11-01,2021,11,VALLE DEL CAUCA,Cali,228783
2021-11-01,2021,11,VALLE DEL CAUCA,Calima,8
2021-11-01,2021,11,VALLE DEL CAUCA,Candelaria,49
2021-11-01,2021,11,VAUPES,Caruru,0
2021-11-01,2021,11,VAUPES,Mitú,1002
2021-11-01,2021,11,VAUPES,Taraira,80
2021-11-01,2021,11,VICHADA,Cumaribo,0
2021-11-01,2021,11,VICHADA,PUERTO CARREÑO,1521
2021-12-01,2021,12,AMAZONAS,LA CHORRERA,98
2021-12-01,2021,12,AMAZONAS,La Pedrera,155
2021-12-01,2021,12,AMAZONAS,Leticia,14585
2021-12-01,2021,12,ANTIOQUIA,Carepa,12797
2021-12-01,2021,12,ANTIOQUIA,Medellín,46536
2021-12-01,2021,12,ANTIOQUIA,Rionegro,362251
2021-12-01,2021,12,ANTIOQUIA,Ituango,67
2021-12-01,2021,12,ARAUCA,Arauca,7684
2021-12-01,2021,12,ARAUCA,SARAVENA,1336
2021-12-01,2021,12,ARAUCA,Tame,415
2021-12-01,2021,12,ATLANTICO,Barranquilla,115555
2021-12-01,2021,12,BOGOTA D.C.,"Bogotá, D.C.",858906
2021-12-01,2021,12,BOLIVAR,Cartagena,262043
2021-12-01,2021,12,BOLIVAR,El Carmen De Bolívar,0
2021-12-01,2021,12,CALDAS,Manizales,7552
2021-12-01,2021,12,CALDAS,Pensilvania,26
2021-12-01,2021,12,CAQUETA,Florencia,5145
2021-12-01,2021,12,CAQUETA,San Vicente del Caguán,345
2021-12-01,2021,12,CASANARE,Aguazul,52
2021-12-01,2021,12,CASANARE,Nunchía,1
2021-12-01,2021,12,CASANARE,Paz de Ariporo,12
2021-12-01,2021,12,CASANARE,Trinidad,42
2021-12-01,2021,12,CASANARE,Yopal,12909
2021-12-01,2021,12,CAUCA,Guapi,3312
2021-12-01,2021,12,CAUCA,popayán,3198
2021-12-01,2021,12,CESAR,Aguachica,392
2021-12-01,2021,12,CESAR,Agustín Codazzi,52
2021-12-01,2021,12,CESAR,Becerril,416
2021-12-01,2021,12,CESAR,VALLEDUPAR,23136
2021-12-01,2021,12,CESAR,Bosconia,171
2021-12-01,2021,12,CHOCO,Bahía Solano,818
2021-12-01,2021,12,CHOCO,Nuquí,737
2021-12-01,2021,12,CHOCO,Quibdó,15298
2021-12-01,2021,12,CORDOBA,Ayapel,1
2021-12-01,2021,12,CORDOBA,Montería,72568
2021-12-01,2021,12,GUAINIA,Barranco Minas,66
2021-12-01,2021,12,GUAINIA,Inírida,2054
2021-12-01,2021,12,GUAINIA,San Felipe,50
2021-12-01,2021,12,GUAVIARE,Miraflores,33
2021-12-01,2021,12,GUAVIARE,San José del Guaviare,673
2021-12-01,2021,12,HUILA,Neiva,9746
2021-12-01,2021,12,HUILA,Pitalito,872
2021-12-01,2021,12,HUILA,Yaguará,4
2021-12-01,2021,12,LA GUAJIRA,Riohacha,15425
2021-12-01,2021,12,MAGDALENA,Ariguaní,8
2021-12-01,2021,12,MAGDALENA,Ciénaga,22
2021-12-01,2021,12,MAGDALENA,Santa Marta,165746
2021-12-01,2021,12,META,San Martín Meta,26
2021-12-01,2021,12,META,Villavicencio,3694
2021-12-01,2021,12,META,Fuente de Oro,8
2021-12-01,2021,12,NARINO,Pasto,20742
2021-12-01,2021,12,NARINO,San Andres de Tumaco,5931
2021-12-01,2021,12,NARINO,santa barbara - narino,12
2021-12-01,2021,12,NARINO,Aldana,1339
2021-12-01,2021,12,NORTE DE SANTANDER,Cúcuta,50667
2021-12-01,2021,12,PUTUMAYO,Puerto Asís,5615
2021-12-01,2021,12,PUTUMAYO,Puerto Leguízamo,525
2021-12-01,2021,12,PUTUMAYO,Villagarzón,704
2021-12-01,2021,12,QUINDIO,Armenia,18758
2021-12-01,2021,12,RISARALDA,Pereira,88347
2021-12-01,2021,12,"SAN ANDRES, PROVIDENCIA Y SANTA CATALINA",Providencia,1004
2021-12-01,2021,12,"SAN ANDRES, PROVIDENCIA Y SANTA CATALINA",San Andrés,139086
2021-12-01,2021,12,SANTANDER,Barrancabermeja,3653
2021-12-01,2021,12,SANTANDER,Bucaramanga,80332
2021-12-01,2021,12,SANTANDER,Rionegro Santander,0
2021-12-01,2021,12,SUCRE,Corozal,2604
2021-12-01,2021,12,SUCRE,San José De Toluviejo,999
2021-12-01,2021,12,TOLIMA,Chicoral,1
2021-12-01,2021,12,TOLIMA,Flandes,2
2021-12-01,2021,12,TOLIMA,Ibagué,4237
2021-12-01,2021,12,TOLIMA,Saldaña,11
2021-12-01,2021,12,VALLE DEL CAUCA,Buenaventura,244
2021-12-01,2021,12,VALLE DEL CAUCA,Cali,244782
2021-12-01,2021,12,VALLE DEL CAUCA,Calima,18
2021-12-01,2021,12,VALLE DEL CAUCA,Candelaria,68
2021-12-01,2021,12,VAUPES,Mitú,1038
2021-12-01,2021,12,VAUPES,Taraira,65
2021-12-01,2021,12,VICHADA,PUERTO CARREÑO,1595
2022-01-01,2022,1,AMAZONAS,LA CHORRERA,59
2022-01-01,2022,1,AMAZONAS,La Pedrera,171
2022-01-01,2022,1,AMAZONAS,Leticia,14101
2022-01-01,2022,1,ANTIOQUIA,Carepa,10239
2022-01-01,2022,1,ANTIOQUIA,Medellín,46195
2022-01-01,2022,1,ANTIOQUIA,Rionegro,355134
2022-01-01,2022,1,ARAUCA,Arauca,7120
2022-01-01,2022,1,ARAUCA,SARAVENA,1297
2022-01-01,2022,1,ARAUCA,Tame,335
2022-01-01,2022,1,ATLANTICO,Barranquilla,102307
2022-01-01,2022,1,BOGOTA D.C.,"Bogotá, D.C.",877771
2022-01-01,2022,1,BOLIVAR,Cartagena,251023
2022-01-01,2022,1,BOLIVAR,El Carmen De Bolívar,0
2022-01-01,2022,1,CALDAS,Manizales,6159
2022-01-01,2022,1,CAQUETA,Florencia,4333
2022-01-01,2022,1,CAQUETA,San Vicente del Caguán,331
2022-01-01,2022,1,CAQUETA,Solano,2
2022-01-01,2022,1,CASANARE,Paz de Ariporo,1
2022-01-01,2022,1,CASANARE,Yopal,10628
2022-01-01,2022,1,CAUCA,Guapi,2632
2022-01-01,2022,1,CAUCA,popayán,2963
2022-01-01,2022,1,CESAR,Aguachica,357
2022-01-01,2022,1,CESAR,VALLEDUPAR,15938
2022-01-01,2022,1,CHOCO,Bahía Solano,816
2022-01-01,2022,1,CHOCO,Nuquí,511
2022-01-01,2022,1,CHOCO,Quibdó,12370
2022-01-01,2022,1,CORDOBA,Ayapel,1
2022-01-01,2022,1,CORDOBA,Montería,60833
2022-01-01,2022,1,GUAINIA,Barranco Minas,46
2022-01-01,2022,1,GUAINIA,Inírida,2307
2022-01-01,2022,1,GUAINIA,San Felipe,29
2022-01-01,2022,1,GUAVIARE,Miraflores,61
2022-01-01,2022,1,GUAVIARE,San José del Guaviare,648
2022-01-01,2022,1,HUILA,Neiva,10030
2022-01-01,2022,1,HUILA,Pitalito,838
2022-01-01,2022,1,LA GUAJIRA,Riohacha,14963
2022-01-01,2022,1,MAGDALENA,Santa Marta,160277
2022-01-01,2022,1,META,Villavicencio,3190
2022-01-01,2022,1,NARINO,Pasto,17209
2022-01-01,2022,1,NARINO,San Andres de Tumaco,5108
2022-01-01,2022,1,NARINO,Aldana,1240
2022-01-01,2022,1,NORTE DE SANTANDER,Cúcuta,44783
2022-01-01,2022,1,PUTUMAYO,Puerto Asís,4982
2022-01-01,2022,1,PUTUMAYO,Puerto Leguízamo,542
2022-01-01,2022,1,PUTUMAYO,Villagarzón,673
2022-01-01,2022,1,QUINDIO,Armenia,15107
2022-01-01,2022,1,RISARALDA,Pereira,82031
2022-01-01,2022,1,"SAN ANDRES, PROVIDENCIA Y SANTA CATALINA",Providencia,1228
2022-01-01,2022,1,"SAN ANDRES, PROVIDENCIA Y SANTA CATALINA",San Andrés,152905
2022-01-01,2022,1,SANTANDER,Barrancabermeja,1682
2022-01-01,2022,1,SANTANDER,Bucaramanga,68186
2022-01-01,2022,1,SANTANDER,Rionegro Santander,0
2022-01-01,2022,1,SUCRE,Corozal,2472
2022-01-01,2022,1,SUCRE,San José De Toluviejo,936
2022-01-01,2022,1,TOLIMA,Flandes,2
2022-01-01,2022,1,TOLIMA,Ibagué,3105
2022-01-01,2022,1,VALLE DEL CAUCA,Buenaventura,242
2022-01-01,2022,1,VALLE DEL CAUCA,Cali,224532
2022-01-01,2022,1,VAUPES,Caruru,46
2022-01-01,2022,1,VAUPES,Mitú,1065
2022-01-01,2022,1,VAUPES,Taraira,122
2022-01-01,2022,1,VICHADA,PUERTO CARREÑO,1757
2022-02-01,2022,2,AMAZONAS,LA CHORRERA,61
2022-02-01,2022,2,AMAZONAS,La Pedrera,163
2022-02-01,2022,2,AMAZONAS,Leticia,11885
2022-02-01,2022,2,ANTIOQUIA,Carepa,9194
2022-02-01,2022,2,ANTIOQUIA,Medellín,40270
2022-02-01,2022,2,ANTIOQUIA,Rionegro,282598
2022-02-01,2022,2,ARAUCA,Arauca,5770
2022-02-01,2022,2,ARAUCA,SARAVENA,1196
2022-02-01,2022,2,ARAUCA,Tame,322
2022-02-01,2022,2,ATLANTICO,Barranquilla,89878
2022-02-01,2022,2,BOGOTA D.C.,"Bogotá, D.C.",755473
2022-02-01,2022,2,BOLIVAR,Cartagena,202647
2022-02-01,2022,2,BOLIVAR,El Carmen De Bolívar,0
2022-02-01,2022,2,CALDAS,Manizales,5031
2022-02-01,2022,2,CALDAS,Pensilvania,25
2022-02-01,2022,2,CAQUETA,Florencia,4516
2022-02-01,2022,2,CAQUETA,San Vicente del Caguán,282
2022-02-01,2022,2,CASANARE,Yopal,10038
2022-02-01,2022,2,CAUCA,Guapi,2370
2022-02-01,2022,2,CAUCA,popayán,2540
2022-02-01,2022,2,CESAR,Aguachica,370
2022-02-01,2022,2,CESAR,VALLEDUPAR,15276
2022-02-01,2022,2,CHOCO,Bahía Solano,761
2022-02-01,2022,2,CHOCO,Nuquí,451
2022-02-01,2022,2,CHOCO,Quibdó,11154
2022-02-01,2022,2,CORDOBA,Montería,51716
2022-02-01,2022,2,GUAINIA,Barranco Minas,113
2022-02-01,2022,2,GUAINIA,Inírida,1997
2022-02-01,2022,2,GUAINIA,San Felipe,61
2022-02-01,2022,2,GUAVIARE,San José del Guaviare,522
2022-02-01,2022,2,HUILA,Neiva,11240
2022-02-01,2022,2,HUILA,Pitalito,696
2022-02-01,2022,2,LA GUAJIRA,Riohacha,13233
2022-02-01,2022,2,MAGDALENA,Santa Marta,132133
2022-02-01,2022,2,META,Villavicencio,3048
2022-02-01,2022,2,NARINO,Pasto,17489
2022-02-01,2022,2,NARINO,San Andres de Tumaco,4906
2022-02-01,2022,2,NARINO,Aldana,1141
2022-02-01,2022,2,NORTE DE SANTANDER,Cúcuta,42888
2022-02-01,2022,2,PUTUMAYO,Puerto Asís,4927
2022-02-01,2022,2,PUTUMAYO,Puerto Leguízamo,530
2022-02-01,2022,2,PUTUMAYO,Villagarzón,641
2022-02-01,2022,2,QUINDIO,Armenia,14261
2022-02-01,2022,2,RISARALDA,Pereira,77242
2022-02-01,2022,2,"SAN ANDRES, PROVIDENCIA Y SANTA CATALINA",Providencia,1174
2022-02-01,2022,2,"SAN ANDRES, PROVIDENCIA Y SANTA CATALINA",San Andrés,127008
2022-02-01,2022,2,SANTANDER,Barrancabermeja,3306
2022-02-01,2022,2,SANTANDER,Bucaramanga,66126
2022-02-01,2022,2,SANTANDER,Rionegro Santander,0
2022-02-01,2022,2,SUCRE,Corozal,2042
2022-02-01,2022,2,SUCRE,San José De Toluviejo,752
2022-02-01,2022,2,TOLIMA,Flandes,1
2022-02-01,2022,2,TOLIMA,Ibagué,3943
2022-02-01,2022,2,VALLE DEL CAUCA,Buenaventura,255
2022-02-01,2022,2,VALLE DEL CAUCA,Cali,194115
2022-02-01,2022,2,VAUPES,Mitú,1000
2022-02-01,2022,2,VAUPES,Taraira,106
2022-02-01,2022,2,VICHADA,PUERTO CARREÑO,1720
2022-03-01,2022,3,AMAZONAS,LA CHORRERA,64
2022-03-01,2022,3,AMAZONAS,La Pedrera,177
2022-03-01,2022,3,AMAZONAS,Leticia,12701
2022-03-01,2022,3,ANTIOQUIA,Carepa,11234
2022-03-01,2022,3,ANTIOQUIA,Medellín,42814
2022-03-01,2022,3,ANTIOQUIA,Rionegro,378356
2022-03-01,2022,3,ARAUCA,Arauca,6423
2022-03-01,2022,3,ARAUCA,SARAVENA,1489
2022-03-01,2022,3,ARAUCA,Tame,301
2022-03-01,2022,3,ATLANTICO,Barranquilla,117685
2022-03-01,2022,3,BOGOTA D.C.,"Bogotá, D.C.",912474
2022-03-01,2022,3,BOLIVAR,Cartagena,247910
2022-03-01,2022,3,BOLIVAR,El Carmen De Bolívar,0
2022-03-01,2022,3,CALDAS,Manizales,4774
2022-03-01,2022,3,CALDAS,Pensilvania,23
2022-03-01,2022,3,CAQUETA,Florencia,5552
2022-03-01,2022,3,CAQUETA,San Vicente del Caguán,337
2022-03-01,2022,3,CASANARE,Yopal,11731
2022-03-01,2022,3,CAUCA,Guapi,2584
2022-03-01,2022,3,CAUCA,popayán,3789
2022-03-01,2022,3,CESAR,Aguachica,446
2022-03-01,2022,3,CESAR,VALLEDUPAR,17230
2022-03-01,2022,3,CHOCO,Bahía Solano,745
2022-03-01,2022,3,CHOCO,Nuquí,487
2022-03-01,2022,3,CHOCO,Quibdó,12486
2022-03-01,2022,3,CORDOBA,Ayapel,3
2022-03-01,2022,3,CORDOBA,Montería,60372
2022-03-01,2022,3,GUAINIA,Barranco Minas,93
2022-03-01,2022,3,GUAINIA,Inírida,2160
2022-03-01,2022,3,GUAINIA,San Felipe,119
2022-03-01,2022,3,GUAVIARE,San José del Guaviare,576
2022-03-01,2022,3,HUILA,Neiva,15359
2022-03-01,2022,3,HUILA,Pitalito,820
2022-03-01,2022,3,LA GUAJIRA,Riohacha,15036
2022-03-01,2022,3,MAGDALENA,Santa Marta,151640
2022-03-01,2022,3,META,La Macarena,7
2022-03-01,2022,3,META,Villavicencio,4659
2022-03-01,2022,3,NARINO,Pasto,20523
2022-03-01,2022,3,NARINO,San Andres de Tumaco,5223
2022-03-01,2022,3,NARINO,Aldana,1107
2022-03-01,2022,3,NARINO,Bocas de Satinga,2
2022-03-01,2022,3,NORTE DE SANTANDER,Cúcuta,48864
2022-03-01,2022,3,PUTUMAYO,Puerto Asís,5332
2022-03-01,2022,3,PUTUMAYO,Puerto Leguízamo,646
2022-03-01,2022,3,PUTUMAYO,Villagarzón,671
2022-03-01,2022,3,QUINDIO,Armenia,16853
2022-03-01,2022,3,RISARALDA,Pereira,93174
2022-03-01,2022,3,"SAN ANDRES, PROVIDENCIA Y SANTA CATALINA",Providencia,1055
2022-03-01,2022,3,"SAN ANDRES, PROVIDENCIA Y SANTA CATALINA",San Andrés,135933
2022-03-01,2022,3,SANTANDER,Barrancabermeja,3579
2022-03-01,2022,3,SANTANDER,Bucaramanga,80365
2022-03-01,2022,3,SANTANDER,Rionegro Santander,0
2022-03-01,2022,3,SUCRE,Corozal,2675
2022-03-01,2022,3,SUCRE,San José De Toluviejo,798
2022-03-01,2022,3,TOLIMA,Ibagué,4730
2022-03-01,2022,3,VALLE DEL CAUCA,Buenaventura,294
2022-03-01,2022,3,VALLE DEL CAUCA,Cali,236241
2022-03-01,2022,3,VAUPES,Mitú,1048
2022-03-01,2022,3,VAUPES,Taraira,103
2022-03-01,2022,3,VICHADA,PUERTO CARREÑO,1702
2022-04-01,2022,4,AMAZONAS,LA CHORRERA,69
2022-04-01,2022,4,AMAZONAS,La Pedrera,98
2022-04-01,2022,4,AMAZONAS,Leticia,14135
2022-04-01,2022,4,ANTIOQUIA,Carepa,10587
2022-04-01,2022,4,ANTIOQUIA,Medellín,41543
2022-04-01,2022,4,ANTIOQUIA,Rionegro,384783
2022-04-01,2022,4,ARAUCA,Arauca,6056
2022-04-01,2022,4,ARAUCA,SARAVENA,1372
2022-04-01,2022,4,ARAUCA,Tame,276
2022-04-01,2022,4,ATLANTICO,Barranquilla,106764
2022-04-01,2022,4,BOGOTA D.C.,"Bogotá, D.C.",866697
2022-04-01,2022,4,BOLIVAR,Cartagena,247815
2022-04-01,2022,4,BOLIVAR,El Carmen De Bolívar,0
2022-04-01,2022,4,CALDAS,Manizales,5404
2022-04-01,2022,4,CALDAS,Pensilvania,30
2022-04-01,2022,4,CAQUETA,Florencia,4591
2022-04-01,2022,4,CAQUETA,San Vicente del Caguán,369
2022-04-01,2022,4,CASANARE,Yopal,9494
2022-04-01,2022,4,CAUCA,Guapi,2516
2022-04-01,2022,4,CAUCA,popayán,4240
2022-04-01,2022,4,CESAR,Aguachica,306
2022-04-01,2022,4,CESAR,Agustín Codazzi,2
2022-04-01,2022,4,CESAR,VALLEDUPAR,20698
2022-04-01,2022,4,CHOCO,Bahía Solano,648
2022-04-01,2022,4,CHOCO,Nuquí,421
2022-04-01,2022,4,CHOCO,Quibdó,12334
2022-04-01,2022,4,CORDOBA,Montería,63922
2022-04-01,2022,4,GUAINIA,Barranco Minas,62
2022-04-01,2022,4,GUAINIA,Inírida,1691
2022-04-01,2022,4,GUAINIA,San Felipe,38
2022-04-01,2022,4,GUAVIARE,San José del Guaviare,594
2022-04-01,2022,4,HUILA,Neiva,15317
2022-04-01,2022,4,HUILA,Pitalito,783
2022-04-01,2022,4,LA GUAJIRA,Riohacha,17172
2022-04-01,2022,4,MAGDALENA,Santa Marta,153963
2022-04-01,2022,4,META,La Macarena,0
2022-04-01,2022,4,META,Villavicencio,6964
2022-04-01,2022,4,NARINO,Pasto,26348
2022-04-01,2022,4,NARINO,San Andres de Tumaco,5278
2022-04-01,2022,4,NARINO,Aldana,879
2022-04-01,2022,4,NORTE DE SANTANDER,Cúcuta,57287
2022-04-01,2022,4,PUTUMAYO,Puerto Asís,5175
2022-04-01,2022,4,PUTUMAYO,Puerto Leguízamo,632
2022-04-01,2022,4,PUTUMAYO,Villagarzón,688
2022-04-01,2022,4,QUINDIO,Armenia,19151
2022-04-01,2022,4,RISARALDA,Pereira,97378
2022-04-01,2022,4,"SAN ANDRES, PROVIDENCIA Y SANTA CATALINA",Providencia,1034
2022-04-01,2022,4,"SAN ANDRES, PROVIDENCIA Y SANTA CATALINA",San Andrés,120416
2022-04-01,2022,4,SANTANDER,Barrancabermeja,3696
2022-04-01,2022,4,SANTANDER,Bucaramanga,83308
2022-04-01,2022,4,SANTANDER,Rionegro Santander,0
2022-04-01,2022,4,SUCRE,Corozal,3619
2022-04-01,2022,4,SUCRE,San José De Toluviejo,772
2022-04-01,2022,4,TOLIMA,Ibagué,5079
2022-04-01,2022,4,VALLE DEL CAUCA,Buenaventura,243
2022-04-01,2022,4,VALLE DEL CAUCA,Cali,228928
2022-04-01,2022,4,VAUPES,Mitú,984
2022-04-01,2022,4,VAUPES,Taraira,28
2022-04-01,2022,4,VICHADA,PUERTO CARREÑO,1537
2022-05-01,2022,5,AMAZONAS,LA CHORRERA,56
2022-05-01,2022,5,AMAZONAS,La Pedrera,83
2022-05-01,2022,5,AMAZONAS,Leticia,13960
2022-05-01,2022,5,ANTIOQUIA,Carepa,9980
2022-05-01,2022,5,ANTIOQUIA,Medellín,42014
2022-05-01,2022,5,ANTIOQUIA,Rionegro,380108
2022-05-01,2022,5,ARAUCA,Arauca,6766
2022-05-01,2022,5,ARAUCA,SARAVENA,1484
2022-05-01,2022,5,ARAUCA,Tame,356
2022-05-01,2022,5,ATLANTICO,Barranquilla,99684
2022-05-01,2022,5,BOGOTA D.C.,"Bogotá, D.C.",870509
2022-05-01,2022,5,BOLIVAR,Cartagena,225765
2022-05-01,2022,5,BOLIVAR,El Carmen De Bolívar,0
2022-05-01,2022,5,CALDAS,Manizales,6167
2022-05-01,2022,5,CALDAS,Pensilvania,45
2022-05-01,2022,5,CAQUETA,Florencia,5437
2022-05-01,2022,5,CAQUETA,San Vicente del Caguán,362
2022-05-01,2022,5,CASANARE,Yopal,11339
2022-05-01,2022,5,CAUCA,Guapi,2335
2022-05-01,2022,5,CAUCA,popayán,4565
2022-05-01,2022,5,CESAR,Aguachica,309
2022-05-01,2022,5,CESAR,San Martín,1
2022-05-01,2022,5,CESAR,VALLEDUPAR,17209
2022-05-01,2022,5,CHOCO,Bahía Solano,859
2022-05-01,2022,5,CHOCO,Nuquí,417
2022-05-01,2022,5,CHOCO,Quibdó,12654
2022-05-01,2022,5,CORDOBA,Montería,54592
2022-05-01,2022,5,GUAINIA,Inírida,2100
2022-05-01,2022,5,GUAINIA,San Felipe,9
2022-05-01,2022,5,GUAVIARE,San José del Guaviare,529
2022-05-01,2022,5,HUILA,Neiva,17102
2022-05-01,2022,5,HUILA,Pitalito,866
2022-05-01,2022,5,LA GUAJIRA,Riohacha,15801
2022-05-01,2022,5,MAGDALENA,Santa Marta,144529
2022-05-01,2022,5,META,Villavicencio,7640
2022-05-01,2022,5,NARINO,Pasto,27858
2022-05-01,2022,5,NARINO,San Andres de Tumaco,5263
2022-05-01,2022,5,NARINO,Aldana,1235
2022-05-01,2022,5,NORTE DE SANTANDER,Cúcuta,57493
2022-05-01,2022,5,PUTUMAYO,Puerto Asís,6317
2022-05-01,2022,5,PUTUMAYO,Puerto Leguízamo,623
2022-05-01,2022,5,PUTUMAYO,Villagarzón,692
2022-05-01,2022,5,QUINDIO,Armenia,21497
2022-05-01,2022,5,RISARALDA,Pereira,96984
2022-05-01,2022,5,"SAN ANDRES, PROVIDENCIA Y SANTA CATALINA",Providencia,1148
2022-05-01,2022,5,"SAN ANDRES, PROVIDENCIA Y SANTA CATALINA",San Andrés,116670
2022-05-01,2022,5,SANTANDER,Barrancabermeja,4336
2022-05-01,2022,5,SANTANDER,Bucaramanga,81505
2022-05-01,2022,5,SANTANDER,Rionegro Santander,0
2022-05-01,2022,5,SUCRE,Corozal,3102
2022-05-01,2022,5,SUCRE,San José De Toluviejo,671
2022-05-01,2022,5,TOLIMA,Ibagué,5253
2022-05-01,2022,5,VALLE DEL CAUCA,Buenaventura,279
2022-05-01,2022,5,VALLE DEL CAUCA,Cali,228436
2022-05-01,2022,5,VAUPES,Mitú,1396
2022-05-01,2022,5,VAUPES,Taraira,26
2022-05-01,2022,5,VICHADA,PUERTO CARREÑO,2007
2022-06-01,2022,6,AMAZONAS,LA CHORRERA,64
2022-06-01,2022,6,AMAZONAS,La Pedrera,107
2022-06-01,2022,6,AMAZONAS,Leticia,14215
2022-06-01,2022,6,ANTIOQUIA,Carepa,12428
2022-06-01,2022,6,ANTIOQUIA,Medellín,47288
2022-06-01,2022,6,ANTIOQUIA,Rionegro,393940
2022-06-01,2022,6,ANTIOQUIA,Puerto Triunfo,1
2022-06-01,2022,6,ARAUCA,Arauca,6525
2022-06-01,2022,6,ARAUCA,SARAVENA,1446
2022-06-01,2022,6,ARAUCA,Tame,307
2022-06-01,2022,6,ATLANTICO,Barranquilla,104075
2022-06-01,2022,6,BOGOTA D.C.,"Bogotá, D.C.",857165
2022-06-01,2022,6,BOLIVAR,Cartagena,263348
2022-06-01,2022,6,BOLIVAR,El Carmen De Bolívar,0
2022-06-01,2022,6,BOYACA,Paipa,221
2022-06-01,2022,6,CALDAS,Manizales,6071
2022-06-01,2022,6,CAQUETA,Florencia,4986
2022-06-01,2022,6,CAQUETA,San Vicente del Caguán,282
2022-06-01,2022,6,CASANARE,Paz de Ariporo,1
2022-06-01,2022,6,CASANARE,Yopal,11519
2022-06-01,2022,6,CAUCA,Guapi,2258
2022-06-01,2022,6,CAUCA,popayán,4871
2022-06-01,2022,6,CESAR,Aguachica,328
2022-06-01,2022,6,CESAR,Agustín Codazzi,1
2022-06-01,2022,6,CESAR,VALLEDUPAR,20163
2022-06-01,2022,6,CHOCO,Bahía Solano,1866
2022-06-01,2022,6,CHOCO,Nuquí,438
2022-06-01,2022,6,CHOCO,Quibdó,14787
2022-06-01,2022,6,CORDOBA,Montería,68423
2022-06-01,2022,6,GUAINIA,Barranco Minas,4
2022-06-01,2022,6,GUAINIA,Inírida,1877
2022-06-01,2022,6,GUAINIA,San Felipe,14
2022-06-01,2022,6,GUAVIARE,San José del Guaviare,562
2022-06-01,2022,6,HUILA,Neiva,18189
2022-06-01,2022,6,HUILA,Pitalito,999
2022-06-01,2022,6,LA GUAJIRA,Riohacha,17301
2022-06-01,2022,6,MAGDALENA,Santa Marta,166084
2022-06-01,2022,6,META,La Macarena,238
2022-06-01,2022,6,META,Villavicencio,8064
2022-06-01,2022,6,NARINO,Pasto,29194
2022-06-01,2022,6,NARINO,San Andres de Tumaco,5694
2022-06-01,2022,6,NARINO,Aldana,1199
2022-06-01,2022,6,NORTE DE SANTANDER,Cúcuta,60432
2022-06-01,2022,6,NORTE DE SANTANDER,Ábrego,0
2022-06-01,2022,6,PUTUMAYO,Puerto Asís,6014
2022-06-01,2022,6,PUTUMAYO,Puerto Leguízamo,462
2022-06-01,2022,6,PUTUMAYO,Villagarzón,677
2022-06-01,2022,6,QUINDIO,Armenia,23019
2022-06-01,2022,6,RISARALDA,Pereira,97303
2022-06-01,2022,6,"SAN ANDRES, PROVIDENCIA Y SANTA CATALINA",Providencia,1229
2022-06-01,2022,6,"SAN ANDRES, PROVIDENCIA Y SANTA CATALINA",San Andrés,122014
2022-06-01,2022,6,SANTANDER,Barrancabermeja,4603
2022-06-01,2022,6,SANTANDER,Bucaramanga,82836
2022-06-01,2022,6,SANTANDER,Rionegro Santander,0
2022-06-01,2022,6,SUCRE,Corozal,4086
2022-06-01,2022,6,SUCRE,San José De Toluviejo,1585
2022-06-01,2022,6,TOLIMA,Ibagué,5963
2022-06-01,2022,6,VALLE DEL CAUCA,Buenaventura,274
2022-06-01,2022,6,VALLE DEL CAUCA,Cali,228323
2022-06-01,2022,6,VAUPES,Mitú,1313
2022-06-01,2022,6,VICHADA,PUERTO CARREÑO,1941
2022-07-01,2022,7,AMAZONAS,LA CHORRERA,76
2022-07-01,2022,7,AMAZONAS,La Pedrera,124
2022-07-01,2022,7,AMAZONAS,Leticia,15213
2022-07-01,2022,7,AMAZONAS,Miriti - Paraná,6
2022-07-01,2022,7,ANTIOQUIA,Carepa,11747
2022-07-01,2022,7,ANTIOQUIA,Medellín,49311
2022-07-01,2022,7,ANTIOQUIA,Rionegro,413070
2022-07-01,2022,7,ARAUCA,Arauca,6869
2022-07-01,2022,7,ARAUCA,SARAVENA,1533
2022-07-01,2022,7,ARAUCA,Tame,369
2022-07-01,2022,7,ATLANTICO,Barranquilla,108950
2022-07-01,2022,7,BOGOTA D.C.,"Bogotá, D.C.",938505
2022-07-01,2022,7,BOLIVAR,Cartagena,280065
2022-07-01,2022,7,BOLIVAR,El Carmen De Bolívar,0
2022-07-01,2022,7,BOYACA,Paipa,591
2022-07-01,2022,7,CALDAS,Manizales,6827
2022-07-01,2022,7,CAQUETA,Florencia,5330
2022-07-01,2022,7,CAQUETA,San Vicente del Caguán,342
2022-07-01,2022,7,CASANARE,Paz de Ariporo,1
2022-07-01,2022,7,CASANARE,Yopal,11740
2022-07-01,2022,7,CAUCA,Guapi,3122
2022-07-01,2022,7,CAUCA,popayán,5025
2022-07-01,2022,7,CESAR,Aguachica,376
2022-07-01,2022,7,CESAR,Agustín Codazzi,6
2022-07-01,2022,7,CESAR,VALLEDUPAR,21157
2022-07-01,2022,7,CHOCO,Bahía Solano,2388
2022-07-01,2022,7,CHOCO,Nuquí,569
2022-07-01,2022,7,CHOCO,Quibdó,15024
2022-07-01,2022,7,CORDOBA,Montería,68215
2022-07-01,2022,7,CUNDINAMARCA,Chía,9
2022-07-01,2022,7,GUAINIA,Barranco Minas,32
2022-07-01,2022,7,GUAINIA,Inírida,2411
2022-07-01,2022,7,GUAINIA,San Felipe,17
2022-07-01,2022,7,GUAVIARE,San José del Guaviare,574
2022-07-01,2022,7,HUILA,Neiva,17205
2022-07-01,2022,7,HUILA,Palermo,1
2022-07-01,2022,7,HUILA,Pitalito,1059
2022-07-01,2022,7,LA GUAJIRA,Riohacha,19885
2022-07-01,2022,7,MAGDALENA,Santa Marta,174748
2022-07-01,2022,7,META,La Macarena,582
2022-07-01,2022,7,META,Villavicencio,9464
2022-07-01,2022,7,META,Mapiripán,9
2022-07-01,2022,7,NARINO,Pasto,31359
2022-07-01,2022,7,NARINO,San Andres de Tumaco,6085
2022-07-01,2022,7,NARINO,Aldana,1353
2022-07-01,2022,7,NORTE DE SANTANDER,Cúcuta,66856
2022-07-01,2022,7,PUTUMAYO,Puerto Asís,6376
2022-07-01,2022,7,PUTUMAYO,Puerto Leguízamo,777
2022-07-01,2022,7,PUTUMAYO,Villagarzón,719
2022-07-01,2022,7,QUINDIO,Armenia,25990
2022-07-01,2022,7,RISARALDA,Pereira,102504
2022-07-01,2022,7,"SAN ANDRES, PROVIDENCIA Y SANTA CATALINA",Providencia,1760
2022-07-01,2022,7,"SAN ANDRES, PROVIDENCIA Y SANTA CATALINA",San Andrés,126580
2022-07-01,2022,7,SANTANDER,Barrancabermeja,4225
2022-07-01,2022,7,SANTANDER,Bucaramanga,80753
2022-07-01,2022,7,SANTANDER,Rionegro Santander,0
2022-07-01,2022,7,SUCRE,Corozal,4233
2022-07-01,2022,7,SUCRE,San José De Toluviejo,2171
2022-07-01,2022,7,TOLIMA,Ibagué,5978
2022-07-01,2022,7,TOLIMA,Piedras,1
2022-07-01,2022,7,VALLE DEL CAUCA,Buenaventura,316
2022-07-01,2022,7,VALLE DEL CAUCA,Cali,263979
2022-07-01,2022,7,VAUPES,Mitú,1491
2022-07-01,2022,7,VICHADA,PUERTO CARREÑO,2052
2022-08-01,2022,8,AMAZONAS,LA CHORRERA,48
2022-08-01,2022,8,AMAZONAS,La Pedrera,129
2022-08-01,2022,8,AMAZONAS,Leticia,14598
2022-08-01,2022,8,ANTIOQUIA,Carepa,11215
2022-08-01,2022,8,ANTIOQUIA,Medellín,48501
2022-08-01,2022,8,ANTIOQUIA,Rionegro,401478
2022-08-01,2022,8,ARAUCA,Arauca,6407
2022-08-01,2022,8,ARAUCA,SARAVENA,1650
2022-08-01,2022,8,ARAUCA,Tame,307
2022-08-01,2022,8,ATLANTICO,Barranquilla,100145
2022-08-01,2022,8,BOGOTA D.C.,"Bogotá, D.C.",903327
2022-08-01,2022,8,BOLIVAR,Cartagena,263595
2022-08-01,2022,8,BOYACA,Paipa,540
2022-08-01,2022,8,CALDAS,Manizales,6802
2022-08-01,2022,8,CAQUETA,Florencia,4942
2022-08-01,2022,8,CAQUETA,San Vicente del Caguán,283
2022-08-01,2022,8,CASANARE,Yopal,11210
2022-08-01,2022,8,CAUCA,Guapi,2784
2022-08-01,2022,8,CAUCA,popayán,5178
2022-08-01,2022,8,CESAR,Aguachica,399
2022-08-01,2022,8,CESAR,Agustín Codazzi,2
2022-08-01,2022,8,CESAR,VALLEDUPAR,19208
2022-08-01,2022,8,CHOCO,Bahía Solano,2872
2022-08-01,2022,8,CHOCO,Nuquí,644
2022-08-01,2022,8,CHOCO,Quibdó,14207
2022-08-01,2022,8,CORDOBA,Ayapel,1
2022-08-01,2022,8,CORDOBA,Montería,63894
2022-08-01,2022,8,GUAINIA,Barranco Minas,11
2022-08-01,2022,8,GUAINIA,Inírida,2398
2022-08-01,2022,8,GUAINIA,San Felipe,16
2022-08-01,2022,8,GUAVIARE,San José del Guaviare,618
2022-08-01,2022,8,HUILA,Neiva,16526
2022-08-01,2022,8,HUILA,Pitalito,942
2022-08-01,2022,8,LA GUAJIRA,Riohacha,17780
2022-08-01,2022,8,MAGDALENA,Santa Marta,161059
2022-08-01,2022,8,META,La Macarena,1007
2022-08-01,2022,8,META,Villavicencio,8558
2022-08-01,2022,8,NARINO,Pasto,30707
2022-08-01,2022,8,NARINO,San Andres de Tumaco,5974
2022-08-01,2022,8,NARINO,Aldana,1251
2022-08-01,2022,8,NORTE DE SANTANDER,Cúcuta,66735
2022-08-01,2022,8,PUTUMAYO,Puerto Asís,6162
2022-08-01,2022,8,PUTUMAYO,Puerto Leguízamo,547
2022-08-01,2022,8,PUTUMAYO,Villagarzón,732
2022-08-01,2022,8,QUINDIO,Armenia,25294
2022-08-01,2022,8,RISARALDA,Pereira,98531
2022-08-01,2022,8,"SAN ANDRES, PROVIDENCIA Y SANTA CATALINA",Providencia,2894
2022-08-01,2022,8,"SAN ANDRES, PROVIDENCIA Y SANTA CATALINA",San Andrés,124621
2022-08-01,2022,8,SANTANDER,Barrancabermeja,4304
2022-08-01,2022,8,SANTANDER,Bucaramanga,75571
2022-08-01,2022,8,SANTANDER,Rionegro Santander,1
2022-08-01,2022,8,SUCRE,Corozal,644
2022-08-01,2022,8,SUCRE,San José De Toluviejo,2019
2022-08-01,2022,8,TOLIMA,Ibagué,5372
2022-08-01,2022,8,TOLIMA,Piedras,1
2022-08-01,2022,8,VALLE DEL CAUCA,Buenaventura,331
2022-08-01,2022,8,VALLE DEL CAUCA,Cali,250134
2022-08-01,2022,8,VAUPES,Mitú,1462
2022-08-01,2022,8,VAUPES,Taraira,12
2022-08-01,2022,8,VICHADA,PUERTO CARREÑO,2095
2022-09-01,2022,9,AMAZONAS,LA CHORRERA,59
2022-09-01,2022,9,AMAZONAS,La Pedrera,145
2022-09-01,2022,9,AMAZONAS,Leticia,13969
2022-09-01,2022,9,ANTIOQUIA,Carepa,10538
2022-09-01,2022,9,ANTIOQUIA,Medellín,49676
2022-09-01,2022,9,ANTIOQUIA,Rionegro,364210
2022-09-01,2022,9,ARAUCA,Arauca,6021
2022-09-01,2022,9,ARAUCA,SARAVENA,1715
2022-09-01,2022,9,ARAUCA,Tame,393
2022-09-01,2022,9,ATLANTICO,Barranquilla,91918
2022-09-01,2022,9,BOGOTA D.C.,"Bogotá, D.C.",870373
2022-09-01,2022,9,BOLIVAR,Cartagena,233948
2022-09-01,2022,9,BOLIVAR,El Carmen De Bolívar,0
2022-09-01,2022,9,BOYACA,Paipa,676
2022-09-01,2022,9,CALDAS,Manizales,6707
2022-09-01,2022,9,CAQUETA,Florencia,4847
2022-09-01,2022,9,CAQUETA,San Vicente del Caguán,265
2022-09-01,2022,9,CASANARE,Yopal,12170
2022-09-01,2022,9,CAUCA,Guapi,2753
2022-09-01,2022,9,CAUCA,popayán,4428
2022-09-01,2022,9,CESAR,Aguachica,396
2022-09-01,2022,9,CESAR,Agustín Codazzi,1
2022-09-01,2022,9,CESAR,VALLEDUPAR,19902
2022-09-01,2022,9,CHOCO,Bahía Solano,3123
2022-09-01,2022,9,CHOCO,Nuquí,584
2022-09-01,2022,9,CHOCO,Quibdó,15420
2022-09-01,2022,9,CORDOBA,Ayapel,1
2022-09-01,2022,9,CORDOBA,Montería,61052
2022-09-01,2022,9,GUAINIA,Barranco Minas,17
2022-09-01,2022,9,GUAINIA,Inírida,2234
2022-09-01,2022,9,GUAINIA,San Felipe,26
2022-09-01,2022,9,GUAVIARE,San José del Guaviare,568
2022-09-01,2022,9,HUILA,Neiva,16224
2022-09-01,2022,9,HUILA,Pitalito,866
2022-09-01,2022,9,LA GUAJIRA,Riohacha,16972
2022-09-01,2022,9,MAGDALENA,Santa Marta,141102
2022-09-01,2022,9,META,La Macarena,856
2022-09-01,2022,9,META,Villavicencio,8491
2022-09-01,2022,9,NARINO,Pasto,28695
2022-09-01,2022,9,NARINO,San Andres de Tumaco,5403
2022-09-01,2022,9,NARINO,Aldana,1212
2022-09-01,2022,9,NORTE DE SANTANDER,Cúcuta,65846
2022-09-01,2022,9,PUTUMAYO,Puerto Asís,6329
2022-09-01,2022,9,PUTUMAYO,Puerto Leguízamo,571
2022-09-01,2022,9,PUTUMAYO,Villagarzón,714
2022-09-01,2022,9,QUINDIO,Armenia,21831
2022-09-01,2022,9,RISARALDA,Pereira,86525
2022-09-01,2022,9,"SAN ANDRES, PROVIDENCIA Y SANTA CATALINA",Providencia,2670
2022-09-01,2022,9,"SAN ANDRES, PROVIDENCIA Y SANTA CATALINA",San Andrés,118325
2022-09-01,2022,9,SANTANDER,Barrancabermeja,4699
2022-09-01,2022,9,SANTANDER,Bucaramanga,72985
2022-09-01,2022,9,SANTANDER,Rionegro Santander,0
2022-09-01,2022,9,SUCRE,Corozal,588
2022-09-01,2022,9,SUCRE,San José De Toluviejo,1997
2022-09-01,2022,9,TOLIMA,Ibagué,5187
2022-09-01,2022,9,TOLIMA,Piedras,1
2022-09-01,2022,9,VALLE DEL CAUCA,Buenaventura,307
2022-09-01,2022,9,VALLE DEL CAUCA,Cali,224525
2022-09-01,2022,9,VAUPES,Mitú,1422
2022-09-01,2022,9,VAUPES,Taraira,15
2022-09-01,2022,9,VICHADA,PUERTO CARREÑO,1963
2022-10-01,2022,10,AMAZONAS,LA CHORRERA,60
2022-10-01,2022,10,AMAZONAS,La Pedrera,135
2022-10-01,2022,10,AMAZONAS,Leticia,16029
2022-10-01,2022,10,ANTIOQUIA,Carepa,11193
2022-10-01,2022,10,ANTIOQUIA,Medellín,51877
2022-10-01,2022,10,ANTIOQUIA,Rionegro,395877
2022-10-01,2022,10,ARAUCA,Arauca,6775
2022-10-01,2022,10,ARAUCA,SARAVENA,1749
2022-10-01,2022,10,ARAUCA,Tame,395
2022-10-01,2022,10,ATLANTICO,Barranquilla,100194
2022-10-01,2022,10,BOGOTA D.C.,"Bogotá, D.C.",890781
2022-10-01,2022,10,BOLIVAR,Cartagena,233270
2022-10-01,2022,10,BOYACA,Paipa,973
2022-10-01,2022,10,CALDAS,Manizales,6226
2022-10-01,2022,10,CAQUETA,Florencia,5274
2022-10-01,2022,10,CAQUETA,San Vicente del Caguán,306
2022-10-01,2022,10,CASANARE,Paz de Ariporo,1
2022-10-01,2022,10,CASANARE,Yopal,11895
2022-10-01,2022,10,CAUCA,Guapi,2895
2022-10-01,2022,10,CAUCA,popayán,4746
2022-10-01,2022,10,CESAR,Aguachica,339
2022-10-01,2022,10,CESAR,VALLEDUPAR,21422
2022-10-01,2022,10,CHOCO,Bahía Solano,2200
2022-10-01,2022,10,CHOCO,Nuquí,614
2022-10-01,2022,10,CHOCO,Quibdó,15975
2022-10-01,2022,10,CORDOBA,Montería,68352
2022-10-01,2022,10,CORDOBA,Canalete,1
2022-10-01,2022,10,GUAINIA,Barranco Minas,22
2022-10-01,2022,10,GUAINIA,Inírida,2395
2022-10-01,2022,10,GUAINIA,San Felipe,40
2022-10-01,2022,10,GUAVIARE,San José del Guaviare,634
2022-10-01,2022,10,HUILA,Neiva,16755
2022-10-01,2022,10,HUILA,Pitalito,1059
2022-10-01,2022,10,LA GUAJIRA,Riohacha,17341
2022-10-01,2022,10,MAGDALENA,Santa Marta,148200
2022-10-01,2022,10,META,La Macarena,928
2022-10-01,2022,10,META,Villavicencio,9781
2022-10-01,2022,10,NARINO,Pasto,32647
2022-10-01,2022,10,NARINO,San Andres de Tumaco,5777
2022-10-01,2022,10,NARINO,Aldana,1360
2022-10-01,2022,10,NORTE DE SANTANDER,Cúcuta,71140
2022-10-01,2022,10,PUTUMAYO,Puerto Asís,6343
2022-10-01,2022,10,PUTUMAYO,Puerto Leguízamo,622
2022-10-01,2022,10,PUTUMAYO,Villagarzón,701
2022-10-01,2022,10,QUINDIO,Armenia,24518
2022-10-01,2022,10,RISARALDA,Pereira,91221
2022-10-01,2022,10,"SAN ANDRES, PROVIDENCIA Y SANTA CATALINA",Providencia,2596
2022-10-01,2022,10,"SAN ANDRES, PROVIDENCIA Y SANTA CATALINA",San Andrés,108227
2022-10-01,2022,10,SANTANDER,Barrancabermeja,5068
2022-10-01,2022,10,SANTANDER,Bucaramanga,77494
2022-10-01,2022,10,SUCRE,Corozal,820
2022-10-01,2022,10,SUCRE,San José De Toluviejo,2245
2022-10-01,2022,10,TOLIMA,Ibagué,5463
2022-10-01,2022,10,VALLE DEL CAUCA,Buenaventura,290
2022-10-01,2022,10,VALLE DEL CAUCA,Cali,227981
2022-10-01,2022,10,VAUPES,Mitú,1564
2022-10-01,2022,10,VAUPES,Taraira,13
2022-10-01,2022,10,VICHADA,PUERTO CARREÑO,2144
2022-11-01,2022,11,AMAZONAS,LA CHORRERA,59
2022-11-01,2022,11,AMAZONAS,La Pedrera,120
2022-11-01,2022,11,AMAZONAS,Leticia,16096
2022-11-01,2022,11,ANTIOQUIA,Carepa,10131
2022-11-01,2022,11,ANTIOQUIA,Medellín,47114
2022-11-01,2022,11,ANTIOQUIA,Rionegro,387936
2022-11-01,2022,11,ARAUCA,Arauca,6686
2022-11-01,2022,11,ARAUCA,SARAVENA,1765
2022-11-01,2022,11,ARAUCA,Tame,352
2022-11-01,2022,11,ATLANTICO,Barranquilla,94895
2022-11-01,2022,11,BOGOTA D.C.,"Bogotá, D.C.",838981
2022-11-01,2022,11,BOLIVAR,Cartagena,214853
2022-11-01,2022,11,BOYACA,Paipa,1029
2022-11-01,2022,11,CALDAS,Manizales,5665
2022-11-01,2022,11,CAQUETA,Florencia,4763
2022-11-01,2022,11,CAQUETA,San Vicente del Caguán,345
2022-11-01,2022,11,CASANARE,Trinidad,1
2022-11-01,2022,11,CASANARE,Yopal,12435
2022-11-01,2022,11,CAUCA,Guapi,2689
2022-11-01,2022,11,CAUCA,popayán,3963
2022-11-01,2022,11,CESAR,Aguachica,300
2022-11-01,2022,11,CESAR,VALLEDUPAR,21629
2022-11-01,2022,11,CHOCO,Bahía Solano,1226
2022-11-01,2022,11,CHOCO,Nuquí,453
2022-11-01,2022,11,CHOCO,Quibdó,14633
2022-11-01,2022,11,CORDOBA,Montería,62879
2022-11-01,2022,11,GUAINIA,Barranco Minas,6
2022-11-01,2022,11,GUAINIA,Inírida,2489
2022-11-01,2022,11,GUAINIA,San Felipe,47
2022-11-01,2022,11,GUAVIARE,San José del Guaviare,541
2022-11-01,2022,11,HUILA,Neiva,14859
2022-11-01,2022,11,HUILA,Pitalito,1003
2022-11-01,2022,11,LA GUAJIRA,Riohacha,17428
2022-11-01,2022,11,MAGDALENA,Santa Marta,137901
2022-11-01,2022,11,META,La Macarena,448
2022-11-01,2022,11,META,Villavicencio,8961
2022-11-01,2022,11,NARINO,Pasto,34249
2022-11-01,2022,11,NARINO,San Andres de Tumaco,5549
2022-11-01,2022,11,NARINO,Aldana,1211
2022-11-01,2022,11,NORTE DE SANTANDER,Cúcuta,66853
2022-11-01,2022,11,PUTUMAYO,Puerto Asís,6244
2022-11-01,2022,11,PUTUMAYO,Puerto Leguízamo,585
2022-11-01,2022,11,PUTUMAYO,Villagarzón,726
2022-11-01,2022,11,QUINDIO,Armenia,23681
2022-11-01,2022,11,RISARALDA,Pereira,88264
2022-11-01,2022,11,"SAN ANDRES, PROVIDENCIA Y SANTA CATALINA",Providencia,2996
2022-11-01,2022,11,"SAN ANDRES, PROVIDENCIA Y SANTA CATALINA",San Andrés,103238
2022-11-01,2022,11,SANTANDER,Barrancabermeja,5407
2022-11-01,2022,11,SANTANDER,Bucaramanga,76603
2022-11-01,2022,11,SUCRE,Corozal,631
2022-11-01,2022,11,SUCRE,San José De Toluviejo,2105
2022-11-01,2022,11,TOLIMA,Ibagué,5606
2022-11-01,2022,11,VALLE DEL CAUCA,Buenaventura,359
2022-11-01,2022,11,VALLE DEL CAUCA,Cali,207549
2022-11-01,2022,11,VAUPES,Mitú,1370
2022-11-01,2022,11,VAUPES,Taraira,7
2022-11-01,2022,11,VICHADA,PUERTO CARREÑO,2272
2022-12-01,2022,12,AMAZONAS,LA CHORRERA,101
2022-12-01,2022,12,AMAZONAS,La Pedrera,127
2022-12-01,2022,12,AMAZONAS,Leticia,15738
2022-12-01,2022,12,ANTIOQUIA,Carepa,10252
2022-12-01,2022,12,ANTIOQUIA,Medellín,50650
2022-12-01,2022,12,ANTIOQUIA,Rionegro,410840
2022-12-01,2022,12,ARAUCA,Arauca,7187
2022-12-01,2022,12,ARAUCA,SARAVENA,1712
2022-12-01,2022,12,ARAUCA,Tame,396
2022-12-01,2022,12,ATLANTICO,Barranquilla,107689
2022-12-01,2022,12,BOGOTA D.C.,"Bogotá, D.C.",815469
2022-12-01,2022,12,BOLIVAR,Cartagena,241033
2022-12-01,2022,12,BOYACA,Paipa,1273
2022-12-01,2022,12,CALDAS,Manizales,6497
2022-12-01,2022,12,CAQUETA,Florencia,5281
2022-12-01,2022,12,CAQUETA,San Vicente del Caguán,393
2022-12-01,2022,12,CAQUETA,Solano,9
2022-12-01,2022,12,CASANARE,Yopal,13228
2022-12-01,2022,12,CAUCA,Guapi,2983
2022-12-01,2022,12,CAUCA,popayán,4793
2022-12-01,2022,12,CESAR,Aguachica,394
2022-12-01,2022,12,CESAR,VALLEDUPAR,27247
2022-12-01,2022,12,CHOCO,Bahía Solano,2002
2022-12-01,2022,12,CHOCO,Nuquí,507
2022-12-01,2022,12,CHOCO,Quibdó,19105
2022-12-01,2022,12,CORDOBA,Montería,74419
2022-12-01,2022,12,CUNDINAMARCA,Chía,1
2022-12-01,2022,12,GUAINIA,Barranco Minas,5
2022-12-01,2022,12,GUAINIA,Inírida,2527
2022-12-01,2022,12,GUAINIA,San Felipe,22
2022-12-01,2022,12,GUAVIARE,San José del Guaviare,564
2022-12-01,2022,12,HUILA,Neiva,15383
2022-12-01,2022,12,HUILA,Pitalito,1120
2022-12-01,2022,12,LA GUAJIRA,Riohacha,20259
2022-12-01,2022,12,MAGDALENA,Ciénaga,3
2022-12-01,2022,12,MAGDALENA,Santa Marta,167964
2022-12-01,2022,12,META,Villavicencio,9690
2022-12-01,2022,12,NARINO,Pasto,37948
2022-12-01,2022,12,NARINO,San Andres de Tumaco,7475
2022-12-01,2022,12,NARINO,Aldana,1433
2022-12-01,2022,12,NORTE DE SANTANDER,Cúcuta,81567
2022-12-01,2022,12,PUTUMAYO,Puerto Asís,6395
2022-12-01,2022,12,PUTUMAYO,Puerto Leguízamo,738
2022-12-01,2022,12,PUTUMAYO,Villagarzón,1108
2022-12-01,2022,12,QUINDIO,Armenia,29363
2022-12-01,2022,12,RISARALDA,Pereira,96387
2022-12-01,2022,12,"SAN ANDRES, PROVIDENCIA Y SANTA CATALINA",Providencia,3914
2022-12-01,2022,12,"SAN ANDRES, PROVIDENCIA Y SANTA CATALINA",San Andrés,109853
2022-12-01,2022,12,SANTANDER,Barrancabermeja,5155
2022-12-01,2022,12,SANTANDER,Bucaramanga,88975
2022-12-01,2022,12,SUCRE,Corozal,1865
2022-12-01,2022,12,SUCRE,San José De Toluviejo,4299
2022-12-01,2022,12,TOLIMA,Ibagué,6124
2022-12-01,2022,12,TOLIMA,Piedras,1
2022-12-01,2022,12,VALLE DEL CAUCA,Buenaventura,359
2022-12-01,2022,12,VALLE DEL CAUCA,Cali,239063
2022-12-01,2022,12,VAUPES,Mitú,1668
2022-12-01,2022,12,VAUPES,Taraira,16
2022-12-01,2022,12,VICHADA,La Primavera,9
2022-12-01,2022,12,VICHADA,PUERTO CARREÑO,2404
2023-01-01,2023,1,AMAZONAS,LA CHORRERA,64
2023-01-01,2023,1,AMAZONAS,La Pedrera,96
2023-01-01,2023,1,AMAZONAS,Leticia,17520
2023-01-01,2023,1,ANTIOQUIA,Carepa,7527
2023-01-01,2023,1,ANTIOQUIA,Medellín,46192
2023-01-01,2023,1,ANTIOQUIA,Rionegro,392683
2023-01-01,2023,1,ARAUCA,Arauca,5632
2023-01-01,2023,1,ARAUCA,SARAVENA,1259
2023-01-01,2023,1,ARAUCA,Tame,350
2023-01-01,2023,1,ATLANTICO,Barranquilla,86738
2023-01-01,2023,1,BOGOTA D.C.,"Bogotá, D.C.",881156
2023-01-01,2023,1,BOLIVAR,Cartagena,232877
2023-01-01,2023,1,BOYACA,Paipa,972
2023-01-01,2023,1,CALDAS,Manizales,5075
2023-01-01,2023,1,CAQUETA,Florencia,3904
2023-01-01,2023,1,CAQUETA,San Vicente del Caguán,288
2023-01-01,2023,1,CASANARE,Yopal,10373
2023-01-01,2023,1,CAUCA,Guapi,2473
2023-01-01,2023,1,CAUCA,popayán,3277
2023-01-01,2023,1,CESAR,Aguachica,293
2023-01-01,2023,1,CESAR,VALLEDUPAR,17589
2023-01-01,2023,1,CHOCO,Bahía Solano,1556
2023-01-01,2023,1,CHOCO,Nuquí,467
2023-01-01,2023,1,CHOCO,Quibdó,13115
2023-01-01,2023,1,CORDOBA,Montería,60855
2023-01-01,2023,1,GUAINIA,Barranco Minas,15
2023-01-01,2023,1,GUAINIA,Inírida,2753
2023-01-01,2023,1,GUAINIA,San Felipe,26
2023-01-01,2023,1,GUAVIARE,San José del Guaviare,470
2023-01-01,2023,1,HUILA,Neiva,12752
2023-01-01,2023,1,HUILA,Pitalito,952
2023-01-01,2023,1,LA GUAJIRA,Riohacha,20833
2023-01-01,2023,1,MAGDALENA,Santa Marta,165691
2023-01-01,2023,1,META,Villavicencio,8460
2023-01-01,2023,1,NARINO,Pasto,36546
2023-01-01,2023,1,NARINO,San Andres de Tumaco,7715
2023-01-01,2023,1,NARINO,Aldana,1392
2023-01-01,2023,1,NORTE DE SANTANDER,Cúcuta,71697
2023-01-01,2023,1,PUTUMAYO,Puerto Asís,5153
2023-01-01,2023,1,PUTUMAYO,Puerto Leguízamo,769
2023-01-01,2023,1,PUTUMAYO,Villagarzón,985
2023-01-01,2023,1,QUINDIO,Armenia,22243
2023-01-01,2023,1,RISARALDA,Pereira,82124
2023-01-01,2023,1,"SAN ANDRES, PROVIDENCIA Y SANTA CATALINA",Providencia,3574
2023-01-01,2023,1,"SAN ANDRES, PROVIDENCIA Y SANTA CATALINA",San Andrés,109418
2023-01-01,2023,1,SANTANDER,Barrancabermeja,3360
2023-01-01,2023,1,SANTANDER,Bucaramanga,67877
2023-01-01,2023,1,SUCRE,Corozal,1248
2023-01-01,2023,1,SUCRE,San José De Toluviejo,3857
2023-01-01,2023,1,TOLIMA,Ibagué,3963
2023-01-01,2023,1,VALLE DEL CAUCA,Buenaventura,321
2023-01-01,2023,1,VALLE DEL CAUCA,Cali,214229
2023-01-01,2023,1,VAUPES,Mitú,1558
2023-01-01,2023,1,VAUPES,Taraira,21
2023-01-01,2023,1,VICHADA,PUERTO CARREÑO,2726
2023-02-01,2023,2,AMAZONAS,LA CHORRERA,57
2023-02-01,2023,2,AMAZONAS,La Pedrera,154
2023-02-01,2023,2,AMAZONAS,Leticia,15136
2023-02-01,2023,2,ANTIOQUIA,Carepa,7576
2023-02-01,2023,2,ANTIOQUIA,Medellín,36878
2023-02-01,2023,2,ANTIOQUIA,Rionegro,345209
2023-02-01,2023,2,ARAUCA,Arauca,4743
2023-02-01,2023,2,ARAUCA,SARAVENA,1166
2023-02-01,2023,2,ARAUCA,Tame,244
2023-02-01,2023,2,ATLANTICO,Barranquilla,84005
2023-02-01,2023,2,BOGOTA D.C.,"Bogotá, D.C.",747611
2023-02-01,2023,2,BOLIVAR,Cartagena,195640
2023-02-01,2023,2,BOYACA,Paipa,554
2023-02-01,2023,2,CALDAS,Manizales,4433
2023-02-01,2023,2,CAQUETA,Florencia,3740
2023-02-01,2023,2,CAQUETA,San Vicente del Caguán,184
2023-02-01,2023,2,CASANARE,Yopal,10434
2023-02-01,2023,2,CAUCA,Guapi,2438
2023-02-01,2023,2,CAUCA,popayán,3231
2023-02-01,2023,2,CESAR,Aguachica,289
2023-02-01,2023,2,CESAR,VALLEDUPAR,15208
2023-02-01,2023,2,CHOCO,Bahía Solano,1089
2023-02-01,2023,2,CHOCO,Nuquí,151
2023-02-01,2023,2,CHOCO,Quibdó,11084
2023-02-01,2023,2,CORDOBA,Montería,52785
2023-02-01,2023,2,GUAINIA,Barranco Minas,3
2023-02-01,2023,2,GUAINIA,Inírida,2382
2023-02-01,2023,2,GUAINIA,San Felipe,24
2023-02-01,2023,2,GUAVIARE,San José del Guaviare,478
2023-02-01,2023,2,HUILA,Neiva,12240
2023-02-01,2023,2,HUILA,Pitalito,876
2023-02-01,2023,2,LA GUAJIRA,Riohacha,18989
2023-02-01,2023,2,MAGDALENA,Santa Marta,133929
2023-02-01,2023,2,META,Villavicencio,6725
2023-02-01,2023,2,NARINO,Pasto,32706
2023-02-01,2023,2,NARINO,San Andres de Tumaco,6631
2023-02-01,2023,2,NARINO,Aldana,1173
2023-02-01,2023,2,NORTE DE SANTANDER,Cúcuta,58440
2023-02-01,2023,2,PUTUMAYO,Puerto Asís,4671
2023-02-01,2023,2,PUTUMAYO,Puerto Leguízamo,566
2023-02-01,2023,2,PUTUMAYO,Villagarzón,832
2023-02-01,2023,2,QUINDIO,Armenia,19713
2023-02-01,2023,2,RISARALDA,Pereira,73553
2023-02-01,2023,2,"SAN ANDRES, PROVIDENCIA Y SANTA CATALINA",Providencia,3224
2023-02-01,2023,2,"SAN ANDRES, PROVIDENCIA Y SANTA CATALINA",San Andrés,85473
2023-02-01,2023,2,SANTANDER,Barrancabermeja,3992
2023-02-01,2023,2,SANTANDER,Bucaramanga,66669
2023-02-01,2023,2,SUCRE,Corozal,773
2023-02-01,2023,2,SUCRE,San José De Toluviejo,1864
2023-02-01,2023,2,TOLIMA,Ibagué,4243
2023-02-01,2023,2,VALLE DEL CAUCA,Buenaventura,206
2023-02-01,2023,2,VALLE DEL CAUCA,Cali,190305
2023-02-01,2023,2,VAUPES,Mitú,1438
2023-02-01,2023,2,VAUPES,Taraira,17
2023-02-01,2023,2,VICHADA,PUERTO CARREÑO,2106
2023-03-01,2023,3,AMAZONAS,LA CHORRERA,70
2023-03-01,2023,3,AMAZONAS,La Pedrera,112
2023-03-01,2023,3,AMAZONAS,Leticia,12191
2023-03-01,2023,3,AMAZONAS,Miriti - Paraná,6
2023-03-01,2023,3,ANTIOQUIA,Carepa,9014
2023-03-01,2023,3,ANTIOQUIA,Medellín,46450
2023-03-01,2023,3,ANTIOQUIA,Rionegro,322953
2023-03-01,2023,3,ARAUCA,Arauca,5534
2023-03-01,2023,3,ARAUCA,SARAVENA,1233
2023-03-01,2023,3,ARAUCA,Tame,283
2023-03-01,2023,3,ATLANTICO,Barranquilla,93467
2023-03-01,2023,3,BOGOTA D.C.,"Bogotá, D.C.",804605
2023-03-01,2023,3,BOLIVAR,Cartagena,185196
2023-03-01,2023,3,BOYACA,Paipa,680
2023-03-01,2023,3,CALDAS,Manizales,4702
2023-03-01,2023,3,CAQUETA,Florencia,4389
2023-03-01,2023,3,CAQUETA,San Vicente del Caguán,221
2023-03-01,2023,3,CASANARE,Yopal,11897
2023-03-01,2023,3,CAUCA,Guapi,2341
2023-03-01,2023,3,CAUCA,popayán,4065
2023-03-01,2023,3,CESAR,Aguachica,342
2023-03-01,2023,3,CESAR,VALLEDUPAR,17204
2023-03-01,2023,3,CHOCO,Bahía Solano,1119
2023-03-01,2023,3,CHOCO,Quibdó,12701
2023-03-01,2023,3,CORDOBA,Montería,50886
2023-03-01,2023,3,GUAINIA,Inírida,2444
2023-03-01,2023,3,GUAINIA,San Felipe,7
2023-03-01,2023,3,GUAVIARE,San José del Guaviare,557
2023-03-01,2023,3,HUILA,Neiva,14156
2023-03-01,2023,3,HUILA,Pitalito,1094
2023-03-01,2023,3,LA GUAJIRA,Riohacha,14492
2023-03-01,2023,3,MAGDALENA,Santa Marta,118828
2023-03-01,2023,3,META,San Carlos de Guaroa,1
2023-03-01,2023,3,META,Villavicencio,4217
2023-03-01,2023,3,NARINO,Pasto,30886
2023-03-01,2023,3,NARINO,San Andres de Tumaco,6544
2023-03-01,2023,3,NARINO,Aldana,1661
2023-03-01,2023,3,NORTE DE SANTANDER,Cúcuta,53489
2023-03-01,2023,3,PUTUMAYO,Puerto Asís,5345
2023-03-01,2023,3,PUTUMAYO,Puerto Leguízamo,588
2023-03-01,2023,3,PUTUMAYO,Villagarzón,731
2023-03-01,2023,3,QUINDIO,Armenia,19417
2023-03-01,2023,3,RISARALDA,Pereira,63308
2023-03-01,2023,3,"SAN ANDRES, PROVIDENCIA Y SANTA CATALINA",Providencia,3669
2023-03-01,2023,3,"SAN ANDRES, PROVIDENCIA Y SANTA CATALINA",San Andrés,80833
2023-03-01,2023,3,SANTANDER,Barrancabermeja,4799
2023-03-01,2023,3,SANTANDER,Bucaramanga,68463
2023-03-01,2023,3,SUCRE,Corozal,985
2023-03-01,2023,3,SUCRE,San José De Toluviejo,2787
2023-03-01,2023,3,TOLIMA,Ibagué,5516
2023-03-01,2023,3,VALLE DEL CAUCA,Buenaventura,277
2023-03-01,2023,3,VALLE DEL CAUCA,Cali,209229
2023-03-01,2023,3,VAUPES,Mitú,1440
2023-03-01,2023,3,VAUPES,Taraira,21
2023-03-01,2023,3,VICHADA,PUERTO CARREÑO,2314
2023-04-01,2023,4,AMAZONAS,LA CHORRERA,52
2023-04-01,2023,4,AMAZONAS,La Pedrera,81
2023-04-01,2023,4,AMAZONAS,Leticia,12277
2023-04-01,2023,4,ANTIOQUIA,Carepa,8024
2023-04-01,2023,4,ANTIOQUIA,Medellín,43283
2023-04-01,2023,4,ANTIOQUIA,Rionegro,288954
2023-04-01,2023,4,ARAUCA,Arauca,5258
2023-04-01,2023,4,ARAUCA,SARAVENA,1132
2023-04-01,2023,4,ARAUCA,Tame,227
2023-04-01,2023,4,ATLANTICO,Barranquilla,89396
2023-04-01,2023,4,BOGOTA D.C.,"Bogotá, D.C.",736866
2023-04-01,2023,4,BOLIVAR,Cartagena,166413
2023-04-01,2023,4,BOYACA,Paipa,552
2023-04-01,2023,4,CALDAS,Manizales,3861
2023-04-01,2023,4,CAQUETA,Florencia,3832
2023-04-01,2023,4,CAQUETA,San Vicente del Caguán,321
2023-04-01,2023,4,CASANARE,Yopal,10292
2023-04-01,2023,4,CAUCA,Guapi,2449
2023-04-01,2023,4,CAUCA,popayán,3918
2023-04-01,2023,4,CESAR,Aguachica,306
2023-04-01,2023,4,CESAR,VALLEDUPAR,15560
2023-04-01,2023,4,CHOCO,Bahía Solano,1455
2023-04-01,2023,4,CHOCO,Quibdó,12148
2023-04-01,2023,4,CORDOBA,Montería,42043
2023-04-01,2023,4,GUAINIA,Inírida,2451
2023-04-01,2023,4,GUAINIA,San Felipe,12
2023-04-01,2023,4,GUAVIARE,San José del Guaviare,481
2023-04-01,2023,4,HUILA,Neiva,12289
2023-04-01,2023,4,HUILA,Pitalito,839
2023-04-01,2023,4,LA GUAJIRA,Riohacha,13112
2023-04-01,2023,4,MAGDALENA,Santa Marta,93434
2023-04-01,2023,4,META,Villavicencio,3539
2023-04-01,2023,4,NARINO,Pasto,27850
2023-04-01,2023,4,NARINO,San Andres de Tumaco,6101
2023-04-01,2023,4,NARINO,Aldana,2616
2023-04-01,2023,4,NORTE DE SANTANDER,Cúcuta,48702
2023-04-01,2023,4,PUTUMAYO,Puerto Asís,4438
2023-04-01,2023,4,PUTUMAYO,Puerto Leguízamo,549
2023-04-01,2023,4,PUTUMAYO,Villagarzón,725
2023-04-01,2023,4,QUINDIO,Armenia,18149
2023-04-01,2023,4,RISARALDA,Pereira,56726
2023-04-01,2023,4,"SAN ANDRES, PROVIDENCIA Y SANTA CATALINA",Providencia,3382
2023-04-01,2023,4,"SAN ANDRES, PROVIDENCIA Y SANTA CATALINA",San Andrés,58819
2023-04-01,2023,4,SANTANDER,Barrancabermeja,4496
2023-04-01,2023,4,SANTANDER,Bucaramanga,63044
2023-04-01,2023,4,SUCRE,Corozal,932
2023-04-01,2023,4,SUCRE,San José De Toluviejo,3352
2023-04-01,2023,4,TOLIMA,Ibagué,4169
2023-04-01,2023,4,VALLE DEL CAUCA,Buenaventura,234
2023-04-01,2023,4,VALLE DEL CAUCA,Cali,188029
2023-04-01,2023,4,VAUPES,Mitú,1351
2023-04-01,2023,4,VAUPES,Taraira,11
2023-04-01,2023,4,VICHADA,PUERTO CARREÑO,2088
2023-05-01,2023,5,AMAZONAS,LA CHORRERA,54
2023-05-01,2023,5,AMAZONAS,La Pedrera,94
2023-05-01,2023,5,AMAZONAS,Leticia,12341
2023-05-01,2023,5,ANTIOQUIA,Carepa,8514
2023-05-01,2023,5,ANTIOQUIA,Medellín,43954
2023-05-01,2023,5,ANTIOQUIA,Rionegro,299652
2023-05-01,2023,5,ARAUCA,Arauca,5556
2023-05-01,2023,5,ARAUCA,SARAVENA,1216
2023-05-01,2023,5,ARAUCA,Tame,309
2023-05-01,2023,5,ATLANTICO,Barranquilla,92933
2023-05-01,2023,5,BOGOTA D.C.,"Bogotá, D.C.",790444
2023-05-01,2023,5,BOLIVAR,Cartagena,173928
2023-05-01,2023,5,CALDAS,Manizales,4006
2023-05-01,2023,5,CAQUETA,Florencia,4222
2023-05-01,2023,5,CAQUETA,San Vicente del Caguán,238
2023-05-01,2023,5,CAQUETA,Solano,28
2023-05-01,2023,5,CASANARE,Yopal,11686
2023-05-01,2023,5,CAUCA,Guapi,2551
2023-05-01,2023,5,CAUCA,popayán,4967
2023-05-01,2023,5,CESAR,Aguachica,276
2023-05-01,2023,5,CESAR,Agustín Codazzi,834
2023-05-01,2023,5,CESAR,VALLEDUPAR,15502
2023-05-01,2023,5,CHOCO,Bahía Solano,1221
2023-05-01,2023,5,CHOCO,Quibdó,12704
2023-05-01,2023,5,CORDOBA,Montería,43695
2023-05-01,2023,5,GUAINIA,Barranco Minas,16
2023-05-01,2023,5,GUAINIA,Inírida,2117
2023-05-01,2023,5,GUAINIA,San Felipe,27
2023-05-01,2023,5,GUAVIARE,San José del Guaviare,600
2023-05-01,2023,5,HUILA,Neiva,13205
2023-05-01,2023,5,HUILA,Pitalito,918
2023-05-01,2023,5,LA GUAJIRA,Riohacha,18210
2023-05-01,2023,5,MAGDALENA,Santa Marta,96640
2023-05-01,2023,5,META,Villavicencio,3479
2023-05-01,2023,5,META,Mapiripán,5
2023-05-01,2023,5,NARINO,Pasto,26131
2023-05-01,2023,5,NARINO,San Andres de Tumaco,6241
2023-05-01,2023,5,NARINO,Aldana,2463
2023-05-01,2023,5,NORTE DE SANTANDER,Cúcuta,52162
2023-05-01,2023,5,PUTUMAYO,Puerto Asís,5226
2023-05-01,2023,5,PUTUMAYO,Puerto Leguízamo,623
2023-05-01,2023,5,QUINDIO,Armenia,18374
2023-05-01,2023,5,RISARALDA,Pereira,61687
2023-05-01,2023,5,"SAN ANDRES, PROVIDENCIA Y SANTA CATALINA",Providencia,3072
2023-05-01,2023,5,"SAN ANDRES, PROVIDENCIA Y SANTA CATALINA",San Andrés,66520
2023-05-01,2023,5,SANTANDER,Barrancabermeja,5281
2023-05-01,2023,5,SANTANDER,Bucaramanga,68392
2023-05-01,2023,5,SUCRE,Corozal,890
2023-05-01,2023,5,SUCRE,San José De Toluviejo,2217
2023-05-01,2023,5,TOLIMA,Ibagué,4907
2023-05-01,2023,5,VALLE DEL CAUCA,Buenaventura,354
2023-05-01,2023,5,VALLE DEL CAUCA,Cali,193572
2023-05-01,2023,5,VAUPES,Mitú,1324
2023-05-01,2023,5,VAUPES,Taraira,8
2023-05-01,2023,5,VICHADA,PUERTO CARREÑO,1976
2023-06-01,2023,6,AMAZONAS,LA CHORRERA,65
2023-06-01,2023,6,AMAZONAS,La Pedrera,39
2023-06-01,2023,6,AMAZONAS,Leticia,12037
2023-06-01,2023,6,ANTIOQUIA,Carepa,8748
2023-06-01,2023,6,ANTIOQUIA,Medellín,46928
2023-06-01,2023,6,ANTIOQUIA,Rionegro,301277
2023-06-01,2023,6,ARAUCA,Arauca,5460
2023-06-01,2023,6,ARAUCA,SARAVENA,1343
2023-06-01,2023,6,ARAUCA,Tame,356
2023-06-01,2023,6,ATLANTICO,Barranquilla,109238
2023-06-01,2023,6,BOGOTA D.C.,"Bogotá, D.C.",829682
2023-06-01,2023,6,BOLIVAR,Cartagena,190127
2023-06-01,2023,6,CALDAS,Manizales,3953
2023-06-01,2023,6,CAQUETA,Florencia,3719
2023-06-01,2023,6,CAQUETA,San Vicente del Caguán,263
2023-06-01,2023,6,CASANARE,Yopal,11894
2023-06-01,2023,6,CAUCA,Guapi,2649
2023-06-01,2023,6,CAUCA,popayán,5263
2023-06-01,2023,6,CESAR,Aguachica,375
2023-06-01,2023,6,CESAR,VALLEDUPAR,18034
2023-06-01,2023,6,CHOCO,Bahía Solano,1570
2023-06-01,2023,6,CHOCO,Nuquí,537
2023-06-01,2023,6,CHOCO,Quibdó,15079
2023-06-01,2023,6,CORDOBA,Montería,45895
2023-06-01,2023,6,GUAINIA,Inírida,2133
2023-06-01,2023,6,GUAVIARE,San José del Guaviare,545
2023-06-01,2023,6,HUILA,Neiva,13675
2023-06-01,2023,6,HUILA,Pitalito,947
2023-06-01,2023,6,LA GUAJIRA,Riohacha,21327
2023-06-01,2023,6,MAGDALENA,Santa Marta,100622
2023-06-01,2023,6,META,La Macarena,442
2023-06-01,2023,6,META,Villavicencio,4261
2023-06-01,2023,6,NARINO,Pasto,28350
2023-06-01,2023,6,NARINO,San Andres de Tumaco,6772
2023-06-01,2023,6,NARINO,Aldana,2753
2023-06-01,2023,6,NORTE DE SANTANDER,Cúcuta,52624
2023-06-01,2023,6,PUTUMAYO,Puerto Asís,5325
2023-06-01,2023,6,PUTUMAYO,Puerto Leguízamo,693
2023-06-01,2023,6,PUTUMAYO,Villagarzón,904
2023-06-01,2023,6,QUINDIO,Armenia,21857
2023-06-01,2023,6,RISARALDA,Pereira,65844
2023-06-01,2023,6,"SAN ANDRES, PROVIDENCIA Y SANTA CATALINA",Providencia,3362
2023-06-01,2023,6,"SAN ANDRES, PROVIDENCIA Y SANTA CATALINA",San Andrés,70709
2023-06-01,2023,6,SANTANDER,Barrancabermeja,5373
2023-06-01,2023,6,SANTANDER,Bucaramanga,80271
2023-06-01,2023,6,SUCRE,Corozal,968
2023-06-01,2023,6,SUCRE,San José De Toluviejo,3095
2023-06-01,2023,6,TOLIMA,Ibagué,5140
2023-06-01,2023,6,VALLE DEL CAUCA,Buenaventura,314
2023-06-01,2023,6,VALLE DEL CAUCA,Cali,203678
2023-06-01,2023,6,VAUPES,Mitú,1427
2023-06-01,2023,6,VICHADA,PUERTO CARREÑO,1923
2023-07-01,2023,7,AMAZONAS,LA CHORRERA,64
2023-07-01,2023,7,AMAZONAS,La Pedrera,31
2023-07-01,2023,7,AMAZONAS,Leticia,13509
2023-07-01,2023,7,ANTIOQUIA,Carepa,8325
2023-07-01,2023,7,ANTIOQUIA,Medellín,52165
2023-07-01,2023,7,ANTIOQUIA,Rionegro,327096
2023-07-01,2023,7,ARAUCA,Arauca,5950
2023-07-01,2023,7,ARAUCA,SARAVENA,1472
2023-07-01,2023,7,ARAUCA,Tame,373
2023-07-01,2023,7,ATLANTICO,Barranquilla,113314
2023-07-01,2023,7,BOGOTA D.C.,"Bogotá, D.C.",900275
2023-07-01,2023,7,BOLIVAR,Cartagena,198495
2023-07-01,2023,7,CALDAS,Manizales,4288
2023-07-01,2023,7,CAQUETA,Florencia,4136
2023-07-01,2023,7,CAQUETA,San Vicente del Caguán,302
2023-07-01,2023,7,CASANARE,Yopal,12956
2023-07-01,2023,7,CAUCA,Guapi,3380
2023-07-01,2023,7,CAUCA,popayán,5041
2023-07-01,2023,7,CESAR,Aguachica,456
2023-07-01,2023,7,CESAR,VALLEDUPAR,17327
2023-07-01,2023,7,CHOCO,Bahía Solano,3606
2023-07-01,2023,7,CHOCO,Nuquí,659
2023-07-01,2023,7,CHOCO,Quibdó,13905
2023-07-01,2023,7,CORDOBA,Montería,48410
2023-07-01,2023,7,GUAINIA,Inírida,3589
2023-07-01,2023,7,GUAVIARE,San José del Guaviare,649
2023-07-01,2023,7,HUILA,Neiva,13597
2023-07-01,2023,7,HUILA,Pitalito,858
2023-07-01,2023,7,LA GUAJIRA,Riohacha,22151
2023-07-01,2023,7,MAGDALENA,Santa Marta,107852
2023-07-01,2023,7,META,La Macarena,1275
2023-07-01,2023,7,META,Villavicencio,8643
2023-07-01,2023,7,NARINO,Pasto,31038
2023-07-01,2023,7,NARINO,San Andres de Tumaco,6776
2023-07-01,2023,7,NARINO,Aldana,2915
2023-07-01,2023,7,NORTE DE SANTANDER,Cúcuta,53867
2023-07-01,2023,7,PUTUMAYO,Puerto Asís,5143
2023-07-01,2023,7,PUTUMAYO,Puerto Leguízamo,734
2023-07-01,2023,7,PUTUMAYO,Villagarzón,917
2023-07-01,2023,7,QUINDIO,Armenia,24118
2023-07-01,2023,7,RISARALDA,Pereira,75580
2023-07-01,2023,7,"SAN ANDRES, PROVIDENCIA Y SANTA CATALINA",Providencia,3579
2023-07-01,2023,7,"SAN ANDRES, PROVIDENCIA Y SANTA CATALINA",San Andrés,80293
2023-07-01,2023,7,SANTANDER,Barrancabermeja,5036
2023-07-01,2023,7,SANTANDER,Bucaramanga,77999
2023-07-01,2023,7,SUCRE,Corozal,1007
2023-07-01,2023,7,SUCRE,San José De Toluviejo,3465
2023-07-01,2023,7,TOLIMA,Ibagué,4663
2023-07-01,2023,7,VALLE DEL CAUCA,Buenaventura,307
2023-07-01,2023,7,VALLE DEL CAUCA,Cali,219710
2023-07-01,2023,7,VAUPES,Mitú,2259
2023-07-01,2023,7,VICHADA,PUERTO CARREÑO,1997
2023-08-01,2023,8,AMAZONAS,LA CHORRERA,74
2023-08-01,2023,8,AMAZONAS,La Pedrera,47
2023-08-01,2023,8,AMAZONAS,Leticia,13546
2023-08-01,2023,8,AMAZONAS,EL ENCANTO,1
2023-08-01,2023,8,ANTIOQUIA,Carepa,8407
2023-08-01,2023,8,ANTIOQUIA,Medellín,55555
2023-08-01,2023,8,ANTIOQUIA,Rionegro,331815
2023-08-01,2023,8,ARAUCA,Arauca,5586
2023-08-01,2023,8,ARAUCA,SARAVENA,1825
2023-08-01,2023,8,ARAUCA,Tame,314
2023-08-01,2023,8,ATLANTICO,Barranquilla,109847
2023-08-01,2023,8,BOGOTA D.C.,"Bogotá, D.C.",897996
2023-08-01,2023,8,BOLIVAR,Cartagena,200117
2023-08-01,2023,8,CALDAS,Manizales,4405
2023-08-01,2023,8,CAQUETA,Florencia,3954
2023-08-01,2023,8,CAQUETA,San Vicente del Caguán,280
2023-08-01,2023,8,CAQUETA,Solano,5
2023-08-01,2023,8,CASANARE,Yopal,13686
2023-08-01,2023,8,CAUCA,Guapi,2548
2023-08-01,2023,8,CAUCA,popayán,5628
2023-08-01,2023,8,CESAR,Aguachica,538
2023-08-01,2023,8,CESAR,VALLEDUPAR,18092
2023-08-01,2023,8,CHOCO,Bahía Solano,4702
2023-08-01,2023,8,CHOCO,Nuquí,1373
2023-08-01,2023,8,CHOCO,Quibdó,13091
2023-08-01,2023,8,CORDOBA,Montería,48697
2023-08-01,2023,8,GUAINIA,Barranco Minas,9
2023-08-01,2023,8,GUAINIA,Inírida,2276
2023-08-01,2023,8,GUAINIA,San Felipe,17
2023-08-01,2023,8,GUAVIARE,Miraflores,25
2023-08-01,2023,8,GUAVIARE,San José del Guaviare,745
2023-08-01,2023,8,HUILA,Neiva,13817
2023-08-01,2023,8,HUILA,Pitalito,842
2023-08-01,2023,8,LA GUAJIRA,Riohacha,19975
2023-08-01,2023,8,MAGDALENA,Santa Marta,105985
2023-08-01,2023,8,META,La Macarena,1447
2023-08-01,2023,8,META,Villavicencio,7203
2023-08-01,2023,8,NARINO,Pasto,31483
2023-08-01,2023,8,NARINO,San Andres de Tumaco,6547
2023-08-01,2023,8,NARINO,Aldana,2541
2023-08-01,2023,8,NORTE DE SANTANDER,Cúcuta,52335
2023-08-01,2023,8,PUTUMAYO,Puerto Asís,5107
2023-08-01,2023,8,PUTUMAYO,Puerto Leguízamo,459
2023-08-01,2023,8,PUTUMAYO,Villagarzón,869
2023-08-01,2023,8,QUINDIO,Armenia,24014
2023-08-01,2023,8,RISARALDA,Pereira,78643
2023-08-01,2023,8,"SAN ANDRES, PROVIDENCIA Y SANTA CATALINA",Providencia,3790
2023-08-01,2023,8,"SAN ANDRES, PROVIDENCIA Y SANTA CATALINA",San Andrés,77207
2023-08-01,2023,8,SANTANDER,Barrancabermeja,4144
2023-08-01,2023,8,SANTANDER,Bucaramanga,79432
2023-08-01,2023,8,SUCRE,Corozal,999
2023-08-01,2023,8,SUCRE,San José De Toluviejo,2926
2023-08-01,2023,8,TOLIMA,Ibagué,4843
2023-08-01,2023,8,VALLE DEL CAUCA,Buenaventura,644
2023-08-01,2023,8,VALLE DEL CAUCA,Cali,220562
2023-08-01,2023,8,VAUPES,Mitú,1433
2023-08-01,2023,8,VICHADA,PUERTO CARREÑO,1949
2023-09-01,2023,9,AMAZONAS,LA CHORRERA,82
2023-09-01,2023,9,AMAZONAS,La Pedrera,30
2023-09-01,2023,9,AMAZONAS,Leticia,12867
2023-09-01,2023,9,ANTIOQUIA,Carepa,8368
2023-09-01,2023,9,ANTIOQUIA,Medellín,51337
2023-09-01,2023,9,ANTIOQUIA,Rionegro,305403
2023-09-01,2023,9,ARAUCA,Arauca,5643
2023-09-01,2023,9,ARAUCA,SARAVENA,1858
2023-09-01,2023,9,ARAUCA,Tame,363
2023-09-01,2023,9,ATLANTICO,Barranquilla,101799
2023-09-01,2023,9,BOGOTA D.C.,"Bogotá, D.C.",841336
2023-09-01,2023,9,BOLIVAR,Cartagena,182365
2023-09-01,2023,9,CALDAS,Manizales,4572
2023-09-01,2023,9,CAQUETA,Florencia,4395
2023-09-01,2023,9,CAQUETA,San Vicente del Caguán,338
2023-09-01,2023,9,CAQUETA,Solano,32
2023-09-01,2023,9,CASANARE,Yopal,12933
2023-09-01,2023,9,CAUCA,Guapi,2598
2023-09-01,2023,9,CAUCA,popayán,5106
2023-09-01,2023,9,CESAR,Aguachica,442
2023-09-01,2023,9,CESAR,VALLEDUPAR,16888
2023-09-01,2023,9,CHOCO,Bahía Solano,3762
2023-09-01,2023,9,CHOCO,Nuquí,2334
2023-09-01,2023,9,CHOCO,Quibdó,13756
2023-09-01,2023,9,CORDOBA,Montería,45339
2023-09-01,2023,9,GUAINIA,Inírida,2035
2023-09-01,2023,9,GUAINIA,San Felipe,17
2023-09-01,2023,9,GUAVIARE,Miraflores,67
2023-09-01,2023,9,GUAVIARE,San José del Guaviare,783
2023-09-01,2023,9,HUILA,Neiva,13132
2023-09-01,2023,9,HUILA,Pitalito,737
2023-09-01,2023,9,LA GUAJIRA,Riohacha,18803
2023-09-01,2023,9,MAGDALENA,Santa Marta,97246
2023-09-01,2023,9,META,La Macarena,1326
2023-09-01,2023,9,META,Villavicencio,5841
2023-09-01,2023,9,NARINO,Pasto,26427
2023-09-01,2023,9,NARINO,San Andres de Tumaco,6221
2023-09-01,2023,9,NARINO,Aldana,2265
2023-09-01,2023,9,NORTE DE SANTANDER,Cúcuta,53194
2023-09-01,2023,9,PUTUMAYO,Puerto Asís,5160
2023-09-01,2023,9,PUTUMAYO,Puerto Leguízamo,763
2023-09-01,2023,9,PUTUMAYO,Villagarzón,893
2023-09-01,2023,9,QUINDIO,Armenia,21248
2023-09-01,2023,9,RISARALDA,Pereira,69492
2023-09-01,2023,9,"SAN ANDRES, PROVIDENCIA Y SANTA CATALINA",Providencia,2943
2023-09-01,2023,9,"SAN ANDRES, PROVIDENCIA Y SANTA CATALINA",San Andrés,66924
2023-09-01,2023,9,SANTANDER,Barrancabermeja,4560
2023-09-01,2023,9,SANTANDER,Bucaramanga,78931
2023-09-01,2023,9,SUCRE,Corozal,1172
2023-09-01,2023,9,SUCRE,San José De Toluviejo,2570
2023-09-01,2023,9,TOLIMA,Ibagué,5017
2023-09-01,2023,9,VALLE DEL CAUCA,Buenaventura,707
2023-09-01,2023,9,VALLE DEL CAUCA,Cali,195279
2023-09-01,2023,9,VAUPES,Mitú,1467
2023-09-01,2023,9,VICHADA,PUERTO CARREÑO,2000
2023-10-01,2023,10,AMAZONAS,LA CHORRERA,105
2023-10-01,2023,10,AMAZONAS,La Pedrera,34
2023-10-01,2023,10,AMAZONAS,Leticia,13501
2023-10-01,2023,10,ANTIOQUIA,Carepa,8366
2023-10-01,2023,10,ANTIOQUIA,Medellín,50298
2023-10-01,2023,10,ANTIOQUIA,Rionegro,305809
2023-10-01,2023,10,ARAUCA,Arauca,5703
2023-10-01,2023,10,ARAUCA,SARAVENA,1799
2023-10-01,2023,10,ARAUCA,Tame,353
2023-10-01,2023,10,ATLANTICO,Barranquilla,107772
2023-10-01,2023,10,BOGOTA D.C.,"Bogotá, D.C.",866247
2023-10-01,2023,10,BOLIVAR,Cartagena,175771
2023-10-01,2023,10,BOLIVAR,Mompós,32
2023-10-01,2023,10,CALDAS,Manizales,3884
2023-10-01,2023,10,CAQUETA,Florencia,4016
2023-10-01,2023,10,CAQUETA,San Vicente del Caguán,297
2023-10-01,2023,10,CAQUETA,Solano,64
2023-10-01,2023,10,CASANARE,Yopal,12312
2023-10-01,2023,10,CAUCA,Guapi,2799
2023-10-01,2023,10,CAUCA,popayán,5253
2023-10-01,2023,10,CESAR,Aguachica,495
2023-10-01,2023,10,CESAR,VALLEDUPAR,18155
2023-10-01,2023,10,CHOCO,Bahía Solano,2548
2023-10-01,2023,10,CHOCO,Nuquí,2289
2023-10-01,2023,10,CHOCO,Quibdó,13347
2023-10-01,2023,10,CORDOBA,Montería,45077
2023-10-01,2023,10,GUAINIA,Inírida,2467
2023-10-01,2023,10,GUAINIA,San Felipe,12
2023-10-01,2023,10,GUAVIARE,Miraflores,49
2023-10-01,2023,10,GUAVIARE,San José del Guaviare,727
2023-10-01,2023,10,HUILA,Neiva,13393
2023-10-01,2023,10,HUILA,Pitalito,833
2023-10-01,2023,10,LA GUAJIRA,Riohacha,18669
2023-10-01,2023,10,MAGDALENA,Santa Marta,95646
2023-10-01,2023,10,META,La Macarena,1503
2023-10-01,2023,10,META,Villavicencio,5794
2023-10-01,2023,10,NARINO,Pasto,26676
2023-10-01,2023,10,NARINO,San Andres de Tumaco,6193
2023-10-01,2023,10,NARINO,Aldana,2595
2023-10-01,2023,10,NORTE DE SANTANDER,Cúcuta,51777
2023-10-01,2023,10,PUTUMAYO,Puerto Asís,4723
2023-10-01,2023,10,PUTUMAYO,Puerto Leguízamo,711
2023-10-01,2023,10,PUTUMAYO,Villagarzón,878
2023-10-01,2023,10,QUINDIO,Armenia,21479
2023-10-01,2023,10,RISARALDA,Pereira,70320
2023-10-01,2023,10,"SAN ANDRES, PROVIDENCIA Y SANTA CATALINA",Providencia,3548
2023-10-01,2023,10,"SAN ANDRES, PROVIDENCIA Y SANTA CATALINA",San Andrés,68150
2023-10-01,2023,10,SANTANDER,Barrancabermeja,4479
2023-10-01,2023,10,SANTANDER,Bucaramanga,78294
2023-10-01,2023,10,SUCRE,Corozal,1081
2023-10-01,2023,10,SUCRE,San José De Toluviejo,3084
2023-10-01,2023,10,TOLIMA,Ibagué,4768
2023-10-01,2023,10,VALLE DEL CAUCA,Buenaventura,513
2023-10-01,2023,10,VALLE DEL CAUCA,Cali,196543
2023-10-01,2023,10,VAUPES,Mitú,1670
2023-10-01,2023,10,VAUPES,Pacoa,1
2023-10-01,2023,10,VICHADA,PUERTO CARREÑO,2126
2023-11-01,2023,11,AMAZONAS,LA CHORRERA,83
2023-11-01,2023,11,AMAZONAS,La Pedrera,32
2023-11-01,2023,11,AMAZONAS,Leticia,16600
2023-11-01,2023,11,ANTIOQUIA,Carepa,9524
2023-11-01,2023,11,ANTIOQUIA,Caucasia,165
2023-11-01,2023,11,ANTIOQUIA,El Bagre,143
2023-11-01,2023,11,ANTIOQUIA,Medellín,55317
2023-11-01,2023,11,ANTIOQUIA,Rionegro,325989
2023-11-01,2023,11,ARAUCA,Arauca,5683
2023-11-01,2023,11,ARAUCA,SARAVENA,1874
2023-11-01,2023,11,ARAUCA,Tame,319
2023-11-01,2023,11,ATLANTICO,Barranquilla,114914
2023-11-01,2023,11,BOGOTA D.C.,"Bogotá, D.C.",985838
2023-11-01,2023,11,BOLIVAR,Cartagena,196136
2023-11-01,2023,11,CALDAS,Manizales,4392
2023-11-01,2023,11,CAQUETA,Florencia,4268
2023-11-01,2023,11,CAQUETA,San Vicente del Caguán,296
2023-11-01,2023,11,CAQUETA,Solano,72
2023-11-01,2023,11,CASANARE,Yopal,13017
2023-11-01,2023,11,CAUCA,Guapi,2412
2023-11-01,2023,11,CAUCA,popayán,5183
2023-11-01,2023,11,CESAR,Aguachica,475
2023-11-01,2023,11,CESAR,VALLEDUPAR,20612
2023-11-01,2023,11,CHOCO,Bahía Solano,1654
2023-11-01,2023,11,CHOCO,Nuquí,1338
2023-11-01,2023,11,CHOCO,Quibdó,13469
2023-11-01,2023,11,CORDOBA,Montelíbano,120
2023-11-01,2023,11,CORDOBA,Montería,60861
2023-11-01,2023,11,GUAINIA,Barranco Minas,3
2023-11-01,2023,11,GUAINIA,Inírida,2429
2023-11-01,2023,11,GUAINIA,San Felipe,24
2023-11-01,2023,11,GUAVIARE,Miraflores,50
2023-11-01,2023,11,GUAVIARE,San José del Guaviare,811
2023-11-01,2023,11,HUILA,Neiva,13964
2023-11-01,2023,11,HUILA,Pitalito,1761
2023-11-01,2023,11,LA GUAJIRA,Riohacha,22867
2023-11-01,2023,11,MAGDALENA,Santa Marta,113954
2023-11-01,2023,11,META,La Macarena,610
2023-11-01,2023,11,META,Villavicencio,8237
2023-11-01,2023,11,NARINO,Pasto,34364
2023-11-01,2023,11,NARINO,San Andres de Tumaco,6180
2023-11-01,2023,11,NARINO,Aldana,3640
2023-11-01,2023,11,NORTE DE SANTANDER,Cúcuta,61222
2023-11-01,2023,11,PUTUMAYO,Puerto Asís,5285
2023-11-01,2023,11,PUTUMAYO,Puerto Leguízamo,675
2023-11-01,2023,11,PUTUMAYO,Villagarzón,964
2023-11-01,2023,11,QUINDIO,Armenia,27258
2023-11-01,2023,11,RISARALDA,Pereira,86976
2023-11-01,2023,11,"SAN ANDRES, PROVIDENCIA Y SANTA CATALINA",Providencia,2832
2023-11-01,2023,11,"SAN ANDRES, PROVIDENCIA Y SANTA CATALINA",San Andrés,88775
2023-11-01,2023,11,SANTANDER,Barrancabermeja,5494
2023-11-01,2023,11,SANTANDER,Bucaramanga,84653
2023-11-01,2023,11,SUCRE,Corozal,1157
2023-11-01,2023,11,SUCRE,San José De Toluviejo,2608
2023-11-01,2023,11,TOLIMA,Ibagué,4917
2023-11-01,2023,11,VALLE DEL CAUCA,Buenaventura,253
2023-11-01,2023,11,VALLE DEL CAUCA,Cali,207421
2023-11-01,2023,11,VAUPES,Mitú,1448
2023-11-01,2023,11,VAUPES,Pacoa,6
2023-11-01,2023,11,VICHADA,PUERTO CARREÑO,2203
2023-12-01,2023,12,AMAZONAS,LA CHORRERA,103
2023-12-01,2023,12,AMAZONAS,La Pedrera,32
2023-12-01,2023,12,AMAZONAS,Leticia,17638
2023-12-01,2023,12,ANTIOQUIA,Carepa,8521
2023-12-01,2023,12,ANTIOQUIA,Caucasia,274
2023-12-01,2023,12,ANTIOQUIA,El Bagre,283
2023-12-01,2023,12,ANTIOQUIA,Medellín,54742
2023-12-01,2023,12,ANTIOQUIA,Rionegro,346683
2023-12-01,2023,12,ARAUCA,Arauca,5727
2023-12-01,2023,12,ARAUCA,SARAVENA,2104
2023-12-01,2023,12,ARAUCA,Tame,334
2023-12-01,2023,12,ATLANTICO,Barranquilla,133506
2023-12-01,2023,12,BOGOTA D.C.,"Bogotá, D.C.",1007445
2023-12-01,2023,12,BOLIVAR,Cartagena,219273
2023-12-01,2023,12,CALDAS,Manizales,4527
2023-12-01,2023,12,CAQUETA,Florencia,3965
2023-12-01,2023,12,CAQUETA,San Vicente del Caguán,379
2023-12-01,2023,12,CAQUETA,Solano,60
2023-12-01,2023,12,CASANARE,Yopal,12744
2023-12-01,2023,12,CAUCA,Guapi,3118
2023-12-01,2023,12,CAUCA,popayán,5645
2023-12-01,2023,12,CESAR,Aguachica,522
2023-12-01,2023,12,CESAR,VALLEDUPAR,24091
2023-12-01,2023,12,CHOCO,Bahía Solano,2325
2023-12-01,2023,12,CHOCO,Nuquí,2230
2023-12-01,2023,12,CHOCO,Quibdó,15332
2023-12-01,2023,12,CORDOBA,Montelíbano,308
2023-12-01,2023,12,CORDOBA,Montería,66022
2023-12-01,2023,12,GUAINIA,Inírida,2752
2023-12-01,2023,12,GUAINIA,San Felipe,25
2023-12-01,2023,12,GUAVIARE,Miraflores,38
2023-12-01,2023,12,GUAVIARE,San José del Guaviare,737
2023-12-01,2023,12,HUILA,Neiva,14190
2023-12-01,2023,12,HUILA,Pitalito,2010
2023-12-01,2023,12,LA GUAJIRA,Riohacha,27276
2023-12-01,2023,12,MAGDALENA,Santa Marta,133309
2023-12-01,2023,12,META,Villavicencio,7993
2023-12-01,2023,12,NARINO,Pasto,45097
2023-12-01,2023,12,NARINO,San Andres de Tumaco,7030
2023-12-01,2023,12,NARINO,Aldana,4166
2023-12-01,2023,12,NORTE DE SANTANDER,Cúcuta,72350
2023-12-01,2023,12,PUTUMAYO,Puerto Asís,4747
2023-12-01,2023,12,PUTUMAYO,Puerto Leguízamo,753
2023-12-01,2023,12,PUTUMAYO,Villagarzón,1056
2023-12-01,2023,12,QUINDIO,Armenia,30937
2023-12-01,2023,12,RISARALDA,Pereira,99833
2023-12-01,2023,12,"SAN ANDRES, PROVIDENCIA Y SANTA CATALINA",Providencia,4310
2023-12-01,2023,12,"SAN ANDRES, PROVIDENCIA Y SANTA CATALINA",San Andrés,107276
2023-12-01,2023,12,SANTANDER,Barrancabermeja,7542
2023-12-01,2023,12,SANTANDER,Bucaramanga,99008
2023-12-01,2023,12,SUCRE,Corozal,2047
2023-12-01,2023,12,SUCRE,San José De Toluviejo,6004
2023-12-01,2023,12,TOLIMA,Ibagué,5127
2023-12-01,2023,12,VALLE DEL CAUCA,Buenaventura,315
2023-12-01,2023,12,VALLE DEL CAUCA,Cali,229153
2023-12-01,2023,12,VAUPES,Mitú,1873
2023-12-01,2023,12,VICHADA,PUERTO CARREÑO,2524
2024-01-01,2024,1,AMAZONAS,LA CHORRERA,60
2024-01-01,2024,1,AMAZONAS,La Pedrera,29
2024-01-01,2024,1,AMAZONAS,Leticia,19203
2024-01-01,2024,1,ANTIOQUIA,Carepa,6455
2024-01-01,2024,1,ANTIOQUIA,Caucasia,227
2024-01-01,2024,1,ANTIOQUIA,El Bagre,179
2024-01-01,2024,1,ANTIOQUIA,Medellín,58718
2024-01-01,2024,1,ANTIOQUIA,Rionegro,310341
2024-01-01,2024,1,ARAUCA,Arauca,4813
2024-01-01,2024,1,ARAUCA,SARAVENA,1703
2024-01-01,2024,1,ARAUCA,Tame,252
2024-01-01,2024,1,ATLANTICO,Barranquilla,108215
2024-01-01,2024,1,BOGOTA D.C.,"Bogotá, D.C.",1077799
2024-01-01,2024,1,BOLIVAR,Cartagena,207030
2024-01-01,2024,1,CALDAS,Manizales,3787
2024-01-01,2024,1,CAQUETA,Florencia,3164
2024-01-01,2024,1,CAQUETA,San Vicente del Caguán,292
2024-01-01,2024,1,CAQUETA,Solano,73
2024-01-01,2024,1,CASANARE,Yopal,10790
2024-01-01,2024,1,CAUCA,Guapi,2565
2024-01-01,2024,1,CAUCA,popayán,4214
2024-01-01,2024,1,CESAR,Aguachica,376
2024-01-01,2024,1,CESAR,VALLEDUPAR,18291
2024-01-01,2024,1,CHOCO,Bahía Solano,1917
2024-01-01,2024,1,CHOCO,Nuquí,1520
2024-01-01,2024,1,CHOCO,Quibdó,12406
2024-01-01,2024,1,CORDOBA,Montelíbano,251
2024-01-01,2024,1,CORDOBA,Montería,59023
2024-01-01,2024,1,CUNDINAMARCA,Chía,10
2024-01-01,2024,1,GUAINIA,Inírida,2908
2024-01-01,2024,1,GUAINIA,San Felipe,65
2024-01-01,2024,1,GUAVIARE,Miraflores,25
2024-01-01,2024,1,GUAVIARE,San José del Guaviare,668
2024-01-01,2024,1,HUILA,Neiva,11494
2024-01-01,2024,1,HUILA,Pitalito,1374
2024-01-01,2024,1,LA GUAJIRA,Riohacha,24481
2024-01-01,2024,1,MAGDALENA,Santa Marta,128576
2024-01-01,2024,1,META,Villavicencio,7405
2024-01-01,2024,1,NARINO,Pasto,34821
2024-01-01,2024,1,NARINO,San Andres de Tumaco,5335
2024-01-01,2024,1,NARINO,Aldana,3443
2024-01-01,2024,1,NORTE DE SANTANDER,Cúcuta,62501
2024-01-01,2024,1,PUTUMAYO,Puerto Asís,3970
2024-01-01,2024,1,PUTUMAYO,Puerto Leguízamo,668
2024-01-01,2024,1,PUTUMAYO,Villagarzón,916
2024-01-01,2024,1,QUINDIO,Armenia,28074
2024-01-01,2024,1,RISARALDA,Pereira,82349
2024-01-01,2024,1,"SAN ANDRES, PROVIDENCIA Y SANTA CATALINA",Providencia,3855
2024-01-01,2024,1,"SAN ANDRES, PROVIDENCIA Y SANTA CATALINA",San Andrés,107546
2024-01-01,2024,1,SANTANDER,Barrancabermeja,4881
2024-01-01,2024,1,SANTANDER,Bucaramanga,75853
2024-01-01,2024,1,SUCRE,Corozal,1382
2024-01-01,2024,1,SUCRE,San José De Toluviejo,5838
2024-01-01,2024,1,TOLIMA,Ibagué,4079
2024-01-01,2024,1,VALLE DEL CAUCA,Buenaventura,261
2024-01-01,2024,1,VALLE DEL CAUCA,Cali,196829
2024-01-01,2024,1,VAUPES,Mitú,1671
2024-01-01,2024,1,VICHADA,PUERTO CARREÑO,2668
2024-02-01,2024,2,AMAZONAS,LA CHORRERA,69
2024-02-01,2024,2,AMAZONAS,La Pedrera,33
2024-02-01,2024,2,AMAZONAS,Leticia,15408
2024-02-01,2024,2,ANTIOQUIA,Carepa,6266
2024-02-01,2024,2,ANTIOQUIA,Caucasia,221
2024-02-01,2024,2,ANTIOQUIA,El Bagre,192
2024-02-01,2024,2,ANTIOQUIA,Medellín,36406
2024-02-01,2024,2,ANTIOQUIA,Rionegro,294150
2024-02-01,2024,2,ARAUCA,Arauca,4122
2024-02-01,2024,2,ARAUCA,SARAVENA,1567
2024-02-01,2024,2,ARAUCA,Tame,229
2024-02-01,2024,2,ATLANTICO,Barranquilla,99485
2024-02-01,2024,2,BOGOTA D.C.,"Bogotá, D.C.",896929
2024-02-01,2024,2,BOLIVAR,Cartagena,184312
2024-02-01,2024,2,CALDAS,Manizales,2826
2024-02-01,2024,2,CAQUETA,Florencia,3282
2024-02-01,2024,2,CAQUETA,San Vicente del Caguán,211
2024-02-01,2024,2,CAQUETA,Solano,72
2024-02-01,2024,2,CASANARE,Yopal,10767
2024-02-01,2024,2,CAUCA,Guapi,2188
2024-02-01,2024,2,CAUCA,popayán,4437
2024-02-01,2024,2,CESAR,Aguachica,414
2024-02-01,2024,2,CESAR,VALLEDUPAR,16593
2024-02-01,2024,2,CHOCO,Bahía Solano,1149
2024-02-01,2024,2,CHOCO,Nuquí,1042
2024-02-01,2024,2,CHOCO,Quibdó,9172
2024-02-01,2024,2,CORDOBA,Montelíbano,280
2024-02-01,2024,2,CORDOBA,Montería,50530
2024-02-01,2024,2,CUNDINAMARCA,Chía,14
2024-02-01,2024,2,GUAINIA,Barranco Minas,7
2024-02-01,2024,2,GUAINIA,Inírida,2612
2024-02-01,2024,2,GUAINIA,San Felipe,39
2024-02-01,2024,2,GUAVIARE,Miraflores,7
2024-02-01,2024,2,GUAVIARE,San José del Guaviare,1120
2024-02-01,2024,2,HUILA,Neiva,11502
2024-02-01,2024,2,HUILA,Pitalito,1340
2024-02-01,2024,2,LA GUAJIRA,Riohacha,20948
2024-02-01,2024,2,MAGDALENA,Santa Marta,112724
2024-02-01,2024,2,META,Puerto Gaitán,2255
2024-02-01,2024,2,META,Villavicencio,8191
2024-02-01,2024,2,NARINO,Pasto,29419
2024-02-01,2024,2,NARINO,San Andres de Tumaco,4287
2024-02-01,2024,2,NARINO,Aldana,2871
2024-02-01,2024,2,NORTE DE SANTANDER,Cúcuta,52381
2024-02-01,2024,2,PUTUMAYO,Puerto Asís,3702
2024-02-01,2024,2,PUTUMAYO,Puerto Leguízamo,662
2024-02-01,2024,2,PUTUMAYO,Villagarzón,944
2024-02-01,2024,2,QUINDIO,Armenia,25767
2024-02-01,2024,2,RISARALDA,Pereira,78241
2024-02-01,2024,2,"SAN ANDRES, PROVIDENCIA Y SANTA CATALINA",Providencia,3487
2024-02-01,2024,2,"SAN ANDRES, PROVIDENCIA Y SANTA CATALINA",San Andrés,92461
2024-02-01,2024,2,SANTANDER,Barrancabermeja,5860
2024-02-01,2024,2,SANTANDER,Bucaramanga,71292
2024-02-01,2024,2,SUCRE,Corozal,925
2024-02-01,2024,2,SUCRE,San José De Toluviejo,2538
2024-02-01,2024,2,TOLIMA,Ibagué,3926
2024-02-01,2024,2,VALLE DEL CAUCA,Buenaventura,301
2024-02-01,2024,2,VALLE DEL CAUCA,Cali,184024
2024-02-01,2024,2,VAUPES,Mitú,1493
2024-02-01,2024,2,VICHADA,PUERTO CARREÑO,2183
2024-03-01,2024,3,AMAZONAS,LA CHORRERA,108
2024-03-01,2024,3,AMAZONAS,La Pedrera,36
2024-03-01,2024,3,AMAZONAS,Leticia,16463
2024-03-01,2024,3,ANTIOQUIA,Carepa,7077
2024-03-01,2024,3,ANTIOQUIA,Caucasia,207
2024-03-01,2024,3,ANTIOQUIA,El Bagre,160
2024-03-01,2024,3,ANTIOQUIA,Medellín,46553
2024-03-01,2024,3,ANTIOQUIA,Rionegro,321558
2024-03-01,2024,3,ARAUCA,Arauca,4723
2024-03-01,2024,3,ARAUCA,SARAVENA,1744
2024-03-01,2024,3,ARAUCA,Tame,310
2024-03-01,2024,3,ATLANTICO,Barranquilla,105237
2024-03-01,2024,3,BOGOTA D.C.,"Bogotá, D.C.",950860
2024-03-01,2024,3,BOLIVAR,Cartagena,206094
2024-03-01,2024,3,BOLIVAR,Mompós,180
2024-03-01,2024,3,CALDAS,Manizales,3648
2024-03-01,2024,3,CAQUETA,Florencia,3467
2024-03-01,2024,3,CAQUETA,San Vicente del Caguán,274
2024-03-01,2024,3,CAQUETA,Solano,59
2024-03-01,2024,3,CASANARE,Yopal,11154
2024-03-01,2024,3,CAUCA,Guapi,2177
2024-03-01,2024,3,CAUCA,popayán,5273
2024-03-01,2024,3,CESAR,Aguachica,415
2024-03-01,2024,3,CESAR,VALLEDUPAR,19200
2024-03-01,2024,3,CHOCO,Bahía Solano,1586
2024-03-01,2024,3,CHOCO,Nuquí,1405
2024-03-01,2024,3,CHOCO,Quibdó,11617
2024-03-01,2024,3,CORDOBA,Montelíbano,224
2024-03-01,2024,3,CORDOBA,Montería,56703
2024-03-01,2024,3,CUNDINAMARCA,Chía,26
2024-03-01,2024,3,GUAINIA,Inírida,2512
2024-03-01,2024,3,GUAINIA,San Felipe,47
2024-03-01,2024,3,GUAVIARE,Miraflores,34
2024-03-01,2024,3,GUAVIARE,San José del Guaviare,694
2024-03-01,2024,3,HUILA,Neiva,12292
2024-03-01,2024,3,HUILA,Pitalito,1384
2024-03-01,2024,3,LA GUAJIRA,Riohacha,22666
2024-03-01,2024,3,MAGDALENA,Santa Marta,122523
2024-03-01,2024,3,META,Villavicencio,5930
2024-03-01,2024,3,NARINO,Pasto,32828
2024-03-01,2024,3,NARINO,San Andres de Tumaco,4702
2024-03-01,2024,3,NARINO,Aldana,3333
2024-03-01,2024,3,NORTE DE SANTANDER,Cúcuta,56080
2024-03-01,2024,3,PUTUMAYO,Puerto Asís,3928
2024-03-01,2024,3,PUTUMAYO,Puerto Leguízamo,658
2024-03-01,2024,3,PUTUMAYO,Villagarzón,977
2024-03-01,2024,3,QUINDIO,Armenia,28832
2024-03-01,2024,3,RISARALDA,Pereira,88041
2024-03-01,2024,3,"SAN ANDRES, PROVIDENCIA Y SANTA CATALINA",Providencia,3886
2024-03-01,2024,3,"SAN ANDRES, PROVIDENCIA Y SANTA CATALINA",San Andrés,89810
2024-03-01,2024,3,SANTANDER,Barrancabermeja,5392
2024-03-01,2024,3,SANTANDER,Bucaramanga,83569
2024-03-01,2024,3,SUCRE,Corozal,1273
2024-03-01,2024,3,SUCRE,San José De Toluviejo,3955
2024-03-01,2024,3,TOLIMA,Ibagué,4576
2024-03-01,2024,3,VALLE DEL CAUCA,Buenaventura,235
2024-03-01,2024,3,VALLE DEL CAUCA,Cali,201117
2024-03-01,2024,3,VAUPES,Mitú,1404
2024-03-01,2024,3,VICHADA,PUERTO CARREÑO,2390
2024-04-01,2024,4,AMAZONAS,LA CHORRERA,107
2024-04-01,2024,4,AMAZONAS,La Pedrera,32
2024-04-01,2024,4,AMAZONAS,Leticia,13000
2024-04-01,2024,4,ANTIOQUIA,Carepa,7516
2024-04-01,2024,4,ANTIOQUIA,Caucasia,229
2024-04-01,2024,4,ANTIOQUIA,El Bagre,139
2024-04-01,2024,4,ANTIOQUIA,Medellín,47322
2024-04-01,2024,4,ANTIOQUIA,Rionegro,325841
2024-04-01,2024,4,ARAUCA,Arauca,5002
2024-04-01,2024,4,ARAUCA,SARAVENA,1739
2024-04-01,2024,4,ARAUCA,Tame,311
2024-04-01,2024,4,ATLANTICO,Barranquilla,95520
2024-04-01,2024,4,BOGOTA D.C.,"Bogotá, D.C.",948885
2024-04-01,2024,4,BOLIVAR,Cartagena,204296
2024-04-01,2024,4,BOLIVAR,Mompós,88
2024-04-01,2024,4,CALDAS,Manizales,3201
2024-04-01,2024,4,CAQUETA,Florencia,4203
2024-04-01,2024,4,CAQUETA,San Vicente del Caguán,249
2024-04-01,2024,4,CAQUETA,Solano,83
2024-04-01,2024,4,CASANARE,Yopal,12126
2024-04-01,2024,4,CAUCA,Guapi,2357
2024-04-01,2024,4,CAUCA,popayán,5065
2024-04-01,2024,4,CESAR,Aguachica,452
2024-04-01,2024,4,CESAR,VALLEDUPAR,15910
2024-04-01,2024,4,CHOCO,Bahía Solano,1341
2024-04-01,2024,4,CHOCO,Nuquí,1175
2024-04-01,2024,4,CHOCO,Quibdó,11894
2024-04-01,2024,4,CORDOBA,Montelíbano,259
2024-04-01,2024,4,CORDOBA,Montería,51245
2024-04-01,2024,4,GUAINIA,Inírida,2551
2024-04-01,2024,4,GUAINIA,San Felipe,63
2024-04-01,2024,4,GUAVIARE,Miraflores,36
2024-04-01,2024,4,GUAVIARE,San José del Guaviare,693
2024-04-01,2024,4,HUILA,Neiva,11779
2024-04-01,2024,4,HUILA,Pitalito,1665
2024-04-01,2024,4,LA GUAJIRA,Riohacha,20423
2024-04-01,2024,4,MAGDALENA,Santa Marta,123790
2024-04-01,2024,4,META,Villavicencio,6295
2024-04-01,2024,4,NARINO,Pasto,30001
2024-04-01,2024,4,NARINO,San Andres de Tumaco,5611
2024-04-01,2024,4,NARINO,Aldana,3248
2024-04-01,2024,4,NORTE DE SANTANDER,Cúcuta,51543
2024-04-01,2024,4,PUTUMAYO,Puerto Asís,4501
2024-04-01,2024,4,PUTUMAYO,Puerto Leguízamo,649
2024-04-01,2024,4,PUTUMAYO,Villagarzón,1052
2024-04-01,2024,4,QUINDIO,Armenia,23247
2024-04-01,2024,4,RISARALDA,Pereira,90514
2024-04-01,2024,4,"SAN ANDRES, PROVIDENCIA Y SANTA CATALINA",Providencia,3145
2024-04-01,2024,4,"SAN ANDRES, PROVIDENCIA Y SANTA CATALINA",San Andrés,76207
2024-04-01,2024,4,SANTANDER,Barrancabermeja,5576
2024-04-01,2024,4,SANTANDER,Bucaramanga,77958
2024-04-01,2024,4,SUCRE,Corozal,1140
2024-04-01,2024,4,SUCRE,San José De Toluviejo,2725
2024-04-01,2024,4,TOLIMA,Ibagué,8714
2024-04-01,2024,4,VALLE DEL CAUCA,Buenaventura,283
2024-04-01,2024,4,VALLE DEL CAUCA,Cali,184877
2024-04-01,2024,4,VAUPES,Mitú,1412
2024-04-01,2024,4,VICHADA,PUERTO CARREÑO,2332
2024-05-01,2024,5,AMAZONAS,LA CHORRERA,108
2024-05-01,2024,5,AMAZONAS,La Pedrera,48
2024-05-01,2024,5,AMAZONAS,Leticia,13767
2024-05-01,2024,5,ANTIOQUIA,Carepa,8059
2024-05-01,2024,5,ANTIOQUIA,Caucasia,292
2024-05-01,2024,5,ANTIOQUIA,El Bagre,169
2024-05-01,2024,5,ANTIOQUIA,Medellín,49142
2024-05-01,2024,5,ANTIOQUIA,Rionegro,352106
2024-05-01,2024,5,ARAUCA,Arauca,5633
2024-05-01,2024,5,ARAUCA,SARAVENA,1652
2024-05-01,2024,5,ARAUCA,Tame,319
2024-05-01,2024,5,ATLANTICO,Barranquilla,98106
2024-05-01,2024,5,BOGOTA D.C.,"Bogotá, D.C.",982684
2024-05-01,2024,5,BOLIVAR,Cartagena,216244
2024-05-01,2024,5,BOLIVAR,Mompós,126
2024-05-01,2024,5,CALDAS,Manizales,2795
2024-05-01,2024,5,CAQUETA,Florencia,4399
2024-05-01,2024,5,CAQUETA,San Vicente del Caguán,258
2024-05-01,2024,5,CAQUETA,Solano,63
2024-05-01,2024,5,CASANARE,Yopal,12767
2024-05-01,2024,5,CAUCA,Guapi,2251
2024-05-01,2024,5,CAUCA,popayán,5609
2024-05-01,2024,5,CESAR,Aguachica,470
2024-05-01,2024,5,CESAR,VALLEDUPAR,17076
2024-05-01,2024,5,CHOCO,Bahía Solano,1538
2024-05-01,2024,5,CHOCO,Nuquí,1189
2024-05-01,2024,5,CHOCO,Quibdó,12676
2024-05-01,2024,5,CORDOBA,Montelíbano,346
2024-05-01,2024,5,CORDOBA,Montería,55710
2024-05-01,2024,5,GUAINIA,Inírida,2422
2024-05-01,2024,5,GUAINIA,San Felipe,41
2024-05-01,2024,5,GUAVIARE,Miraflores,22
2024-05-01,2024,5,GUAVIARE,San José del Guaviare,710
2024-05-01,2024,5,HUILA,Neiva,12198
2024-05-01,2024,5,HUILA,Pitalito,1593
2024-05-01,2024,5,LA GUAJIRA,Riohacha,22379
2024-05-01,2024,5,MAGDALENA,Santa Marta,140129
2024-05-01,2024,5,META,Villavicencio,6712
2024-05-01,2024,5,NARINO,Pasto,29301
2024-05-01,2024,5,NARINO,San Andres de Tumaco,6010
2024-05-01,2024,5,NARINO,Aldana,4129
2024-05-01,2024,5,NORTE DE SANTANDER,Cúcuta,52637
2024-05-01,2024,5,PUTUMAYO,Puerto Asís,4941
2024-05-01,2024,5,PUTUMAYO,Puerto Leguízamo,684
2024-05-01,2024,5,PUTUMAYO,Villagarzón,1029
2024-05-01,2024,5,QUINDIO,Armenia,25044
2024-05-01,2024,5,RISARALDA,Pereira,97517
2024-05-01,2024,5,"SAN ANDRES, PROVIDENCIA Y SANTA CATALINA",Providencia,3168
2024-05-01,2024,5,"SAN ANDRES, PROVIDENCIA Y SANTA CATALINA",San Andrés,80289
2024-05-01,2024,5,SANTANDER,Barrancabermeja,5546
2024-05-01,2024,5,SANTANDER,Bucaramanga,81742
2024-05-01,2024,5,SUCRE,Corozal,1250
2024-05-01,2024,5,SUCRE,San José De Toluviejo,3038
2024-05-01,2024,5,TOLIMA,Ibagué,9252
2024-05-01,2024,5,VALLE DEL CAUCA,Buenaventura,275
2024-05-01,2024,5,VALLE DEL CAUCA,Cali,191140
2024-05-01,2024,5,VAUPES,Mitú,1444
2024-05-01,2024,5,VICHADA,PUERTO CARREÑO,2281
2024-06-01,2024,6,AMAZONAS,LA CHORRERA,78
2024-06-01,2024,6,AMAZONAS,La Pedrera,33
2024-06-01,2024,6,AMAZONAS,Leticia,14637
2024-06-01,2024,6,ANTIOQUIA,Carepa,7222
2024-06-01,2024,6,ANTIOQUIA,Caucasia,304
2024-06-01,2024,6,ANTIOQUIA,El Bagre,143
2024-06-01,2024,6,ANTIOQUIA,Medellín,45895
2024-06-01,2024,6,ANTIOQUIA,Rionegro,372388
2024-06-01,2024,6,ARAUCA,Arauca,5503
2024-06-01,2024,6,ARAUCA,SARAVENA,1992
2024-06-01,2024,6,ARAUCA,Tame,317
2024-06-01,2024,6,ATLANTICO,Barranquilla,110053
2024-06-01,2024,6,BOGOTA D.C.,"Bogotá, D.C.",1024472
2024-06-01,2024,6,BOLIVAR,Cartagena,243961
2024-06-01,2024,6,BOLIVAR,Mompós,149
2024-06-01,2024,6,CALDAS,Manizales,2646
2024-06-01,2024,6,CAQUETA,Florencia,4302
2024-06-01,2024,6,CAQUETA,San Vicente del Caguán,313
2024-06-01,2024,6,CAQUETA,Solano,129
2024-06-01,2024,6,CASANARE,Yopal,13221
2024-06-01,2024,6,CAUCA,Guapi,2427
2024-06-01,2024,6,CAUCA,popayán,4820
2024-06-01,2024,6,CESAR,Aguachica,487
2024-06-01,2024,6,CESAR,VALLEDUPAR,16160
2024-06-01,2024,6,CHOCO,Acandí,245
2024-06-01,2024,6,CHOCO,Bahía Solano,1666
2024-06-01,2024,6,CHOCO,Condoto,141
2024-06-01,2024,6,CHOCO,Nuquí,1636
2024-06-01,2024,6,CHOCO,Quibdó,13503
2024-06-01,2024,6,CORDOBA,Montelíbano,294
2024-06-01,2024,6,CORDOBA,Montería,59555
2024-06-01,2024,6,GUAINIA,Inírida,2535
2024-06-01,2024,6,GUAINIA,San Felipe,38
2024-06-01,2024,6,GUAVIARE,Miraflores,20
2024-06-01,2024,6,GUAVIARE,San José del Guaviare,740
2024-06-01,2024,6,HUILA,Neiva,12485
2024-06-01,2024,6,HUILA,Pitalito,1701
2024-06-01,2024,6,LA GUAJIRA,Riohacha,26333
2024-06-01,2024,6,MAGDALENA,Santa Marta,158841
2024-06-01,2024,6,META,La Macarena,355
2024-06-01,2024,6,META,Villavicencio,6951
2024-06-01,2024,6,NARINO,Pasto,30821
2024-06-01,2024,6,NARINO,San Andres de Tumaco,5797
2024-06-01,2024,6,NARINO,Aldana,5650
2024-06-01,2024,6,NORTE DE SANTANDER,Cúcuta,58129
2024-06-01,2024,6,PUTUMAYO,Puerto Asís,4819
2024-06-01,2024,6,PUTUMAYO,Puerto Leguízamo,659
2024-06-01,2024,6,PUTUMAYO,Villagarzón,1067
2024-06-01,2024,6,QUINDIO,Armenia,26796
2024-06-01,2024,6,RISARALDA,Pereira,101284
2024-06-01,2024,6,"SAN ANDRES, PROVIDENCIA Y SANTA CATALINA",Providencia,3986
2024-06-01,2024,6,"SAN ANDRES, PROVIDENCIA Y SANTA CATALINA",San Andrés,91896
2024-06-01,2024,6,SANTANDER,Barrancabermeja,5522
2024-06-01,2024,6,SANTANDER,Bucaramanga,88555
2024-06-01,2024,6,SUCRE,Corozal,1420
2024-06-01,2024,6,SUCRE,San José De Toluviejo,2823
2024-06-01,2024,6,TOLIMA,Ibagué,9420
2024-06-01,2024,6,VALLE DEL CAUCA,Buenaventura,208
2024-06-01,2024,6,VALLE DEL CAUCA,Cali,210306
2024-06-01,2024,6,VAUPES,Mitú,1465
2024-06-01,2024,6,VICHADA,PUERTO CARREÑO,2358
2024-07-01,2024,7,AMAZONAS,LA CHORRERA,105
2024-07-01,2024,7,AMAZONAS,La Pedrera,32
2024-07-01,2024,7,AMAZONAS,Leticia,16031
2024-07-01,2024,7,ANTIOQUIA,Carepa,7507
2024-07-01,2024,7,ANTIOQUIA,Caucasia,216
2024-07-01,2024,7,ANTIOQUIA,El Bagre,131
2024-07-01,2024,7,ANTIOQUIA,Medellín,50082
2024-07-01,2024,7,ANTIOQUIA,Rionegro,375153
2024-07-01,2024,7,ARAUCA,Arauca,6119
2024-07-01,2024,7,ARAUCA,SARAVENA,1954
2024-07-01,2024,7,ARAUCA,Tame,341
2024-07-01,2024,7,ATLANTICO,Barranquilla,106705
2024-07-01,2024,7,BOGOTA D.C.,"Bogotá, D.C.",1050606
2024-07-01,2024,7,BOLIVAR,Cartagena,231769
2024-07-01,2024,7,BOLIVAR,Mompós,206
2024-07-01,2024,7,CALDAS,Manizales,2764
2024-07-01,2024,7,CAQUETA,Florencia,4168
2024-07-01,2024,7,CAQUETA,San Vicente del Caguán,301
2024-07-01,2024,7,CAQUETA,Solano,147
2024-07-01,2024,7,CASANARE,Yopal,13986
2024-07-01,2024,7,CAUCA,Guapi,3066
2024-07-01,2024,7,CAUCA,popayán,5402
2024-07-01,2024,7,CESAR,Aguachica,505
2024-07-01,2024,7,CESAR,VALLEDUPAR,16373
2024-07-01,2024,7,CHOCO,Acandí,332
2024-07-01,2024,7,CHOCO,Bahía Solano,3374
2024-07-01,2024,7,CHOCO,Condoto,138
2024-07-01,2024,7,CHOCO,Nuquí,3214
2024-07-01,2024,7,CHOCO,Quibdó,12501
2024-07-01,2024,7,CORDOBA,Montelíbano,465
2024-07-01,2024,7,CORDOBA,Montería,54871
2024-07-01,2024,7,GUAINIA,Inírida,2819
2024-07-01,2024,7,GUAINIA,San Felipe,47
2024-07-01,2024,7,GUAVIARE,Miraflores,25
2024-07-01,2024,7,GUAVIARE,San José del Guaviare,674
2024-07-01,2024,7,HUILA,Neiva,11858
2024-07-01,2024,7,HUILA,Pitalito,1706
2024-07-01,2024,7,LA GUAJIRA,Riohacha,25333
2024-07-01,2024,7,MAGDALENA,Santa Marta,159178
2024-07-01,2024,7,META,La Macarena,1016
2024-07-01,2024,7,META,Villavicencio,7269
2024-07-01,2024,7,NARINO,Pasto,31774
2024-07-01,2024,7,NARINO,San Andres de Tumaco,6240
2024-07-01,2024,7,NARINO,Aldana,5800
2024-07-01,2024,7,NORTE DE SANTANDER,Cúcuta,53839
2024-07-01,2024,7,PUTUMAYO,Puerto Asís,4837
2024-07-01,2024,7,PUTUMAYO,Puerto Leguízamo,793
2024-07-01,2024,7,PUTUMAYO,Villagarzón,1071
2024-07-01,2024,7,QUINDIO,Armenia,26892
2024-07-01,2024,7,RISARALDA,Pereira,100809
2024-07-01,2024,7,"SAN ANDRES, PROVIDENCIA Y SANTA CATALINA",Providencia,3228
2024-07-01,2024,7,"SAN ANDRES, PROVIDENCIA Y SANTA CATALINA",San Andrés,91978
2024-07-01,2024,7,SANTANDER,Barrancabermeja,5604
2024-07-01,2024,7,SANTANDER,Bucaramanga,84059
2024-07-01,2024,7,SUCRE,Corozal,1598
2024-07-01,2024,7,SUCRE,San José De Toluviejo,2199
2024-07-01,2024,7,TOLIMA,Ibagué,10216
2024-07-01,2024,7,VALLE DEL CAUCA,Buenaventura,289
2024-07-01,2024,7,VALLE DEL CAUCA,Cali,219481
2024-07-01,2024,7,VAUPES,Mitú,1593
2024-07-01,2024,7,VICHADA,PUERTO CARREÑO,2471
2024-08-01,2024,8,AMAZONAS,LA CHORRERA,171
2024-08-01,2024,8,AMAZONAS,La Pedrera,78
2024-08-01,2024,8,AMAZONAS,Leticia,16432
2024-08-01,2024,8,ANTIOQUIA,Carepa,7057
2024-08-01,2024,8,ANTIOQUIA,El Bagre,154
2024-08-01,2024,8,ANTIOQUIA,Medellín,51262
2024-08-01,2024,8,ANTIOQUIA,Rionegro,400708
2024-08-01,2024,8,ARAUCA,Arauca,5808
2024-08-01,2024,8,ARAUCA,SARAVENA,1913
2024-08-01,2024,8,ARAUCA,Tame,350
2024-08-01,2024,8,ATLANTICO,Barranquilla,105070
2024-08-01,2024,8,BOGOTA D.C.,"Bogotá, D.C.",1057593
2024-08-01,2024,8,BOLIVAR,Cartagena,246893
2024-08-01,2024,8,BOLIVAR,Mompós,168
2024-08-01,2024,8,CALDAS,Manizales,3201
2024-08-01,2024,8,CAQUETA,Florencia,4431
2024-08-01,2024,8,CAQUETA,San Vicente del Caguán,256
2024-08-01,2024,8,CAQUETA,Solano,71
2024-08-01,2024,8,CASANARE,Yopal,13290
2024-08-01,2024,8,CAUCA,Guapi,2847
2024-08-01,2024,8,CAUCA,popayán,5589
2024-08-01,2024,8,CESAR,Aguachica,492
2024-08-01,2024,8,CESAR,VALLEDUPAR,15387
2024-08-01,2024,8,CHOCO,Acandí,256
2024-08-01,2024,8,CHOCO,Bahía Solano,5417
2024-08-01,2024,8,CHOCO,Condoto,142
2024-08-01,2024,8,CHOCO,Nuquí,5256
2024-08-01,2024,8,CHOCO,Quibdó,12284
2024-08-01,2024,8,CORDOBA,Montelíbano,649
2024-08-01,2024,8,CORDOBA,Montería,54561
2024-08-01,2024,8,GUAINIA,Inírida,2877
2024-08-01,2024,8,GUAINIA,San Felipe,43
2024-08-01,2024,8,GUAVIARE,Miraflores,35
2024-08-01,2024,8,GUAVIARE,San José del Guaviare,694
2024-08-01,2024,8,HUILA,Neiva,12085
2024-08-01,2024,8,HUILA,Pitalito,1748
2024-08-01,2024,8,LA GUAJIRA,Riohacha,24859
2024-08-01,2024,8,MAGDALENA,Santa Marta,166420
2024-08-01,2024,8,META,La Macarena,1225
2024-08-01,2024,8,META,Villavicencio,7266
2024-08-01,2024,8,NARINO,Pasto,29747
2024-08-01,2024,8,NARINO,San Andres de Tumaco,5894
2024-08-01,2024,8,NARINO,Aldana,5861
2024-08-01,2024,8,NORTE DE SANTANDER,Cúcuta,54054
2024-08-01,2024,8,PUTUMAYO,Puerto Asís,4787
2024-08-01,2024,8,PUTUMAYO,Puerto Leguízamo,650
2024-08-01,2024,8,PUTUMAYO,Villagarzón,958
2024-08-01,2024,8,QUINDIO,Armenia,26296
2024-08-01,2024,8,RISARALDA,Pereira,109075
2024-08-01,2024,8,"SAN ANDRES, PROVIDENCIA Y SANTA CATALINA",Providencia,4006
2024-08-01,2024,8,"SAN ANDRES, PROVIDENCIA Y SANTA CATALINA",San Andrés,94327
2024-08-01,2024,8,SANTANDER,Barrancabermeja,5470
2024-08-01,2024,8,SANTANDER,Bucaramanga,80740
2024-08-01,2024,8,SUCRE,Corozal,2509
2024-08-01,2024,8,TOLIMA,Ibagué,9525
2024-08-01,2024,8,VALLE DEL CAUCA,Buenaventura,343
2024-08-01,2024,8,VALLE DEL CAUCA,Cali,222386
2024-08-01,2024,8,VAUPES,Mitú,1462
2024-08-01,2024,8,VICHADA,PUERTO CARREÑO,2372
2024-09-01,2024,9,AMAZONAS,LA CHORRERA,106
2024-09-01,2024,9,AMAZONAS,La Pedrera,63
2024-09-01,2024,9,AMAZONAS,Leticia,14370
2024-09-01,2024,9,ANTIOQUIA,Carepa,7482
2024-09-01,2024,9,ANTIOQUIA,El Bagre,165
2024-09-01,2024,9,ANTIOQUIA,Medellín,49288
2024-09-01,2024,9,ANTIOQUIA,Rionegro,356042
2024-09-01,2024,9,ARAUCA,Arauca,5584
2024-09-01,2024,9,ARAUCA,SARAVENA,1888
2024-09-01,2024,9,ARAUCA,Tame,355
2024-09-01,2024,9,ATLANTICO,Barranquilla,106191
2024-09-01,2024,9,BOGOTA D.C.,"Bogotá, D.C.",1012466
2024-09-01,2024,9,BOLIVAR,Cartagena,225955
2024-09-01,2024,9,BOLIVAR,Mompós,265
2024-09-01,2024,9,BOYACA,Paipa,260
2024-09-01,2024,9,CALDAS,Manizales,3910
2024-09-01,2024,9,CAQUETA,Florencia,4670
2024-09-01,2024,9,CAQUETA,San Vicente del Caguán,261
2024-09-01,2024,9,CAQUETA,Solano,88
2024-09-01,2024,9,CASANARE,Yopal,13975
2024-09-01,2024,9,CAUCA,Guapi,2855
2024-09-01,2024,9,CAUCA,popayán,6228
2024-09-01,2024,9,CAUCA,Timbiquí,92
2024-09-01,2024,9,CESAR,Aguachica,515
2024-09-01,2024,9,CESAR,VALLEDUPAR,16580
2024-09-01,2024,9,CHOCO,Acandí,284
2024-09-01,2024,9,CHOCO,Bahía Solano,4207
2024-09-01,2024,9,CHOCO,Condoto,160
2024-09-01,2024,9,CHOCO,Nuquí,4116
2024-09-01,2024,9,CHOCO,Quibdó,12731
2024-09-01,2024,9,CORDOBA,Montelíbano,690
2024-09-01,2024,9,CORDOBA,Montería,52745
2024-09-01,2024,9,GUAINIA,Inírida,2609
2024-09-01,2024,9,GUAINIA,San Felipe,47
2024-09-01,2024,9,GUAVIARE,Miraflores,32
2024-09-01,2024,9,GUAVIARE,San José del Guaviare,716
2024-09-01,2024,9,HUILA,Neiva,13536
2024-09-01,2024,9,HUILA,Pitalito,1749
2024-09-01,2024,9,LA GUAJIRA,Riohacha,23929
2024-09-01,2024,9,MAGDALENA,Santa Marta,151875
2024-09-01,2024,9,META,La Macarena,1104
2024-09-01,2024,9,META,Villavicencio,8186
2024-09-01,2024,9,NARINO,Pasto,27717
2024-09-01,2024,9,NARINO,San Andres de Tumaco,5874
2024-09-01,2024,9,NARINO,Aldana,5577
2024-09-01,2024,9,NORTE DE SANTANDER,Cúcuta,58830
2024-09-01,2024,9,PUTUMAYO,Puerto Asís,4877
2024-09-01,2024,9,PUTUMAYO,Puerto Leguízamo,669
2024-09-01,2024,9,PUTUMAYO,Villagarzón,1106
2024-09-01,2024,9,QUINDIO,Armenia,25839
2024-09-01,2024,9,RISARALDA,Pereira,95834
2024-09-01,2024,9,"SAN ANDRES, PROVIDENCIA Y SANTA CATALINA",Providencia,2977
2024-09-01,2024,9,"SAN ANDRES, PROVIDENCIA Y SANTA CATALINA",San Andrés,80447
2024-09-01,2024,9,SANTANDER,Barrancabermeja,6290
2024-09-01,2024,9,SANTANDER,Bucaramanga,76211
2024-09-01,2024,9,SUCRE,Corozal,2416
2024-09-01,2024,9,TOLIMA,0,82
2024-09-01,2024,9,TOLIMA,Ibagué,10034
2024-09-01,2024,9,VALLE DEL CAUCA,Buenaventura,284
2024-09-01,2024,9,VALLE DEL CAUCA,Cali,198718
2024-09-01,2024,9,VAUPES,Mitú,1565
2024-09-01,2024,9,VICHADA,PUERTO CARREÑO,2190
2024-10-01,2024,10,AMAZONAS,LA CHORRERA,89
2024-10-01,2024,10,AMAZONAS,La Pedrera,61
2024-10-01,2024,10,AMAZONAS,Leticia,15397
2024-10-01,2024,10,ANTIOQUIA,Carepa,8075
2024-10-01,2024,10,ANTIOQUIA,El Bagre,163
2024-10-01,2024,10,ANTIOQUIA,Medellín,50955
2024-10-01,2024,10,ANTIOQUIA,Rionegro,382615
2024-10-01,2024,10,ARAUCA,Arauca,6216
2024-10-01,2024,10,ARAUCA,SARAVENA,2175
2024-10-01,2024,10,ARAUCA,Tame,330
2024-10-01,2024,10,ATLANTICO,Barranquilla,115594
2024-10-01,2024,10,BOGOTA D.C.,"Bogotá, D.C.",1047630
2024-10-01,2024,10,BOLIVAR,Cartagena,227282
2024-10-01,2024,10,BOLIVAR,Mompós,171
2024-10-01,2024,10,BOYACA,Paipa,297
2024-10-01,2024,10,CALDAS,Manizales,3557
2024-10-01,2024,10,CAQUETA,Florencia,4791
2024-10-01,2024,10,CAQUETA,San Vicente del Caguán,341
2024-10-01,2024,10,CAQUETA,Solano,16
2024-10-01,2024,10,CASANARE,Yopal,13872
2024-10-01,2024,10,CAUCA,Guapi,3292
2024-10-01,2024,10,CAUCA,popayán,8786
2024-10-01,2024,10,CAUCA,Timbiquí,385
2024-10-01,2024,10,CESAR,Aguachica,564
2024-10-01,2024,10,CESAR,VALLEDUPAR,17040
2024-10-01,2024,10,CHOCO,Acandí,336
2024-10-01,2024,10,CHOCO,Bahía Solano,3373
2024-10-01,2024,10,CHOCO,Condoto,258
2024-10-01,2024,10,CHOCO,Nuquí,3035
2024-10-01,2024,10,CHOCO,Quibdó,13234
2024-10-01,2024,10,CORDOBA,Montelíbano,740
2024-10-01,2024,10,CORDOBA,Montería,58274
2024-10-01,2024,10,GUAINIA,Inírida,2937
2024-10-01,2024,10,GUAINIA,San Felipe,15
2024-10-01,2024,10,GUAVIARE,Miraflores,9
2024-10-01,2024,10,GUAVIARE,San José del Guaviare,632
2024-10-01,2024,10,HUILA,Neiva,19607
2024-10-01,2024,10,HUILA,Pitalito,1981
2024-10-01,2024,10,LA GUAJIRA,Riohacha,23844
2024-10-01,2024,10,MAGDALENA,Santa Marta,156951
2024-10-01,2024,10,META,La Macarena,1163
2024-10-01,2024,10,META,Villavicencio,8142
2024-10-01,2024,10,NARINO,Pasto,30748
2024-10-01,2024,10,NARINO,San Andres de Tumaco,6280
2024-10-01,2024,10,NARINO,Aldana,5976
2024-10-01,2024,10,NORTE DE SANTANDER,Cúcuta,59612
2024-10-01,2024,10,PUTUMAYO,Puerto Asís,5050
2024-10-01,2024,10,PUTUMAYO,Puerto Leguízamo,734
2024-10-01,2024,10,PUTUMAYO,Villagarzón,1135
2024-10-01,2024,10,QUINDIO,Armenia,26775
2024-10-01,2024,10,RISARALDA,Pereira,95800
2024-10-01,2024,10,"SAN ANDRES, PROVIDENCIA Y SANTA CATALINA",Providencia,3346
2024-10-01,2024,10,"SAN ANDRES, PROVIDENCIA Y SANTA CATALINA",San Andrés,85232
2024-10-01,2024,10,SANTANDER,Barrancabermeja,6338
2024-10-01,2024,10,SANTANDER,Bucaramanga,84578
2024-10-01,2024,10,SUCRE,Corozal,2905
2024-10-01,2024,10,TOLIMA,Ibagué,10056
2024-10-01,2024,10,VALLE DEL CAUCA,Buenaventura,344
2024-10-01,2024,10,VALLE DEL CAUCA,Cali,223727
2024-10-01,2024,10,VAUPES,Mitú,1716
2024-10-01,2024,10,VICHADA,PUERTO CARREÑO,2412
2024-11-01,2024,11,AMAZONAS,LA CHORRERA,123
2024-11-01,2024,11,AMAZONAS,La Pedrera,58
2024-11-01,2024,11,AMAZONAS,Leticia,15018
2024-11-01,2024,11,ANTIOQUIA,Carepa,8153
2024-11-01,2024,11,ANTIOQUIA,El Bagre,175
2024-11-01,2024,11,ANTIOQUIA,Medellín,47989
2024-11-01,2024,11,ANTIOQUIA,Rionegro,362274
2024-11-01,2024,11,ARAUCA,Arauca,5859
2024-11-01,2024,11,ARAUCA,SARAVENA,2229
2024-11-01,2024,11,ARAUCA,Tame,331
2024-11-01,2024,11,ATLANTICO,Barranquilla,112842
2024-11-01,2024,11,BOGOTA D.C.,"Bogotá, D.C.",1016872
2024-11-01,2024,11,BOLIVAR,Cartagena,225855
2024-11-01,2024,11,BOLIVAR,Mompós,226
2024-11-01,2024,11,BOYACA,Paipa,318
2024-11-01,2024,11,CALDAS,Manizales,3227
2024-11-01,2024,11,CAQUETA,Florencia,4882
2024-11-01,2024,11,CAQUETA,San Vicente del Caguán,374
2024-11-01,2024,11,CASANARE,Paz de Ariporo,96
2024-11-01,2024,11,CASANARE,Yopal,12929
2024-11-01,2024,11,CAUCA,Guapi,3204
2024-11-01,2024,11,CAUCA,popayán,6976
2024-11-01,2024,11,CAUCA,Timbiquí,425
2024-11-01,2024,11,CESAR,Aguachica,492
2024-11-01,2024,11,CESAR,VALLEDUPAR,17293
2024-11-01,2024,11,CHOCO,Acandí,292
2024-11-01,2024,11,CHOCO,Bahía Solano,2248
2024-11-01,2024,11,CHOCO,Condoto,197
2024-11-01,2024,11,CHOCO,Nuquí,2025
2024-11-01,2024,11,CHOCO,Quibdó,13498
2024-11-01,2024,11,CORDOBA,Montelíbano,696
2024-11-01,2024,11,CORDOBA,Montería,59803
2024-11-01,2024,11,GUAINIA,Inírida,3198
2024-11-01,2024,11,GUAINIA,San Felipe,31
2024-11-01,2024,11,GUAVIARE,Miraflores,46
2024-11-01,2024,11,GUAVIARE,San José del Guaviare,841
2024-11-01,2024,11,HUILA,Neiva,19114
2024-11-01,2024,11,HUILA,Pitalito,1994
2024-11-01,2024,11,LA GUAJIRA,Riohacha,25448
2024-11-01,2024,11,MAGDALENA,Santa Marta,160080
2024-11-01,2024,11,META,La Macarena,506
2024-11-01,2024,11,META,Villavicencio,7984
2024-11-01,2024,11,NARINO,Pasto,30465
2024-11-01,2024,11,NARINO,San Andres de Tumaco,6366
2024-11-01,2024,11,NARINO,Aldana,5821
2024-11-01,2024,11,NORTE DE SANTANDER,Cúcuta,59613
2024-11-01,2024,11,PUTUMAYO,Puerto Asís,5387
2024-11-01,2024,11,PUTUMAYO,Puerto Leguízamo,852
2024-11-01,2024,11,PUTUMAYO,Villagarzón,1344
2024-11-01,2024,11,QUINDIO,Armenia,28941
2024-11-01,2024,11,RISARALDA,Pereira,95565
2024-11-01,2024,11,"SAN ANDRES, PROVIDENCIA Y SANTA CATALINA",Providencia,3361
2024-11-01,2024,11,"SAN ANDRES, PROVIDENCIA Y SANTA CATALINA",San Andrés,85567
2024-11-01,2024,11,SANTANDER,Barrancabermeja,5647
2024-11-01,2024,11,SANTANDER,Bucaramanga,83899
2024-11-01,2024,11,SUCRE,Corozal,3190
2024-11-01,2024,11,TOLIMA,Ibagué,10013
2024-11-01,2024,11,VALLE DEL CAUCA,Buenaventura,346
2024-11-01,2024,11,VALLE DEL CAUCA,Cali,206600
2024-11-01,2024,11,VAUPES,Mitú,1689
2024-11-01,2024,11,VAUPES,Taraira,7
2024-11-01,2024,11,VICHADA,PUERTO CARREÑO,2704
2024-12-01,2024,12,AMAZONAS,LA CHORRERA,131
2024-12-01,2024,12,AMAZONAS,La Pedrera,125
2024-12-01,2024,12,AMAZONAS,Leticia,16229
2024-12-01,2024,12,ANTIOQUIA,Carepa,7158
2024-12-01,2024,12,ANTIOQUIA,El Bagre,177
2024-12-01,2024,12,ANTIOQUIA,Medellín,49808
2024-12-01,2024,12,ANTIOQUIA,Rionegro,407324
2024-12-01,2024,12,ARAUCA,Arauca,7419
2024-12-01,2024,12,ARAUCA,SARAVENA,2261
2024-12-01,2024,12,ARAUCA,Tame,317
2024-12-01,2024,12,ATLANTICO,Barranquilla,127662
2024-12-01,2024,12,BOGOTA D.C.,"Bogotá, D.C.",1011101
2024-12-01,2024,12,BOLIVAR,Cartagena,246951
2024-12-01,2024,12,BOLIVAR,Mompós,364
2024-12-01,2024,12,BOYACA,Paipa,408
2024-12-01,2024,12,CALDAS,Manizales,3061
2024-12-01,2024,12,CAQUETA,Florencia,4672
2024-12-01,2024,12,CAQUETA,San Vicente del Caguán,337
2024-12-01,2024,12,CAQUETA,Solano,74
2024-12-01,2024,12,CASANARE,Paz de Ariporo,136
2024-12-01,2024,12,CASANARE,Yopal,12764
2024-12-01,2024,12,CAUCA,Guapi,3856
2024-12-01,2024,12,CAUCA,popayán,7175
2024-12-01,2024,12,CAUCA,Timbiquí,488
2024-12-01,2024,12,CESAR,Aguachica,675
2024-12-01,2024,12,CESAR,VALLEDUPAR,18639
2024-12-01,2024,12,CHOCO,Acandí,359
2024-12-01,2024,12,CHOCO,Bahía Solano,3043
2024-12-01,2024,12,CHOCO,Condoto,350
2024-12-01,2024,12,CHOCO,Nuquí,3417
2024-12-01,2024,12,CHOCO,Quibdó,15868
2024-12-01,2024,12,CORDOBA,Montelíbano,788
2024-12-01,2024,12,CORDOBA,Montería,68705
2024-12-01,2024,12,GUAINIA,Inírida,3628
2024-12-01,2024,12,GUAINIA,San Felipe,63
2024-12-01,2024,12,GUAVIARE,Miraflores,34
2024-12-01,2024,12,GUAVIARE,San José del Guaviare,620
2024-12-01,2024,12,HUILA,Neiva,13131
2024-12-01,2024,12,HUILA,Pitalito,2340
2024-12-01,2024,12,LA GUAJIRA,Riohacha,31037
2024-12-01,2024,12,MAGDALENA,Santa Marta,185364
2024-12-01,2024,12,META,La Macarena,145
2024-12-01,2024,12,META,Villavicencio,7966
2024-12-01,2024,12,NARINO,Pasto,35254
2024-12-01,2024,12,NARINO,San Andres de Tumaco,6839
2024-12-01,2024,12,NARINO,Aldana,7530
2024-12-01,2024,12,NORTE DE SANTANDER,Cúcuta,65931
2024-12-01,2024,12,PUTUMAYO,Puerto Asís,4773
2024-12-01,2024,12,PUTUMAYO,Puerto Leguízamo,803
2024-12-01,2024,12,PUTUMAYO,Villagarzón,1354
2024-12-01,2024,12,QUINDIO,Armenia,27739
2024-12-01,2024,12,RISARALDA,Pereira,100751
2024-12-01,2024,12,"SAN ANDRES, PROVIDENCIA Y SANTA CATALINA",Providencia,4645
2024-12-01,2024,12,"SAN ANDRES, PROVIDENCIA Y SANTA CATALINA",San Andrés,102159
2024-12-01,2024,12,SANTANDER,Barrancabermeja,5642
2024-12-01,2024,12,SANTANDER,Bucaramanga,86329
2024-12-01,2024,12,SUCRE,Corozal,3819
2024-12-01,2024,12,SUCRE,San José De Toluviejo,3722
2024-12-01,2024,12,TOLIMA,Flandes,144
2024-12-01,2024,12,TOLIMA,Ibagué,11564
2024-12-01,2024,12,VALLE DEL CAUCA,Buenaventura,437
2024-12-01,2024,12,VALLE DEL CAUCA,Cali,224856
2024-12-01,2024,12,VAUPES,Mitú,1723
2024-12-01,2024,12,VAUPES,Taraira,10
2024-12-01,2024,12,VICHADA,PUERTO CARREÑO,3034
2025-01-01,2025,1,AMAZONAS,LA CHORRERA,126
2025-01-01,2025,1,AMAZONAS,La Pedrera,115
2025-01-01,2025,1,AMAZONAS,Leticia,16364
2025-01-01,2025,1,ANTIOQUIA,Carepa,5403
2025-01-01,2025,1,ANTIOQUIA,Caucasia,42
2025-01-01,2025,1,ANTIOQUIA,El Bagre,115
2025-01-01,2025,1,ANTIOQUIA,Medellín,55245
2025-01-01,2025,1,ANTIOQUIA,Rionegro,365497
2025-01-01,2025,1,ARAUCA,Arauca,6217
2025-01-01,2025,1,ARAUCA,SARAVENA,1963
2025-01-01,2025,1,ARAUCA,Tame,285
2025-01-01,2025,1,ATLANTICO,Barranquilla,101328
2025-01-01,2025,1,BOGOTA D.C.,"Bogotá, D.C.",1068769
2025-01-01,2025,1,BOLIVAR,Cartagena,232966
2025-01-01,2025,1,BOLIVAR,Mompós,263
2025-01-01,2025,1,BOYACA,Paipa,307
2025-01-01,2025,1,CALDAS,Manizales,2915
2025-01-01,2025,1,CAQUETA,Florencia,3585
2025-01-01,2025,1,CAQUETA,San Vicente del Caguán,281
2025-01-01,2025,1,CAQUETA,Solano,119
2025-01-01,2025,1,CASANARE,Paz de Ariporo,118
2025-01-01,2025,1,CASANARE,Yopal,9848
2025-01-01,2025,1,CAUCA,Guapi,3192
2025-01-01,2025,1,CAUCA,popayán,4943
2025-01-01,2025,1,CAUCA,Timbiquí,409
2025-01-01,2025,1,CESAR,Aguachica,528
2025-01-01,2025,1,CESAR,VALLEDUPAR,13790
2025-01-01,2025,1,CHOCO,Acandí,334
2025-01-01,2025,1,CHOCO,Bahía Solano,2689
2025-01-01,2025,1,CHOCO,Condoto,219
2025-01-01,2025,1,CHOCO,Nuquí,2461
2025-01-01,2025,1,CHOCO,Quibdó,11312
2025-01-01,2025,1,CORDOBA,Montelíbano,537
2025-01-01,2025,1,CORDOBA,Montería,56988
2025-01-01,2025,1,GUAINIA,Inírida,3914
2025-01-01,2025,1,GUAINIA,San Felipe,67
2025-01-01,2025,1,GUAVIARE,Miraflores,18
2025-01-01,2025,1,GUAVIARE,San José del Guaviare,692
2025-01-01,2025,1,HUILA,Neiva,10647
2025-01-01,2025,1,HUILA,Pitalito,1760
2025-01-01,2025,1,LA GUAJIRA,Riohacha,26012
2025-01-01,2025,1,MAGDALENA,Santa Marta,185205
2025-01-01,2025,1,META,La Macarena,145
2025-01-01,2025,1,META,Puerto Gaitán,46
2025-01-01,2025,1,META,Villavicencio,6896
2025-01-01,2025,1,NARINO,Pasto,26234
2025-01-01,2025,1,NARINO,San Andres de Tumaco,5598
2025-01-01,2025,1,NARINO,Aldana,6191
2025-01-01,2025,1,NORTE DE SANTANDER,Cúcuta,54942
2025-01-01,2025,1,PUTUMAYO,Puerto Asís,3948
2025-01-01,2025,1,PUTUMAYO,Puerto Leguízamo,878
2025-01-01,2025,1,PUTUMAYO,Villagarzón,1172
2025-01-01,2025,1,QUINDIO,Armenia,24296
2025-01-01,2025,1,RISARALDA,Pereira,85114
2025-01-01,2025,1,"SAN ANDRES, PROVIDENCIA Y SANTA CATALINA",Providencia,3855
2025-01-01,2025,1,"SAN ANDRES, PROVIDENCIA Y SANTA CATALINA",San Andrés,102633
2025-01-01,2025,1,SANTANDER,Barrancabermeja,3501
2025-01-01,2025,1,SANTANDER,Bucaramanga,68197
2025-01-01,2025,1,SUCRE,Corozal,2248
2025-01-01,2025,1,SUCRE,San José De Toluviejo,7021
2025-01-01,2025,1,TOLIMA,Flandes,96
2025-01-01,2025,1,TOLIMA,Ibagué,8860
2025-01-01,2025,1,VALLE DEL CAUCA,Buenaventura,334
2025-01-01,2025,1,VALLE DEL CAUCA,Cali,190699
2025-01-01,2025,1,VAUPES,Mitú,1775
2025-01-01,2025,1,VAUPES,Taraira,11
2025-01-01,2025,1,VICHADA,PUERTO CARREÑO,3364
2025-02-01,2025,2,AMAZONAS,LA CHORRERA,101
2025-02-01,2025,2,AMAZONAS,La Pedrera,127
2025-02-01,2025,2,AMAZONAS,Leticia,13588
2025-02-01,2025,2,ANTIOQUIA,Carepa,6116
2025-02-01,2025,2,ANTIOQUIA,Caucasia,243
2025-02-01,2025,2,ANTIOQUIA,El Bagre,126
2025-02-01,2025,2,ANTIOQUIA,Medellín,41004
2025-02-01,2025,2,ANTIOQUIA,Rionegro,315737
2025-02-01,2025,2,ARAUCA,Arauca,5545
2025-02-01,2025,2,ARAUCA,SARAVENA,2182
2025-02-01,2025,2,ARAUCA,Tame,295
2025-02-01,2025,2,ATLANTICO,Barranquilla,99208
2025-02-01,2025,2,BOGOTA D.C.,"Bogotá, D.C.",853818
2025-02-01,2025,2,BOLIVAR,Cartagena,198589
2025-02-01,2025,2,BOLIVAR,Mompós,250
2025-02-01,2025,2,BOYACA,Paipa,241
2025-02-01,2025,2,CALDAS,Manizales,3125
2025-02-01,2025,2,CAQUETA,Florencia,3760
2025-02-01,2025,2,CAQUETA,San Vicente del Caguán,196
2025-02-01,2025,2,CAQUETA,Solano,117
2025-02-01,2025,2,CASANARE,Aguazul,2
2025-02-01,2025,2,CASANARE,Paz de Ariporo,118
2025-02-01,2025,2,CASANARE,Yopal,10063
2025-02-01,2025,2,CAUCA,Guapi,2931
2025-02-01,2025,2,CAUCA,popayán,4922
2025-02-01,2025,2,CAUCA,Timbiquí,381
2025-02-01,2025,2,CESAR,Aguachica,517
2025-02-01,2025,2,CESAR,VALLEDUPAR,13325
2025-02-01,2025,2,CHOCO,Acandí,317
2025-02-01,2025,2,CHOCO,Bahía Solano,1706
2025-02-01,2025,2,CHOCO,Condoto,210
2025-02-01,2025,2,CHOCO,Nuquí,1628
2025-02-01,2025,2,CHOCO,Quibdó,10607
2025-02-01,2025,2,CORDOBA,Ayapel,1
2025-02-01,2025,2,CORDOBA,Montelíbano,365
2025-02-01,2025,2,CORDOBA,Montería,48179
2025-02-01,2025,2,GUAINIA,Inírida,3230
2025-02-01,2025,2,GUAINIA,San Felipe,58
2025-02-01,2025,2,GUAVIARE,Miraflores,10
2025-02-01,2025,2,GUAVIARE,San José del Guaviare,459
2025-02-01,2025,2,HUILA,Neiva,11746
2025-02-01,2025,2,HUILA,Pitalito,1763
2025-02-01,2025,2,LA GUAJIRA,Riohacha,19650
2025-02-01,2025,2,MAGDALENA,Santa Marta,142093
2025-02-01,2025,2,META,La Macarena,123
2025-02-01,2025,2,META,Puerto Gaitán,83
2025-02-01,2025,2,META,Villavicencio,5729
2025-02-01,2025,2,NARINO,Pasto,20324
2025-02-01,2025,2,NARINO,San Andres de Tumaco,5167
2025-02-01,2025,2,NARINO,Aldana,5077
2025-02-01,2025,2,NORTE DE SANTANDER,Cúcuta,47080
2025-02-01,2025,2,PUTUMAYO,Puerto Asís,4104
2025-02-01,2025,2,PUTUMAYO,Puerto Leguízamo,708
2025-02-01,2025,2,PUTUMAYO,Villagarzón,1185
2025-02-01,2025,2,QUINDIO,Armenia,20887
2025-02-01,2025,2,RISARALDA,Pereira,76561
2025-02-01,2025,2,"SAN ANDRES, PROVIDENCIA Y SANTA CATALINA",Providencia,3501
2025-02-01,2025,2,"SAN ANDRES, PROVIDENCIA Y SANTA CATALINA",San Andrés,81823
2025-02-01,2025,2,SANTANDER,Barrancabermeja,3629
2025-02-01,2025,2,SANTANDER,Bucaramanga,63942
2025-02-01,2025,2,SUCRE,Corozal,2688
2025-02-01,2025,2,SUCRE,San José De Toluviejo,797
2025-02-01,2025,2,TOLIMA,Ibagué,8566
2025-02-01,2025,2,VALLE DEL CAUCA,Buenaventura,344
2025-02-01,2025,2,VALLE DEL CAUCA,Cali,172292
2025-02-01,2025,2,VAUPES,Mitú,1624
2025-02-01,2025,2,VAUPES,Taraira,18
2025-02-01,2025,2,VICHADA,PUERTO CARREÑO,2804
2025-03-01,2025,3,AMAZONAS,LA CHORRERA,91
2025-03-01,2025,3,AMAZONAS,La Pedrera,132
2025-03-01,2025,3,AMAZONAS,Leticia,13687
2025-03-01,2025,3,ANTIOQUIA,Carepa,7402
2025-03-01,2025,3,ANTIOQUIA,Caucasia,319
2025-03-01,2025,3,ANTIOQUIA,El Bagre,151
2025-03-01,2025,3,ANTIOQUIA,Medellín,45233
2025-03-01,2025,3,ANTIOQUIA,Rionegro,347394
2025-03-01,2025,3,ARAUCA,Arauca,5313
2025-03-01,2025,3,ARAUCA,SARAVENA,2341
2025-03-01,2025,3,ARAUCA,Tame,327
2025-03-01,2025,3,ATLANTICO,Barranquilla,102861
2025-03-01,2025,3,BOGOTA D.C.,"Bogotá, D.C.",941325
2025-03-01,2025,3,BOLIVAR,Cartagena,203337
2025-03-01,2025,3,BOLIVAR,Mompós,200
2025-03-01,2025,3,BOYACA,Paipa,254
2025-03-01,2025,3,CALDAS,Manizales,3149
2025-03-01,2025,3,CAQUETA,Florencia,4596
2025-03-01,2025,3,CAQUETA,San Vicente del Caguán,288
2025-03-01,2025,3,CAQUETA,Solano,120
2025-03-01,2025,3,CASANARE,Paz de Ariporo,224
2025-03-01,2025,3,CASANARE,Yopal,11559
2025-03-01,2025,3,CAUCA,Guapi,3399
2025-03-01,2025,3,CAUCA,popayán,6057
2025-03-01,2025,3,CAUCA,Timbiquí,385
2025-03-01,2025,3,CESAR,Aguachica,552
2025-03-01,2025,3,CESAR,VALLEDUPAR,14892
2025-03-01,2025,3,CHOCO,Acandí,330
2025-03-01,2025,3,CHOCO,Bahía Solano,2057
2025-03-01,2025,3,CHOCO,Condoto,232
2025-03-01,2025,3,CHOCO,Nuquí,1755
2025-03-01,2025,3,CHOCO,Quibdó,12543
2025-03-01,2025,3,CORDOBA,Montelíbano,404
2025-03-01,2025,3,CORDOBA,Montería,50759
2025-03-01,2025,3,GUAINIA,Inírida,3278
2025-03-01,2025,3,GUAINIA,San Felipe,55
2025-03-01,2025,3,GUAVIARE,San José del Guaviare,569
2025-03-01,2025,3,HUILA,Neiva,13904
2025-03-01,2025,3,HUILA,Pitalito,2200
2025-03-01,2025,3,LA GUAJIRA,Riohacha,19970
2025-03-01,2025,3,MAGDALENA,Santa Marta,146947
2025-03-01,2025,3,META,La Macarena,132
2025-03-01,2025,3,META,Puerto Gaitán,39
2025-03-01,2025,3,META,Villavicencio,6130
2025-03-01,2025,3,NARINO,Pasto,26530
2025-03-01,2025,3,NARINO,San Andres de Tumaco,6053
2025-03-01,2025,3,NARINO,Aldana,5519
2025-03-01,2025,3,NORTE DE SANTANDER,Cúcuta,48862
2025-03-01,2025,3,NORTE DE SANTANDER,Ocaña,128
2025-03-01,2025,3,PUTUMAYO,Puerto Asís,4402
2025-03-01,2025,3,PUTUMAYO,Puerto Leguízamo,641
2025-03-01,2025,3,PUTUMAYO,Villagarzón,1213
2025-03-01,2025,3,QUINDIO,Armenia,22713
2025-03-01,2025,3,RISARALDA,Pereira,84120
2025-03-01,2025,3,"SAN ANDRES, PROVIDENCIA Y SANTA CATALINA",Providencia,3815
2025-03-01,2025,3,"SAN ANDRES, PROVIDENCIA Y SANTA CATALINA",San Andrés,86078
2025-03-01,2025,3,SANTANDER,Barrancabermeja,3893
2025-03-01,2025,3,SANTANDER,Bucaramanga,69117
2025-03-01,2025,3,SUCRE,Corozal,3675
2025-03-01,2025,3,TOLIMA,Ibagué,9829
2025-03-01,2025,3,VALLE DEL CAUCA,Buenaventura,412
2025-03-01,2025,3,VALLE DEL CAUCA,Cali,189743
2025-03-01,2025,3,VAUPES,Mitú,1640
2025-03-01,2025,3,VICHADA,PUERTO CARREÑO,2613
2025-04-01,2025,4,AMAZONAS,LA CHORRERA,85
2025-04-01,2025,4,AMAZONAS,La Pedrera,95
2025-04-01,2025,4,AMAZONAS,Leticia,13164
2025-04-01,2025,4,ANTIOQUIA,Carepa,7117
2025-04-01,2025,4,ANTIOQUIA,Caucasia,267
2025-04-01,2025,4,ANTIOQUIA,El Bagre,152
2025-04-01,2025,4,ANTIOQUIA,Medellín,46695
2025-04-01,2025,4,ANTIOQUIA,Rionegro,344979
2025-04-01,2025,4,ARAUCA,Arauca,5623
2025-04-01,2025,4,ARAUCA,SARAVENA,2299
2025-04-01,2025,4,ARAUCA,Tame,239
2025-04-01,2025,4,ATLANTICO,Barranquilla,94133
2025-04-01,2025,4,BOGOTA D.C.,"Bogotá, D.C.",883051
2025-04-01,2025,4,BOLIVAR,Cartagena,199984
2025-04-01,2025,4,BOLIVAR,Mompós,237
2025-04-01,2025,4,BOYACA,Paipa,294
2025-04-01,2025,4,CALDAS,Manizales,2784
2025-04-01,2025,4,CAQUETA,Florencia,3994
2025-04-01,2025,4,CAQUETA,San Vicente del Caguán,331
2025-04-01,2025,4,CAQUETA,Solano,109
2025-04-01,2025,4,CASANARE,Paz de Ariporo,170
2025-04-01,2025,4,CASANARE,Yopal,10925
2025-04-01,2025,4,CAUCA,Guapi,3573
2025-04-01,2025,4,CAUCA,popayán,7315
2025-04-01,2025,4,CAUCA,Timbiquí,432
2025-04-01,2025,4,CESAR,Aguachica,589
2025-04-01,2025,4,CESAR,VALLEDUPAR,14361
2025-04-01,2025,4,CHOCO,Acandí,296
2025-04-01,2025,4,CHOCO,Bahía Solano,2547
2025-04-01,2025,4,CHOCO,Condoto,200
2025-04-01,2025,4,CHOCO,Nuquí,2044
2025-04-01,2025,4,CHOCO,Quibdó,12162
2025-04-01,2025,4,CORDOBA,Montelíbano,366
2025-04-01,2025,4,CORDOBA,Montería,51692
2025-04-01,2025,4,GUAINIA,Inírida,3145
2025-04-01,2025,4,GUAINIA,San Felipe,32
2025-04-01,2025,4,GUAVIARE,San José del Guaviare,653
2025-04-01,2025,4,HUILA,Neiva,11639
2025-04-01,2025,4,HUILA,Pitalito,1807
2025-04-01,2025,4,LA GUAJIRA,Riohacha,20536
2025-04-01,2025,4,MAGDALENA,Santa Marta,131084
2025-04-01,2025,4,META,La Macarena,96
2025-04-01,2025,4,META,Villavicencio,6844
2025-04-01,2025,4,NARINO,Pasto,25132
2025-04-01,2025,4,NARINO,San Andres de Tumaco,6115
2025-04-01,2025,4,NARINO,Aldana,5235
2025-04-01,2025,4,NORTE DE SANTANDER,Cúcuta,46889
2025-04-01,2025,4,NORTE DE SANTANDER,Ocaña,325
2025-04-01,2025,4,PUTUMAYO,Puerto Asís,4585
2025-04-01,2025,4,PUTUMAYO,Puerto Leguízamo,719
2025-04-01,2025,4,PUTUMAYO,Villagarzón,1024
2025-04-01,2025,4,QUINDIO,Armenia,20873
2025-04-01,2025,4,RISARALDA,Pereira,74466
2025-04-01,2025,4,"SAN ANDRES, PROVIDENCIA Y SANTA CATALINA",Providencia,4263
2025-04-01,2025,4,"SAN ANDRES, PROVIDENCIA Y SANTA CATALINA",San Andrés,84081
2025-04-01,2025,4,SANTANDER,Barrancabermeja,3564
2025-04-01,2025,4,SANTANDER,Bucaramanga,69844
2025-04-01,2025,4,SUCRE,Corozal,1813
2025-04-01,2025,4,SUCRE,San José De Toluviejo,3764
2025-04-01,2025,4,TOLIMA,Ibagué,8662
2025-04-01,2025,4,VALLE DEL CAUCA,Buenaventura,400
2025-04-01,2025,4,VALLE DEL CAUCA,Cali,189322
2025-04-01,2025,4,VAUPES,Mitú,1553
2025-04-01,2025,4,VICHADA,PUERTO CARREÑO,2839
2025-05-01,2025,5,AMAZONAS,LA CHORRERA,128
2025-05-01,2025,5,AMAZONAS,La Pedrera,139
2025-05-01,2025,5,AMAZONAS,Leticia,11811
2025-05-01,2025,5,ANTIOQUIA,Carepa,7471
2025-05-01,2025,5,ANTIOQUIA,Caucasia,257
2025-05-01,2025,5,ANTIOQUIA,El Bagre,137
2025-05-01,2025,5,ANTIOQUIA,Medellín,48005
2025-05-01,2025,5,ANTIOQUIA,Rionegro,342678
2025-05-01,2025,5,ARAUCA,Arauca,6559
2025-05-01,2025,5,ARAUCA,SARAVENA,2528
2025-05-01,2025,5,ARAUCA,Tame,353
2025-05-01,2025,5,ATLANTICO,Barranquilla,92723
2025-05-01,2025,5,BOGOTA D.C.,"Bogotá, D.C.",889927
2025-05-01,2025,5,BOLIVAR,Cartagena,196490
2025-05-01,2025,5,BOLIVAR,Mompós,207
2025-05-01,2025,5,BOYACA,Paipa,266
2025-05-01,2025,5,CALDAS,Manizales,2698
2025-05-01,2025,5,CAQUETA,Florencia,4267
2025-05-01,2025,5,CAQUETA,San Vicente del Caguán,281
2025-05-01,2025,5,CAQUETA,Solano,90
2025-05-01,2025,5,CASANARE,Paz de Ariporo,242
2025-05-01,2025,5,CASANARE,Yopal,10680
2025-05-01,2025,5,CAUCA,Guapi,3762
2025-05-01,2025,5,CAUCA,popayán,7214
2025-05-01,2025,5,CAUCA,Timbiquí,402
2025-05-01,2025,5,CESAR,Aguachica,562
2025-05-01,2025,5,CESAR,VALLEDUPAR,15663
2025-05-01,2025,5,CHOCO,Acandí,264
2025-05-01,2025,5,CHOCO,Bahía Solano,2543
2025-05-01,2025,5,CHOCO,Condoto,281
2025-05-01,2025,5,CHOCO,Nuquí,1952
2025-05-01,2025,5,CHOCO,Quibdó,12987
2025-05-01,2025,5,CORDOBA,Montelíbano,378
2025-05-01,2025,5,CORDOBA,Montería,47785
2025-05-01,2025,5,CORDOBA,Valencia,0
2025-05-01,2025,5,GUAINIA,Inírida,3330
2025-05-01,2025,5,GUAINIA,San Felipe,22
2025-05-01,2025,5,GUAVIARE,San José del Guaviare,624
2025-05-01,2025,5,HUILA,Neiva,11569
2025-05-01,2025,5,HUILA,Pitalito,1846
2025-05-01,2025,5,LA GUAJIRA,Riohacha,19765
2025-05-01,2025,5,MAGDALENA,Santa Marta,132974
2025-05-01,2025,5,META,La Macarena,139
2025-05-01,2025,5,META,Villavicencio,6433
2025-05-01,2025,5,NARINO,Pasto,23494
2025-05-01,2025,5,NARINO,San Andres de Tumaco,6228
2025-05-01,2025,5,NARINO,Aldana,4856
2025-05-01,2025,5,NORTE DE SANTANDER,Cúcuta,51408
2025-05-01,2025,5,NORTE DE SANTANDER,Ocaña,373
2025-05-01,2025,5,PUTUMAYO,Puerto Asís,4562
2025-05-01,2025,5,PUTUMAYO,Puerto Leguízamo,601
2025-05-01,2025,5,PUTUMAYO,Villagarzón,1132
2025-05-01,2025,5,QUINDIO,Armenia,20154
2025-05-01,2025,5,QUINDIO,Córdoba,1
2025-05-01,2025,5,RISARALDA,Pereira,73227
2025-05-01,2025,5,"SAN ANDRES, PROVIDENCIA Y SANTA CATALINA",Providencia,3509
2025-05-01,2025,5,"SAN ANDRES, PROVIDENCIA Y SANTA CATALINA",San Andrés,78889
2025-05-01,2025,5,SANTANDER,Barrancabermeja,4189
2025-05-01,2025,5,SANTANDER,Bucaramanga,69996
2025-05-01,2025,5,SUCRE,Corozal,1471
2025-05-01,2025,5,SUCRE,San José De Toluviejo,2573
2025-05-01,2025,5,TOLIMA,Ibagué,8619
2025-05-01,2025,5,VALLE DEL CAUCA,Buenaventura,349
2025-05-01,2025,5,VALLE DEL CAUCA,Cali,193406
2025-05-01,2025,5,VAUPES,Mitú,1553
2025-05-01,2025,5,VAUPES,Pacoa,1
2025-05-01,2025,5,VICHADA,PUERTO CARREÑO,2738
2025-06-01,2025,6,AMAZONAS,LA CHORRERA,118
2025-06-01,2025,6,AMAZONAS,La Pedrera,141
2025-06-01,2025,6,AMAZONAS,Leticia,13782
2025-06-01,2025,6,ANTIOQUIA,Carepa,7162
2025-06-01,2025,6,ANTIOQUIA,Caucasia,267
2025-06-01,2025,6,ANTIOQUIA,El Bagre,144
2025-06-01,2025,6,ANTIOQUIA,Medellín,49375
2025-06-01,2025,6,ANTIOQUIA,Rionegro,382459
2025-06-01,2025,6,ARAUCA,Arauca,7585
2025-06-01,2025,6,ARAUCA,SARAVENA,2289
2025-06-01,2025,6,ARAUCA,Tame,354
2025-06-01,2025,6,ATLANTICO,Barranquilla,102804
2025-06-01,2025,6,BOGOTA D.C.,"Bogotá, D.C.",946760
2025-06-01,2025,6,BOLIVAR,Cartagena,246346
2025-06-01,2025,6,BOLIVAR,Mompós,210
2025-06-01,2025,6,BOYACA,Paipa,303
2025-06-01,2025,6,CALDAS,Manizales,2716
2025-06-01,2025,6,CAQUETA,Florencia,4286
2025-06-01,2025,6,CAQUETA,San Vicente del Caguán,284
2025-06-01,2025,6,CAQUETA,Solano,162
2025-06-01,2025,6,CASANARE,Paz de Ariporo,158
2025-06-01,2025,6,CASANARE,Yopal,11341
2025-06-01,2025,6,CAUCA,Guapi,3881
2025-06-01,2025,6,CAUCA,popayán,7324
2025-06-01,2025,6,CAUCA,Timbiquí,402
2025-06-01,2025,6,CESAR,Aguachica,557
2025-06-01,2025,6,CESAR,VALLEDUPAR,15235
2025-06-01,2025,6,CHOCO,Acandí,342
2025-06-01,2025,6,CHOCO,Bahía Solano,2413
2025-06-01,2025,6,CHOCO,Condoto,232
2025-06-01,2025,6,CHOCO,Nuquí,2277
2025-06-01,2025,6,CHOCO,Quibdó,14440
2025-06-01,2025,6,CORDOBA,Montelíbano,347
2025-06-01,2025,6,CORDOBA,Montería,55194
2025-06-01,2025,6,GUAINIA,Inírida,3345
2025-06-01,2025,6,GUAINIA,San Felipe,54
2025-06-01,2025,6,GUAVIARE,San José del Guaviare,668
2025-06-01,2025,6,HUILA,Neiva,12366
2025-06-01,2025,6,HUILA,Pitalito,1836
2025-06-01,2025,6,LA GUAJIRA,Riohacha,23266
2025-06-01,2025,6,MAGDALENA,Santa Marta,157244
2025-06-01,2025,6,META,La Macarena,486
2025-06-01,2025,6,META,Villavicencio,6936
2025-06-01,2025,6,NARINO,Pasto,26915
2025-06-01,2025,6,NARINO,San Andres de Tumaco,6188
2025-06-01,2025,6,NARINO,Aldana,4850
2025-06-01,2025,6,NORTE DE SANTANDER,Cúcuta,51484
2025-06-01,2025,6,NORTE DE SANTANDER,Ocaña,401
2025-06-01,2025,6,PUTUMAYO,Puerto Asís,4862
2025-06-01,2025,6,PUTUMAYO,Puerto Leguízamo,742
2025-06-01,2025,6,PUTUMAYO,Villagarzón,1186
2025-06-01,2025,6,QUINDIO,Armenia,20332
2025-06-01,2025,6,RISARALDA,Pereira,82254
2025-06-01,2025,6,"SAN ANDRES, PROVIDENCIA Y SANTA CATALINA",Providencia,4207
2025-06-01,2025,6,"SAN ANDRES, PROVIDENCIA Y SANTA CATALINA",San Andrés,86926
2025-06-01,2025,6,SANTANDER,Barrancabermeja,4366
2025-06-01,2025,6,SANTANDER,Bucaramanga,73778
2025-06-01,2025,6,SUCRE,Corozal,1590
2025-06-01,2025,6,SUCRE,San José De Toluviejo,2587
2025-06-01,2025,6,TOLIMA,Ibagué,9134
2025-06-01,2025,6,VALLE DEL CAUCA,Buenaventura,333
2025-06-01,2025,6,VALLE DEL CAUCA,Cali,207463
2025-06-01,2025,6,VALLE DEL CAUCA,Roldanillo,56
2025-06-01,2025,6,VAUPES,Mitú,1711
2025-06-01,2025,6,VICHADA,PUERTO CARREÑO,2912
2025-07-01,2025,7,AMAZONAS,LA CHORRERA,171
2025-07-01,2025,7,AMAZONAS,La Pedrera,142
2025-07-01,2025,7,AMAZONAS,Leticia,16104
2025-07-01,2025,7,ANTIOQUIA,Carepa,7300
2025-07-01,2025,7,ANTIOQUIA,Caucasia,302
2025-07-01,2025,7,ANTIOQUIA,El Bagre,128
2025-07-01,2025,7,ANTIOQUIA,Medellín,52343
2025-07-01,2025,7,ANTIOQUIA,Rionegro,384735
2025-07-01,2025,7,ARAUCA,Arauca,8124
2025-07-01,2025,7,ARAUCA,SARAVENA,2558
2025-07-01,2025,7,ARAUCA,Tame,301
2025-07-01,2025,7,ATLANTICO,Barranquilla,106189
2025-07-01,2025,7,BOGOTA D.C.,"Bogotá, D.C.",1019944
2025-07-01,2025,7,BOLIVAR,Cartagena,252390
2025-07-01,2025,7,BOLIVAR,Mompós,205
2025-07-01,2025,7,BOYACA,Paipa,374
2025-07-01,2025,7,CALDAS,Manizales,2872
2025-07-01,2025,7,CAQUETA,Florencia,4732
2025-07-01,2025,7,CAQUETA,San Vicente del Caguán,382
2025-07-01,2025,7,CAQUETA,Solano,111
2025-07-01,2025,7,CASANARE,Paz de Ariporo,227
2025-07-01,2025,7,CASANARE,Yopal,12719
2025-07-01,2025,7,CAUCA,Guapi,4174
2025-07-01,2025,7,CAUCA,popayán,8102
2025-07-01,2025,7,CAUCA,Timbiquí,452
2025-07-01,2025,7,CESAR,Aguachica,580
2025-07-01,2025,7,CESAR,VALLEDUPAR,15841
2025-07-01,2025,7,CHOCO,Acandí,294
2025-07-01,2025,7,CHOCO,Bahía Solano,3954
2025-07-01,2025,7,CHOCO,Condoto,296
2025-07-01,2025,7,CHOCO,Nuquí,3498
2025-07-01,2025,7,CHOCO,Quibdó,13506
2025-07-01,2025,7,CORDOBA,Montelíbano,352
2025-07-01,2025,7,CORDOBA,Montería,54048
2025-07-01,2025,7,GUAINIA,Inírida,3443
2025-07-01,2025,7,GUAINIA,San Felipe,49
2025-07-01,2025,7,GUAVIARE,Miraflores,29
2025-07-01,2025,7,GUAVIARE,San José del Guaviare,729
2025-07-01,2025,7,HUILA,Neiva,12855
2025-07-01,2025,7,HUILA,Pitalito,2228
2025-07-01,2025,7,LA GUAJIRA,Riohacha,24184
2025-07-01,2025,7,MAGDALENA,Santa Marta,162442
2025-07-01,2025,7,META,La Macarena,964
2025-07-01,2025,7,META,Villavicencio,8008
2025-07-01,2025,7,NARINO,Pasto,29261
2025-07-01,2025,7,NARINO,San Andres de Tumaco,6911
2025-07-01,2025,7,NARINO,Aldana,5400
2025-07-01,2025,7,NORTE DE SANTANDER,Cúcuta,52743
2025-07-01,2025,7,NORTE DE SANTANDER,Ocaña,373
2025-07-01,2025,7,PUTUMAYO,Puerto Asís,5078
2025-07-01,2025,7,PUTUMAYO,Puerto Leguízamo,856
2025-07-01,2025,7,PUTUMAYO,Villagarzón,1187
2025-07-01,2025,7,QUINDIO,Armenia,23442
2025-07-01,2025,7,RISARALDA,Pereira,90751
2025-07-01,2025,7,"SAN ANDRES, PROVIDENCIA Y SANTA CATALINA",Providencia,3856
2025-07-01,2025,7,"SAN ANDRES, PROVIDENCIA Y SANTA CATALINA",San Andrés,98978
2025-07-01,2025,7,SANTANDER,Barrancabermeja,5132
2025-07-01,2025,7,SANTANDER,Bucaramanga,78009
2025-07-01,2025,7,SUCRE,Corozal,1637
2025-07-01,2025,7,SUCRE,San José De Toluviejo,2760
2025-07-01,2025,7,TOLIMA,Ibagué,10224
2025-07-01,2025,7,VALLE DEL CAUCA,Buenaventura,381
2025-07-01,2025,7,VALLE DEL CAUCA,Cali,235713
2025-07-01,2025,7,VALLE DEL CAUCA,Roldanillo,161
2025-07-01,2025,7,VAUPES,Mitú,1779
2025-07-01,2025,7,VICHADA,PUERTO CARREÑO,2820
2025-08-01,2025,8,AMAZONAS,LA CHORRERA,164
2025-08-01,2025,8,AMAZONAS,La Pedrera,114
2025-08-01,2025,8,AMAZONAS,Leticia,16227
2025-08-01,2025,8,ANTIOQUIA,Carepa,7437
2025-08-01,2025,8,ANTIOQUIA,Caucasia,305
2025-08-01,2025,8,ANTIOQUIA,El Bagre,129
2025-08-01,2025,8,ANTIOQUIA,Medellín,58499
2025-08-01,2025,8,ANTIOQUIA,Rionegro,391985
2025-08-01,2025,8,ARAUCA,Arauca,6540
2025-08-01,2025,8,ARAUCA,SARAVENA,2356
2025-08-01,2025,8,ARAUCA,Tame,265
2025-08-01,2025,8,ATLANTICO,Barranquilla,101579
2025-08-01,2025,8,BOGOTA D.C.,"Bogotá, D.C.",1002465
2025-08-01,2025,8,BOLIVAR,Cartagena,252048
2025-08-01,2025,8,BOLIVAR,Mompós,219
2025-08-01,2025,8,BOYACA,Paipa,466
2025-08-01,2025,8,CALDAS,Manizales,3014
2025-08-01,2025,8,CAQUETA,Florencia,4362
2025-08-01,2025,8,CAQUETA,San Vicente del Caguán,241
2025-08-01,2025,8,CAQUETA,Solano,29
2025-08-01,2025,8,CASANARE,Paz de Ariporo,215
2025-08-01,2025,8,CASANARE,Yopal,11893
2025-08-01,2025,8,CAUCA,Guapi,3592
2025-08-01,2025,8,CAUCA,popayán,8174
2025-08-01,2025,8,CAUCA,Timbiquí,393
2025-08-01,2025,8,CESAR,Aguachica,496
2025-08-01,2025,8,CESAR,VALLEDUPAR,14219
2025-08-01,2025,8,CHOCO,Acandí,297
2025-08-01,2025,8,CHOCO,Bahía Solano,5888
2025-08-01,2025,8,CHOCO,Condoto,239
2025-08-01,2025,8,CHOCO,Nuquí,6015
2025-08-01,2025,8,CHOCO,Quibdó,13248
2025-08-01,2025,8,CORDOBA,Montelíbano,368
2025-08-01,2025,8,CORDOBA,Montería,52189
2025-08-01,2025,8,GUAINIA,Inírida,3277
2025-08-01,2025,8,GUAINIA,San Felipe,30
2025-08-01,2025,8,GUAVIARE,Miraflores,48
2025-08-01,2025,8,GUAVIARE,San José del Guaviare,801
2025-08-01,2025,8,HUILA,Neiva,12635
2025-08-01,2025,8,HUILA,Palermo,2
2025-08-01,2025,8,HUILA,Pitalito,2108
2025-08-01,2025,8,LA GUAJIRA,Riohacha,23220
2025-08-01,2025,8,MAGDALENA,Santa Marta,159891
2025-08-01,2025,8,META,La Macarena,1377
2025-08-01,2025,8,META,Villavicencio,7573
2025-08-01,2025,8,NARINO,Pasto,27062
2025-08-01,2025,8,NARINO,San Andres de Tumaco,6308
2025-08-01,2025,8,NARINO,Aldana,4285
2025-08-01,2025,8,NORTE DE SANTANDER,Cúcuta,51444
2025-08-01,2025,8,NORTE DE SANTANDER,Ocaña,375
2025-08-01,2025,8,PUTUMAYO,Puerto Asís,4765
2025-08-01,2025,8,PUTUMAYO,Puerto Leguízamo,703
2025-08-01,2025,8,PUTUMAYO,Villagarzón,1263
2025-08-01,2025,8,QUINDIO,Armenia,23911
2025-08-01,2025,8,RISARALDA,Pereira,92161
2025-08-01,2025,8,"SAN ANDRES, PROVIDENCIA Y SANTA CATALINA",Providencia,4854
2025-08-01,2025,8,"SAN ANDRES, PROVIDENCIA Y SANTA CATALINA",San Andrés,95723
2025-08-01,2025,8,SANTANDER,Barrancabermeja,5064
2025-08-01,2025,8,SANTANDER,Bucaramanga,74436
2025-08-01,2025,8,SUCRE,Corozal,1784
2025-08-01,2025,8,SUCRE,San José De Toluviejo,2166
2025-08-01,2025,8,TOLIMA,Ibagué,9404
2025-08-01,2025,8,VALLE DEL CAUCA,Buenaventura,358
2025-08-01,2025,8,VALLE DEL CAUCA,Cali,230223
2025-08-01,2025,8,VALLE DEL CAUCA,Roldanillo,147
2025-08-01,2025,8,VAUPES,Mitú,1665
2025-08-01,2025,8,VICHADA,PUERTO CARREÑO,2796
2025-09-01,2025,9,AMAZONAS,LA CHORRERA,184
2025-09-01,2025,9,AMAZONAS,La Pedrera,148
2025-09-01,2025,9,AMAZONAS,Leticia,12208
2025-09-01,2025,9,ANTIOQUIA,Carepa,7926
2025-09-01,2025,9,ANTIOQUIA,Caucasia,1150
2025-09-01,2025,9,ANTIOQUIA,El Bagre,908
2025-09-01,2025,9,ANTIOQUIA,Medellín,55377
2025-09-01,2025,9,ANTIOQUIA,Rionegro,363740
2025-09-01,2025,9,ARAUCA,Arauca,7097
2025-09-01,2025,9,ARAUCA,SARAVENA,2392
2025-09-01,2025,9,ARAUCA,Tame,292
2025-09-01,2025,9,ATLANTICO,Barranquilla,103117
2025-09-01,2025,9,BOGOTA D.C.,"Bogotá, D.C.",960881
2025-09-01,2025,9,BOLIVAR,Cartagena,230521
2025-09-01,2025,9,BOLIVAR,Mompós,253
2025-09-01,2025,9,BOYACA,Paipa,324
2025-09-01,2025,9,CALDAS,Manizales,2788
2025-09-01,2025,9,CAQUETA,Florencia,4906
2025-09-01,2025,9,CAQUETA,San Vicente del Caguán,322
2025-09-01,2025,9,CAQUETA,Solano,21
2025-09-01,2025,9,CASANARE,Paz de Ariporo,217
2025-09-01,2025,9,CASANARE,Yopal,12141
2025-09-01,2025,9,CAUCA,Guapi,3645
2025-09-01,2025,9,CAUCA,popayán,7850
2025-09-01,2025,9,CAUCA,Timbiquí,440
2025-09-01,2025,9,CESAR,Aguachica,497
2025-09-01,2025,9,CESAR,VALLEDUPAR,16426
2025-09-01,2025,9,CHOCO,Acandí,263
2025-09-01,2025,9,CHOCO,Bahía Solano,4676
2025-09-01,2025,9,CHOCO,Condoto,276
2025-09-01,2025,9,CHOCO,Nuquí,3988
2025-09-01,2025,9,CHOCO,Quibdó,16386
2025-09-01,2025,9,CORDOBA,Montelíbano,340
2025-09-01,2025,9,CORDOBA,Montería,51941
2025-09-01,2025,9,GUAINIA,Inírida,3005
2025-09-01,2025,9,GUAINIA,San Felipe,35
2025-09-01,2025,9,GUAVIARE,Miraflores,30
2025-09-01,2025,9,GUAVIARE,San José del Guaviare,817
2025-09-01,2025,9,HUILA,Neiva,12367
2025-09-01,2025,9,HUILA,Pitalito,1920
2025-09-01,2025,9,LA GUAJIRA,Riohacha,21502
2025-09-01,2025,9,MAGDALENA,Santa Marta,140727
2025-09-01,2025,9,META,La Macarena,1105
2025-09-01,2025,9,META,Villavicencio,10325
2025-09-01,2025,9,NARINO,Pasto,24688
2025-09-01,2025,9,NARINO,San Andres de Tumaco,6334
2025-09-01,2025,9,NARINO,Aldana,5548
2025-09-01,2025,9,NORTE DE SANTANDER,Cúcuta,50682
2025-09-01,2025,9,NORTE DE SANTANDER,Ocaña,381
2025-09-01,2025,9,PUTUMAYO,Puerto Asís,4714
2025-09-01,2025,9,PUTUMAYO,Puerto Leguízamo,657
2025-09-01,2025,9,PUTUMAYO,Villagarzón,1243
2025-09-01,2025,9,QUINDIO,Armenia,20822
2025-09-01,2025,9,RISARALDA,Pereira,86427
2025-09-01,2025,9,"SAN ANDRES, PROVIDENCIA Y SANTA CATALINA",Providencia,3273
2025-09-01,2025,9,"SAN ANDRES, PROVIDENCIA Y SANTA CATALINA",San Andrés,84814
2025-09-01,2025,9,SANTANDER,Barrancabermeja,5160
2025-09-01,2025,9,SANTANDER,Bucaramanga,73164
2025-09-01,2025,9,SANTANDER,San Gil,145
2025-09-01,2025,9,SUCRE,Corozal,2423
2025-09-01,2025,9,TOLIMA,Ibagué,9317
2025-09-01,2025,9,VALLE DEL CAUCA,Buenaventura,357
2025-09-01,2025,9,VALLE DEL CAUCA,Cali,218494
2025-09-01,2025,9,VALLE DEL CAUCA,Roldanillo,174
2025-09-01,2025,9,VAUPES,Mitú,1681
2025-09-01,2025,9,VICHADA,PUERTO CARREÑO,2645
