fecha,anio,mes_num,departamento,pasajeros_aereos_nacionales,n_municipios_nac
2012-01-01,2012,1,AMAZONAS,7236,4
2012-01-01,2012,1,ANTIOQUIA,158127,6
2012-01-01,2012,1,ARAUCA,4719,2
2012-01-01,2012,1,ATLANTICO,58333,1
2012-01-01,2012,1,BOGOTA D.C.,536767,1
2012-01-01,2012,1,BOLIVAR,86863,1
2012-01-01,2012,1,CALDAS,8595,1
2012-01-01,2012,1,CAQUETA,2294,3
2012-01-01,2012,1,CASANARE,13967,2
2012-01-01,2012,1,CAUCA,3780,2
2012-01-01,2012,1,CESAR,10915,1
2012-01-01,2012,1,CHOCO,12015,5
2012-01-01,2012,1,CORDOBA,23770,1
2012-01-01,2012,1,GUAINIA,1165,2
2012-01-01,2012,1,GUAVIARE,765,2
2012-01-01,2012,1,HUILA,10471,1
2012-01-01,2012,1,LA GUAJIRA,6882,3
2012-01-01,2012,1,MAGDALENA,45044,1
2012-01-01,2012,1,META,2980,2
2012-01-01,2012,1,NARINO,11577,3
2012-01-01,2012,1,NORTE DE SANTANDER,38166,1
2012-01-01,2012,1,PUTUMAYO,2136,3
2012-01-01,2012,1,QUINDIO,11756,1
2012-01-01,2012,1,RISARALDA,26510,1
2012-01-01,2012,1,"SAN ANDRES, PROVIDENCIA Y SANTA CATALINA",36370,2
2012-01-01,2012,1,SANTANDER,53091,2
2012-01-01,2012,1,SIN ESPECIFICAR,0,1
2012-01-01,2012,1,SUCRE,2077,2
2012-01-01,2012,1,TOLIMA,5532,1
2012-01-01,2012,1,VALLE DEL CAUCA,90676,2
2012-01-01,2012,1,VAUPES,1293,3
2012-01-01,2012,1,VICHADA,1785,3
2012-02-01,2012,2,AMAZONAS,6076,4
2012-02-01,2012,2,ANTIOQUIA,151769,6
2012-02-01,2012,2,ARAUCA,4240,2
2012-02-01,2012,2,ATLANTICO,57422,1
2012-02-01,2012,2,BOGOTA D.C.,445473,1
2012-02-01,2012,2,BOLIVAR,73032,2
2012-02-01,2012,2,CALDAS,8881,1
2012-02-01,2012,2,CAQUETA,2795,3
2012-02-01,2012,2,CASANARE,14410,2
2012-02-01,2012,2,CAUCA,3674,2
2012-02-01,2012,2,CESAR,10239,1
2012-02-01,2012,2,CHOCO,9921,5
2012-02-01,2012,2,CORDOBA,21096,1
2012-02-01,2012,2,GUAINIA,1056,2
2012-02-01,2012,2,GUAVIARE,940,2
2012-02-01,2012,2,HUILA,11428,1
2012-02-01,2012,2,LA GUAJIRA,6635,3
2012-02-01,2012,2,MAGDALENA,36241,1
2012-02-01,2012,2,META,2854,2
2012-02-01,2012,2,NARINO,11236,3
2012-02-01,2012,2,NORTE DE SANTANDER,29647,1
2012-02-01,2012,2,PUTUMAYO,2291,3
2012-02-01,2012,2,QUINDIO,10876,1
2012-02-01,2012,2,RISARALDA,27468,1
2012-02-01,2012,2,"SAN ANDRES, PROVIDENCIA Y SANTA CATALINA",27869,2
2012-02-01,2012,2,SANTANDER,53965,2
2012-02-01,2012,2,SIN ESPECIFICAR,0,1
2012-02-01,2012,2,SUCRE,1394,3
2012-02-01,2012,2,TOLIMA,6148,2
2012-02-01,2012,2,VALLE DEL CAUCA,91083,2
2012-02-01,2012,2,VAUPES,1060,4
2012-02-01,2012,2,VICHADA,1690,3
2012-03-01,2012,3,AMAZONAS,6237,4
2012-03-01,2012,3,ANTIOQUIA,167141,6
2012-03-01,2012,3,ARAUCA,4735,2
2012-03-01,2012,3,ATLANTICO,59489,1
2012-03-01,2012,3,BOGOTA D.C.,463181,1
2012-03-01,2012,3,BOLIVAR,76707,2
2012-03-01,2012,3,CALDAS,9987,1
2012-03-01,2012,3,CAQUETA,2960,3
2012-03-01,2012,3,CASANARE,14261,3
2012-03-01,2012,3,CAUCA,4163,2
2012-03-01,2012,3,CESAR,10456,2
2012-03-01,2012,3,CHOCO,11730,5
2012-03-01,2012,3,CORDOBA,22302,1
2012-03-01,2012,3,GUAINIA,1100,2
2012-03-01,2012,3,GUAVIARE,1128,2
2012-03-01,2012,3,HUILA,12742,1
2012-03-01,2012,3,LA GUAJIRA,8464,3
2012-03-01,2012,3,MAGDALENA,37704,1
2012-03-01,2012,3,META,3228,4
2012-03-01,2012,3,NARINO,11936,3
2012-03-01,2012,3,NORTE DE SANTANDER,31360,1
2012-03-01,2012,3,PUTUMAYO,2556,3
2012-03-01,2012,3,QUINDIO,11720,1
2012-03-01,2012,3,RISARALDA,28516,1
2012-03-01,2012,3,"SAN ANDRES, PROVIDENCIA Y SANTA CATALINA",31300,2
2012-03-01,2012,3,SANTANDER,56182,2
2012-03-01,2012,3,SIN ESPECIFICAR,0,1
2012-03-01,2012,3,SUCRE,1576,3
2012-03-01,2012,3,TOLIMA,6791,2
2012-03-01,2012,3,VALLE DEL CAUCA,104552,2
2012-03-01,2012,3,VAUPES,1101,4
2012-03-01,2012,3,VICHADA,1857,3
2012-04-01,2012,4,AMAZONAS,6016,4
2012-04-01,2012,4,ANTIOQUIA,148618,6
2012-04-01,2012,4,ARAUCA,4374,3
2012-04-01,2012,4,ATLANTICO,56511,1
2012-04-01,2012,4,BOGOTA D.C.,431918,1
2012-04-01,2012,4,BOLIVAR,70550,1
2012-04-01,2012,4,CALDAS,7513,1
2012-04-01,2012,4,CAQUETA,2592,3
2012-04-01,2012,4,CASANARE,11985,2
2012-04-01,2012,4,CAUCA,3736,2
2012-04-01,2012,4,CESAR,11816,2
2012-04-01,2012,4,CHOCO,11779,5
2012-04-01,2012,4,CORDOBA,19537,1
2012-04-01,2012,4,GUAINIA,925,2
2012-04-01,2012,4,GUAVIARE,805,2
2012-04-01,2012,4,HUILA,10829,1
2012-04-01,2012,4,LA GUAJIRA,7650,3
2012-04-01,2012,4,MAGDALENA,34746,1
2012-04-01,2012,4,META,2515,2
2012-04-01,2012,4,NARINO,10823,3
2012-04-01,2012,4,NORTE DE SANTANDER,31539,1
2012-04-01,2012,4,PUTUMAYO,2529,3
2012-04-01,2012,4,QUINDIO,9923,1
2012-04-01,2012,4,RISARALDA,25960,1
2012-04-01,2012,4,"SAN ANDRES, PROVIDENCIA Y SANTA CATALINA",28818,2
2012-04-01,2012,4,SANTANDER,50812,2
2012-04-01,2012,4,SIN ESPECIFICAR,18,1
2012-04-01,2012,4,SUCRE,1435,3
2012-04-01,2012,4,TOLIMA,5236,3
2012-04-01,2012,4,VALLE DEL CAUCA,94058,2
2012-04-01,2012,4,VAUPES,967,4
2012-04-01,2012,4,VICHADA,1570,3
2012-05-01,2012,5,AMAZONAS,5491,4
2012-05-01,2012,5,ANTIOQUIA,169344,6
2012-05-01,2012,5,ARAUCA,4480,3
2012-05-01,2012,5,ATLANTICO,58687,1
2012-05-01,2012,5,BOGOTA D.C.,465342,1
2012-05-01,2012,5,BOLIVAR,74002,1
2012-05-01,2012,5,CALDAS,7734,1
2012-05-01,2012,5,CAQUETA,2838,3
2012-05-01,2012,5,CASANARE,13477,2
2012-05-01,2012,5,CAUCA,4100,2
2012-05-01,2012,5,CESAR,9718,1
2012-05-01,2012,5,CHOCO,11951,5
2012-05-01,2012,5,CORDOBA,21087,1
2012-05-01,2012,5,GUAINIA,902,2
2012-05-01,2012,5,GUAVIARE,708,2
2012-05-01,2012,5,HUILA,12078,1
2012-05-01,2012,5,LA GUAJIRA,7425,3
2012-05-01,2012,5,MAGDALENA,35375,1
2012-05-01,2012,5,META,2770,2
2012-05-01,2012,5,NARINO,11673,3
2012-05-01,2012,5,NORTE DE SANTANDER,31617,1
2012-05-01,2012,5,PUTUMAYO,2702,3
2012-05-01,2012,5,QUINDIO,11264,1
2012-05-01,2012,5,RISARALDA,29431,1
2012-05-01,2012,5,"SAN ANDRES, PROVIDENCIA Y SANTA CATALINA",30194,2
2012-05-01,2012,5,SANTANDER,56604,2
2012-05-01,2012,5,SIN ESPECIFICAR,0,1
2012-05-01,2012,5,SUCRE,1407,3
2012-05-01,2012,5,TOLIMA,6335,2
2012-05-01,2012,5,VALLE DEL CAUCA,101452,2
2012-05-01,2012,5,VAUPES,974,4
2012-05-01,2012,5,VICHADA,1486,3
2012-06-01,2012,6,AMAZONAS,6982,4
2012-06-01,2012,6,ANTIOQUIA,199367,6
2012-06-01,2012,6,ARAUCA,4770,2
2012-06-01,2012,6,ATLANTICO,71568,1
2012-06-01,2012,6,BOGOTA D.C.,484235,1
2012-06-01,2012,6,BOLIVAR,103637,1
2012-06-01,2012,6,CALDAS,2825,1
2012-06-01,2012,6,CAQUETA,2571,3
2012-06-01,2012,6,CASANARE,13517,3
2012-06-01,2012,6,CAUCA,3936,2
2012-06-01,2012,6,CESAR,12143,2
2012-06-01,2012,6,CHOCO,13727,5
2012-06-01,2012,6,CORDOBA,23056,1
2012-06-01,2012,6,GUAINIA,1011,2
2012-06-01,2012,6,GUAVIARE,1200,2
2012-06-01,2012,6,HUILA,12095,1
2012-06-01,2012,6,LA GUAJIRA,8193,3
2012-06-01,2012,6,MAGDALENA,42784,1
2012-06-01,2012,6,META,2962,3
2012-06-01,2012,6,NARINO,12379,3
2012-06-01,2012,6,NORTE DE SANTANDER,36568,1
2012-06-01,2012,6,PUTUMAYO,2884,3
2012-06-01,2012,6,QUINDIO,11181,1
2012-06-01,2012,6,RISARALDA,37207,1
2012-06-01,2012,6,"SAN ANDRES, PROVIDENCIA Y SANTA CATALINA",38311,2
2012-06-01,2012,6,SANTANDER,61445,2
2012-06-01,2012,6,SIN ESPECIFICAR,0,1
2012-06-01,2012,6,SUCRE,1857,2
2012-06-01,2012,6,TOLIMA,6076,2
2012-06-01,2012,6,VALLE DEL CAUCA,113638,2
2012-06-01,2012,6,VAUPES,955,4
2012-06-01,2012,6,VICHADA,1674,3
2012-07-01,2012,7,AMAZONAS,8158,4
2012-07-01,2012,7,ANTIOQUIA,216096,6
2012-07-01,2012,7,ARAUCA,4820,2
2012-07-01,2012,7,ATLANTICO,77517,1
2012-07-01,2012,7,BOGOTA D.C.,547217,1
2012-07-01,2012,7,BOLIVAR,116848,1
2012-07-01,2012,7,CALDAS,8693,1
2012-07-01,2012,7,CAQUETA,2993,3
2012-07-01,2012,7,CASANARE,14039,2
2012-07-01,2012,7,CAUCA,4099,2
2012-07-01,2012,7,CESAR,13870,2
2012-07-01,2012,7,CHOCO,14199,5
2012-07-01,2012,7,CORDOBA,23557,1
2012-07-01,2012,7,GUAINIA,1056,2
2012-07-01,2012,7,GUAVIARE,1179,2
2012-07-01,2012,7,HUILA,10956,1
2012-07-01,2012,7,LA GUAJIRA,8045,3
2012-07-01,2012,7,MAGDALENA,43240,1
2012-07-01,2012,7,META,2819,5
2012-07-01,2012,7,NARINO,12950,3
2012-07-01,2012,7,NORTE DE SANTANDER,37758,1
2012-07-01,2012,7,PUTUMAYO,2843,3
2012-07-01,2012,7,QUINDIO,10569,1
2012-07-01,2012,7,RISARALDA,37052,1
2012-07-01,2012,7,"SAN ANDRES, PROVIDENCIA Y SANTA CATALINA",40623,2
2012-07-01,2012,7,SANTANDER,64680,2
2012-07-01,2012,7,SIN ESPECIFICAR,0,1
2012-07-01,2012,7,SUCRE,2084,3
2012-07-01,2012,7,TOLIMA,6224,1
2012-07-01,2012,7,VALLE DEL CAUCA,126221,2
2012-07-01,2012,7,VAUPES,857,4
2012-07-01,2012,7,VICHADA,1771,3
2012-08-01,2012,8,AMAZONAS,6866,4
2012-08-01,2012,8,ANTIOQUIA,226931,6
2012-08-01,2012,8,ARAUCA,4756,2
2012-08-01,2012,8,ATLANTICO,79766,1
2012-08-01,2012,8,BOGOTA D.C.,540306,1
2012-08-01,2012,8,BOLIVAR,124314,1
2012-08-01,2012,8,CALDAS,9844,1
2012-08-01,2012,8,CAQUETA,3165,3
2012-08-01,2012,8,CASANARE,15170,2
2012-08-01,2012,8,CAUCA,4169,2
2012-08-01,2012,8,CESAR,12600,2
2012-08-01,2012,8,CHOCO,13240,5
2012-08-01,2012,8,CORDOBA,21975,1
2012-08-01,2012,8,GUAINIA,963,2
2012-08-01,2012,8,GUAVIARE,1143,2
2012-08-01,2012,8,HUILA,12240,1
2012-08-01,2012,8,LA GUAJIRA,8040,3
2012-08-01,2012,8,MAGDALENA,40403,1
2012-08-01,2012,8,META,2839,3
2012-08-01,2012,8,NARINO,12415,3
2012-08-01,2012,8,NORTE DE SANTANDER,38920,1
2012-08-01,2012,8,PUTUMAYO,3005,3
2012-08-01,2012,8,QUINDIO,11577,1
2012-08-01,2012,8,RISARALDA,38793,1
2012-08-01,2012,8,"SAN ANDRES, PROVIDENCIA Y SANTA CATALINA",39487,2
2012-08-01,2012,8,SANTANDER,64594,2
2012-08-01,2012,8,SIN ESPECIFICAR,0,1
2012-08-01,2012,8,SUCRE,2052,3
2012-08-01,2012,8,TOLIMA,6567,1
2012-08-01,2012,8,VALLE DEL CAUCA,136085,2
2012-08-01,2012,8,VAUPES,691,4
2012-08-01,2012,8,VICHADA,1473,3
2012-09-01,2012,9,AMAZONAS,6397,4
2012-09-01,2012,9,ANTIOQUIA,219464,6
2012-09-01,2012,9,ARAUCA,4673,2
2012-09-01,2012,9,ATLANTICO,72821,1
2012-09-01,2012,9,BOGOTA D.C.,512999,1
2012-09-01,2012,9,BOLIVAR,111018,1
2012-09-01,2012,9,CALDAS,9239,1
2012-09-01,2012,9,CAQUETA,3177,3
2012-09-01,2012,9,CASANARE,15294,2
2012-09-01,2012,9,CAUCA,3858,2
2012-09-01,2012,9,CESAR,12230,2
2012-09-01,2012,9,CHOCO,13260,5
2012-09-01,2012,9,CORDOBA,21518,1
2012-09-01,2012,9,GUAINIA,682,2
2012-09-01,2012,9,GUAVIARE,1043,2
2012-09-01,2012,9,HUILA,12214,1
2012-09-01,2012,9,LA GUAJIRA,8124,3
2012-09-01,2012,9,MAGDALENA,32852,1
2012-09-01,2012,9,META,3065,3
2012-09-01,2012,9,NARINO,12317,3
2012-09-01,2012,9,NORTE DE SANTANDER,37108,1
2012-09-01,2012,9,PUTUMAYO,2858,3
2012-09-01,2012,9,QUINDIO,10126,1
2012-09-01,2012,9,RISARALDA,33321,1
2012-09-01,2012,9,"SAN ANDRES, PROVIDENCIA Y SANTA CATALINA",36753,2
2012-09-01,2012,9,SANTANDER,62823,2
2012-09-01,2012,9,SIN ESPECIFICAR,0,1
2012-09-01,2012,9,SUCRE,2084,2
2012-09-01,2012,9,TOLIMA,6354,1
2012-09-01,2012,9,VALLE DEL CAUCA,121106,2
2012-09-01,2012,9,VAUPES,611,4
2012-09-01,2012,9,VICHADA,1170,3
2012-10-01,2012,10,AMAZONAS,7431,4
2012-10-01,2012,10,ANTIOQUIA,240173,6
2012-10-01,2012,10,ARAUCA,4283,2
2012-10-01,2012,10,ATLANTICO,73568,1
2012-10-01,2012,10,BOGOTA D.C.,540510,1
2012-10-01,2012,10,BOLIVAR,118122,1
2012-10-01,2012,10,CALDAS,7935,1
2012-10-01,2012,10,CAQUETA,3195,3
2012-10-01,2012,10,CASANARE,17337,2
2012-10-01,2012,10,CAUCA,4281,2
2012-10-01,2012,10,CESAR,13366,1
2012-10-01,2012,10,CHOCO,13678,5
2012-10-01,2012,10,CORDOBA,24786,1
2012-10-01,2012,10,GUAINIA,750,2
2012-10-01,2012,10,GUAVIARE,856,2
2012-10-01,2012,10,HUILA,13066,1
2012-10-01,2012,10,LA GUAJIRA,3894,1
2012-10-01,2012,10,MAGDALENA,41382,1
2012-10-01,2012,10,META,3635,3
2012-10-01,2012,10,NARINO,12624,3
2012-10-01,2012,10,NORTE DE SANTANDER,37535,1
2012-10-01,2012,10,PUTUMAYO,3115,3
2012-10-01,2012,10,QUINDIO,10469,1
2012-10-01,2012,10,RISARALDA,36761,1
2012-10-01,2012,10,"SAN ANDRES, PROVIDENCIA Y SANTA CATALINA",39854,2
2012-10-01,2012,10,SANTANDER,66972,2
2012-10-01,2012,10,SIN ESPECIFICAR,0,1
2012-10-01,2012,10,SUCRE,2104,2
2012-10-01,2012,10,TOLIMA,6385,2
2012-10-01,2012,10,VALLE DEL CAUCA,133978,3
2012-10-01,2012,10,VAUPES,841,3
2012-10-01,2012,10,VICHADA,1529,3
2012-11-01,2012,11,AMAZONAS,7522,4
2012-11-01,2012,11,ANTIOQUIA,253304,6
2012-11-01,2012,11,ARAUCA,5179,2
2012-11-01,2012,11,ATLANTICO,74459,1
2012-11-01,2012,11,BOGOTA D.C.,532348,1
2012-11-01,2012,11,BOLIVAR,116790,1
2012-11-01,2012,11,CALDAS,8201,1
2012-11-01,2012,11,CAQUETA,3410,3
2012-11-01,2012,11,CASANARE,17467,2
2012-11-01,2012,11,CAUCA,4261,2
2012-11-01,2012,11,CESAR,13086,2
2012-11-01,2012,11,CHOCO,14124,5
2012-11-01,2012,11,CORDOBA,23594,1
2012-11-01,2012,11,GUAINIA,1262,2
2012-11-01,2012,11,GUAVIARE,1109,2
2012-11-01,2012,11,HUILA,12287,1
2012-11-01,2012,11,LA GUAJIRA,8062,3
2012-11-01,2012,11,MAGDALENA,45089,1
2012-11-01,2012,11,META,4383,3
2012-11-01,2012,11,NARINO,12894,3
2012-11-01,2012,11,NORTE DE SANTANDER,37605,1
2012-11-01,2012,11,PUTUMAYO,3294,3
2012-11-01,2012,11,QUINDIO,10433,1
2012-11-01,2012,11,RISARALDA,38023,1
2012-11-01,2012,11,"SAN ANDRES, PROVIDENCIA Y SANTA CATALINA",40676,2
2012-11-01,2012,11,SANTANDER,65969,2
2012-11-01,2012,11,SIN ESPECIFICAR,0,1
2012-11-01,2012,11,SUCRE,1878,2
2012-11-01,2012,11,TOLIMA,6159,2
2012-11-01,2012,11,VALLE DEL CAUCA,132834,2
2012-11-01,2012,11,VAUPES,974,4
2012-11-01,2012,11,VICHADA,1875,3
2012-12-01,2012,12,AMAZONAS,7760,4
2012-12-01,2012,12,ANTIOQUIA,264000,6
2012-12-01,2012,12,ARAUCA,4759,2
2012-12-01,2012,12,ATLANTICO,84993,1
2012-12-01,2012,12,BOGOTA D.C.,503325,1
2012-12-01,2012,12,BOLIVAR,139898,1
2012-12-01,2012,12,CALDAS,8404,1
2012-12-01,2012,12,CAQUETA,3165,3
2012-12-01,2012,12,CASANARE,15990,2
2012-12-01,2012,12,CAUCA,4611,2
2012-12-01,2012,12,CESAR,13857,3
2012-12-01,2012,12,CHOCO,18924,5
2012-12-01,2012,12,CORDOBA,27747,1
2012-12-01,2012,12,GUAINIA,1213,2
2012-12-01,2012,12,GUAVIARE,1405,2
2012-12-01,2012,12,HUILA,12210,1
2012-12-01,2012,12,LA GUAJIRA,8188,3
2012-12-01,2012,12,MAGDALENA,57842,1
2012-12-01,2012,12,META,3556,2
2012-12-01,2012,12,NARINO,13233,3
2012-12-01,2012,12,NORTE DE SANTANDER,40046,1
2012-12-01,2012,12,PUTUMAYO,3152,3
2012-12-01,2012,12,QUINDIO,9484,1
2012-12-01,2012,12,RISARALDA,39114,1
2012-12-01,2012,12,"SAN ANDRES, PROVIDENCIA Y SANTA CATALINA",50852,2
2012-12-01,2012,12,SANTANDER,66725,2
2012-12-01,2012,12,SIN ESPECIFICAR,0,1
2012-12-01,2012,12,SUCRE,2448,2
2012-12-01,2012,12,TOLIMA,5867,1
2012-12-01,2012,12,VALLE DEL CAUCA,142350,2
2012-12-01,2012,12,VAUPES,1026,4
2012-12-01,2012,12,VICHADA,1913,3
2013-01-01,2013,1,AMAZONAS,7192,4
2013-01-01,2013,1,ANTIOQUIA,249843,6
2013-01-01,2013,1,ARAUCA,4424,3
2013-01-01,2013,1,ATLANTICO,76506,1
2013-01-01,2013,1,BOGOTA D.C.,579605,1
2013-01-01,2013,1,BOLIVAR,135863,1
2013-01-01,2013,1,CALDAS,7820,1
2013-01-01,2013,1,CAQUETA,2855,3
2013-01-01,2013,1,CASANARE,14715,2
2013-01-01,2013,1,CAUCA,3569,2
2013-01-01,2013,1,CESAR,11203,1
2013-01-01,2013,1,CHOCO,14383,5
2013-01-01,2013,1,CORDOBA,22845,1
2013-01-01,2013,1,GUAINIA,1315,2
2013-01-01,2013,1,GUAVIARE,1031,2
2013-01-01,2013,1,HUILA,10580,1
2013-01-01,2013,1,LA GUAJIRA,8133,3
2013-01-01,2013,1,MAGDALENA,56185,1
2013-01-01,2013,1,META,3231,2
2013-01-01,2013,1,NARINO,10838,3
2013-01-01,2013,1,NORTE DE SANTANDER,37029,1
2013-01-01,2013,1,PUTUMAYO,2761,3
2013-01-01,2013,1,QUINDIO,9108,1
2013-01-01,2013,1,RISARALDA,36181,1
2013-01-01,2013,1,"SAN ANDRES, PROVIDENCIA Y SANTA CATALINA",46932,2
2013-01-01,2013,1,SANTANDER,56343,2
2013-01-01,2013,1,SIN ESPECIFICAR,0,1
2013-01-01,2013,1,SUCRE,1821,3
2013-01-01,2013,1,TOLIMA,4797,2
2013-01-01,2013,1,VALLE DEL CAUCA,123345,2
2013-01-01,2013,1,VAUPES,801,3
2013-01-01,2013,1,VICHADA,1885,3
2013-02-01,2013,2,AMAZONAS,5416,4
2013-02-01,2013,2,ANTIOQUIA,216434,6
2013-02-01,2013,2,ARAUCA,4251,3
2013-02-01,2013,2,ATLANTICO,64537,1
2013-02-01,2013,2,BOGOTA D.C.,490715,1
2013-02-01,2013,2,BOLIVAR,107093,1
2013-02-01,2013,2,CALDAS,6698,1
2013-02-01,2013,2,CAQUETA,2989,3
2013-02-01,2013,2,CASANARE,15850,2
2013-02-01,2013,2,CAUCA,3490,2
2013-02-01,2013,2,CESAR,10943,1
2013-02-01,2013,2,CHOCO,12874,5
2013-02-01,2013,2,CORDOBA,21827,1
2013-02-01,2013,2,GUAINIA,1228,2
2013-02-01,2013,2,GUAVIARE,1371,2
2013-02-01,2013,2,HUILA,11322,1
2013-02-01,2013,2,LA GUAJIRA,4498,3
2013-02-01,2013,2,MAGDALENA,42653,1
2013-02-01,2013,2,META,3342,2
2013-02-01,2013,2,NARINO,10971,3
2013-02-01,2013,2,NORTE DE SANTANDER,31559,1
2013-02-01,2013,2,PUTUMAYO,3016,3
2013-02-01,2013,2,QUINDIO,9048,1
2013-02-01,2013,2,RISARALDA,35992,1
2013-02-01,2013,2,"SAN ANDRES, PROVIDENCIA Y SANTA CATALINA",35626,2
2013-02-01,2013,2,SANTANDER,56927,2
2013-02-01,2013,2,SIN ESPECIFICAR,3,1
2013-02-01,2013,2,SUCRE,1541,3
2013-02-01,2013,2,TOLIMA,5662,1
2013-02-01,2013,2,VALLE DEL CAUCA,114492,2
2013-02-01,2013,2,VAUPES,680,4
2013-02-01,2013,2,VICHADA,1765,3
2013-03-01,2013,3,AMAZONAS,6552,4
2013-03-01,2013,3,ANTIOQUIA,243553,7
2013-03-01,2013,3,ARAUCA,4449,2
2013-03-01,2013,3,ATLANTICO,73919,1
2013-03-01,2013,3,BOGOTA D.C.,530678,1
2013-03-01,2013,3,BOLIVAR,117155,1
2013-03-01,2013,3,CALDAS,8439,1
2013-03-01,2013,3,CAQUETA,3248,3
2013-03-01,2013,3,CASANARE,15581,2
2013-03-01,2013,3,CAUCA,3592,2
2013-03-01,2013,3,CESAR,12070,2
2013-03-01,2013,3,CHOCO,14986,5
2013-03-01,2013,3,CORDOBA,27056,1
2013-03-01,2013,3,GUAINIA,1023,2
2013-03-01,2013,3,GUAVIARE,1232,2
2013-03-01,2013,3,HUILA,11970,1
2013-03-01,2013,3,LA GUAJIRA,6202,3
2013-03-01,2013,3,MAGDALENA,50074,1
2013-03-01,2013,3,META,3533,2
2013-03-01,2013,3,NARINO,12737,3
2013-03-01,2013,3,NORTE DE SANTANDER,33570,1
2013-03-01,2013,3,PUTUMAYO,3137,3
2013-03-01,2013,3,QUINDIO,10024,1
2013-03-01,2013,3,RISARALDA,40056,1
2013-03-01,2013,3,"SAN ANDRES, PROVIDENCIA Y SANTA CATALINA",39194,2
2013-03-01,2013,3,SANTANDER,64825,2
2013-03-01,2013,3,SIN ESPECIFICAR,0,1
2013-03-01,2013,3,SUCRE,1945,3
2013-03-01,2013,3,TOLIMA,5787,2
2013-03-01,2013,3,VALLE DEL CAUCA,131812,2
2013-03-01,2013,3,VAUPES,788,4
2013-03-01,2013,3,VICHADA,1856,3
2013-04-01,2013,4,AMAZONAS,6012,4
2013-04-01,2013,4,ANTIOQUIA,240512,6
2013-04-01,2013,4,ARAUCA,5140,2
2013-04-01,2013,4,ATLANTICO,69379,1
2013-04-01,2013,4,BOGOTA D.C.,550103,1
2013-04-01,2013,4,BOLIVAR,102561,1
2013-04-01,2013,4,CALDAS,8445,1
2013-04-01,2013,4,CAQUETA,3131,3
2013-04-01,2013,4,CASANARE,16669,2
2013-04-01,2013,4,CAUCA,3693,2
2013-04-01,2013,4,CESAR,13644,1
2013-04-01,2013,4,CHOCO,15129,5
2013-04-01,2013,4,CORDOBA,24100,1
2013-04-01,2013,4,GUAINIA,1074,2
2013-04-01,2013,4,GUAVIARE,1132,2
2013-04-01,2013,4,HUILA,12358,1
2013-04-01,2013,4,LA GUAJIRA,8040,3
2013-04-01,2013,4,MAGDALENA,45654,1
2013-04-01,2013,4,META,3622,2
2013-04-01,2013,4,NARINO,11830,3
2013-04-01,2013,4,NORTE DE SANTANDER,32171,1
2013-04-01,2013,4,PUTUMAYO,3376,3
2013-04-01,2013,4,QUINDIO,9181,1
2013-04-01,2013,4,RISARALDA,38225,1
2013-04-01,2013,4,"SAN ANDRES, PROVIDENCIA Y SANTA CATALINA",33695,2
2013-04-01,2013,4,SANTANDER,64374,2
2013-04-01,2013,4,SIN ESPECIFICAR,0,1
2013-04-01,2013,4,SUCRE,1657,2
2013-04-01,2013,4,TOLIMA,5954,1
2013-04-01,2013,4,VALLE DEL CAUCA,134708,2
2013-04-01,2013,4,VAUPES,658,3
2013-04-01,2013,4,VICHADA,1527,3
2013-05-01,2013,5,AMAZONAS,7028,4
2013-05-01,2013,5,ANTIOQUIA,257232,6
2013-05-01,2013,5,ARAUCA,5162,2
2013-05-01,2013,5,ATLANTICO,75199,1
2013-05-01,2013,5,BOGOTA D.C.,582630,1
2013-05-01,2013,5,BOLIVAR,114707,1
2013-05-01,2013,5,CALDAS,7758,1
2013-05-01,2013,5,CAQUETA,3325,4
2013-05-01,2013,5,CASANARE,17239,2
2013-05-01,2013,5,CAUCA,3780,2
2013-05-01,2013,5,CESAR,13436,1
2013-05-01,2013,5,CHOCO,15331,5
2013-05-01,2013,5,CORDOBA,27677,1
2013-05-01,2013,5,GUAINIA,979,2
2013-05-01,2013,5,GUAVIARE,1000,2
2013-05-01,2013,5,HUILA,13025,1
2013-05-01,2013,5,LA GUAJIRA,8905,3
2013-05-01,2013,5,MAGDALENA,50797,1
2013-05-01,2013,5,META,3712,2
2013-05-01,2013,5,NARINO,11590,3
2013-05-01,2013,5,NORTE DE SANTANDER,35443,1
2013-05-01,2013,5,PUTUMAYO,3418,3
2013-05-01,2013,5,QUINDIO,10409,1
2013-05-01,2013,5,RISARALDA,42374,1
2013-05-01,2013,5,"SAN ANDRES, PROVIDENCIA Y SANTA CATALINA",37834,2
2013-05-01,2013,5,SANTANDER,70319,2
2013-05-01,2013,5,SIN ESPECIFICAR,0,1
2013-05-01,2013,5,SUCRE,1792,3
2013-05-01,2013,5,TOLIMA,5942,1
2013-05-01,2013,5,VALLE DEL CAUCA,146657,2
2013-05-01,2013,5,VAUPES,910,4
2013-05-01,2013,5,VICHADA,1515,3
2013-06-01,2013,6,AMAZONAS,8394,4
2013-06-01,2013,6,ANTIOQUIA,271834,6
2013-06-01,2013,6,ARAUCA,4775,2
2013-06-01,2013,6,ATLANTICO,82834,1
2013-06-01,2013,6,BOGOTA D.C.,577898,1
2013-06-01,2013,6,BOLIVAR,129371,1
2013-06-01,2013,6,CALDAS,8504,1
2013-06-01,2013,6,CAQUETA,2907,4
2013-06-01,2013,6,CASANARE,16046,2
2013-06-01,2013,6,CAUCA,3708,2
2013-06-01,2013,6,CESAR,12909,1
2013-06-01,2013,6,CHOCO,16761,5
2013-06-01,2013,6,CORDOBA,34430,1
2013-06-01,2013,6,GUAINIA,1019,2
2013-06-01,2013,6,GUAVIARE,1213,2
2013-06-01,2013,6,HUILA,12567,1
2013-06-01,2013,6,LA GUAJIRA,8212,3
2013-06-01,2013,6,MAGDALENA,57513,1
2013-06-01,2013,6,META,3922,2
2013-06-01,2013,6,NARINO,12787,3
2013-06-01,2013,6,NORTE DE SANTANDER,35662,1
2013-06-01,2013,6,PUTUMAYO,3039,3
2013-06-01,2013,6,QUINDIO,10464,1
2013-06-01,2013,6,RISARALDA,40897,1
2013-06-01,2013,6,"SAN ANDRES, PROVIDENCIA Y SANTA CATALINA",50178,2
2013-06-01,2013,6,SANTANDER,67704,2
2013-06-01,2013,6,SIN ESPECIFICAR,0,1
2013-06-01,2013,6,SUCRE,2175,3
2013-06-01,2013,6,TOLIMA,5506,1
2013-06-01,2013,6,VALLE DEL CAUCA,146132,2
2013-06-01,2013,6,VAUPES,609,3
2013-06-01,2013,6,VICHADA,1675,3
2013-07-01,2013,7,AMAZONAS,8710,4
2013-07-01,2013,7,ANTIOQUIA,287264,6
2013-07-01,2013,7,ARAUCA,4999,2
2013-07-01,2013,7,ATLANTICO,84993,1
2013-07-01,2013,7,BOGOTA D.C.,631443,1
2013-07-01,2013,7,BOLIVAR,130625,1
2013-07-01,2013,7,CALDAS,8450,1
2013-07-01,2013,7,CAQUETA,3399,3
2013-07-01,2013,7,CASANARE,16240,2
2013-07-01,2013,7,CAUCA,3965,2
2013-07-01,2013,7,CESAR,13160,2
2013-07-01,2013,7,CHOCO,16819,5
2013-07-01,2013,7,CORDOBA,34879,1
2013-07-01,2013,7,GUAINIA,1012,2
2013-07-01,2013,7,GUAVIARE,1203,2
2013-07-01,2013,7,HUILA,12977,1
2013-07-01,2013,7,LA GUAJIRA,9274,3
2013-07-01,2013,7,MAGDALENA,55897,1
2013-07-01,2013,7,META,3955,2
2013-07-01,2013,7,NARINO,13075,3
2013-07-01,2013,7,NORTE DE SANTANDER,37348,1
2013-07-01,2013,7,PUTUMAYO,3501,3
2013-07-01,2013,7,QUINDIO,10952,1
2013-07-01,2013,7,RISARALDA,42008,1
2013-07-01,2013,7,"SAN ANDRES, PROVIDENCIA Y SANTA CATALINA",53100,2
2013-07-01,2013,7,SANTANDER,71377,2
2013-07-01,2013,7,SIN ESPECIFICAR,0,1
2013-07-01,2013,7,SUCRE,1489,2
2013-07-01,2013,7,TOLIMA,6276,1
2013-07-01,2013,7,VALLE DEL CAUCA,159531,2
2013-07-01,2013,7,VAUPES,578,4
2013-07-01,2013,7,VICHADA,1537,3
2013-08-01,2013,8,AMAZONAS,7719,4
2013-08-01,2013,8,ANTIOQUIA,277226,6
2013-08-01,2013,8,ARAUCA,4951,2
2013-08-01,2013,8,ATLANTICO,78963,1
2013-08-01,2013,8,BOGOTA D.C.,607950,1
2013-08-01,2013,8,BOLIVAR,129892,1
2013-08-01,2013,8,BOYACA,184,1
2013-08-01,2013,8,CALDAS,7345,1
2013-08-01,2013,8,CAQUETA,2775,4
2013-08-01,2013,8,CASANARE,16617,2
2013-08-01,2013,8,CAUCA,4133,2
2013-08-01,2013,8,CESAR,13134,1
2013-08-01,2013,8,CHOCO,16148,5
2013-08-01,2013,8,CORDOBA,31653,1
2013-08-01,2013,8,GUAINIA,1114,2
2013-08-01,2013,8,GUAVIARE,1069,2
2013-08-01,2013,8,HUILA,13624,1
2013-08-01,2013,8,LA GUAJIRA,8628,3
2013-08-01,2013,8,MAGDALENA,53851,1
2013-08-01,2013,8,META,4529,4
2013-08-01,2013,8,NARINO,12282,3
2013-08-01,2013,8,NORTE DE SANTANDER,35644,1
2013-08-01,2013,8,PUTUMAYO,3146,3
2013-08-01,2013,8,QUINDIO,10091,1
2013-08-01,2013,8,RISARALDA,45632,1
2013-08-01,2013,8,"SAN ANDRES, PROVIDENCIA Y SANTA CATALINA",51486,2
2013-08-01,2013,8,SANTANDER,71240,2
2013-08-01,2013,8,SIN ESPECIFICAR,17,1
2013-08-01,2013,8,SUCRE,1275,2
2013-08-01,2013,8,TOLIMA,7026,1
2013-08-01,2013,8,VALLE DEL CAUCA,155835,2
2013-08-01,2013,8,VAUPES,899,4
2013-08-01,2013,8,VICHADA,1323,3
2013-09-01,2013,9,AMAZONAS,7224,4
2013-09-01,2013,9,ANTIOQUIA,248396,6
2013-09-01,2013,9,ARAUCA,4774,2
2013-09-01,2013,9,ATLANTICO,78806,1
2013-09-01,2013,9,BOGOTA D.C.,575732,1
2013-09-01,2013,9,BOLIVAR,111652,1
2013-09-01,2013,9,CALDAS,5688,1
2013-09-01,2013,9,CAQUETA,2687,3
2013-09-01,2013,9,CASANARE,18010,2
2013-09-01,2013,9,CAUCA,4028,2
2013-09-01,2013,9,CESAR,12903,2
2013-09-01,2013,9,CHOCO,15522,4
2013-09-01,2013,9,CORDOBA,29101,1
2013-09-01,2013,9,GUAINIA,965,2
2013-09-01,2013,9,GUAVIARE,1192,2
2013-09-01,2013,9,HUILA,11918,1
2013-09-01,2013,9,LA GUAJIRA,8962,3
2013-09-01,2013,9,MAGDALENA,48687,1
2013-09-01,2013,9,META,4218,2
2013-09-01,2013,9,NARINO,12245,3
2013-09-01,2013,9,NORTE DE SANTANDER,32366,1
2013-09-01,2013,9,PUTUMAYO,3264,3
2013-09-01,2013,9,QUINDIO,9617,1
2013-09-01,2013,9,RISARALDA,40595,1
2013-09-01,2013,9,"SAN ANDRES, PROVIDENCIA Y SANTA CATALINA",42275,2
2013-09-01,2013,9,SANTANDER,69804,2
2013-09-01,2013,9,SIN ESPECIFICAR,0,1
2013-09-01,2013,9,SUCRE,1113,3
2013-09-01,2013,9,TOLIMA,5715,1
2013-09-01,2013,9,VALLE DEL CAUCA,142022,2
2013-09-01,2013,9,VAUPES,768,3
2013-09-01,2013,9,VICHADA,1448,3
2013-10-01,2013,10,AMAZONAS,7542,4
2013-10-01,2013,10,ANTIOQUIA,273258,6
2013-10-01,2013,10,ARAUCA,5348,2
2013-10-01,2013,10,ATLANTICO,85059,1
2013-10-01,2013,10,BOGOTA D.C.,604759,1
2013-10-01,2013,10,BOLIVAR,121477,2
2013-10-01,2013,10,CALDAS,6800,1
2013-10-01,2013,10,CAQUETA,3256,4
2013-10-01,2013,10,CASANARE,16535,2
2013-10-01,2013,10,CAUCA,4287,2
2013-10-01,2013,10,CESAR,13619,1
2013-10-01,2013,10,CHOCO,16346,4
2013-10-01,2013,10,CORDOBA,30192,1
2013-10-01,2013,10,GUAINIA,1298,2
2013-10-01,2013,10,GUAVIARE,1354,2
2013-10-01,2013,10,HUILA,14057,1
2013-10-01,2013,10,LA GUAJIRA,8628,3
2013-10-01,2013,10,MAGDALENA,51454,1
2013-10-01,2013,10,META,4971,3
2013-10-01,2013,10,NARINO,12772,3
2013-10-01,2013,10,NORTE DE SANTANDER,33274,1
2013-10-01,2013,10,PUTUMAYO,4015,3
2013-10-01,2013,10,QUINDIO,11591,1
2013-10-01,2013,10,RISARALDA,40399,1
2013-10-01,2013,10,"SAN ANDRES, PROVIDENCIA Y SANTA CATALINA",46747,2
2013-10-01,2013,10,SANTANDER,70922,2
2013-10-01,2013,10,SIN ESPECIFICAR,0,1
2013-10-01,2013,10,SUCRE,1189,3
2013-10-01,2013,10,TOLIMA,6089,1
2013-10-01,2013,10,VALLE DEL CAUCA,150488,2
2013-10-01,2013,10,VAUPES,1039,3
2013-10-01,2013,10,VICHADA,1895,3
2013-11-01,2013,11,AMAZONAS,8939,4
2013-11-01,2013,11,ANTIOQUIA,268652,6
2013-11-01,2013,11,ARAUCA,4718,2
2013-11-01,2013,11,ATLANTICO,86098,1
2013-11-01,2013,11,BOGOTA D.C.,592914,1
2013-11-01,2013,11,BOLIVAR,119235,1
2013-11-01,2013,11,CALDAS,5868,1
2013-11-01,2013,11,CAQUETA,3094,4
2013-11-01,2013,11,CASANARE,17732,2
2013-11-01,2013,11,CAUCA,4111,2
2013-11-01,2013,11,CESAR,13551,1
2013-11-01,2013,11,CHOCO,14600,4
2013-11-01,2013,11,CORDOBA,31773,1
2013-11-01,2013,11,GUAINIA,1214,2
2013-11-01,2013,11,GUAVIARE,1446,2
2013-11-01,2013,11,HUILA,14020,1
2013-11-01,2013,11,LA GUAJIRA,9534,3
2013-11-01,2013,11,MAGDALENA,52266,1
2013-11-01,2013,11,META,4295,2
2013-11-01,2013,11,NARINO,11797,3
2013-11-01,2013,11,NORTE DE SANTANDER,34180,1
2013-11-01,2013,11,PUTUMAYO,3886,3
2013-11-01,2013,11,QUINDIO,10990,1
2013-11-01,2013,11,RISARALDA,43601,1
2013-11-01,2013,11,"SAN ANDRES, PROVIDENCIA Y SANTA CATALINA",47857,2
2013-11-01,2013,11,SANTANDER,71344,2
2013-11-01,2013,11,SIN ESPECIFICAR,0,1
2013-11-01,2013,11,SUCRE,1554,3
2013-11-01,2013,11,TOLIMA,6078,1
2013-11-01,2013,11,VALLE DEL CAUCA,148560,2
2013-11-01,2013,11,VAUPES,842,4
2013-11-01,2013,11,VICHADA,1616,3
2013-12-01,2013,12,AMAZONAS,9673,4
2013-12-01,2013,12,ANTIOQUIA,281248,6
2013-12-01,2013,12,ARAUCA,4846,2
2013-12-01,2013,12,ATLANTICO,90873,1
2013-12-01,2013,12,BOGOTA D.C.,542893,1
2013-12-01,2013,12,BOLIVAR,136404,1
2013-12-01,2013,12,CALDAS,7367,1
2013-12-01,2013,12,CAQUETA,3128,4
2013-12-01,2013,12,CASANARE,17217,3
2013-12-01,2013,12,CAUCA,4966,2
2013-12-01,2013,12,CESAR,14535,2
2013-12-01,2013,12,CHOCO,19257,4
2013-12-01,2013,12,CORDOBA,37193,1
2013-12-01,2013,12,GUAINIA,1076,2
2013-12-01,2013,12,GUAVIARE,1158,2
2013-12-01,2013,12,HUILA,13756,1
2013-12-01,2013,12,LA GUAJIRA,10749,3
2013-12-01,2013,12,MAGDALENA,56034,1
2013-12-01,2013,12,META,4903,3
2013-12-01,2013,12,NARINO,13611,3
2013-12-01,2013,12,NORTE DE SANTANDER,38257,1
2013-12-01,2013,12,PUTUMAYO,4970,3
2013-12-01,2013,12,QUINDIO,11953,1
2013-12-01,2013,12,RISARALDA,44404,1
2013-12-01,2013,12,"SAN ANDRES, PROVIDENCIA Y SANTA CATALINA",57032,2
2013-12-01,2013,12,SANTANDER,72218,2
2013-12-01,2013,12,SIN ESPECIFICAR,0,1
2013-12-01,2013,12,SUCRE,2162,3
2013-12-01,2013,12,TOLIMA,6217,1
2013-12-01,2013,12,VALLE DEL CAUCA,155076,3
2013-12-01,2013,12,VAUPES,931,4
2013-12-01,2013,12,VICHADA,1694,3
2014-01-01,2014,1,AMAZONAS,9616,4
2014-01-01,2014,1,ANTIOQUIA,256803,6
2014-01-01,2014,1,ARAUCA,5040,2
2014-01-01,2014,1,ATLANTICO,80331,1
2014-01-01,2014,1,BOGOTA D.C.,603371,1
2014-01-01,2014,1,BOLIVAR,126748,1
2014-01-01,2014,1,CALDAS,7204,1
2014-01-01,2014,1,CAQUETA,2521,4
2014-01-01,2014,1,CASANARE,15216,2
2014-01-01,2014,1,CAUCA,3645,2
2014-01-01,2014,1,CESAR,12473,1
2014-01-01,2014,1,CHOCO,14096,4
2014-01-01,2014,1,CORDOBA,29381,1
2014-01-01,2014,1,GUAINIA,1349,2
2014-01-01,2014,1,GUAVIARE,819,2
2014-01-01,2014,1,HUILA,10522,1
2014-01-01,2014,1,LA GUAJIRA,6189,2
2014-01-01,2014,1,MAGDALENA,54080,1
2014-01-01,2014,1,META,3107,2
2014-01-01,2014,1,NARINO,11103,3
2014-01-01,2014,1,NORTE DE SANTANDER,33579,1
2014-01-01,2014,1,PUTUMAYO,3741,3
2014-01-01,2014,1,QUINDIO,10194,1
2014-01-01,2014,1,RISARALDA,37977,1
2014-01-01,2014,1,"SAN ANDRES, PROVIDENCIA Y SANTA CATALINA",52464,2
2014-01-01,2014,1,SANTANDER,61243,2
2014-01-01,2014,1,SIN ESPECIFICAR,0,1
2014-01-01,2014,1,SUCRE,1869,2
2014-01-01,2014,1,TOLIMA,5019,1
2014-01-01,2014,1,VALLE DEL CAUCA,135490,2
2014-01-01,2014,1,VAUPES,1407,4
2014-01-01,2014,1,VICHADA,1942,3
2014-02-01,2014,2,AMAZONAS,7968,4
2014-02-01,2014,2,ANTIOQUIA,231153,5
2014-02-01,2014,2,ARAUCA,4211,2
2014-02-01,2014,2,ATLANTICO,74143,1
2014-02-01,2014,2,BOGOTA D.C.,516637,1
2014-02-01,2014,2,BOLIVAR,105576,1
2014-02-01,2014,2,CALDAS,7306,1
2014-02-01,2014,2,CAQUETA,3230,2
2014-02-01,2014,2,CASANARE,16374,2
2014-02-01,2014,2,CAUCA,4081,2
2014-02-01,2014,2,CESAR,12811,2
2014-02-01,2014,2,CHOCO,12960,4
2014-02-01,2014,2,CORDOBA,25300,1
2014-02-01,2014,2,GUAINIA,931,2
2014-02-01,2014,2,GUAVIARE,870,2
2014-02-01,2014,2,HUILA,11822,1
2014-02-01,2014,2,LA GUAJIRA,5813,2
2014-02-01,2014,2,MAGDALENA,41671,1
2014-02-01,2014,2,META,3721,2
2014-02-01,2014,2,NARINO,10960,3
2014-02-01,2014,2,NORTE DE SANTANDER,27994,1
2014-02-01,2014,2,PUTUMAYO,3615,3
2014-02-01,2014,2,QUINDIO,10485,1
2014-02-01,2014,2,RISARALDA,41266,1
2014-02-01,2014,2,"SAN ANDRES, PROVIDENCIA Y SANTA CATALINA",42352,2
2014-02-01,2014,2,SANTANDER,61448,2
2014-02-01,2014,2,SIN ESPECIFICAR,0,1
2014-02-01,2014,2,SUCRE,1430,2
2014-02-01,2014,2,TOLIMA,5691,1
2014-02-01,2014,2,VALLE DEL CAUCA,134148,2
2014-02-01,2014,2,VAUPES,1095,4
2014-02-01,2014,2,VICHADA,1369,3
2014-03-01,2014,3,AMAZONAS,8121,4
2014-03-01,2014,3,ANTIOQUIA,250997,5
2014-03-01,2014,3,ARAUCA,5142,2
2014-03-01,2014,3,ATLANTICO,80865,1
2014-03-01,2014,3,BOGOTA D.C.,591969,1
2014-03-01,2014,3,BOLIVAR,112219,1
2014-03-01,2014,3,CALDAS,6403,1
2014-03-01,2014,3,CAQUETA,3705,3
2014-03-01,2014,3,CASANARE,17291,2
2014-03-01,2014,3,CAUCA,4827,2
2014-03-01,2014,3,CESAR,13633,1
2014-03-01,2014,3,CHOCO,13646,4
2014-03-01,2014,3,CORDOBA,27138,1
2014-03-01,2014,3,GUAINIA,1140,2
2014-03-01,2014,3,GUAVIARE,1172,2
2014-03-01,2014,3,HUILA,13251,1
2014-03-01,2014,3,LA GUAJIRA,6506,2
2014-03-01,2014,3,MAGDALENA,42865,1
2014-03-01,2014,3,META,3768,2
2014-03-01,2014,3,NARINO,11910,3
2014-03-01,2014,3,NORTE DE SANTANDER,28944,1
2014-03-01,2014,3,PUTUMAYO,3997,3
2014-03-01,2014,3,QUINDIO,12421,1
2014-03-01,2014,3,RISARALDA,48203,1
2014-03-01,2014,3,"SAN ANDRES, PROVIDENCIA Y SANTA CATALINA",43169,2
2014-03-01,2014,3,SANTANDER,70758,2
2014-03-01,2014,3,SIN ESPECIFICAR,1,1
2014-03-01,2014,3,SUCRE,1516,2
2014-03-01,2014,3,TOLIMA,6276,1
2014-03-01,2014,3,VALLE DEL CAUCA,146317,2
2014-03-01,2014,3,VAUPES,1267,4
2014-03-01,2014,3,VICHADA,1733,3
2014-04-01,2014,4,AMAZONAS,7989,4
2014-04-01,2014,4,ANTIOQUIA,248614,5
2014-04-01,2014,4,ARAUCA,4833,2
2014-04-01,2014,4,ATLANTICO,84697,1
2014-04-01,2014,4,BOGOTA D.C.,579032,1
2014-04-01,2014,4,BOLIVAR,113806,1
2014-04-01,2014,4,CALDAS,7373,1
2014-04-01,2014,4,CAQUETA,3546,4
2014-04-01,2014,4,CASANARE,17511,2
2014-04-01,2014,4,CAUCA,4854,2
2014-04-01,2014,4,CESAR,13770,1
2014-04-01,2014,4,CHOCO,15221,4
2014-04-01,2014,4,CORDOBA,30766,2
2014-04-01,2014,4,GUAINIA,970,2
2014-04-01,2014,4,GUAVIARE,1052,2
2014-04-01,2014,4,HUILA,12087,1
2014-04-01,2014,4,LA GUAJIRA,8809,2
2014-04-01,2014,4,MAGDALENA,44302,1
2014-04-01,2014,4,META,3837,2
2014-04-01,2014,4,NARINO,13343,3
2014-04-01,2014,4,NORTE DE SANTANDER,30636,1
2014-04-01,2014,4,PUTUMAYO,3953,3
2014-04-01,2014,4,QUINDIO,11391,1
2014-04-01,2014,4,RISARALDA,45215,1
2014-04-01,2014,4,"SAN ANDRES, PROVIDENCIA Y SANTA CATALINA",37358,2
2014-04-01,2014,4,SANTANDER,65231,2
2014-04-01,2014,4,SIN ESPECIFICAR,0,1
2014-04-01,2014,4,SUCRE,1873,2
2014-04-01,2014,4,TOLIMA,7152,1
2014-04-01,2014,4,VALLE DEL CAUCA,148408,2
2014-04-01,2014,4,VAUPES,992,4
2014-04-01,2014,4,VICHADA,1759,4
2014-05-01,2014,5,AMAZONAS,8999,4
2014-05-01,2014,5,ANTIOQUIA,253944,5
2014-05-01,2014,5,ARAUCA,5155,2
2014-05-01,2014,5,ATLANTICO,79105,1
2014-05-01,2014,5,BOGOTA D.C.,590209,1
2014-05-01,2014,5,BOLIVAR,108381,1
2014-05-01,2014,5,CALDAS,7247,1
2014-05-01,2014,5,CAQUETA,3734,2
2014-05-01,2014,5,CASANARE,18041,2
2014-05-01,2014,5,CAUCA,5128,2
2014-05-01,2014,5,CESAR,16134,2
2014-05-01,2014,5,CHOCO,14182,4
2014-05-01,2014,5,CORDOBA,27325,1
2014-05-01,2014,5,GUAINIA,1048,2
2014-05-01,2014,5,GUAVIARE,990,2
2014-05-01,2014,5,HUILA,11098,2
2014-05-01,2014,5,LA GUAJIRA,9803,3
2014-05-01,2014,5,MAGDALENA,45203,1
2014-05-01,2014,5,META,4053,2
2014-05-01,2014,5,NARINO,13798,3
2014-05-01,2014,5,NORTE DE SANTANDER,33159,1
2014-05-01,2014,5,PUTUMAYO,4478,3
2014-05-01,2014,5,QUINDIO,13518,1
2014-05-01,2014,5,RISARALDA,51452,1
2014-05-01,2014,5,"SAN ANDRES, PROVIDENCIA Y SANTA CATALINA",38420,2
2014-05-01,2014,5,SANTANDER,74613,2
2014-05-01,2014,5,SIN ESPECIFICAR,0,1
2014-05-01,2014,5,SUCRE,1885,2
2014-05-01,2014,5,TOLIMA,7077,1
2014-05-01,2014,5,VALLE DEL CAUCA,154090,2
2014-05-01,2014,5,VAUPES,894,4
2014-05-01,2014,5,VICHADA,1571,3
2014-06-01,2014,6,AMAZONAS,9350,4
2014-06-01,2014,6,ANTIOQUIA,247688,5
2014-06-01,2014,6,ARAUCA,4950,2
2014-06-01,2014,6,ATLANTICO,84451,1
2014-06-01,2014,6,BOGOTA D.C.,595764,1
2014-06-01,2014,6,BOLIVAR,120305,1
2014-06-01,2014,6,CALDAS,8487,1
2014-06-01,2014,6,CAQUETA,3169,2
2014-06-01,2014,6,CASANARE,17943,2
2014-06-01,2014,6,CAUCA,4716,2
2014-06-01,2014,6,CESAR,15082,1
2014-06-01,2014,6,CHOCO,15351,4
2014-06-01,2014,6,CORDOBA,34804,1
2014-06-01,2014,6,GUAINIA,1004,2
2014-06-01,2014,6,GUAVIARE,903,2
2014-06-01,2014,6,HUILA,10339,1
2014-06-01,2014,6,LA GUAJIRA,10223,3
2014-06-01,2014,6,MAGDALENA,44468,1
2014-06-01,2014,6,META,3722,2
2014-06-01,2014,6,NARINO,13761,3
2014-06-01,2014,6,NORTE DE SANTANDER,35908,1
2014-06-01,2014,6,PUTUMAYO,4084,3
2014-06-01,2014,6,QUINDIO,12059,1
2014-06-01,2014,6,RISARALDA,46764,1
2014-06-01,2014,6,"SAN ANDRES, PROVIDENCIA Y SANTA CATALINA",44818,2
2014-06-01,2014,6,SANTANDER,76626,2
2014-06-01,2014,6,SIN ESPECIFICAR,0,1
2014-06-01,2014,6,SUCRE,2339,3
2014-06-01,2014,6,TOLIMA,6568,1
2014-06-01,2014,6,VALLE DEL CAUCA,148578,2
2014-06-01,2014,6,VAUPES,776,4
2014-06-01,2014,6,VICHADA,1439,2
2014-07-01,2014,7,AMAZONAS,8166,4
2014-07-01,2014,7,ANTIOQUIA,260871,5
2014-07-01,2014,7,ARAUCA,5465,2
2014-07-01,2014,7,ATLANTICO,90990,1
2014-07-01,2014,7,BOGOTA D.C.,654205,1
2014-07-01,2014,7,BOLIVAR,130542,1
2014-07-01,2014,7,CALDAS,9328,1
2014-07-01,2014,7,CAQUETA,3464,2
2014-07-01,2014,7,CASANARE,18683,2
2014-07-01,2014,7,CAUCA,5387,2
2014-07-01,2014,7,CESAR,15187,2
2014-07-01,2014,7,CHOCO,17370,4
2014-07-01,2014,7,CORDOBA,35105,1
2014-07-01,2014,7,GUAINIA,1097,2
2014-07-01,2014,7,GUAVIARE,1010,2
2014-07-01,2014,7,HUILA,10006,1
2014-07-01,2014,7,LA GUAJIRA,10102,3
2014-07-01,2014,7,MAGDALENA,52395,1
2014-07-01,2014,7,META,6348,2
2014-07-01,2014,7,NARINO,14817,3
2014-07-01,2014,7,NORTE DE SANTANDER,39967,1
2014-07-01,2014,7,PUTUMAYO,4496,3
2014-07-01,2014,7,QUINDIO,12964,1
2014-07-01,2014,7,RISARALDA,48257,1
2014-07-01,2014,7,"SAN ANDRES, PROVIDENCIA Y SANTA CATALINA",50602,2
2014-07-01,2014,7,SANTANDER,79395,2
2014-07-01,2014,7,SIN ESPECIFICAR,0,1
2014-07-01,2014,7,SUCRE,2264,2
2014-07-01,2014,7,TOLIMA,7135,1
2014-07-01,2014,7,VALLE DEL CAUCA,162007,2
2014-07-01,2014,7,VAUPES,1126,4
2014-07-01,2014,7,VICHADA,2014,2
2014-08-01,2014,8,AMAZONAS,7870,4
2014-08-01,2014,8,ANTIOQUIA,261759,5
2014-08-01,2014,8,ARAUCA,5050,2
2014-08-01,2014,8,ATLANTICO,88833,1
2014-08-01,2014,8,BOGOTA D.C.,649773,1
2014-08-01,2014,8,BOLIVAR,127820,1
2014-08-01,2014,8,CALDAS,9649,1
2014-08-01,2014,8,CAQUETA,3324,2
2014-08-01,2014,8,CASANARE,17318,2
2014-08-01,2014,8,CAUCA,4744,2
2014-08-01,2014,8,CESAR,14877,2
2014-08-01,2014,8,CHOCO,15130,4
2014-08-01,2014,8,CORDOBA,34722,1
2014-08-01,2014,8,GUAINIA,1081,2
2014-08-01,2014,8,GUAVIARE,1049,2
2014-08-01,2014,8,HUILA,10988,1
2014-08-01,2014,8,LA GUAJIRA,9816,3
2014-08-01,2014,8,MAGDALENA,50495,1
2014-08-01,2014,8,META,6553,2
2014-08-01,2014,8,NARINO,14139,3
2014-08-01,2014,8,NORTE DE SANTANDER,41057,1
2014-08-01,2014,8,PUTUMAYO,4289,3
2014-08-01,2014,8,QUINDIO,12660,1
2014-08-01,2014,8,RISARALDA,48632,1
2014-08-01,2014,8,"SAN ANDRES, PROVIDENCIA Y SANTA CATALINA",49759,2
2014-08-01,2014,8,SANTANDER,74502,2
2014-08-01,2014,8,SIN ESPECIFICAR,0,1
2014-08-01,2014,8,SUCRE,2357,2
2014-08-01,2014,8,TOLIMA,7109,1
2014-08-01,2014,8,VALLE DEL CAUCA,160533,2
2014-08-01,2014,8,VAUPES,1030,3
2014-08-01,2014,8,VICHADA,1534,3
2014-09-01,2014,9,AMAZONAS,7431,4
2014-09-01,2014,9,ANTIOQUIA,252413,5
2014-09-01,2014,9,ARAUCA,5968,2
2014-09-01,2014,9,ATLANTICO,86937,1
2014-09-01,2014,9,BOGOTA D.C.,643534,1
2014-09-01,2014,9,BOLIVAR,117933,1
2014-09-01,2014,9,CALDAS,8216,1
2014-09-01,2014,9,CAQUETA,3525,2
2014-09-01,2014,9,CASANARE,18352,2
2014-09-01,2014,9,CAUCA,5005,2
2014-09-01,2014,9,CESAR,15177,2
2014-09-01,2014,9,CHOCO,14879,4
2014-09-01,2014,9,CORDOBA,33120,1
2014-09-01,2014,9,GUAINIA,1038,2
2014-09-01,2014,9,GUAVIARE,1251,2
2014-09-01,2014,9,HUILA,11443,1
2014-09-01,2014,9,LA GUAJIRA,9563,3
2014-09-01,2014,9,MAGDALENA,49036,1
2014-09-01,2014,9,META,6988,2
2014-09-01,2014,9,NARINO,14458,3
2014-09-01,2014,9,NORTE DE SANTANDER,44035,1
2014-09-01,2014,9,PUTUMAYO,4349,3
2014-09-01,2014,9,QUINDIO,12343,1
2014-09-01,2014,9,RISARALDA,49327,1
2014-09-01,2014,9,"SAN ANDRES, PROVIDENCIA Y SANTA CATALINA",45706,2
2014-09-01,2014,9,SANTANDER,81539,2
2014-09-01,2014,9,SIN ESPECIFICAR,0,1
2014-09-01,2014,9,SUCRE,2389,3
2014-09-01,2014,9,TOLIMA,7396,1
2014-09-01,2014,9,VALLE DEL CAUCA,156876,2
2014-09-01,2014,9,VAUPES,1154,4
2014-09-01,2014,9,VICHADA,1736,3
2014-10-01,2014,10,AMAZONAS,7439,4
2014-10-01,2014,10,ANTIOQUIA,281990,5
2014-10-01,2014,10,ARAUCA,6869,2
2014-10-01,2014,10,ATLANTICO,98999,1
2014-10-01,2014,10,BOGOTA D.C.,699765,1
2014-10-01,2014,10,BOLIVAR,127529,1
2014-10-01,2014,10,CALDAS,8246,1
2014-10-01,2014,10,CAQUETA,3577,3
2014-10-01,2014,10,CASANARE,20247,2
2014-10-01,2014,10,CAUCA,4680,2
2014-10-01,2014,10,CESAR,15124,2
2014-10-01,2014,10,CHOCO,15553,4
2014-10-01,2014,10,CORDOBA,37866,1
2014-10-01,2014,10,GUAINIA,1151,2
2014-10-01,2014,10,GUAVIARE,1225,2
2014-10-01,2014,10,HUILA,13777,1
2014-10-01,2014,10,LA GUAJIRA,9134,3
2014-10-01,2014,10,MAGDALENA,55778,1
2014-10-01,2014,10,META,7543,2
2014-10-01,2014,10,NARINO,16243,2
2014-10-01,2014,10,NORTE DE SANTANDER,48231,1
2014-10-01,2014,10,PUTUMAYO,4740,3
2014-10-01,2014,10,QUINDIO,15001,1
2014-10-01,2014,10,RISARALDA,53650,1
2014-10-01,2014,10,"SAN ANDRES, PROVIDENCIA Y SANTA CATALINA",48111,2
2014-10-01,2014,10,SANTANDER,86101,2
2014-10-01,2014,10,SIN ESPECIFICAR,0,1
2014-10-01,2014,10,SUCRE,2746,2
2014-10-01,2014,10,TOLIMA,7109,1
2014-10-01,2014,10,VALLE DEL CAUCA,169086,2
2014-10-01,2014,10,VAUPES,1094,3
2014-10-01,2014,10,VICHADA,1796,2
2014-11-01,2014,11,AMAZONAS,8179,4
2014-11-01,2014,11,ANTIOQUIA,264427,5
2014-11-01,2014,11,ARAUCA,6016,2
2014-11-01,2014,11,ATLANTICO,94637,1
2014-11-01,2014,11,BOGOTA D.C.,656828,1
2014-11-01,2014,11,BOLIVAR,120465,1
2014-11-01,2014,11,CALDAS,8008,1
2014-11-01,2014,11,CAQUETA,3480,2
2014-11-01,2014,11,CASANARE,19049,2
2014-11-01,2014,11,CAUCA,4591,2
2014-11-01,2014,11,CESAR,15613,1
2014-11-01,2014,11,CHOCO,15648,4
2014-11-01,2014,11,CORDOBA,36527,2
2014-11-01,2014,11,GUAINIA,1332,2
2014-11-01,2014,11,GUAVIARE,1278,2
2014-11-01,2014,11,HUILA,13408,1
2014-11-01,2014,11,LA GUAJIRA,9580,3
2014-11-01,2014,11,MAGDALENA,54872,1
2014-11-01,2014,11,META,6682,3
2014-11-01,2014,11,NARINO,17340,2
2014-11-01,2014,11,NORTE DE SANTANDER,45519,1
2014-11-01,2014,11,PUTUMAYO,4049,3
2014-11-01,2014,11,QUINDIO,15039,1
2014-11-01,2014,11,RISARALDA,50872,1
2014-11-01,2014,11,"SAN ANDRES, PROVIDENCIA Y SANTA CATALINA",47788,2
2014-11-01,2014,11,SANTANDER,79169,2
2014-11-01,2014,11,SIN ESPECIFICAR,0,1
2014-11-01,2014,11,SUCRE,2363,3
2014-11-01,2014,11,TOLIMA,6907,1
2014-11-01,2014,11,VALLE DEL CAUCA,157066,2
2014-11-01,2014,11,VAUPES,1416,4
2014-11-01,2014,11,VICHADA,1820,2
2014-12-01,2014,12,AMAZONAS,7867,4
2014-12-01,2014,12,ANTIOQUIA,282009,5
2014-12-01,2014,12,ARAUCA,6820,2
2014-12-01,2014,12,ATLANTICO,110302,1
2014-12-01,2014,12,BOGOTA D.C.,615824,1
2014-12-01,2014,12,BOLIVAR,137953,1
2014-12-01,2014,12,CALDAS,9136,1
2014-12-01,2014,12,CAQUETA,3896,2
2014-12-01,2014,12,CASANARE,18467,2
2014-12-01,2014,12,CAUCA,5134,2
2014-12-01,2014,12,CESAR,16077,2
2014-12-01,2014,12,CHOCO,20025,4
2014-12-01,2014,12,CORDOBA,43190,2
2014-12-01,2014,12,GUAINIA,1155,2
2014-12-01,2014,12,GUAVIARE,1385,2
2014-12-01,2014,12,HUILA,12868,1
2014-12-01,2014,12,LA GUAJIRA,10452,3
2014-12-01,2014,12,MAGDALENA,63118,1
2014-12-01,2014,12,META,5687,2
2014-12-01,2014,12,NARINO,19098,2
2014-12-01,2014,12,NORTE DE SANTANDER,56745,1
2014-12-01,2014,12,PUTUMAYO,4128,3
2014-12-01,2014,12,QUINDIO,17774,1
2014-12-01,2014,12,RISARALDA,57344,1
2014-12-01,2014,12,"SAN ANDRES, PROVIDENCIA Y SANTA CATALINA",57913,2
2014-12-01,2014,12,SANTANDER,84304,2
2014-12-01,2014,12,SIN ESPECIFICAR,0,1
2014-12-01,2014,12,SUCRE,3572,2
2014-12-01,2014,12,TOLIMA,6591,1
2014-12-01,2014,12,VALLE DEL CAUCA,170433,2
2014-12-01,2014,12,VAUPES,1070,4
2014-12-01,2014,12,VICHADA,1690,3
2015-01-01,2015,1,AMAZONAS,8543,4
2015-01-01,2015,1,ANTIOQUIA,254062,5
2015-01-01,2015,1,ARAUCA,5849,2
2015-01-01,2015,1,ATLANTICO,89177,1
2015-01-01,2015,1,BOGOTA D.C.,714376,1
2015-01-01,2015,1,BOLIVAR,137836,1
2015-01-01,2015,1,CALDAS,7878,1
2015-01-01,2015,1,CAQUETA,3193,3
2015-01-01,2015,1,CASANARE,15523,2
2015-01-01,2015,1,CAUCA,3824,2
2015-01-01,2015,1,CESAR,12981,1
2015-01-01,2015,1,CHOCO,14413,4
2015-01-01,2015,1,CORDOBA,34740,2
2015-01-01,2015,1,GUAINIA,1346,2
2015-01-01,2015,1,GUAVIARE,1286,2
2015-01-01,2015,1,HUILA,9739,1
2015-01-01,2015,1,LA GUAJIRA,9002,3
2015-01-01,2015,1,MAGDALENA,63520,1
2015-01-01,2015,1,META,5102,2
2015-01-01,2015,1,NARINO,16169,2
2015-01-01,2015,1,NORTE DE SANTANDER,47836,1
2015-01-01,2015,1,PUTUMAYO,3544,3
2015-01-01,2015,1,QUINDIO,13466,1
2015-01-01,2015,1,RISARALDA,48496,1
2015-01-01,2015,1,"SAN ANDRES, PROVIDENCIA Y SANTA CATALINA",59164,2
2015-01-01,2015,1,SANTANDER,70914,2
2015-01-01,2015,1,SIN ESPECIFICAR,0,1
2015-01-01,2015,1,SUCRE,2813,2
2015-01-01,2015,1,TOLIMA,5433,1
2015-01-01,2015,1,VALLE DEL CAUCA,149916,2
2015-01-01,2015,1,VAUPES,1408,4
2015-01-01,2015,1,VICHADA,1796,2
2015-02-01,2015,2,AMAZONAS,6380,4
2015-02-01,2015,2,ANTIOQUIA,230384,5
2015-02-01,2015,2,ARAUCA,4969,2
2015-02-01,2015,2,ATLANTICO,82997,1
2015-02-01,2015,2,BOGOTA D.C.,579973,1
2015-02-01,2015,2,BOLIVAR,107921,1
2015-02-01,2015,2,CALDAS,7778,1
2015-02-01,2015,2,CAQUETA,3433,2
2015-02-01,2015,2,CASANARE,13896,2
2015-02-01,2015,2,CAUCA,4207,2
2015-02-01,2015,2,CESAR,12227,2
2015-02-01,2015,2,CHOCO,12165,4
2015-02-01,2015,2,CORDOBA,29983,2
2015-02-01,2015,2,GUAINIA,1170,2
2015-02-01,2015,2,GUAVIARE,1026,2
2015-02-01,2015,2,HUILA,10646,1
2015-02-01,2015,2,LA GUAJIRA,8382,3
2015-02-01,2015,2,MAGDALENA,47986,1
2015-02-01,2015,2,META,5178,2
2015-02-01,2015,2,NARINO,13884,2
2015-02-01,2015,2,NORTE DE SANTANDER,35546,1
2015-02-01,2015,2,PUTUMAYO,3470,3
2015-02-01,2015,2,QUINDIO,14557,1
2015-02-01,2015,2,RISARALDA,43607,1
2015-02-01,2015,2,"SAN ANDRES, PROVIDENCIA Y SANTA CATALINA",46943,2
2015-02-01,2015,2,SANTANDER,65581,2
2015-02-01,2015,2,SIN ESPECIFICAR,0,1
2015-02-01,2015,2,SUCRE,2238,2
2015-02-01,2015,2,TOLIMA,5876,1
2015-02-01,2015,2,VALLE DEL CAUCA,137898,2
2015-02-01,2015,2,VAUPES,1006,4
2015-02-01,2015,2,VICHADA,1571,2
2015-03-01,2015,3,AMAZONAS,6997,4
2015-03-01,2015,3,ANTIOQUIA,258008,5
2015-03-01,2015,3,ARAUCA,6149,2
2015-03-01,2015,3,ATLANTICO,96282,1
2015-03-01,2015,3,BOGOTA D.C.,631712,1
2015-03-01,2015,3,BOLIVAR,122442,2
2015-03-01,2015,3,CALDAS,7647,1
2015-03-01,2015,3,CAQUETA,3530,2
2015-03-01,2015,3,CASANARE,15607,2
2015-03-01,2015,3,CAUCA,4742,2
2015-03-01,2015,3,CESAR,14337,2
2015-03-01,2015,3,CHOCO,15062,3
2015-03-01,2015,3,CORDOBA,35648,2
2015-03-01,2015,3,GUAINIA,1105,2
2015-03-01,2015,3,GUAVIARE,1095,2
2015-03-01,2015,3,HUILA,12103,1
2015-03-01,2015,3,LA GUAJIRA,10102,3
2015-03-01,2015,3,MAGDALENA,52874,1
2015-03-01,2015,3,META,5739,2
2015-03-01,2015,3,NARINO,15998,2
2015-03-01,2015,3,NORTE DE SANTANDER,42191,1
2015-03-01,2015,3,PUTUMAYO,3809,3
2015-03-01,2015,3,QUINDIO,14548,1
2015-03-01,2015,3,RISARALDA,52344,1
2015-03-01,2015,3,"SAN ANDRES, PROVIDENCIA Y SANTA CATALINA",54615,2
2015-03-01,2015,3,SANTANDER,74218,2
2015-03-01,2015,3,SIN ESPECIFICAR,0,1
2015-03-01,2015,3,SUCRE,2897,2
2015-03-01,2015,3,TOLIMA,6362,1
2015-03-01,2015,3,VALLE DEL CAUCA,150620,2
2015-03-01,2015,3,VAUPES,1047,3
2015-03-01,2015,3,VICHADA,1400,2
2015-04-01,2015,4,AMAZONAS,7155,4
2015-04-01,2015,4,ANTIOQUIA,251694,5
2015-04-01,2015,4,ARAUCA,5585,2
2015-04-01,2015,4,ATLANTICO,93309,1
2015-04-01,2015,4,BOGOTA D.C.,656216,1
2015-04-01,2015,4,BOLIVAR,113772,1
2015-04-01,2015,4,CALDAS,6978,1
2015-04-01,2015,4,CAQUETA,3410,2
2015-04-01,2015,4,CASANARE,14436,3
2015-04-01,2015,4,CAUCA,4350,2
2015-04-01,2015,4,CESAR,15129,1
2015-04-01,2015,4,CHOCO,13763,3
2015-04-01,2015,4,CORDOBA,32283,2
2015-04-01,2015,4,GUAINIA,1159,2
2015-04-01,2015,4,GUAVIARE,1044,2
2015-04-01,2015,4,HUILA,11191,1
2015-04-01,2015,4,LA GUAJIRA,9070,3
2015-04-01,2015,4,MAGDALENA,52546,1
2015-04-01,2015,4,META,5969,2
2015-04-01,2015,4,NARINO,15552,2
2015-04-01,2015,4,NORTE DE SANTANDER,42866,1
2015-04-01,2015,4,PUTUMAYO,3338,3
2015-04-01,2015,4,QUINDIO,15800,1
2015-04-01,2015,4,RISARALDA,52650,1
2015-04-01,2015,4,"SAN ANDRES, PROVIDENCIA Y SANTA CATALINA",53949,2
2015-04-01,2015,4,SANTANDER,74913,2
2015-04-01,2015,4,SIN ESPECIFICAR,0,1
2015-04-01,2015,4,SUCRE,2498,3
2015-04-01,2015,4,TOLIMA,5888,1
2015-04-01,2015,4,VALLE DEL CAUCA,151676,2
2015-04-01,2015,4,VAUPES,1102,4
2015-04-01,2015,4,VICHADA,1804,2
2015-05-01,2015,5,AMAZONAS,7450,4
2015-05-01,2015,5,ANTIOQUIA,257450,5
2015-05-01,2015,5,ARAUCA,6403,2
2015-05-01,2015,5,ATLANTICO,101164,1
2015-05-01,2015,5,BOGOTA D.C.,686845,1
2015-05-01,2015,5,BOLIVAR,125141,1
2015-05-01,2015,5,CALDAS,7351,1
2015-05-01,2015,5,CAQUETA,3734,2
2015-05-01,2015,5,CASANARE,16003,2
2015-05-01,2015,5,CAUCA,5700,2
2015-05-01,2015,5,CESAR,15006,1
2015-05-01,2015,5,CHOCO,13414,3
2015-05-01,2015,5,CORDOBA,33419,2
2015-05-01,2015,5,GUAINIA,1166,2
2015-05-01,2015,5,GUAVIARE,1262,2
2015-05-01,2015,5,HUILA,13170,1
2015-05-01,2015,5,LA GUAJIRA,8714,3
2015-05-01,2015,5,MAGDALENA,55126,1
2015-05-01,2015,5,META,5677,2
2015-05-01,2015,5,NARINO,16347,2
2015-05-01,2015,5,NORTE DE SANTANDER,49041,1
2015-05-01,2015,5,PUTUMAYO,3145,3
2015-05-01,2015,5,QUINDIO,19553,1
2015-05-01,2015,5,RISARALDA,56491,1
2015-05-01,2015,5,"SAN ANDRES, PROVIDENCIA Y SANTA CATALINA",58686,2
2015-05-01,2015,5,SANTANDER,81607,2
2015-05-01,2015,5,SIN ESPECIFICAR,0,1
2015-05-01,2015,5,SUCRE,2528,2
2015-05-01,2015,5,TOLIMA,6598,1
2015-05-01,2015,5,VALLE DEL CAUCA,160663,2
2015-05-01,2015,5,VAUPES,1020,3
2015-05-01,2015,5,VICHADA,1359,2
2015-06-01,2015,6,AMAZONAS,8494,4
2015-06-01,2015,6,ANTIOQUIA,275845,5
2015-06-01,2015,6,ARAUCA,6635,2
2015-06-01,2015,6,ATLANTICO,111739,1
2015-06-01,2015,6,BOGOTA D.C.,693119,1
2015-06-01,2015,6,BOLIVAR,147513,1
2015-06-01,2015,6,CALDAS,8371,1
2015-06-01,2015,6,CAQUETA,3546,2
2015-06-01,2015,6,CASANARE,16868,2
2015-06-01,2015,6,CAUCA,5960,2
2015-06-01,2015,6,CESAR,15757,2
2015-06-01,2015,6,CHOCO,15348,3
2015-06-01,2015,6,CORDOBA,38242,2
2015-06-01,2015,6,GUAINIA,1175,2
2015-06-01,2015,6,GUAVIARE,1324,2
2015-06-01,2015,6,HUILA,12899,1
2015-06-01,2015,6,LA GUAJIRA,9173,3
2015-06-01,2015,6,MAGDALENA,59987,1
2015-06-01,2015,6,META,5496,2
2015-06-01,2015,6,NARINO,16932,2
2015-06-01,2015,6,NORTE DE SANTANDER,51744,1
2015-06-01,2015,6,PUTUMAYO,2976,3
2015-06-01,2015,6,QUINDIO,20180,1
2015-06-01,2015,6,RISARALDA,56757,1
2015-06-01,2015,6,"SAN ANDRES, PROVIDENCIA Y SANTA CATALINA",73410,2
2015-06-01,2015,6,SANTANDER,82796,2
2015-06-01,2015,6,SIN ESPECIFICAR,0,1
2015-06-01,2015,6,SUCRE,3060,2
2015-06-01,2015,6,TOLIMA,6500,1
2015-06-01,2015,6,VALLE DEL CAUCA,171001,2
2015-06-01,2015,6,VAUPES,1717,4
2015-06-01,2015,6,VICHADA,1382,2
2015-07-01,2015,7,AMAZONAS,9309,4
2015-07-01,2015,7,ANTIOQUIA,287370,5
2015-07-01,2015,7,ARAUCA,7374,2
2015-07-01,2015,7,ATLANTICO,112460,1
2015-07-01,2015,7,BOGOTA D.C.,756099,1
2015-07-01,2015,7,BOLIVAR,151112,1
2015-07-01,2015,7,CALDAS,9349,1
2015-07-01,2015,7,CAQUETA,3607,2
2015-07-01,2015,7,CASANARE,20412,2
2015-07-01,2015,7,CAUCA,6799,2
2015-07-01,2015,7,CESAR,17353,2
2015-07-01,2015,7,CHOCO,16155,3
2015-07-01,2015,7,CORDOBA,38266,2
2015-07-01,2015,7,GUAINIA,1109,2
2015-07-01,2015,7,GUAVIARE,1537,2
2015-07-01,2015,7,HUILA,13184,2
2015-07-01,2015,7,LA GUAJIRA,8782,3
2015-07-01,2015,7,MAGDALENA,66442,1
2015-07-01,2015,7,META,6243,2
2015-07-01,2015,7,NARINO,18594,2
2015-07-01,2015,7,NORTE DE SANTANDER,53599,1
2015-07-01,2015,7,PUTUMAYO,3199,3
2015-07-01,2015,7,QUINDIO,20108,1
2015-07-01,2015,7,RISARALDA,59578,1
2015-07-01,2015,7,"SAN ANDRES, PROVIDENCIA Y SANTA CATALINA",73000,2
2015-07-01,2015,7,SANTANDER,88769,2
2015-07-01,2015,7,SIN ESPECIFICAR,0,1
2015-07-01,2015,7,SUCRE,3113,2
2015-07-01,2015,7,TOLIMA,6823,1
2015-07-01,2015,7,VALLE DEL CAUCA,180260,2
2015-07-01,2015,7,VAUPES,746,4
2015-07-01,2015,7,VICHADA,1608,3
2015-08-01,2015,8,AMAZONAS,9740,4
2015-08-01,2015,8,ANTIOQUIA,281061,5
2015-08-01,2015,8,ARAUCA,6808,2
2015-08-01,2015,8,ATLANTICO,100593,1
2015-08-01,2015,8,BOGOTA D.C.,721066,1
2015-08-01,2015,8,BOLIVAR,147979,1
2015-08-01,2015,8,CALDAS,8893,1
2015-08-01,2015,8,CAQUETA,3587,1
2015-08-01,2015,8,CASANARE,19033,2
2015-08-01,2015,8,CAUCA,6398,2
2015-08-01,2015,8,CESAR,16340,1
2015-08-01,2015,8,CHOCO,14811,3
2015-08-01,2015,8,CORDOBA,37518,2
2015-08-01,2015,8,GUAINIA,1403,2
2015-08-01,2015,8,GUAVIARE,1293,2
2015-08-01,2015,8,HUILA,13979,2
2015-08-01,2015,8,LA GUAJIRA,10045,3
2015-08-01,2015,8,MAGDALENA,68329,1
2015-08-01,2015,8,META,5834,2
2015-08-01,2015,8,NARINO,18152,2
2015-08-01,2015,8,NORTE DE SANTANDER,49794,1
2015-08-01,2015,8,PUTUMAYO,3132,3
2015-08-01,2015,8,QUINDIO,19445,1
2015-08-01,2015,8,RISARALDA,56648,1
2015-08-01,2015,8,"SAN ANDRES, PROVIDENCIA Y SANTA CATALINA",69211,2
2015-08-01,2015,8,SANTANDER,84968,2
2015-08-01,2015,8,SIN ESPECIFICAR,29,1
2015-08-01,2015,8,SUCRE,2893,2
2015-08-01,2015,8,TOLIMA,6765,1
2015-08-01,2015,8,VALLE DEL CAUCA,175531,2
2015-08-01,2015,8,VAUPES,1024,4
2015-08-01,2015,8,VICHADA,1467,3
2015-09-01,2015,9,AMAZONAS,8859,4
2015-09-01,2015,9,ANTIOQUIA,269021,5
2015-09-01,2015,9,ARAUCA,7130,2
2015-09-01,2015,9,ATLANTICO,94414,1
2015-09-01,2015,9,BOGOTA D.C.,680501,1
2015-09-01,2015,9,BOLIVAR,133842,1
2015-09-01,2015,9,CALDAS,7653,1
2015-09-01,2015,9,CAQUETA,3773,2
2015-09-01,2015,9,CASANARE,20707,2
2015-09-01,2015,9,CAUCA,6493,2
2015-09-01,2015,9,CESAR,15802,1
2015-09-01,2015,9,CHOCO,16016,4
2015-09-01,2015,9,CORDOBA,34688,2
2015-09-01,2015,9,GUAINIA,1545,2
2015-09-01,2015,9,GUAVIARE,1327,2
2015-09-01,2015,9,HUILA,14329,2
2015-09-01,2015,9,LA GUAJIRA,9839,3
2015-09-01,2015,9,MAGDALENA,60410,1
2015-09-01,2015,9,META,6176,3
2015-09-01,2015,9,NARINO,17158,2
2015-09-01,2015,9,NORTE DE SANTANDER,40830,1
2015-09-01,2015,9,PUTUMAYO,3309,3
2015-09-01,2015,9,QUINDIO,17759,1
2015-09-01,2015,9,RISARALDA,56000,1
2015-09-01,2015,9,"SAN ANDRES, PROVIDENCIA Y SANTA CATALINA",64359,2
2015-09-01,2015,9,SANTANDER,79754,2
2015-09-01,2015,9,SIN ESPECIFICAR,37,1
2015-09-01,2015,9,SUCRE,2655,2
2015-09-01,2015,9,TOLIMA,6378,1
2015-09-01,2015,9,VALLE DEL CAUCA,160917,2
2015-09-01,2015,9,VAUPES,1079,4
2015-09-01,2015,9,VICHADA,1626,3
2015-10-01,2015,10,AMAZONAS,9255,4
2015-10-01,2015,10,ANTIOQUIA,285886,5
2015-10-01,2015,10,ARAUCA,6724,2
2015-10-01,2015,10,ATLANTICO,107607,1
2015-10-01,2015,10,BOGOTA D.C.,715305,1
2015-10-01,2015,10,BOLIVAR,144261,1
2015-10-01,2015,10,CALDAS,7615,1
2015-10-01,2015,10,CAQUETA,3517,1
2015-10-01,2015,10,CASANARE,19637,2
2015-10-01,2015,10,CAUCA,6542,2
2015-10-01,2015,10,CESAR,16658,2
2015-10-01,2015,10,CHOCO,16772,4
2015-10-01,2015,10,CORDOBA,39592,1
2015-10-01,2015,10,GUAINIA,1616,2
2015-10-01,2015,10,GUAVIARE,1202,2
2015-10-01,2015,10,HUILA,14815,2
2015-10-01,2015,10,LA GUAJIRA,9901,3
2015-10-01,2015,10,MAGDALENA,61444,1
2015-10-01,2015,10,META,5780,2
2015-10-01,2015,10,NARINO,18279,2
2015-10-01,2015,10,NORTE DE SANTANDER,42497,1
2015-10-01,2015,10,PUTUMAYO,3259,3
2015-10-01,2015,10,QUINDIO,17861,1
2015-10-01,2015,10,RISARALDA,59741,1
2015-10-01,2015,10,"SAN ANDRES, PROVIDENCIA Y SANTA CATALINA",68788,2
2015-10-01,2015,10,SANTANDER,82929,2
2015-10-01,2015,10,SIN ESPECIFICAR,25,1
2015-10-01,2015,10,SUCRE,3048,2
2015-10-01,2015,10,TOLIMA,6717,1
2015-10-01,2015,10,VALLE DEL CAUCA,172130,2
2015-10-01,2015,10,VAUPES,1124,4
2015-10-01,2015,10,VICHADA,1448,3
2015-11-01,2015,11,AMAZONAS,9313,4
2015-11-01,2015,11,ANTIOQUIA,294491,5
2015-11-01,2015,11,ARAUCA,6506,2
2015-11-01,2015,11,ATLANTICO,108045,1
2015-11-01,2015,11,BOGOTA D.C.,698782,1
2015-11-01,2015,11,BOLIVAR,148929,1
2015-11-01,2015,11,CALDAS,8331,1
2015-11-01,2015,11,CAQUETA,3642,2
2015-11-01,2015,11,CASANARE,18207,2
2015-11-01,2015,11,CAUCA,6105,2
2015-11-01,2015,11,CESAR,16065,2
2015-11-01,2015,11,CHOCO,17988,4
2015-11-01,2015,11,CORDOBA,38695,1
2015-11-01,2015,11,GUAINIA,1453,2
2015-11-01,2015,11,GUAVIARE,1298,2
2015-11-01,2015,11,HUILA,14467,2
2015-11-01,2015,11,LA GUAJIRA,10481,3
2015-11-01,2015,11,MAGDALENA,59665,1
2015-11-01,2015,11,META,4088,3
2015-11-01,2015,11,NARINO,17933,2
2015-11-01,2015,11,NORTE DE SANTANDER,42494,1
2015-11-01,2015,11,PUTUMAYO,3337,3
2015-11-01,2015,11,QUINDIO,17442,1
2015-11-01,2015,11,RISARALDA,53913,1
2015-11-01,2015,11,"SAN ANDRES, PROVIDENCIA Y SANTA CATALINA",72896,2
2015-11-01,2015,11,SANTANDER,76745,2
2015-11-01,2015,11,SIN ESPECIFICAR,0,1
2015-11-01,2015,11,SUCRE,2828,2
2015-11-01,2015,11,TOLIMA,6027,1
2015-11-01,2015,11,VALLE DEL CAUCA,176947,2
2015-11-01,2015,11,VAUPES,993,3
2015-11-01,2015,11,VICHADA,1516,2
2015-12-01,2015,12,AMAZONAS,10147,4
2015-12-01,2015,12,ANTIOQUIA,311827,5
2015-12-01,2015,12,ARAUCA,6510,2
2015-12-01,2015,12,ATLANTICO,117457,1
2015-12-01,2015,12,BOGOTA D.C.,674013,1
2015-12-01,2015,12,BOLIVAR,175840,1
2015-12-01,2015,12,CALDAS,8112,1
2015-12-01,2015,12,CAQUETA,3570,2
2015-12-01,2015,12,CASANARE,18033,2
2015-12-01,2015,12,CAUCA,6735,2
2015-12-01,2015,12,CESAR,17449,2
2015-12-01,2015,12,CHOCO,21949,3
2015-12-01,2015,12,CORDOBA,46012,1
2015-12-01,2015,12,GUAINIA,1476,2
2015-12-01,2015,12,GUAVIARE,1367,2
2015-12-01,2015,12,HUILA,14216,2
2015-12-01,2015,12,LA GUAJIRA,11023,3
2015-12-01,2015,12,MAGDALENA,67960,1
2015-12-01,2015,12,META,4291,2
2015-12-01,2015,12,NARINO,20126,2
2015-12-01,2015,12,NORTE DE SANTANDER,50250,1
2015-12-01,2015,12,PUTUMAYO,3477,3
2015-12-01,2015,12,QUINDIO,17485,1
2015-12-01,2015,12,RISARALDA,55497,1
2015-12-01,2015,12,"SAN ANDRES, PROVIDENCIA Y SANTA CATALINA",79707,2
2015-12-01,2015,12,SANTANDER,80281,2
2015-12-01,2015,12,SIN ESPECIFICAR,0,1
2015-12-01,2015,12,SUCRE,4080,2
2015-12-01,2015,12,TOLIMA,5839,1
2015-12-01,2015,12,VALLE DEL CAUCA,191533,2
2015-12-01,2015,12,VAUPES,1401,3
2015-12-01,2015,12,VICHADA,1618,2
2016-01-01,2016,1,AMAZONAS,9817,4
2016-01-01,2016,1,ANTIOQUIA,277347,5
2016-01-01,2016,1,ARAUCA,5126,2
2016-01-01,2016,1,ATLANTICO,101471,1
2016-01-01,2016,1,BOGOTA D.C.,749045,1
2016-01-01,2016,1,BOLIVAR,166815,1
2016-01-01,2016,1,CALDAS,8777,1
2016-01-01,2016,1,CAQUETA,2933,1
2016-01-01,2016,1,CASANARE,15860,2
2016-01-01,2016,1,CAUCA,5196,2
2016-01-01,2016,1,CESAR,13524,1
2016-01-01,2016,1,CHOCO,14706,4
2016-01-01,2016,1,CORDOBA,37110,1
2016-01-01,2016,1,GUAINIA,1496,2
2016-01-01,2016,1,GUAVIARE,1147,2
2016-01-01,2016,1,HUILA,10839,2
2016-01-01,2016,1,LA GUAJIRA,8738,3
2016-01-01,2016,1,MAGDALENA,71418,1
2016-01-01,2016,1,META,3696,2
2016-01-01,2016,1,NARINO,16386,2
2016-01-01,2016,1,NORTE DE SANTANDER,42331,1
2016-01-01,2016,1,PUTUMAYO,3309,3
2016-01-01,2016,1,QUINDIO,15753,1
2016-01-01,2016,1,RISARALDA,50355,1
2016-01-01,2016,1,"SAN ANDRES, PROVIDENCIA Y SANTA CATALINA",75017,2
2016-01-01,2016,1,SANTANDER,67385,2
2016-01-01,2016,1,SIN ESPECIFICAR,0,1
2016-01-01,2016,1,SUCRE,3000,2
2016-01-01,2016,1,TOLIMA,4996,1
2016-01-01,2016,1,VALLE DEL CAUCA,156547,2
2016-01-01,2016,1,VAUPES,1374,3
2016-01-01,2016,1,VICHADA,1737,1
2016-02-01,2016,2,AMAZONAS,7802,4
2016-02-01,2016,2,ANTIOQUIA,264939,5
2016-02-01,2016,2,ARAUCA,5229,2
2016-02-01,2016,2,ATLANTICO,93199,1
2016-02-01,2016,2,BOGOTA D.C.,637929,1
2016-02-01,2016,2,BOLIVAR,131962,1
2016-02-01,2016,2,CALDAS,9470,1
2016-02-01,2016,2,CAQUETA,3156,1
2016-02-01,2016,2,CASANARE,15975,2
2016-02-01,2016,2,CAUCA,6443,2
2016-02-01,2016,2,CESAR,13544,1
2016-02-01,2016,2,CHOCO,13932,4
2016-02-01,2016,2,CORDOBA,33110,1
2016-02-01,2016,2,GUAINIA,1493,2
2016-02-01,2016,2,GUAVIARE,997,2
2016-02-01,2016,2,HUILA,11802,2
2016-02-01,2016,2,LA GUAJIRA,8395,3
2016-02-01,2016,2,MAGDALENA,51813,1
2016-02-01,2016,2,META,3577,2
2016-02-01,2016,2,NARINO,15730,2
2016-02-01,2016,2,NORTE DE SANTANDER,36523,1
2016-02-01,2016,2,PUTUMAYO,3270,3
2016-02-01,2016,2,QUINDIO,16048,1
2016-02-01,2016,2,RISARALDA,50490,1
2016-02-01,2016,2,"SAN ANDRES, PROVIDENCIA Y SANTA CATALINA",63636,2
2016-02-01,2016,2,SANTANDER,67984,2
2016-02-01,2016,2,SIN ESPECIFICAR,0,1
2016-02-01,2016,2,SUCRE,2436,2
2016-02-01,2016,2,TOLIMA,6612,1
2016-02-01,2016,2,VALLE DEL CAUCA,158376,2
2016-02-01,2016,2,VAUPES,1202,4
2016-02-01,2016,2,VICHADA,1631,2
2016-03-01,2016,3,AMAZONAS,8221,4
2016-03-01,2016,3,ANTIOQUIA,282380,5
2016-03-01,2016,3,ARAUCA,5300,2
2016-03-01,2016,3,ATLANTICO,105849,1
2016-03-01,2016,3,BOGOTA D.C.,685382,1
2016-03-01,2016,3,BOLIVAR,145488,1
2016-03-01,2016,3,CALDAS,8372,1
2016-03-01,2016,3,CAQUETA,3152,1
2016-03-01,2016,3,CASANARE,16148,2
2016-03-01,2016,3,CAUCA,6398,2
2016-03-01,2016,3,CESAR,14572,2
2016-03-01,2016,3,CHOCO,14651,4
2016-03-01,2016,3,CORDOBA,37244,1
2016-03-01,2016,3,GUAINIA,1384,2
2016-03-01,2016,3,GUAVIARE,984,2
2016-03-01,2016,3,HUILA,11995,2
2016-03-01,2016,3,LA GUAJIRA,9286,3
2016-03-01,2016,3,MAGDALENA,55981,1
2016-03-01,2016,3,META,3784,2
2016-03-01,2016,3,NARINO,16965,2
2016-03-01,2016,3,NORTE DE SANTANDER,40287,1
2016-03-01,2016,3,PUTUMAYO,3086,3
2016-03-01,2016,3,QUINDIO,15708,1
2016-03-01,2016,3,RISARALDA,53710,1
2016-03-01,2016,3,"SAN ANDRES, PROVIDENCIA Y SANTA CATALINA",66350,2
2016-03-01,2016,3,SANTANDER,70318,2
2016-03-01,2016,3,SIN ESPECIFICAR,0,1
2016-03-01,2016,3,SUCRE,2751,2
2016-03-01,2016,3,TOLIMA,5677,1
2016-03-01,2016,3,VALLE DEL CAUCA,174837,2
2016-03-01,2016,3,VAUPES,1089,4
2016-03-01,2016,3,VICHADA,1567,3
2016-04-01,2016,4,AMAZONAS,7871,4
2016-04-01,2016,4,ANTIOQUIA,266423,5
2016-04-01,2016,4,ARAUCA,5213,2
2016-04-01,2016,4,ATLANTICO,92986,1
2016-04-01,2016,4,BOGOTA D.C.,638901,1
2016-04-01,2016,4,BOLIVAR,121389,1
2016-04-01,2016,4,CALDAS,8643,1
2016-04-01,2016,4,CAQUETA,3461,1
2016-04-01,2016,4,CASANARE,15498,2
2016-04-01,2016,4,CAUCA,6260,2
2016-04-01,2016,4,CESAR,16127,2
2016-04-01,2016,4,CHOCO,15540,4
2016-04-01,2016,4,CORDOBA,33701,1
2016-04-01,2016,4,GUAINIA,1320,2
2016-04-01,2016,4,GUAVIARE,1024,2
2016-04-01,2016,4,HUILA,12534,2
2016-04-01,2016,4,LA GUAJIRA,8624,3
2016-04-01,2016,4,MAGDALENA,51917,1
2016-04-01,2016,4,META,4023,3
2016-04-01,2016,4,NARINO,16313,2
2016-04-01,2016,4,NORTE DE SANTANDER,37280,1
2016-04-01,2016,4,PUTUMAYO,3186,3
2016-04-01,2016,4,QUINDIO,15457,1
2016-04-01,2016,4,RISARALDA,51436,1
2016-04-01,2016,4,"SAN ANDRES, PROVIDENCIA Y SANTA CATALINA",61779,2
2016-04-01,2016,4,SANTANDER,69256,2
2016-04-01,2016,4,SIN ESPECIFICAR,0,1
2016-04-01,2016,4,SUCRE,2783,2
2016-04-01,2016,4,TOLIMA,6220,1
2016-04-01,2016,4,VALLE DEL CAUCA,157458,2
2016-04-01,2016,4,VAUPES,845,4
2016-04-01,2016,4,VICHADA,1241,2
2016-05-01,2016,5,AMAZONAS,8108,4
2016-05-01,2016,5,ANTIOQUIA,289426,5
2016-05-01,2016,5,ARAUCA,5977,2
2016-05-01,2016,5,ATLANTICO,100274,1
2016-05-01,2016,5,BOGOTA D.C.,692020,1
2016-05-01,2016,5,BOLIVAR,135387,1
2016-05-01,2016,5,CALDAS,9334,1
2016-05-01,2016,5,CAQUETA,3598,1
2016-05-01,2016,5,CASANARE,16239,2
2016-05-01,2016,5,CAUCA,6400,2
2016-05-01,2016,5,CESAR,16061,2
2016-05-01,2016,5,CHOCO,17548,4
2016-05-01,2016,5,CORDOBA,38339,1
2016-05-01,2016,5,GUAINIA,1379,2
2016-05-01,2016,5,GUAVIARE,1048,2
2016-05-01,2016,5,HUILA,12555,2
2016-05-01,2016,5,LA GUAJIRA,9094,3
2016-05-01,2016,5,MAGDALENA,56673,1
2016-05-01,2016,5,META,4195,2
2016-05-01,2016,5,NARINO,16420,3
2016-05-01,2016,5,NORTE DE SANTANDER,44583,1
2016-05-01,2016,5,PUTUMAYO,3275,3
2016-05-01,2016,5,QUINDIO,16522,1
2016-05-01,2016,5,RISARALDA,53033,1
2016-05-01,2016,5,"SAN ANDRES, PROVIDENCIA Y SANTA CATALINA",64560,2
2016-05-01,2016,5,SANTANDER,74207,2
2016-05-01,2016,5,SIN ESPECIFICAR,15,1
2016-05-01,2016,5,SUCRE,3065,2
2016-05-01,2016,5,TOLIMA,6223,1
2016-05-01,2016,5,VALLE DEL CAUCA,174086,2
2016-05-01,2016,5,VAUPES,1189,3
2016-05-01,2016,5,VICHADA,1497,2
2016-06-01,2016,6,AMAZONAS,9172,4
2016-06-01,2016,6,ANTIOQUIA,290147,5
2016-06-01,2016,6,ARAUCA,6378,2
2016-06-01,2016,6,ATLANTICO,110561,1
2016-06-01,2016,6,BOGOTA D.C.,708269,1
2016-06-01,2016,6,BOLIVAR,158887,1
2016-06-01,2016,6,CALDAS,10359,1
2016-06-01,2016,6,CAQUETA,3799,1
2016-06-01,2016,6,CASANARE,15932,2
2016-06-01,2016,6,CAUCA,7666,2
2016-06-01,2016,6,CESAR,17281,2
2016-06-01,2016,6,CHOCO,19912,4
2016-06-01,2016,6,CORDOBA,41428,1
2016-06-01,2016,6,GUAINIA,1390,2
2016-06-01,2016,6,GUAVIARE,1020,2
2016-06-01,2016,6,HUILA,12571,2
2016-06-01,2016,6,LA GUAJIRA,9658,3
2016-06-01,2016,6,MAGDALENA,64793,1
2016-06-01,2016,6,META,4344,2
2016-06-01,2016,6,NARINO,19939,3
2016-06-01,2016,6,NORTE DE SANTANDER,46846,1
2016-06-01,2016,6,PUTUMAYO,3432,3
2016-06-01,2016,6,QUINDIO,16384,1
2016-06-01,2016,6,RISARALDA,55245,1
2016-06-01,2016,6,"SAN ANDRES, PROVIDENCIA Y SANTA CATALINA",71212,2
2016-06-01,2016,6,SANTANDER,75321,2
2016-06-01,2016,6,SIN ESPECIFICAR,0,1
2016-06-01,2016,6,SUCRE,4262,2
2016-06-01,2016,6,TOLIMA,6658,1
2016-06-01,2016,6,VALLE DEL CAUCA,184547,2
2016-06-01,2016,6,VAUPES,1226,4
2016-06-01,2016,6,VICHADA,1474,2
2016-07-01,2016,7,AMAZONAS,9509,4
2016-07-01,2016,7,ANTIOQUIA,298723,5
2016-07-01,2016,7,ARAUCA,5934,2
2016-07-01,2016,7,ATLANTICO,115378,1
2016-07-01,2016,7,BOGOTA D.C.,740169,1
2016-07-01,2016,7,BOLIVAR,165349,1
2016-07-01,2016,7,CALDAS,8941,1
2016-07-01,2016,7,CAQUETA,3764,1
2016-07-01,2016,7,CASANARE,15656,2
2016-07-01,2016,7,CAUCA,6809,2
2016-07-01,2016,7,CESAR,18054,2
2016-07-01,2016,7,CHOCO,20122,4
2016-07-01,2016,7,CORDOBA,40126,1
2016-07-01,2016,7,GUAINIA,1500,2
2016-07-01,2016,7,GUAVIARE,1205,2
2016-07-01,2016,7,HUILA,12477,2
2016-07-01,2016,7,LA GUAJIRA,9543,3
2016-07-01,2016,7,MAGDALENA,61122,1
2016-07-01,2016,7,META,4664,3
2016-07-01,2016,7,NARINO,19035,3
2016-07-01,2016,7,NORTE DE SANTANDER,44612,1
2016-07-01,2016,7,PUTUMAYO,3525,3
2016-07-01,2016,7,QUINDIO,15813,1
2016-07-01,2016,7,RISARALDA,54159,1
2016-07-01,2016,7,"SAN ANDRES, PROVIDENCIA Y SANTA CATALINA",76834,2
2016-07-01,2016,7,SANTANDER,78089,2
2016-07-01,2016,7,SIN ESPECIFICAR,0,1
2016-07-01,2016,7,SUCRE,3913,2
2016-07-01,2016,7,TOLIMA,6600,1
2016-07-01,2016,7,VALLE DEL CAUCA,197604,2
2016-07-01,2016,7,VAUPES,1403,4
2016-07-01,2016,7,VICHADA,1504,1
2016-08-01,2016,8,AMAZONAS,8827,4
2016-08-01,2016,8,ANTIOQUIA,300155,5
2016-08-01,2016,8,ARAUCA,5367,2
2016-08-01,2016,8,ATLANTICO,109161,1
2016-08-01,2016,8,BOGOTA D.C.,727188,1
2016-08-01,2016,8,BOLIVAR,158229,1
2016-08-01,2016,8,CALDAS,10209,1
2016-08-01,2016,8,CAQUETA,4077,2
2016-08-01,2016,8,CASANARE,16079,2
2016-08-01,2016,8,CAUCA,6920,2
2016-08-01,2016,8,CESAR,18146,2
2016-08-01,2016,8,CHOCO,18265,4
2016-08-01,2016,8,CORDOBA,39905,1
2016-08-01,2016,8,GUAINIA,1220,2
2016-08-01,2016,8,GUAVIARE,1322,2
2016-08-01,2016,8,HUILA,13434,2
2016-08-01,2016,8,LA GUAJIRA,9154,3
2016-08-01,2016,8,MAGDALENA,64053,1
2016-08-01,2016,8,META,4280,2
2016-08-01,2016,8,NARINO,19043,3
2016-08-01,2016,8,NORTE DE SANTANDER,43671,1
2016-08-01,2016,8,PUTUMAYO,3603,3
2016-08-01,2016,8,QUINDIO,15948,1
2016-08-01,2016,8,RISARALDA,53759,1
2016-08-01,2016,8,"SAN ANDRES, PROVIDENCIA Y SANTA CATALINA",71743,2
2016-08-01,2016,8,SANTANDER,76253,2
2016-08-01,2016,8,SIN ESPECIFICAR,0,1
2016-08-01,2016,8,SUCRE,3765,2
2016-08-01,2016,8,TOLIMA,6825,1
2016-08-01,2016,8,VALLE DEL CAUCA,192741,2
2016-08-01,2016,8,VAUPES,1180,4
2016-08-01,2016,8,VICHADA,1325,2
2016-09-01,2016,9,AMAZONAS,9822,4
2016-09-01,2016,9,ANTIOQUIA,295322,5
2016-09-01,2016,9,ARAUCA,5578,2
2016-09-01,2016,9,ATLANTICO,100508,1
2016-09-01,2016,9,BOGOTA D.C.,706908,1
2016-09-01,2016,9,BOLIVAR,144099,1
2016-09-01,2016,9,CALDAS,8801,1
2016-09-01,2016,9,CAQUETA,3929,1
2016-09-01,2016,9,CASANARE,16812,2
2016-09-01,2016,9,CAUCA,6640,2
2016-09-01,2016,9,CESAR,18265,2
2016-09-01,2016,9,CHOCO,18394,4
2016-09-01,2016,9,CORDOBA,39364,1
2016-09-01,2016,9,GUAINIA,1214,2
2016-09-01,2016,9,GUAVIARE,946,2
2016-09-01,2016,9,HUILA,13314,2
2016-09-01,2016,9,LA GUAJIRA,8610,3
2016-09-01,2016,9,MAGDALENA,63369,1
2016-09-01,2016,9,META,4473,2
2016-09-01,2016,9,NARINO,17855,3
2016-09-01,2016,9,NORTE DE SANTANDER,41647,1
2016-09-01,2016,9,PUTUMAYO,3597,3
2016-09-01,2016,9,QUINDIO,15016,1
2016-09-01,2016,9,RISARALDA,51937,1
2016-09-01,2016,9,"SAN ANDRES, PROVIDENCIA Y SANTA CATALINA",65893,2
2016-09-01,2016,9,SANTANDER,75364,2
2016-09-01,2016,9,SIN ESPECIFICAR,0,1
2016-09-01,2016,9,SUCRE,3458,2
2016-09-01,2016,9,TOLIMA,7040,2
2016-09-01,2016,9,VALLE DEL CAUCA,178229,2
2016-09-01,2016,9,VAUPES,1089,4
2016-09-01,2016,9,VICHADA,1239,1
2016-10-01,2016,10,AMAZONAS,11676,4
2016-10-01,2016,10,ANTIOQUIA,312652,5
2016-10-01,2016,10,ARAUCA,6134,2
2016-10-01,2016,10,ATLANTICO,115064,1
2016-10-01,2016,10,BOGOTA D.C.,748880,1
2016-10-01,2016,10,BOLIVAR,156330,1
2016-10-01,2016,10,CALDAS,7995,1
2016-10-01,2016,10,CAQUETA,4021,1
2016-10-01,2016,10,CASANARE,15661,2
2016-10-01,2016,10,CAUCA,6810,2
2016-10-01,2016,10,CESAR,19192,2
2016-10-01,2016,10,CHOCO,18562,3
2016-10-01,2016,10,CORDOBA,41428,1
2016-10-01,2016,10,GUAINIA,1566,2
2016-10-01,2016,10,GUAVIARE,1279,2
2016-10-01,2016,10,HUILA,12825,2
2016-10-01,2016,10,LA GUAJIRA,9317,3
2016-10-01,2016,10,MAGDALENA,66277,1
2016-10-01,2016,10,META,4357,2
2016-10-01,2016,10,NARINO,17785,3
2016-10-01,2016,10,NORTE DE SANTANDER,41571,1
2016-10-01,2016,10,PUTUMAYO,3455,3
2016-10-01,2016,10,QUINDIO,15892,1
2016-10-01,2016,10,RISARALDA,57579,1
2016-10-01,2016,10,"SAN ANDRES, PROVIDENCIA Y SANTA CATALINA",68636,2
2016-10-01,2016,10,SANTANDER,78873,2
2016-10-01,2016,10,SIN ESPECIFICAR,0,1
2016-10-01,2016,10,SUCRE,4175,2
2016-10-01,2016,10,TOLIMA,6433,1
2016-10-01,2016,10,VALLE DEL CAUCA,184466,2
2016-10-01,2016,10,VAUPES,1524,4
2016-10-01,2016,10,VICHADA,1369,2
2016-11-01,2016,11,AMAZONAS,12356,4
2016-11-01,2016,11,ANTIOQUIA,304454,5
2016-11-01,2016,11,ARAUCA,6060,2
2016-11-01,2016,11,ATLANTICO,110337,1
2016-11-01,2016,11,BOGOTA D.C.,712130,1
2016-11-01,2016,11,BOLIVAR,154266,1
2016-11-01,2016,11,CALDAS,7137,1
2016-11-01,2016,11,CAQUETA,3945,2
2016-11-01,2016,11,CASANARE,15271,2
2016-11-01,2016,11,CAUCA,6895,2
2016-11-01,2016,11,CESAR,18109,2
2016-11-01,2016,11,CHOCO,17855,4
2016-11-01,2016,11,CORDOBA,41651,1
2016-11-01,2016,11,GUAINIA,1526,2
2016-11-01,2016,11,GUAVIARE,1370,2
2016-11-01,2016,11,HUILA,13108,2
2016-11-01,2016,11,LA GUAJIRA,9922,3
2016-11-01,2016,11,MAGDALENA,67524,1
2016-11-01,2016,11,META,3782,4
2016-11-01,2016,11,NARINO,16715,3
2016-11-01,2016,11,NORTE DE SANTANDER,37690,1
2016-11-01,2016,11,PUTUMAYO,3726,3
2016-11-01,2016,11,QUINDIO,15340,1
2016-11-01,2016,11,RISARALDA,47941,1
2016-11-01,2016,11,"SAN ANDRES, PROVIDENCIA Y SANTA CATALINA",68256,2
2016-11-01,2016,11,SANTANDER,76824,2
2016-11-01,2016,11,SIN ESPECIFICAR,0,1
2016-11-01,2016,11,SUCRE,4131,2
2016-11-01,2016,11,TOLIMA,5691,1
2016-11-01,2016,11,VALLE DEL CAUCA,183127,2
2016-11-01,2016,11,VAUPES,1419,4
2016-11-01,2016,11,VICHADA,1443,2
2016-12-01,2016,12,AMAZONAS,13580,4
2016-12-01,2016,12,ANTIOQUIA,321628,5
2016-12-01,2016,12,ARAUCA,5960,2
2016-12-01,2016,12,ATLANTICO,121708,1
2016-12-01,2016,12,BOGOTA D.C.,683470,1
2016-12-01,2016,12,BOLIVAR,184917,1
2016-12-01,2016,12,CALDAS,8052,1
2016-12-01,2016,12,CAQUETA,3844,1
2016-12-01,2016,12,CASANARE,15387,2
2016-12-01,2016,12,CAUCA,7198,2
2016-12-01,2016,12,CESAR,17315,2
2016-12-01,2016,12,CHOCO,22857,5
2016-12-01,2016,12,CORDOBA,45280,1
2016-12-01,2016,12,GUAINIA,1640,2
2016-12-01,2016,12,GUAVIARE,1370,2
2016-12-01,2016,12,HUILA,13369,2
2016-12-01,2016,12,LA GUAJIRA,9627,3
2016-12-01,2016,12,MAGDALENA,74473,1
2016-12-01,2016,12,META,4288,3
2016-12-01,2016,12,NARINO,17317,3
2016-12-01,2016,12,NORTE DE SANTANDER,42977,1
2016-12-01,2016,12,PUTUMAYO,3972,3
2016-12-01,2016,12,QUINDIO,15440,1
2016-12-01,2016,12,RISARALDA,53929,1
2016-12-01,2016,12,"SAN ANDRES, PROVIDENCIA Y SANTA CATALINA",81008,2
2016-12-01,2016,12,SANTANDER,79664,2
2016-12-01,2016,12,SIN ESPECIFICAR,0,1
2016-12-01,2016,12,SUCRE,5797,3
2016-12-01,2016,12,TOLIMA,6204,1
2016-12-01,2016,12,VALLE DEL CAUCA,195969,2
2016-12-01,2016,12,VAUPES,1564,4
2016-12-01,2016,12,VICHADA,1635,2
2017-01-01,2017,1,AMAZONAS,13697,4
2017-01-01,2017,1,ANTIOQUIA,307108,5
2017-01-01,2017,1,ARAUCA,5075,2
2017-01-01,2017,1,ATLANTICO,101640,1
2017-01-01,2017,1,BOGOTA D.C.,747101,1
2017-01-01,2017,1,BOLIVAR,178264,1
2017-01-01,2017,1,CALDAS,6985,1
2017-01-01,2017,1,CAQUETA,3028,1
2017-01-01,2017,1,CASANARE,11320,2
2017-01-01,2017,1,CAUCA,5438,2
2017-01-01,2017,1,CESAR,14353,2
2017-01-01,2017,1,CHOCO,16378,5
2017-01-01,2017,1,CORDOBA,37435,1
2017-01-01,2017,1,GUAINIA,2016,2
2017-01-01,2017,1,GUAVIARE,1024,2
2017-01-01,2017,1,HUILA,10560,2
2017-01-01,2017,1,LA GUAJIRA,9023,3
2017-01-01,2017,1,MAGDALENA,74706,1
2017-01-01,2017,1,META,3371,2
2017-01-01,2017,1,NARINO,14982,3
2017-01-01,2017,1,NORTE DE SANTANDER,38433,1
2017-01-01,2017,1,PUTUMAYO,3299,3
2017-01-01,2017,1,QUINDIO,14590,1
2017-01-01,2017,1,RISARALDA,48488,1
2017-01-01,2017,1,"SAN ANDRES, PROVIDENCIA Y SANTA CATALINA",82564,2
2017-01-01,2017,1,SANTANDER,64505,2
2017-01-01,2017,1,SIN ESPECIFICAR,0,1
2017-01-01,2017,1,SUCRE,4480,2
2017-01-01,2017,1,TOLIMA,5527,1
2017-01-01,2017,1,VALLE DEL CAUCA,176973,2
2017-01-01,2017,1,VAUPES,1459,4
2017-01-01,2017,1,VICHADA,1850,3
2017-02-01,2017,2,AMAZONAS,10544,4
2017-02-01,2017,2,ANTIOQUIA,271091,5
2017-02-01,2017,2,ARAUCA,4930,2
2017-02-01,2017,2,ATLANTICO,92149,1
2017-02-01,2017,2,BOGOTA D.C.,622122,1
2017-02-01,2017,2,BOLIVAR,146202,1
2017-02-01,2017,2,CALDAS,8290,1
2017-02-01,2017,2,CAQUETA,3319,1
2017-02-01,2017,2,CASANARE,12732,2
2017-02-01,2017,2,CAUCA,6217,2
2017-02-01,2017,2,CESAR,14038,1
2017-02-01,2017,2,CHOCO,14514,5
2017-02-01,2017,2,CORDOBA,32008,1
2017-02-01,2017,2,GUAINIA,2008,2
2017-02-01,2017,2,GUAVIARE,938,2
2017-02-01,2017,2,HUILA,11640,2
2017-02-01,2017,2,LA GUAJIRA,5505,3
2017-02-01,2017,2,MAGDALENA,56087,1
2017-02-01,2017,2,META,3358,2
2017-02-01,2017,2,NARINO,15428,3
2017-02-01,2017,2,NORTE DE SANTANDER,31660,1
2017-02-01,2017,2,PUTUMAYO,3427,3
2017-02-01,2017,2,QUINDIO,15867,1
2017-02-01,2017,2,RISARALDA,47080,1
2017-02-01,2017,2,"SAN ANDRES, PROVIDENCIA Y SANTA CATALINA",66695,2
2017-02-01,2017,2,SANTANDER,62587,2
2017-02-01,2017,2,SIN ESPECIFICAR,109,1
2017-02-01,2017,2,SUCRE,3310,2
2017-02-01,2017,2,TOLIMA,6356,1
2017-02-01,2017,2,VALLE DEL CAUCA,161748,2
2017-02-01,2017,2,VAUPES,1234,4
2017-02-01,2017,2,VICHADA,1585,2
2017-03-01,2017,3,AMAZONAS,11079,4
2017-03-01,2017,3,ANTIOQUIA,302760,5
2017-03-01,2017,3,ARAUCA,5464,2
2017-03-01,2017,3,ATLANTICO,97051,1
2017-03-01,2017,3,BOGOTA D.C.,699193,1
2017-03-01,2017,3,BOLIVAR,159662,1
2017-03-01,2017,3,CALDAS,7868,1
2017-03-01,2017,3,CAQUETA,3994,1
2017-03-01,2017,3,CASANARE,13975,2
2017-03-01,2017,3,CAUCA,6530,2
2017-03-01,2017,3,CESAR,15116,1
2017-03-01,2017,3,CHOCO,16230,5
2017-03-01,2017,3,CORDOBA,36232,1
2017-03-01,2017,3,GUAINIA,1849,2
2017-03-01,2017,3,GUAVIARE,1100,2
2017-03-01,2017,3,HUILA,13043,2
2017-03-01,2017,3,LA GUAJIRA,6098,1
2017-03-01,2017,3,MAGDALENA,62905,1
2017-03-01,2017,3,META,3787,2
2017-03-01,2017,3,NARINO,17140,3
2017-03-01,2017,3,NORTE DE SANTANDER,33956,1
2017-03-01,2017,3,PUTUMAYO,3593,3
2017-03-01,2017,3,QUINDIO,15378,1
2017-03-01,2017,3,RISARALDA,54809,1
2017-03-01,2017,3,"SAN ANDRES, PROVIDENCIA Y SANTA CATALINA",75240,2
2017-03-01,2017,3,SANTANDER,69134,2
2017-03-01,2017,3,SIN ESPECIFICAR,114,1
2017-03-01,2017,3,SUCRE,3649,2
2017-03-01,2017,3,TOLIMA,6541,1
2017-03-01,2017,3,VALLE DEL CAUCA,180227,2
2017-03-01,2017,3,VAUPES,1093,3
2017-03-01,2017,3,VICHADA,1658,2
2017-04-01,2017,4,AMAZONAS,10870,4
2017-04-01,2017,4,ANTIOQUIA,292988,5
2017-04-01,2017,4,ARAUCA,5040,2
2017-04-01,2017,4,ATLANTICO,93199,1
2017-04-01,2017,4,BOGOTA D.C.,664035,1
2017-04-01,2017,4,BOLIVAR,152747,1
2017-04-01,2017,4,CALDAS,7726,1
2017-04-01,2017,4,CAQUETA,3441,1
2017-04-01,2017,4,CASANARE,12490,2
2017-04-01,2017,4,CAUCA,6204,2
2017-04-01,2017,4,CESAR,17407,1
2017-04-01,2017,4,CHOCO,16675,5
2017-04-01,2017,4,CORDOBA,39053,1
2017-04-01,2017,4,GUAINIA,1812,2
2017-04-01,2017,4,GUAVIARE,936,2
2017-04-01,2017,4,HUILA,11698,2
2017-04-01,2017,4,LA GUAJIRA,6165,1
2017-04-01,2017,4,MAGDALENA,69907,1
2017-04-01,2017,4,META,3876,2
2017-04-01,2017,4,NARINO,16886,3
2017-04-01,2017,4,NORTE DE SANTANDER,34869,1
2017-04-01,2017,4,PUTUMAYO,3401,3
2017-04-01,2017,4,QUINDIO,14300,1
2017-04-01,2017,4,RISARALDA,50508,1
2017-04-01,2017,4,"SAN ANDRES, PROVIDENCIA Y SANTA CATALINA",77916,2
2017-04-01,2017,4,SANTANDER,64991,2
2017-04-01,2017,4,SIN ESPECIFICAR,67,1
2017-04-01,2017,4,SUCRE,4007,2
2017-04-01,2017,4,TOLIMA,6053,1
2017-04-01,2017,4,VALLE DEL CAUCA,167997,2
2017-04-01,2017,4,VAUPES,1017,3
2017-04-01,2017,4,VICHADA,1404,3
2017-05-01,2017,5,AMAZONAS,9851,4
2017-05-01,2017,5,ANTIOQUIA,296094,5
2017-05-01,2017,5,ARAUCA,5854,2
2017-05-01,2017,5,ATLANTICO,88409,1
2017-05-01,2017,5,BOGOTA D.C.,697699,1
2017-05-01,2017,5,BOLIVAR,140353,1
2017-05-01,2017,5,CALDAS,8349,1
2017-05-01,2017,5,CAQUETA,3930,1
2017-05-01,2017,5,CASANARE,14654,2
2017-05-01,2017,5,CAUCA,6942,2
2017-05-01,2017,5,CESAR,15842,2
2017-05-01,2017,5,CHOCO,14187,5
2017-05-01,2017,5,CORDOBA,39516,1
2017-05-01,2017,5,GUAINIA,1635,2
2017-05-01,2017,5,GUAVIARE,982,2
2017-05-01,2017,5,HUILA,14007,2
2017-05-01,2017,5,LA GUAJIRA,6278,1
2017-05-01,2017,5,MAGDALENA,59275,1
2017-05-01,2017,5,META,4165,2
2017-05-01,2017,5,NARINO,17671,3
2017-05-01,2017,5,NORTE DE SANTANDER,35786,1
2017-05-01,2017,5,PUTUMAYO,4137,3
2017-05-01,2017,5,QUINDIO,15321,1
2017-05-01,2017,5,RISARALDA,52336,1
2017-05-01,2017,5,"SAN ANDRES, PROVIDENCIA Y SANTA CATALINA",70865,2
2017-05-01,2017,5,SANTANDER,69299,2
2017-05-01,2017,5,SIN ESPECIFICAR,69,1
2017-05-01,2017,5,SUCRE,3440,2
2017-05-01,2017,5,TOLIMA,6782,1
2017-05-01,2017,5,VALLE DEL CAUCA,169299,2
2017-05-01,2017,5,VAUPES,1193,4
2017-05-01,2017,5,VICHADA,1475,3
2017-06-01,2017,6,AMAZONAS,10853,4
2017-06-01,2017,6,ANTIOQUIA,303348,5
2017-06-01,2017,6,ARAUCA,5844,2
2017-06-01,2017,6,ATLANTICO,98349,1
2017-06-01,2017,6,BOGOTA D.C.,707788,1
2017-06-01,2017,6,BOLIVAR,166568,1
2017-06-01,2017,6,CALDAS,8522,1
2017-06-01,2017,6,CAQUETA,3986,1
2017-06-01,2017,6,CASANARE,14349,2
2017-06-01,2017,6,CAUCA,8023,2
2017-06-01,2017,6,CESAR,17610,2
2017-06-01,2017,6,CHOCO,17745,5
2017-06-01,2017,6,CORDOBA,44803,1
2017-06-01,2017,6,GUAINIA,2072,2
2017-06-01,2017,6,GUAVIARE,926,2
2017-06-01,2017,6,HUILA,13247,2
2017-06-01,2017,6,LA GUAJIRA,6932,1
2017-06-01,2017,6,MAGDALENA,72007,1
2017-06-01,2017,6,META,4535,2
2017-06-01,2017,6,NARINO,18496,3
2017-06-01,2017,6,NORTE DE SANTANDER,38356,1
2017-06-01,2017,6,PUTUMAYO,4566,3
2017-06-01,2017,6,QUINDIO,15584,1
2017-06-01,2017,6,RISARALDA,55276,1
2017-06-01,2017,6,"SAN ANDRES, PROVIDENCIA Y SANTA CATALINA",82339,2
2017-06-01,2017,6,SANTANDER,69945,2
2017-06-01,2017,6,SIN ESPECIFICAR,82,1
2017-06-01,2017,6,SUCRE,4084,2
2017-06-01,2017,6,TOLIMA,6820,1
2017-06-01,2017,6,VALLE DEL CAUCA,171163,2
2017-06-01,2017,6,VAUPES,1524,4
2017-06-01,2017,6,VICHADA,1592,2
2017-07-01,2017,7,AMAZONAS,12551,4
2017-07-01,2017,7,ANTIOQUIA,308050,5
2017-07-01,2017,7,ARAUCA,5906,2
2017-07-01,2017,7,ATLANTICO,102358,1
2017-07-01,2017,7,BOGOTA D.C.,757479,1
2017-07-01,2017,7,BOLIVAR,179411,1
2017-07-01,2017,7,CALDAS,11366,1
2017-07-01,2017,7,CAQUETA,4005,1
2017-07-01,2017,7,CASANARE,14192,2
2017-07-01,2017,7,CAUCA,7746,2
2017-07-01,2017,7,CESAR,17831,2
2017-07-01,2017,7,CHOCO,17240,5
2017-07-01,2017,7,CORDOBA,44087,1
2017-07-01,2017,7,GUAINIA,2395,2
2017-07-01,2017,7,GUAVIARE,1481,2
2017-07-01,2017,7,HUILA,13345,2
2017-07-01,2017,7,LA GUAJIRA,7432,1
2017-07-01,2017,7,MAGDALENA,74622,1
2017-07-01,2017,7,META,5024,2
2017-07-01,2017,7,NARINO,19810,3
2017-07-01,2017,7,NORTE DE SANTANDER,39288,1
2017-07-01,2017,7,PUTUMAYO,4856,3
2017-07-01,2017,7,QUINDIO,15626,1
2017-07-01,2017,7,RISARALDA,56333,1
2017-07-01,2017,7,"SAN ANDRES, PROVIDENCIA Y SANTA CATALINA",84571,2
2017-07-01,2017,7,SANTANDER,72848,2
2017-07-01,2017,7,SIN ESPECIFICAR,63,1
2017-07-01,2017,7,SUCRE,4015,2
2017-07-01,2017,7,TOLIMA,7021,1
2017-07-01,2017,7,VALLE DEL CAUCA,180925,2
2017-07-01,2017,7,VAUPES,1431,3
2017-07-01,2017,7,VICHADA,1686,2
2017-08-01,2017,8,AMAZONAS,11499,4
2017-08-01,2017,8,ANTIOQUIA,313376,5
2017-08-01,2017,8,ARAUCA,5920,2
2017-08-01,2017,8,ATLANTICO,99586,1
2017-08-01,2017,8,BOGOTA D.C.,739510,1
2017-08-01,2017,8,BOLIVAR,177273,1
2017-08-01,2017,8,CALDAS,11048,1
2017-08-01,2017,8,CAQUETA,3980,1
2017-08-01,2017,8,CASANARE,14809,2
2017-08-01,2017,8,CAUCA,7693,2
2017-08-01,2017,8,CESAR,16466,2
2017-08-01,2017,8,CHOCO,18347,5
2017-08-01,2017,8,CORDOBA,43333,1
2017-08-01,2017,8,GUAINIA,2157,2
2017-08-01,2017,8,GUAVIARE,1205,2
2017-08-01,2017,8,HUILA,14445,2
2017-08-01,2017,8,LA GUAJIRA,7174,1
2017-08-01,2017,8,MAGDALENA,75605,1
2017-08-01,2017,8,META,4979,2
2017-08-01,2017,8,NARINO,19423,3
2017-08-01,2017,8,NORTE DE SANTANDER,36876,1
2017-08-01,2017,8,PUTUMAYO,4684,3
2017-08-01,2017,8,QUINDIO,15220,1
2017-08-01,2017,8,RISARALDA,55572,1
2017-08-01,2017,8,"SAN ANDRES, PROVIDENCIA Y SANTA CATALINA",88080,2
2017-08-01,2017,8,SANTANDER,71382,3
2017-08-01,2017,8,SIN ESPECIFICAR,139,1
2017-08-01,2017,8,SUCRE,3798,2
2017-08-01,2017,8,TOLIMA,6926,1
2017-08-01,2017,8,VALLE DEL CAUCA,185523,2
2017-08-01,2017,8,VAUPES,1333,4
2017-08-01,2017,8,VICHADA,1335,3
2017-09-01,2017,9,AMAZONAS,10620,4
2017-09-01,2017,9,ANTIOQUIA,266158,5
2017-09-01,2017,9,ARAUCA,5596,2
2017-09-01,2017,9,ATLANTICO,74042,1
2017-09-01,2017,9,BOGOTA D.C.,637837,1
2017-09-01,2017,9,BOLIVAR,143556,1
2017-09-01,2017,9,CALDAS,9030,1
2017-09-01,2017,9,CAQUETA,3813,1
2017-09-01,2017,9,CASANARE,14596,2
2017-09-01,2017,9,CAUCA,7459,2
2017-09-01,2017,9,CESAR,13777,2
2017-09-01,2017,9,CHOCO,17366,5
2017-09-01,2017,9,CORDOBA,36214,1
2017-09-01,2017,9,GUAINIA,1998,2
2017-09-01,2017,9,GUAVIARE,1297,2
2017-09-01,2017,9,HUILA,12282,2
2017-09-01,2017,9,LA GUAJIRA,5674,1
2017-09-01,2017,9,MAGDALENA,64220,1
2017-09-01,2017,9,META,4018,2
2017-09-01,2017,9,NARINO,15406,3
2017-09-01,2017,9,NORTE DE SANTANDER,29634,1
2017-09-01,2017,9,PUTUMAYO,4650,3
2017-09-01,2017,9,QUINDIO,12549,1
2017-09-01,2017,9,RISARALDA,49773,1
2017-09-01,2017,9,"SAN ANDRES, PROVIDENCIA Y SANTA CATALINA",79780,2
2017-09-01,2017,9,SANTANDER,61570,2
2017-09-01,2017,9,SIN ESPECIFICAR,77,1
2017-09-01,2017,9,SUCRE,3968,2
2017-09-01,2017,9,TOLIMA,5304,1
2017-09-01,2017,9,VALLE DEL CAUCA,131890,2
2017-09-01,2017,9,VAUPES,1201,4
2017-09-01,2017,9,VICHADA,1251,3
2017-10-01,2017,10,AMAZONAS,11644,4
2017-10-01,2017,10,ANTIOQUIA,239466,5
2017-10-01,2017,10,ARAUCA,5983,2
2017-10-01,2017,10,ATLANTICO,63675,1
2017-10-01,2017,10,BOGOTA D.C.,580934,1
2017-10-01,2017,10,BOLIVAR,133093,1
2017-10-01,2017,10,CALDAS,10090,1
2017-10-01,2017,10,CAQUETA,4277,1
2017-10-01,2017,10,CASANARE,13534,3
2017-10-01,2017,10,CAUCA,6135,2
2017-10-01,2017,10,CESAR,11930,2
2017-10-01,2017,10,CHOCO,17101,5
2017-10-01,2017,10,CORDOBA,31509,1
2017-10-01,2017,10,GUAINIA,2334,2
2017-10-01,2017,10,GUAVIARE,1326,2
2017-10-01,2017,10,HUILA,10192,2
2017-10-01,2017,10,LA GUAJIRA,4060,1
2017-10-01,2017,10,MAGDALENA,60320,1
2017-10-01,2017,10,META,3523,2
2017-10-01,2017,10,NARINO,14502,3
2017-10-01,2017,10,NORTE DE SANTANDER,18976,1
2017-10-01,2017,10,PUTUMAYO,4884,3
2017-10-01,2017,10,QUINDIO,9301,1
2017-10-01,2017,10,RISARALDA,42611,1
2017-10-01,2017,10,"SAN ANDRES, PROVIDENCIA Y SANTA CATALINA",80607,2
2017-10-01,2017,10,SANTANDER,52838,2
2017-10-01,2017,10,SIN ESPECIFICAR,91,1
2017-10-01,2017,10,SUCRE,4498,2
2017-10-01,2017,10,TOLIMA,3948,1
2017-10-01,2017,10,VALLE DEL CAUCA,105199,2
2017-10-01,2017,10,VAUPES,1372,4
2017-10-01,2017,10,VICHADA,1495,3
2017-11-01,2017,11,AMAZONAS,10440,4
2017-11-01,2017,11,ANTIOQUIA,267094,5
2017-11-01,2017,11,ARAUCA,5901,2
2017-11-01,2017,11,ATLANTICO,78580,1
2017-11-01,2017,11,BOGOTA D.C.,654722,1
2017-11-01,2017,11,BOLIVAR,150600,1
2017-11-01,2017,11,CALDAS,8939,1
2017-11-01,2017,11,CAQUETA,4439,2
2017-11-01,2017,11,CASANARE,13858,2
2017-11-01,2017,11,CAUCA,5789,2
2017-11-01,2017,11,CESAR,14286,2
2017-11-01,2017,11,CHOCO,17034,5
2017-11-01,2017,11,CORDOBA,35410,1
2017-11-01,2017,11,GUAINIA,2340,2
2017-11-01,2017,11,GUAVIARE,1510,2
2017-11-01,2017,11,HUILA,11939,2
2017-11-01,2017,11,LA GUAJIRA,4177,1
2017-11-01,2017,11,MAGDALENA,69617,1
2017-11-01,2017,11,META,3465,2
2017-11-01,2017,11,NARINO,16749,3
2017-11-01,2017,11,NORTE DE SANTANDER,24874,1
2017-11-01,2017,11,PUTUMAYO,4868,3
2017-11-01,2017,11,QUINDIO,13494,1
2017-11-01,2017,11,RISARALDA,56707,1
2017-11-01,2017,11,"SAN ANDRES, PROVIDENCIA Y SANTA CATALINA",84071,2
2017-11-01,2017,11,SANTANDER,54570,2
2017-11-01,2017,11,SIN ESPECIFICAR,70,1
2017-11-01,2017,11,SUCRE,4149,2
2017-11-01,2017,11,TOLIMA,3796,2
2017-11-01,2017,11,VALLE DEL CAUCA,125928,2
2017-11-01,2017,11,VAUPES,1385,4
2017-11-01,2017,11,VICHADA,1427,2
2017-12-01,2017,12,AMAZONAS,10832,4
2017-12-01,2017,12,ANTIOQUIA,281200,5
2017-12-01,2017,12,ARAUCA,5987,2
2017-12-01,2017,12,ATLANTICO,92944,1
2017-12-01,2017,12,BOGOTA D.C.,671891,1
2017-12-01,2017,12,BOLIVAR,174057,1
2017-12-01,2017,12,CALDAS,8458,1
2017-12-01,2017,12,CAQUETA,4448,2
2017-12-01,2017,12,CASANARE,13027,2
2017-12-01,2017,12,CAUCA,6481,2
2017-12-01,2017,12,CESAR,18723,2
2017-12-01,2017,12,CHOCO,20629,5
2017-12-01,2017,12,CORDOBA,38686,1
2017-12-01,2017,12,GUAINIA,2908,2
2017-12-01,2017,12,GUAVIARE,1676,2
2017-12-01,2017,12,HUILA,10414,2
2017-12-01,2017,12,LA GUAJIRA,7501,1
2017-12-01,2017,12,MAGDALENA,80775,1
2017-12-01,2017,12,META,4911,2
2017-12-01,2017,12,NARINO,20437,3
2017-12-01,2017,12,NORTE DE SANTANDER,32394,1
2017-12-01,2017,12,PUTUMAYO,5063,3
2017-12-01,2017,12,QUINDIO,10971,1
2017-12-01,2017,12,RISARALDA,66972,1
2017-12-01,2017,12,"SAN ANDRES, PROVIDENCIA Y SANTA CATALINA",88118,2
2017-12-01,2017,12,SANTANDER,67475,2
2017-12-01,2017,12,SIN ESPECIFICAR,118,1
2017-12-01,2017,12,SUCRE,5070,2
2017-12-01,2017,12,TOLIMA,5038,2
2017-12-01,2017,12,VALLE DEL CAUCA,146034,2
2017-12-01,2017,12,VAUPES,1729,3
2017-12-01,2017,12,VICHADA,1844,3
2018-01-01,2018,1,AMAZONAS,10705,4
2018-01-01,2018,1,ANTIOQUIA,277642,5
2018-01-01,2018,1,ARAUCA,5369,2
2018-01-01,2018,1,ATLANTICO,89192,1
2018-01-01,2018,1,BOGOTA D.C.,736577,1
2018-01-01,2018,1,BOLIVAR,171462,1
2018-01-01,2018,1,CALDAS,7854,1
2018-01-01,2018,1,CAQUETA,3781,2
2018-01-01,2018,1,CASANARE,12595,2
2018-01-01,2018,1,CAUCA,5585,2
2018-01-01,2018,1,CESAR,15269,2
2018-01-01,2018,1,CHOCO,14588,5
2018-01-01,2018,1,CORDOBA,35826,1
2018-01-01,2018,1,GUAINIA,2785,2
2018-01-01,2018,1,GUAVIARE,1293,2
2018-01-01,2018,1,HUILA,9511,2
2018-01-01,2018,1,LA GUAJIRA,6944,1
2018-01-01,2018,1,MAGDALENA,77546,1
2018-01-01,2018,1,META,4064,2
2018-01-01,2018,1,NARINO,18298,3
2018-01-01,2018,1,NORTE DE SANTANDER,34393,1
2018-01-01,2018,1,PUTUMAYO,4668,3
2018-01-01,2018,1,QUINDIO,9448,1
2018-01-01,2018,1,RISARALDA,60691,1
2018-01-01,2018,1,"SAN ANDRES, PROVIDENCIA Y SANTA CATALINA",88254,2
2018-01-01,2018,1,SANTANDER,57836,2
2018-01-01,2018,1,SIN ESPECIFICAR,61,1
2018-01-01,2018,1,SUCRE,3975,2
2018-01-01,2018,1,TOLIMA,4509,1
2018-01-01,2018,1,VALLE DEL CAUCA,134086,2
2018-01-01,2018,1,VAUPES,1711,4
2018-01-01,2018,1,VICHADA,2009,2
2018-02-01,2018,2,AMAZONAS,8967,4
2018-02-01,2018,2,ANTIOQUIA,252393,5
2018-02-01,2018,2,ARAUCA,5015,2
2018-02-01,2018,2,ATLANTICO,72886,1
2018-02-01,2018,2,BOGOTA D.C.,623720,1
2018-02-01,2018,2,BOLIVAR,145550,1
2018-02-01,2018,2,CALDAS,8626,1
2018-02-01,2018,2,CAQUETA,4020,2
2018-02-01,2018,2,CASANARE,13218,2
2018-02-01,2018,2,CAUCA,6015,2
2018-02-01,2018,2,CESAR,14909,1
2018-02-01,2018,2,CHOCO,13838,5
2018-02-01,2018,2,CORDOBA,30644,1
2018-02-01,2018,2,GUAINIA,2253,2
2018-02-01,2018,2,GUAVIARE,1074,2
2018-02-01,2018,2,HUILA,11094,2
2018-02-01,2018,2,LA GUAJIRA,5792,1
2018-02-01,2018,2,MAGDALENA,59470,1
2018-02-01,2018,2,META,4505,2
2018-02-01,2018,2,NARINO,16273,3
2018-02-01,2018,2,NORTE DE SANTANDER,30098,1
2018-02-01,2018,2,PUTUMAYO,4580,3
2018-02-01,2018,2,QUINDIO,11510,1
2018-02-01,2018,2,RISARALDA,56988,1
2018-02-01,2018,2,"SAN ANDRES, PROVIDENCIA Y SANTA CATALINA",75710,2
2018-02-01,2018,2,SANTANDER,58485,2
2018-02-01,2018,2,SIN ESPECIFICAR,85,1
2018-02-01,2018,2,SUCRE,3192,2
2018-02-01,2018,2,TOLIMA,4652,1
2018-02-01,2018,2,VALLE DEL CAUCA,122490,3
2018-02-01,2018,2,VAUPES,1324,4
2018-02-01,2018,2,VICHADA,1642,3
2018-03-01,2018,3,AMAZONAS,10371,4
2018-03-01,2018,3,ANTIOQUIA,270199,5
2018-03-01,2018,3,ARAUCA,5254,2
2018-03-01,2018,3,ATLANTICO,78690,1
2018-03-01,2018,3,BOGOTA D.C.,671698,1
2018-03-01,2018,3,BOLIVAR,172002,1
2018-03-01,2018,3,CALDAS,8616,1
2018-03-01,2018,3,CAQUETA,4153,2
2018-03-01,2018,3,CASANARE,13340,2
2018-03-01,2018,3,CAUCA,5605,2
2018-03-01,2018,3,CESAR,16200,1
2018-03-01,2018,3,CHOCO,14894,5
2018-03-01,2018,3,CORDOBA,33581,1
2018-03-01,2018,3,GUAINIA,2389,2
2018-03-01,2018,3,GUAVIARE,1370,2
2018-03-01,2018,3,HUILA,11868,2
2018-03-01,2018,3,LA GUAJIRA,6534,1
2018-03-01,2018,3,MAGDALENA,69523,1
2018-03-01,2018,3,META,4347,2
2018-03-01,2018,3,NARINO,18516,3
2018-03-01,2018,3,NORTE DE SANTANDER,30609,1
2018-03-01,2018,3,PUTUMAYO,4812,3
2018-03-01,2018,3,QUINDIO,13371,1
2018-03-01,2018,3,RISARALDA,64031,1
2018-03-01,2018,3,"SAN ANDRES, PROVIDENCIA Y SANTA CATALINA",78935,2
2018-03-01,2018,3,SANTANDER,61180,2
2018-03-01,2018,3,SIN ESPECIFICAR,125,1
2018-03-01,2018,3,SUCRE,3736,2
2018-03-01,2018,3,TOLIMA,4789,1
2018-03-01,2018,3,VALLE DEL CAUCA,133024,2
2018-03-01,2018,3,VAUPES,1352,3
2018-03-01,2018,3,VICHADA,1699,3
2018-04-01,2018,4,AMAZONAS,9340,4
2018-04-01,2018,4,ANTIOQUIA,272851,5
2018-04-01,2018,4,ARAUCA,5793,2
2018-04-01,2018,4,ATLANTICO,85308,1
2018-04-01,2018,4,BOGOTA D.C.,695697,1
2018-04-01,2018,4,BOLIVAR,156027,1
2018-04-01,2018,4,CALDAS,7814,1
2018-04-01,2018,4,CAQUETA,4513,2
2018-04-01,2018,4,CASANARE,12883,2
2018-04-01,2018,4,CAUCA,5740,2
2018-04-01,2018,4,CESAR,17265,1
2018-04-01,2018,4,CHOCO,15272,4
2018-04-01,2018,4,CORDOBA,33589,1
2018-04-01,2018,4,GUAINIA,2375,2
2018-04-01,2018,4,GUAVIARE,1323,2
2018-04-01,2018,4,HUILA,11563,2
2018-04-01,2018,4,LA GUAJIRA,6837,1
2018-04-01,2018,4,MAGDALENA,65287,1
2018-04-01,2018,4,META,4110,2
2018-04-01,2018,4,NARINO,18853,3
2018-04-01,2018,4,NORTE DE SANTANDER,31110,1
2018-04-01,2018,4,PUTUMAYO,5118,3
2018-04-01,2018,4,QUINDIO,11949,1
2018-04-01,2018,4,RISARALDA,57273,1
2018-04-01,2018,4,"SAN ANDRES, PROVIDENCIA Y SANTA CATALINA",71187,2
2018-04-01,2018,4,SANTANDER,61503,2
2018-04-01,2018,4,SIN ESPECIFICAR,59,1
2018-04-01,2018,4,SUCRE,3351,2
2018-04-01,2018,4,TOLIMA,4808,1
2018-04-01,2018,4,VALLE DEL CAUCA,141662,2
2018-04-01,2018,4,VAUPES,1524,4
2018-04-01,2018,4,VICHADA,1585,3
2018-05-01,2018,5,AMAZONAS,9599,4
2018-05-01,2018,5,ANTIOQUIA,284101,5
2018-05-01,2018,5,ARAUCA,6425,2
2018-05-01,2018,5,ATLANTICO,81811,1
2018-05-01,2018,5,BOGOTA D.C.,681204,1
2018-05-01,2018,5,BOLIVAR,150098,1
2018-05-01,2018,5,CALDAS,8244,1
2018-05-01,2018,5,CAQUETA,4653,2
2018-05-01,2018,5,CASANARE,13573,2
2018-05-01,2018,5,CAUCA,5907,2
2018-05-01,2018,5,CESAR,15721,2
2018-05-01,2018,5,CHOCO,15350,4
2018-05-01,2018,5,CORDOBA,34752,1
2018-05-01,2018,5,GUAINIA,2360,2
2018-05-01,2018,5,GUAVIARE,1428,2
2018-05-01,2018,5,HUILA,12350,2
2018-05-01,2018,5,LA GUAJIRA,6205,1
2018-05-01,2018,5,MAGDALENA,65808,1
2018-05-01,2018,5,META,4352,2
2018-05-01,2018,5,NARINO,18576,3
2018-05-01,2018,5,NORTE DE SANTANDER,31454,1
2018-05-01,2018,5,PUTUMAYO,5091,3
2018-05-01,2018,5,QUINDIO,12200,1
2018-05-01,2018,5,RISARALDA,59992,1
2018-05-01,2018,5,"SAN ANDRES, PROVIDENCIA Y SANTA CATALINA",69470,2
2018-05-01,2018,5,SANTANDER,65006,2
2018-05-01,2018,5,SIN ESPECIFICAR,94,1
2018-05-01,2018,5,SUCRE,3722,2
2018-05-01,2018,5,TOLIMA,4922,1
2018-05-01,2018,5,VALLE DEL CAUCA,143624,2
2018-05-01,2018,5,VAUPES,1461,4
2018-05-01,2018,5,VICHADA,1651,3
2018-06-01,2018,6,AMAZONAS,10482,4
2018-06-01,2018,6,ANTIOQUIA,280767,5
2018-06-01,2018,6,ARAUCA,5714,2
2018-06-01,2018,6,ATLANTICO,91371,1
2018-06-01,2018,6,BOGOTA D.C.,696280,1
2018-06-01,2018,6,BOLIVAR,170539,1
2018-06-01,2018,6,CALDAS,8579,1
2018-06-01,2018,6,CAQUETA,4795,2
2018-06-01,2018,6,CASANARE,12472,2
2018-06-01,2018,6,CAUCA,5483,2
2018-06-01,2018,6,CESAR,15695,2
2018-06-01,2018,6,CHOCO,15769,4
2018-06-01,2018,6,CORDOBA,38861,1
2018-06-01,2018,6,GUAINIA,2300,2
2018-06-01,2018,6,GUAVIARE,1455,2
2018-06-01,2018,6,HUILA,11966,2
2018-06-01,2018,6,LA GUAJIRA,6781,1
2018-06-01,2018,6,MAGDALENA,79938,1
2018-06-01,2018,6,META,4349,2
2018-06-01,2018,6,NARINO,19186,3
2018-06-01,2018,6,NORTE DE SANTANDER,33397,2
2018-06-01,2018,6,PUTUMAYO,5237,3
2018-06-01,2018,6,QUINDIO,12578,1
2018-06-01,2018,6,RISARALDA,60690,1
2018-06-01,2018,6,"SAN ANDRES, PROVIDENCIA Y SANTA CATALINA",76043,2
2018-06-01,2018,6,SANTANDER,65109,2
2018-06-01,2018,6,SIN ESPECIFICAR,143,1
2018-06-01,2018,6,SUCRE,4319,2
2018-06-01,2018,6,TOLIMA,4825,1
2018-06-01,2018,6,VALLE DEL CAUCA,142631,2
2018-06-01,2018,6,VAUPES,1449,4
2018-06-01,2018,6,VICHADA,1428,2
2018-07-01,2018,7,AMAZONAS,11599,4
2018-07-01,2018,7,ANTIOQUIA,321543,5
2018-07-01,2018,7,ARAUCA,5684,2
2018-07-01,2018,7,ATLANTICO,97645,1
2018-07-01,2018,7,BOGOTA D.C.,738864,1
2018-07-01,2018,7,BOLIVAR,196486,1
2018-07-01,2018,7,CALDAS,8358,1
2018-07-01,2018,7,CAQUETA,5517,2
2018-07-01,2018,7,CASANARE,13540,2
2018-07-01,2018,7,CAUCA,5871,2
2018-07-01,2018,7,CESAR,15983,1
2018-07-01,2018,7,CHOCO,16110,4
2018-07-01,2018,7,CORDOBA,43152,1
2018-07-01,2018,7,GUAINIA,2382,2
2018-07-01,2018,7,GUAVIARE,1624,2
2018-07-01,2018,7,HUILA,11958,2
2018-07-01,2018,7,LA GUAJIRA,7054,1
2018-07-01,2018,7,MAGDALENA,85528,1
2018-07-01,2018,7,META,5227,2
2018-07-01,2018,7,NARINO,20585,3
2018-07-01,2018,7,NORTE DE SANTANDER,36847,1
2018-07-01,2018,7,PUTUMAYO,5469,3
2018-07-01,2018,7,QUINDIO,13129,1
2018-07-01,2018,7,RISARALDA,63006,1
2018-07-01,2018,7,"SAN ANDRES, PROVIDENCIA Y SANTA CATALINA",82653,2
2018-07-01,2018,7,SANTANDER,67956,2
2018-07-01,2018,7,SIN ESPECIFICAR,53,1
2018-07-01,2018,7,SUCRE,3892,2
2018-07-01,2018,7,TOLIMA,4678,1
2018-07-01,2018,7,VALLE DEL CAUCA,163838,2
2018-07-01,2018,7,VAUPES,1566,4
2018-07-01,2018,7,VICHADA,1339,3
2018-08-01,2018,8,AMAZONAS,11632,4
2018-08-01,2018,8,ANTIOQUIA,322342,5
2018-08-01,2018,8,ARAUCA,5994,1
2018-08-01,2018,8,ATLANTICO,86966,1
2018-08-01,2018,8,BOGOTA D.C.,758522,1
2018-08-01,2018,8,BOLIVAR,190696,2
2018-08-01,2018,8,CALDAS,8726,1
2018-08-01,2018,8,CAQUETA,5283,2
2018-08-01,2018,8,CASANARE,13901,2
2018-08-01,2018,8,CAUCA,5903,2
2018-08-01,2018,8,CESAR,14803,1
2018-08-01,2018,8,CHOCO,15074,4
2018-08-01,2018,8,CORDOBA,39399,1
2018-08-01,2018,8,GUAINIA,2351,2
2018-08-01,2018,8,GUAVIARE,1406,2
2018-08-01,2018,8,HUILA,12613,2
2018-08-01,2018,8,LA GUAJIRA,6254,1
2018-08-01,2018,8,MAGDALENA,84349,1
2018-08-01,2018,8,META,6122,2
2018-08-01,2018,8,NARINO,18967,3
2018-08-01,2018,8,NORTE DE SANTANDER,33817,1
2018-08-01,2018,8,PUTUMAYO,5339,3
2018-08-01,2018,8,QUINDIO,13018,1
2018-08-01,2018,8,RISARALDA,62216,1
2018-08-01,2018,8,"SAN ANDRES, PROVIDENCIA Y SANTA CATALINA",80217,2
2018-08-01,2018,8,SANTANDER,68551,2
2018-08-01,2018,8,SIN ESPECIFICAR,126,1
2018-08-01,2018,8,SUCRE,3883,2
2018-08-01,2018,8,TOLIMA,5068,1
2018-08-01,2018,8,VALLE DEL CAUCA,159538,2
2018-08-01,2018,8,VAUPES,1513,4
2018-08-01,2018,8,VICHADA,1624,2
2018-09-01,2018,9,AMAZONAS,10560,4
2018-09-01,2018,9,ANTIOQUIA,311405,5
2018-09-01,2018,9,ARAUCA,5972,1
2018-09-01,2018,9,ATLANTICO,89103,1
2018-09-01,2018,9,BOGOTA D.C.,711455,1
2018-09-01,2018,9,BOLIVAR,174331,1
2018-09-01,2018,9,CALDAS,8362,1
2018-09-01,2018,9,CAQUETA,5164,2
2018-09-01,2018,9,CASANARE,14489,2
2018-09-01,2018,9,CAUCA,5598,2
2018-09-01,2018,9,CESAR,15503,1
2018-09-01,2018,9,CHOCO,15586,4
2018-09-01,2018,9,CORDOBA,40242,1
2018-09-01,2018,9,GUAINIA,2174,2
2018-09-01,2018,9,GUAVIARE,1511,2
2018-09-01,2018,9,HUILA,12001,2
2018-09-01,2018,9,LA GUAJIRA,6210,1
2018-09-01,2018,9,MAGDALENA,79683,1
2018-09-01,2018,9,META,5816,3
2018-09-01,2018,9,NARINO,19748,3
2018-09-01,2018,9,NORTE DE SANTANDER,35654,1
2018-09-01,2018,9,PUTUMAYO,5258,3
2018-09-01,2018,9,QUINDIO,11908,1
2018-09-01,2018,9,RISARALDA,60092,1
2018-09-01,2018,9,"SAN ANDRES, PROVIDENCIA Y SANTA CATALINA",74344,2
2018-09-01,2018,9,SANTANDER,69067,2
2018-09-01,2018,9,SIN ESPECIFICAR,34,1
2018-09-01,2018,9,SUCRE,3438,2
2018-09-01,2018,9,TOLIMA,5128,1
2018-09-01,2018,9,VALLE DEL CAUCA,152603,2
2018-09-01,2018,9,VAUPES,1433,3
2018-09-01,2018,9,VICHADA,1506,2
2018-10-01,2018,10,AMAZONAS,10795,4
2018-10-01,2018,10,ANTIOQUIA,331447,5
2018-10-01,2018,10,ARAUCA,6751,1
2018-10-01,2018,10,ATLANTICO,94697,1
2018-10-01,2018,10,BOGOTA D.C.,762065,1
2018-10-01,2018,10,BOLIVAR,190304,1
2018-10-01,2018,10,CALDAS,8616,1
2018-10-01,2018,10,CAQUETA,5349,2
2018-10-01,2018,10,CASANARE,14751,2
2018-10-01,2018,10,CAUCA,5627,2
2018-10-01,2018,10,CESAR,15929,1
2018-10-01,2018,10,CHOCO,15440,4
2018-10-01,2018,10,CORDOBA,40202,1
2018-10-01,2018,10,GUAINIA,2445,2
2018-10-01,2018,10,GUAVIARE,1588,2
2018-10-01,2018,10,HUILA,13074,2
2018-10-01,2018,10,LA GUAJIRA,7002,1
2018-10-01,2018,10,MAGDALENA,86648,1
2018-10-01,2018,10,META,5609,2
2018-10-01,2018,10,NARINO,20641,3
2018-10-01,2018,10,NORTE DE SANTANDER,37534,1
2018-10-01,2018,10,PUTUMAYO,5559,3
2018-10-01,2018,10,QUINDIO,13187,1
2018-10-01,2018,10,RISARALDA,64649,1
2018-10-01,2018,10,"SAN ANDRES, PROVIDENCIA Y SANTA CATALINA",76283,2
2018-10-01,2018,10,SANTANDER,72965,2
2018-10-01,2018,10,SIN ESPECIFICAR,102,1
2018-10-01,2018,10,SUCRE,5682,2
2018-10-01,2018,10,TOLIMA,4982,1
2018-10-01,2018,10,VALLE DEL CAUCA,162478,2
2018-10-01,2018,10,VAUPES,1574,4
2018-10-01,2018,10,VICHADA,1985,2
2018-11-01,2018,11,AMAZONAS,11732,4
2018-11-01,2018,11,ANTIOQUIA,327900,5
2018-11-01,2018,11,ARAUCA,6115,1
2018-11-01,2018,11,ATLANTICO,96836,1
2018-11-01,2018,11,BOGOTA D.C.,731467,1
2018-11-01,2018,11,BOLIVAR,193590,1
2018-11-01,2018,11,CALDAS,8299,1
2018-11-01,2018,11,CAQUETA,4979,2
2018-11-01,2018,11,CASANARE,13349,2
2018-11-01,2018,11,CAUCA,5565,2
2018-11-01,2018,11,CESAR,15768,1
2018-11-01,2018,11,CHOCO,15517,4
2018-11-01,2018,11,CORDOBA,40890,1
2018-11-01,2018,11,GUAINIA,2521,2
2018-11-01,2018,11,GUAVIARE,1611,2
2018-11-01,2018,11,HUILA,11648,2
2018-11-01,2018,11,LA GUAJIRA,7315,1
2018-11-01,2018,11,MAGDALENA,102581,1
2018-11-01,2018,11,META,5053,2
2018-11-01,2018,11,NARINO,19242,3
2018-11-01,2018,11,NORTE DE SANTANDER,36421,1
2018-11-01,2018,11,PUTUMAYO,5239,3
2018-11-01,2018,11,QUINDIO,13302,1
2018-11-01,2018,11,RISARALDA,66897,1
2018-11-01,2018,11,"SAN ANDRES, PROVIDENCIA Y SANTA CATALINA",84057,2
2018-11-01,2018,11,SANTANDER,74920,2
2018-11-01,2018,11,SIN ESPECIFICAR,100,1
2018-11-01,2018,11,SUCRE,5466,2
2018-11-01,2018,11,TOLIMA,5382,1
2018-11-01,2018,11,VALLE DEL CAUCA,165749,2
2018-11-01,2018,11,VAUPES,1791,4
2018-11-01,2018,11,VICHADA,1585,3
2018-12-01,2018,12,AMAZONAS,12597,4
2018-12-01,2018,12,ANTIOQUIA,354895,5
2018-12-01,2018,12,ARAUCA,6206,1
2018-12-01,2018,12,ATLANTICO,103286,1
2018-12-01,2018,12,BOGOTA D.C.,697229,1
2018-12-01,2018,12,BOLIVAR,222030,1
2018-12-01,2018,12,CALDAS,8985,1
2018-12-01,2018,12,CAQUETA,5697,2
2018-12-01,2018,12,CASANARE,11909,2
2018-12-01,2018,12,CAUCA,6098,2
2018-12-01,2018,12,CESAR,17609,1
2018-12-01,2018,12,CHOCO,19335,4
2018-12-01,2018,12,CORDOBA,45585,1
2018-12-01,2018,12,GUAINIA,2841,2
2018-12-01,2018,12,GUAVIARE,1681,2
2018-12-01,2018,12,HUILA,10166,2
2018-12-01,2018,12,LA GUAJIRA,9297,1
2018-12-01,2018,12,MAGDALENA,121201,1
2018-12-01,2018,12,META,5374,2
2018-12-01,2018,12,NARINO,21723,3
2018-12-01,2018,12,NORTE DE SANTANDER,37092,1
2018-12-01,2018,12,PUTUMAYO,5645,3
2018-12-01,2018,12,QUINDIO,14268,1
2018-12-01,2018,12,RISARALDA,70468,1
2018-12-01,2018,12,"SAN ANDRES, PROVIDENCIA Y SANTA CATALINA",99977,2
2018-12-01,2018,12,SANTANDER,77566,2
2018-12-01,2018,12,SIN ESPECIFICAR,92,1
2018-12-01,2018,12,SUCRE,6280,2
2018-12-01,2018,12,TOLIMA,5488,2
2018-12-01,2018,12,VALLE DEL CAUCA,183473,2
2018-12-01,2018,12,VAUPES,1712,3
2018-12-01,2018,12,VICHADA,1889,3
2019-01-01,2019,1,AMAZONAS,12007,3
2019-01-01,2019,1,ANTIOQUIA,335765,5
2019-01-01,2019,1,ARAUCA,5684,2
2019-01-01,2019,1,ATLANTICO,92515,1
2019-01-01,2019,1,BOGOTA D.C.,799279,1
2019-01-01,2019,1,BOLIVAR,212473,1
2019-01-01,2019,1,CALDAS,8179,1
2019-01-01,2019,1,CAQUETA,5042,3
2019-01-01,2019,1,CASANARE,10368,1
2019-01-01,2019,1,CAUCA,4890,2
2019-01-01,2019,1,CESAR,15766,1
2019-01-01,2019,1,CHOCO,12828,3
2019-01-01,2019,1,CORDOBA,40364,1
2019-01-01,2019,1,GUAINIA,2781,3
2019-01-01,2019,1,GUAVIARE,1202,2
2019-01-01,2019,1,HUILA,9919,2
2019-01-01,2019,1,LA GUAJIRA,10126,1
2019-01-01,2019,1,MAGDALENA,111611,1
2019-01-01,2019,1,META,4670,2
2019-01-01,2019,1,NARINO,17250,3
2019-01-01,2019,1,NORTE DE SANTANDER,37289,1
2019-01-01,2019,1,PUTUMAYO,5885,3
2019-01-01,2019,1,QUINDIO,15101,1
2019-01-01,2019,1,RISARALDA,57801,1
2019-01-01,2019,1,"SAN ANDRES, PROVIDENCIA Y SANTA CATALINA",98094,2
2019-01-01,2019,1,SANTANDER,67074,2
2019-01-01,2019,1,SUCRE,5000,2
2019-01-01,2019,1,TOLIMA,4775,2
2019-01-01,2019,1,VALLE DEL CAUCA,162011,2
2019-01-01,2019,1,VAUPES,1614,3
2019-01-01,2019,1,VICHADA,2077,2
2019-02-01,2019,2,AMAZONAS,9258,3
2019-02-01,2019,2,ANTIOQUIA,284519,5
2019-02-01,2019,2,ARAUCA,5445,2
2019-02-01,2019,2,ATLANTICO,81027,1
2019-02-01,2019,2,BOGOTA D.C.,643764,1
2019-02-01,2019,2,BOLIVAR,165300,1
2019-02-01,2019,2,CALDAS,8173,1
2019-02-01,2019,2,CAQUETA,4674,3
2019-02-01,2019,2,CASANARE,11659,1
2019-02-01,2019,2,CAUCA,4856,2
2019-02-01,2019,2,CESAR,14405,2
2019-02-01,2019,2,CHOCO,12751,3
2019-02-01,2019,2,CORDOBA,33219,1
2019-02-01,2019,2,GUAINIA,2104,3
2019-02-01,2019,2,GUAVIARE,1201,2
2019-02-01,2019,2,HUILA,11828,2
2019-02-01,2019,2,LA GUAJIRA,8295,1
2019-02-01,2019,2,MAGDALENA,85368,1
2019-02-01,2019,2,META,3876,2
2019-02-01,2019,2,NARINO,16394,3
2019-02-01,2019,2,NORTE DE SANTANDER,32507,1
2019-02-01,2019,2,PUTUMAYO,5683,3
2019-02-01,2019,2,QUINDIO,13206,1
2019-02-01,2019,2,RISARALDA,53384,1
2019-02-01,2019,2,"SAN ANDRES, PROVIDENCIA Y SANTA CATALINA",71000,2
2019-02-01,2019,2,SANTANDER,62334,2
2019-02-01,2019,2,SUCRE,3809,2
2019-02-01,2019,2,TOLIMA,5035,2
2019-02-01,2019,2,VALLE DEL CAUCA,137106,2
2019-02-01,2019,2,VAUPES,1386,3
2019-02-01,2019,2,VICHADA,1569,2
2019-03-01,2019,3,AMAZONAS,10335,3
2019-03-01,2019,3,ANTIOQUIA,318740,5
2019-03-01,2019,3,ARAUCA,6856,3
2019-03-01,2019,3,ATLANTICO,88163,1
2019-03-01,2019,3,BOGOTA D.C.,734200,1
2019-03-01,2019,3,BOLIVAR,182785,1
2019-03-01,2019,3,CALDAS,8926,1
2019-03-01,2019,3,CAQUETA,5934,3
2019-03-01,2019,3,CASANARE,12573,1
2019-03-01,2019,3,CAUCA,6943,2
2019-03-01,2019,3,CESAR,16057,1
2019-03-01,2019,3,CHOCO,14795,3
2019-03-01,2019,3,CORDOBA,36493,1
2019-03-01,2019,3,GUAINIA,2104,3
2019-03-01,2019,3,GUAVIARE,1119,2
2019-03-01,2019,3,HUILA,13472,2
2019-03-01,2019,3,LA GUAJIRA,8566,1
2019-03-01,2019,3,MAGDALENA,94001,1
2019-03-01,2019,3,META,4436,3
2019-03-01,2019,3,NARINO,19799,3
2019-03-01,2019,3,NORTE DE SANTANDER,32604,1
2019-03-01,2019,3,PUTUMAYO,7152,3
2019-03-01,2019,3,QUINDIO,13604,1
2019-03-01,2019,3,RISARALDA,63496,1
2019-03-01,2019,3,"SAN ANDRES, PROVIDENCIA Y SANTA CATALINA",81949,2
2019-03-01,2019,3,SANTANDER,66592,2
2019-03-01,2019,3,SUCRE,4202,2
2019-03-01,2019,3,TOLIMA,5282,1
2019-03-01,2019,3,VALLE DEL CAUCA,155744,2
2019-03-01,2019,3,VAUPES,1552,3
2019-03-01,2019,3,VICHADA,2099,2
2019-04-01,2019,4,AMAZONAS,11287,3
2019-04-01,2019,4,ANTIOQUIA,297996,3
2019-04-01,2019,4,ARAUCA,6525,3
2019-04-01,2019,4,ATLANTICO,85640,1
2019-04-01,2019,4,BOGOTA D.C.,719788,1
2019-04-01,2019,4,BOLIVAR,174330,1
2019-04-01,2019,4,CALDAS,9191,1
2019-04-01,2019,4,CAQUETA,5285,3
2019-04-01,2019,4,CASANARE,11978,1
2019-04-01,2019,4,CAUCA,7133,2
2019-04-01,2019,4,CESAR,16850,1
2019-04-01,2019,4,CHOCO,13855,2
2019-04-01,2019,4,CORDOBA,39285,1
2019-04-01,2019,4,GUAINIA,2071,3
2019-04-01,2019,4,GUAVIARE,1365,2
2019-04-01,2019,4,HUILA,13272,2
2019-04-01,2019,4,LA GUAJIRA,9693,1
2019-04-01,2019,4,MAGDALENA,91584,1
2019-04-01,2019,4,META,3868,1
2019-04-01,2019,4,NARINO,19205,3
2019-04-01,2019,4,NORTE DE SANTANDER,35480,2
2019-04-01,2019,4,PUTUMAYO,6511,3
2019-04-01,2019,4,QUINDIO,13458,1
2019-04-01,2019,4,RISARALDA,64116,1
2019-04-01,2019,4,"SAN ANDRES, PROVIDENCIA Y SANTA CATALINA",79119,2
2019-04-01,2019,4,SANTANDER,69561,2
2019-04-01,2019,4,SUCRE,3521,1
2019-04-01,2019,4,TOLIMA,4701,1
2019-04-01,2019,4,VALLE DEL CAUCA,151636,2
2019-04-01,2019,4,VAUPES,1321,3
2019-04-01,2019,4,VICHADA,1687,2
2019-05-01,2019,5,AMAZONAS,10545,3
2019-05-01,2019,5,ANTIOQUIA,321335,3
2019-05-01,2019,5,ARAUCA,6997,3
2019-05-01,2019,5,ATLANTICO,89947,1
2019-05-01,2019,5,BOGOTA D.C.,765475,1
2019-05-01,2019,5,BOLIVAR,163179,1
2019-05-01,2019,5,CALDAS,10113,1
2019-05-01,2019,5,CAQUETA,5333,3
2019-05-01,2019,5,CASANARE,14039,2
2019-05-01,2019,5,CAUCA,5570,2
2019-05-01,2019,5,CESAR,18642,1
2019-05-01,2019,5,CHOCO,14164,2
2019-05-01,2019,5,CORDOBA,38412,1
2019-05-01,2019,5,GUAINIA,2183,3
2019-05-01,2019,5,GUAVIARE,1359,2
2019-05-01,2019,5,HUILA,15596,2
2019-05-01,2019,5,LA GUAJIRA,9976,1
2019-05-01,2019,5,MAGDALENA,85704,1
2019-05-01,2019,5,META,5320,3
2019-05-01,2019,5,NARINO,19959,3
2019-05-01,2019,5,NORTE DE SANTANDER,37568,1
2019-05-01,2019,5,PUTUMAYO,7423,3
2019-05-01,2019,5,QUINDIO,14138,1
2019-05-01,2019,5,RISARALDA,60920,1
2019-05-01,2019,5,"SAN ANDRES, PROVIDENCIA Y SANTA CATALINA",83833,2
2019-05-01,2019,5,SANTANDER,74241,2
2019-05-01,2019,5,SUCRE,3453,1
2019-05-01,2019,5,TOLIMA,5198,1
2019-05-01,2019,5,VALLE DEL CAUCA,163163,2
2019-05-01,2019,5,VAUPES,1388,4
2019-05-01,2019,5,VICHADA,2151,3
2019-06-01,2019,6,AMAZONAS,12527,3
2019-06-01,2019,6,ANTIOQUIA,343518,3
2019-06-01,2019,6,ARAUCA,7298,3
2019-06-01,2019,6,ATLANTICO,100968,1
2019-06-01,2019,6,BOGOTA D.C.,795712,1
2019-06-01,2019,6,BOLIVAR,187736,1
2019-06-01,2019,6,CALDAS,11595,1
2019-06-01,2019,6,CAQUETA,5428,3
2019-06-01,2019,6,CASANARE,13166,1
2019-06-01,2019,6,CAUCA,5171,2
2019-06-01,2019,6,CESAR,18688,1
2019-06-01,2019,6,CHOCO,15728,2
2019-06-01,2019,6,CORDOBA,42303,1
2019-06-01,2019,6,GUAINIA,2161,3
2019-06-01,2019,6,GUAVIARE,1513,2
2019-06-01,2019,6,HUILA,14665,2
2019-06-01,2019,6,LA GUAJIRA,10943,1
2019-06-01,2019,6,MAGDALENA,98507,1
2019-06-01,2019,6,META,7338,2
2019-06-01,2019,6,NARINO,20650,3
2019-06-01,2019,6,NORTE DE SANTANDER,40250,1
2019-06-01,2019,6,PUTUMAYO,6972,3
2019-06-01,2019,6,QUINDIO,14600,1
2019-06-01,2019,6,RISARALDA,59929,1
2019-06-01,2019,6,"SAN ANDRES, PROVIDENCIA Y SANTA CATALINA",96177,2
2019-06-01,2019,6,SANTANDER,76316,2
2019-06-01,2019,6,SUCRE,3975,1
2019-06-01,2019,6,TOLIMA,5948,1
2019-06-01,2019,6,VALLE DEL CAUCA,172071,3
2019-06-01,2019,6,VAUPES,1587,4
2019-06-01,2019,6,VICHADA,1980,2
2019-07-01,2019,7,AMAZONAS,16488,3
2019-07-01,2019,7,ANTIOQUIA,366934,3
2019-07-01,2019,7,ARAUCA,7936,3
2019-07-01,2019,7,ATLANTICO,109078,1
2019-07-01,2019,7,BOGOTA D.C.,876580,1
2019-07-01,2019,7,BOLIVAR,196494,1
2019-07-01,2019,7,CALDAS,10985,1
2019-07-01,2019,7,CAQUETA,5603,3
2019-07-01,2019,7,CASANARE,14496,1
2019-07-01,2019,7,CAUCA,6273,2
2019-07-01,2019,7,CESAR,18575,2
2019-07-01,2019,7,CHOCO,16290,2
2019-07-01,2019,7,CORDOBA,44394,1
2019-07-01,2019,7,GUAINIA,2588,3
2019-07-01,2019,7,GUAVIARE,1962,2
2019-07-01,2019,7,HUILA,15392,2
2019-07-01,2019,7,LA GUAJIRA,11790,1
2019-07-01,2019,7,MAGDALENA,103876,1
2019-07-01,2019,7,META,9304,2
2019-07-01,2019,7,NARINO,21524,3
2019-07-01,2019,7,NORTE DE SANTANDER,42144,1
2019-07-01,2019,7,PUTUMAYO,7173,3
2019-07-01,2019,7,QUINDIO,15017,1
2019-07-01,2019,7,RISARALDA,72930,1
2019-07-01,2019,7,"SAN ANDRES, PROVIDENCIA Y SANTA CATALINA",98827,2
2019-07-01,2019,7,SANTANDER,85171,2
2019-07-01,2019,7,SUCRE,4243,1
2019-07-01,2019,7,TOLIMA,6661,1
2019-07-01,2019,7,VALLE DEL CAUCA,200878,2
2019-07-01,2019,7,VAUPES,1583,4
2019-07-01,2019,7,VICHADA,2199,1
2019-08-01,2019,8,AMAZONAS,15397,3
2019-08-01,2019,8,ANTIOQUIA,373379,4
2019-08-01,2019,8,ARAUCA,7287,3
2019-08-01,2019,8,ATLANTICO,106907,1
2019-08-01,2019,8,BOGOTA D.C.,892204,1
2019-08-01,2019,8,BOLIVAR,192505,1
2019-08-01,2019,8,CALDAS,12102,1
2019-08-01,2019,8,CAQUETA,6144,3
2019-08-01,2019,8,CASANARE,13934,5
2019-08-01,2019,8,CAUCA,7055,3
2019-08-01,2019,8,CESAR,17624,3
2019-08-01,2019,8,CHOCO,15198,3
2019-08-01,2019,8,CORDOBA,42387,1
2019-08-01,2019,8,GUAINIA,2166,3
2019-08-01,2019,8,GUAVIARE,1946,2
2019-08-01,2019,8,HUILA,15015,2
2019-08-01,2019,8,LA GUAJIRA,11251,1
2019-08-01,2019,8,MAGDALENA,95711,2
2019-08-01,2019,8,META,32131,2
2019-08-01,2019,8,NARINO,22366,3
2019-08-01,2019,8,NORTE DE SANTANDER,40440,1
2019-08-01,2019,8,PUTUMAYO,6973,3
2019-08-01,2019,8,QUINDIO,14969,1
2019-08-01,2019,8,RISARALDA,71376,1
2019-08-01,2019,8,"SAN ANDRES, PROVIDENCIA Y SANTA CATALINA",96697,2
2019-08-01,2019,8,SANTANDER,86829,2
2019-08-01,2019,8,SUCRE,3827,1
2019-08-01,2019,8,TOLIMA,7285,4
2019-08-01,2019,8,VALLE DEL CAUCA,199880,2
2019-08-01,2019,8,VAUPES,1535,3
2019-08-01,2019,8,VICHADA,2000,2
2019-09-01,2019,9,AMAZONAS,13469,3
2019-09-01,2019,9,ANTIOQUIA,345723,4
2019-09-01,2019,9,ARAUCA,6851,3
2019-09-01,2019,9,ATLANTICO,101024,1
2019-09-01,2019,9,BOGOTA D.C.,847760,1
2019-09-01,2019,9,BOLIVAR,172144,1
2019-09-01,2019,9,CALDAS,11189,1
2019-09-01,2019,9,CAQUETA,5861,3
2019-09-01,2019,9,CASANARE,13874,3
2019-09-01,2019,9,CAUCA,6886,3
2019-09-01,2019,9,CESAR,18730,3
2019-09-01,2019,9,CHOCO,16045,3
2019-09-01,2019,9,CORDOBA,41895,1
2019-09-01,2019,9,GUAINIA,2301,3
2019-09-01,2019,9,GUAVIARE,1834,2
2019-09-01,2019,9,HUILA,14239,2
2019-09-01,2019,9,LA GUAJIRA,10454,1
2019-09-01,2019,9,MAGDALENA,83597,1
2019-09-01,2019,9,META,30803,3
2019-09-01,2019,9,NARINO,20147,3
2019-09-01,2019,9,NORTE DE SANTANDER,41755,1
2019-09-01,2019,9,PUTUMAYO,7206,3
2019-09-01,2019,9,QUINDIO,14392,1
2019-09-01,2019,9,RISARALDA,61226,1
2019-09-01,2019,9,"SAN ANDRES, PROVIDENCIA Y SANTA CATALINA",90478,2
2019-09-01,2019,9,SANTANDER,84176,2
2019-09-01,2019,9,SUCRE,3688,1
2019-09-01,2019,9,TOLIMA,6766,3
2019-09-01,2019,9,VALLE DEL CAUCA,183890,3
2019-09-01,2019,9,VAUPES,1507,4
2019-09-01,2019,9,VICHADA,2211,3
2019-10-01,2019,10,AMAZONAS,14346,3
2019-10-01,2019,10,ANTIOQUIA,355347,4
2019-10-01,2019,10,ARAUCA,7522,3
2019-10-01,2019,10,ATLANTICO,99118,1
2019-10-01,2019,10,BOGOTA D.C.,852003,1
2019-10-01,2019,10,BOLIVAR,177961,1
2019-10-01,2019,10,CALDAS,9334,1
2019-10-01,2019,10,CAQUETA,6728,3
2019-10-01,2019,10,CASANARE,13621,4
2019-10-01,2019,10,CAUCA,6341,3
2019-10-01,2019,10,CESAR,19566,3
2019-10-01,2019,10,CHOCO,15684,3
2019-10-01,2019,10,CORDOBA,43517,1
2019-10-01,2019,10,GUAINIA,2214,3
2019-10-01,2019,10,GUAVIARE,1730,2
2019-10-01,2019,10,HUILA,12801,2
2019-10-01,2019,10,LA GUAJIRA,9685,1
2019-10-01,2019,10,MAGDALENA,82427,1
2019-10-01,2019,10,META,20746,3
2019-10-01,2019,10,NARINO,20137,3
2019-10-01,2019,10,NORTE DE SANTANDER,42162,1
2019-10-01,2019,10,PUTUMAYO,7304,3
2019-10-01,2019,10,QUINDIO,14705,1
2019-10-01,2019,10,RISARALDA,66607,1
2019-10-01,2019,10,"SAN ANDRES, PROVIDENCIA Y SANTA CATALINA",91079,2
2019-10-01,2019,10,SANTANDER,88534,3
2019-10-01,2019,10,SUCRE,3372,1
2019-10-01,2019,10,TOLIMA,5379,3
2019-10-01,2019,10,VALLE DEL CAUCA,179667,2
2019-10-01,2019,10,VAUPES,1948,3
2019-10-01,2019,10,VICHADA,2150,2
2019-11-01,2019,11,AMAZONAS,13221,4
2019-11-01,2019,11,ANTIOQUIA,356402,4
2019-11-01,2019,11,ARAUCA,7444,3
2019-11-01,2019,11,ATLANTICO,98018,1
2019-11-01,2019,11,BOGOTA D.C.,825572,1
2019-11-01,2019,11,BOLIVAR,187542,1
2019-11-01,2019,11,CALDAS,8004,1
2019-11-01,2019,11,CAQUETA,6260,3
2019-11-01,2019,11,CASANARE,13345,3
2019-11-01,2019,11,CAUCA,5779,3
2019-11-01,2019,11,CESAR,19686,3
2019-11-01,2019,11,CHOCO,15464,3
2019-11-01,2019,11,CORDOBA,45441,1
2019-11-01,2019,11,GUAINIA,2293,3
2019-11-01,2019,11,GUAVIARE,1646,2
2019-11-01,2019,11,HUILA,12709,2
2019-11-01,2019,11,LA GUAJIRA,9855,1
2019-11-01,2019,11,MAGDALENA,93400,1
2019-11-01,2019,11,META,13321,3
2019-11-01,2019,11,NARINO,19722,3
2019-11-01,2019,11,NORTE DE SANTANDER,42846,1
2019-11-01,2019,11,PUTUMAYO,7264,3
2019-11-01,2019,11,QUINDIO,16086,1
2019-11-01,2019,11,RISARALDA,67336,1
2019-11-01,2019,11,"SAN ANDRES, PROVIDENCIA Y SANTA CATALINA",94972,2
2019-11-01,2019,11,SANTANDER,85585,2
2019-11-01,2019,11,SUCRE,2607,2
2019-11-01,2019,11,TOLIMA,4851,3
2019-11-01,2019,11,VALLE DEL CAUCA,178464,2
2019-11-01,2019,11,VAUPES,1597,3
2019-11-01,2019,11,VICHADA,2062,2
2019-12-01,2019,12,AMAZONAS,16049,3
2019-12-01,2019,12,ANTIOQUIA,393614,4
2019-12-01,2019,12,ARAUCA,7684,3
2019-12-01,2019,12,ATLANTICO,105380,1
2019-12-01,2019,12,BOGOTA D.C.,837173,1
2019-12-01,2019,12,BOLIVAR,217776,1
2019-12-01,2019,12,CALDAS,9460,1
2019-12-01,2019,12,CAQUETA,6574,3
2019-12-01,2019,12,CASANARE,13840,3
2019-12-01,2019,12,CAUCA,6971,3
2019-12-01,2019,12,CESAR,22724,4
2019-12-01,2019,12,CHOCO,20116,3
2019-12-01,2019,12,CORDOBA,57895,2
2019-12-01,2019,12,GUAINIA,2459,2
2019-12-01,2019,12,GUAVIARE,1710,2
2019-12-01,2019,12,HUILA,12583,3
2019-12-01,2019,12,LA GUAJIRA,12587,1
2019-12-01,2019,12,MAGDALENA,109138,1
2019-12-01,2019,12,META,9753,2
2019-12-01,2019,12,NARINO,26278,3
2019-12-01,2019,12,NORTE DE SANTANDER,51010,2
2019-12-01,2019,12,PUTUMAYO,7783,3
2019-12-01,2019,12,QUINDIO,21329,1
2019-12-01,2019,12,RISARALDA,73898,1
2019-12-01,2019,12,"SAN ANDRES, PROVIDENCIA Y SANTA CATALINA",105567,2
2019-12-01,2019,12,SANTANDER,89918,2
2019-12-01,2019,12,SUCRE,3521,2
2019-12-01,2019,12,TOLIMA,5712,3
2019-12-01,2019,12,VALLE DEL CAUCA,197025,3
2019-12-01,2019,12,VAUPES,1623,3
2019-12-01,2019,12,VICHADA,2035,3
2020-01-01,2020,1,AMAZONAS,16046,3
2020-01-01,2020,1,ANTIOQUIA,364381,4
2020-01-01,2020,1,ARAUCA,7133,3
2020-01-01,2020,1,ATLANTICO,99784,1
2020-01-01,2020,1,BOGOTA D.C.,855478,1
2020-01-01,2020,1,BOLIVAR,216292,1
2020-01-01,2020,1,CALDAS,8359,1
2020-01-01,2020,1,CAQUETA,5089,3
2020-01-01,2020,1,CASANARE,11526,4
2020-01-01,2020,1,CAUCA,4804,3
2020-01-01,2020,1,CESAR,19524,4
2020-01-01,2020,1,CHOCO,14326,3
2020-01-01,2020,1,CORDOBA,49682,1
2020-01-01,2020,1,GUAINIA,2662,3
2020-01-01,2020,1,GUAVIARE,1419,2
2020-01-01,2020,1,HUILA,10754,2
2020-01-01,2020,1,LA GUAJIRA,11652,1
2020-01-01,2020,1,MAGDALENA,105231,3
2020-01-01,2020,1,META,5999,2
2020-01-01,2020,1,NARINO,18957,3
2020-01-01,2020,1,NORTE DE SANTANDER,44881,1
2020-01-01,2020,1,PUTUMAYO,7135,3
2020-01-01,2020,1,QUINDIO,18974,1
2020-01-01,2020,1,RISARALDA,66758,1
2020-01-01,2020,1,"SAN ANDRES, PROVIDENCIA Y SANTA CATALINA",102808,2
2020-01-01,2020,1,SANTANDER,79783,2
2020-01-01,2020,1,SUCRE,3035,3
2020-01-01,2020,1,TOLIMA,4384,3
2020-01-01,2020,1,VALLE DEL CAUCA,172760,2
2020-01-01,2020,1,VAUPES,1756,4
2020-01-01,2020,1,VICHADA,2339,2
2020-02-01,2020,2,AMAZONAS,12079,3
2020-02-01,2020,2,ANTIOQUIA,337656,3
2020-02-01,2020,2,ARAUCA,6752,3
2020-02-01,2020,2,ATLANTICO,97812,1
2020-02-01,2020,2,BOGOTA D.C.,770456,1
2020-02-01,2020,2,BOLIVAR,175681,1
2020-02-01,2020,2,CALDAS,8866,1
2020-02-01,2020,2,CAQUETA,5736,3
2020-02-01,2020,2,CASANARE,12688,4
2020-02-01,2020,2,CAUCA,5647,3
2020-02-01,2020,2,CESAR,17754,2
2020-02-01,2020,2,CHOCO,13726,2
2020-02-01,2020,2,CORDOBA,44173,1
2020-02-01,2020,2,GUAINIA,2420,2
2020-02-01,2020,2,GUAVIARE,1334,2
2020-02-01,2020,2,HUILA,12420,2
2020-02-01,2020,2,LA GUAJIRA,9443,1
2020-02-01,2020,2,MAGDALENA,79971,2
2020-02-01,2020,2,META,6449,1
2020-02-01,2020,2,NARINO,21059,4
2020-02-01,2020,2,NORTE DE SANTANDER,39951,1
2020-02-01,2020,2,PUTUMAYO,6644,3
2020-02-01,2020,2,QUINDIO,19063,1
2020-02-01,2020,2,RISARALDA,60514,1
2020-02-01,2020,2,"SAN ANDRES, PROVIDENCIA Y SANTA CATALINA",91832,2
2020-02-01,2020,2,SANTANDER,84116,2
2020-02-01,2020,2,SUCRE,2274,2
2020-02-01,2020,2,TOLIMA,4562,3
2020-02-01,2020,2,VALLE DEL CAUCA,176906,2
2020-02-01,2020,2,VAUPES,1548,4
2020-02-01,2020,2,VICHADA,2044,2
2020-03-01,2020,3,AMAZONAS,8115,3
2020-03-01,2020,3,ANTIOQUIA,200205,4
2020-03-01,2020,3,ARAUCA,4820,3
2020-03-01,2020,3,ATLANTICO,54284,1
2020-03-01,2020,3,BOGOTA D.C.,455349,1
2020-03-01,2020,3,BOLIVAR,94656,2
2020-03-01,2020,3,CALDAS,5432,1
2020-03-01,2020,3,CAQUETA,3804,3
2020-03-01,2020,3,CASANARE,8827,4
2020-03-01,2020,3,CAUCA,3849,3
2020-03-01,2020,3,CESAR,11374,4
2020-03-01,2020,3,CHOCO,11119,3
2020-03-01,2020,3,CORDOBA,28755,1
2020-03-01,2020,3,GUAINIA,1738,3
2020-03-01,2020,3,GUAVIARE,1143,2
2020-03-01,2020,3,HUILA,8526,3
2020-03-01,2020,3,LA GUAJIRA,5835,1
2020-03-01,2020,3,MAGDALENA,44441,2
2020-03-01,2020,3,META,5046,2
2020-03-01,2020,3,NARINO,15482,4
2020-03-01,2020,3,NORTE DE SANTANDER,25301,1
2020-03-01,2020,3,PUTUMAYO,4924,3
2020-03-01,2020,3,QUINDIO,11607,1
2020-03-01,2020,3,RISARALDA,37465,1
2020-03-01,2020,3,"SAN ANDRES, PROVIDENCIA Y SANTA CATALINA",52314,2
2020-03-01,2020,3,SANTANDER,50825,3
2020-03-01,2020,3,SUCRE,1807,2
2020-03-01,2020,3,TOLIMA,2885,4
2020-03-01,2020,3,VALLE DEL CAUCA,108867,3
2020-03-01,2020,3,VAUPES,866,4
2020-03-01,2020,3,VICHADA,1006,2
2020-04-01,2020,4,AMAZONAS,0,3
2020-04-01,2020,4,ANTIOQUIA,0,1
2020-04-01,2020,4,ATLANTICO,0,1
2020-04-01,2020,4,BOGOTA D.C.,0,1
2020-04-01,2020,4,CAQUETA,0,2
2020-04-01,2020,4,GUAINIA,0,2
2020-04-01,2020,4,GUAVIARE,0,2
2020-04-01,2020,4,META,0,1
2020-04-01,2020,4,PUTUMAYO,0,1
2020-04-01,2020,4,"SAN ANDRES, PROVIDENCIA Y SANTA CATALINA",0,1
2020-04-01,2020,4,VALLE DEL CAUCA,0,1
2020-04-01,2020,4,VAUPES,0,3
2020-04-01,2020,4,VICHADA,0,3
2020-05-01,2020,5,AMAZONAS,0,3
2020-05-01,2020,5,ANTIOQUIA,0,1
2020-05-01,2020,5,ATLANTICO,0,1
2020-05-01,2020,5,BOGOTA D.C.,0,1
2020-05-01,2020,5,CAQUETA,0,1
2020-05-01,2020,5,CASANARE,0,1
2020-05-01,2020,5,GUAINIA,0,2
2020-05-01,2020,5,GUAVIARE,0,2
2020-05-01,2020,5,META,0,1
2020-05-01,2020,5,PUTUMAYO,0,1
2020-05-01,2020,5,"SAN ANDRES, PROVIDENCIA Y SANTA CATALINA",0,1
2020-05-01,2020,5,VALLE DEL CAUCA,0,1
2020-05-01,2020,5,VAUPES,0,4
2020-05-01,2020,5,VICHADA,0,2
2020-06-01,2020,6,AMAZONAS,0,3
2020-06-01,2020,6,ANTIOQUIA,0,1
2020-06-01,2020,6,ATLANTICO,0,1
2020-06-01,2020,6,BOGOTA D.C.,0,1
2020-06-01,2020,6,CAQUETA,0,2
2020-06-01,2020,6,GUAINIA,0,2
2020-06-01,2020,6,GUAVIARE,0,2
2020-06-01,2020,6,META,0,1
2020-06-01,2020,6,PUTUMAYO,0,1
2020-06-01,2020,6,"SAN ANDRES, PROVIDENCIA Y SANTA CATALINA",0,1
2020-06-01,2020,6,VALLE DEL CAUCA,0,1
2020-06-01,2020,6,VAUPES,0,3
2020-06-01,2020,6,VICHADA,0,3
2020-07-01,2020,7,AMAZONAS,0,3
2020-07-01,2020,7,ANTIOQUIA,0,1
2020-07-01,2020,7,ATLANTICO,0,1
2020-07-01,2020,7,BOGOTA D.C.,0,1
2020-07-01,2020,7,CAQUETA,0,2
2020-07-01,2020,7,GUAINIA,0,3
2020-07-01,2020,7,GUAVIARE,0,2
2020-07-01,2020,7,META,0,1
2020-07-01,2020,7,NORTE DE SANTANDER,295,1
2020-07-01,2020,7,PUTUMAYO,0,1
2020-07-01,2020,7,"SAN ANDRES, PROVIDENCIA Y SANTA CATALINA",0,1
2020-07-01,2020,7,SANTANDER,303,1
2020-07-01,2020,7,VALLE DEL CAUCA,0,1
2020-07-01,2020,7,VAUPES,0,4
2020-07-01,2020,7,VICHADA,0,2
2020-08-01,2020,8,AMAZONAS,22,3
2020-08-01,2020,8,ANTIOQUIA,802,1
2020-08-01,2020,8,ATLANTICO,0,1
2020-08-01,2020,8,BOGOTA D.C.,0,1
2020-08-01,2020,8,CAQUETA,6,3
2020-08-01,2020,8,CASANARE,0,1
2020-08-01,2020,8,GUAINIA,67,2
2020-08-01,2020,8,GUAVIARE,18,2
2020-08-01,2020,8,META,19,1
2020-08-01,2020,8,NORTE DE SANTANDER,683,1
2020-08-01,2020,8,PUTUMAYO,7,1
2020-08-01,2020,8,RISARALDA,364,1
2020-08-01,2020,8,"SAN ANDRES, PROVIDENCIA Y SANTA CATALINA",0,1
2020-08-01,2020,8,SANTANDER,852,1
2020-08-01,2020,8,VALLE DEL CAUCA,0,1
2020-08-01,2020,8,VAUPES,34,4
2020-08-01,2020,8,VICHADA,0,3
2020-09-01,2020,9,AMAZONAS,1836,3
2020-09-01,2020,9,ANTIOQUIA,53432,3
2020-09-01,2020,9,ARAUCA,171,1
2020-09-01,2020,9,ATLANTICO,23825,1
2020-09-01,2020,9,BOGOTA D.C.,111063,1
2020-09-01,2020,9,BOLIVAR,24516,1
2020-09-01,2020,9,CALDAS,305,1
2020-09-01,2020,9,CAQUETA,537,2
2020-09-01,2020,9,CHOCO,1220,1
2020-09-01,2020,9,CORDOBA,7342,1
2020-09-01,2020,9,GUAINIA,175,3
2020-09-01,2020,9,GUAVIARE,102,2
2020-09-01,2020,9,HUILA,201,1
2020-09-01,2020,9,MAGDALENA,11277,1
2020-09-01,2020,9,META,723,1
2020-09-01,2020,9,NARINO,3044,2
2020-09-01,2020,9,NORTE DE SANTANDER,8469,1
2020-09-01,2020,9,PUTUMAYO,107,2
2020-09-01,2020,9,QUINDIO,356,1
2020-09-01,2020,9,RISARALDA,12405,1
2020-09-01,2020,9,"SAN ANDRES, PROVIDENCIA Y SANTA CATALINA",3762,1
2020-09-01,2020,9,SANTANDER,10727,1
2020-09-01,2020,9,VALLE DEL CAUCA,27437,1
2020-09-01,2020,9,VAUPES,86,4
2020-09-01,2020,9,VICHADA,0,3
2020-10-01,2020,10,AMAZONAS,3766,3
2020-10-01,2020,10,ANTIOQUIA,111137,4
2020-10-01,2020,10,ARAUCA,2526,3
2020-10-01,2020,10,ATLANTICO,37617,1
2020-10-01,2020,10,BOGOTA D.C.,223856,1
2020-10-01,2020,10,BOLIVAR,52902,2
2020-10-01,2020,10,CALDAS,2959,1
2020-10-01,2020,10,CAQUETA,1788,3
2020-10-01,2020,10,CASANARE,1947,5
2020-10-01,2020,10,CAUCA,1536,2
2020-10-01,2020,10,CESAR,2571,4
2020-10-01,2020,10,CHOCO,6916,2
2020-10-01,2020,10,CORDOBA,16421,1
2020-10-01,2020,10,GUAINIA,796,3
2020-10-01,2020,10,GUAVIARE,463,2
2020-10-01,2020,10,HUILA,2189,3
2020-10-01,2020,10,LA GUAJIRA,1891,1
2020-10-01,2020,10,MAGDALENA,28075,2
2020-10-01,2020,10,META,1297,2
2020-10-01,2020,10,NARINO,6036,4
2020-10-01,2020,10,NORTE DE SANTANDER,14014,1
2020-10-01,2020,10,PUTUMAYO,2369,3
2020-10-01,2020,10,QUINDIO,3959,1
2020-10-01,2020,10,RISARALDA,16744,1
2020-10-01,2020,10,"SAN ANDRES, PROVIDENCIA Y SANTA CATALINA",16092,1
2020-10-01,2020,10,SANTANDER,19280,3
2020-10-01,2020,10,SUCRE,1234,1
2020-10-01,2020,10,TOLIMA,377,3
2020-10-01,2020,10,VALLE DEL CAUCA,56158,3
2020-10-01,2020,10,VAUPES,746,3
2020-10-01,2020,10,VICHADA,514,3
2020-11-01,2020,11,AMAZONAS,4449,3
2020-11-01,2020,11,ANTIOQUIA,154659,4
2020-11-01,2020,11,ARAUCA,3097,3
2020-11-01,2020,11,ATLANTICO,49273,1
2020-11-01,2020,11,BOGOTA D.C.,331052,1
2020-11-01,2020,11,BOLIVAR,76413,2
2020-11-01,2020,11,CALDAS,2881,2
2020-11-01,2020,11,CAQUETA,2293,3
2020-11-01,2020,11,CASANARE,3168,5
2020-11-01,2020,11,CAUCA,1810,2
2020-11-01,2020,11,CESAR,6115,3
2020-11-01,2020,11,CHOCO,8811,3
2020-11-01,2020,11,CORDOBA,25075,1
2020-11-01,2020,11,GUAINIA,1282,3
2020-11-01,2020,11,GUAVIARE,719,2
2020-11-01,2020,11,HUILA,2594,3
2020-11-01,2020,11,LA GUAJIRA,3115,1
2020-11-01,2020,11,MAGDALENA,44721,2
2020-11-01,2020,11,META,1463,2
2020-11-01,2020,11,NARINO,8176,4
2020-11-01,2020,11,NORTE DE SANTANDER,19449,2
2020-11-01,2020,11,PUTUMAYO,2559,3
2020-11-01,2020,11,QUINDIO,4458,1
2020-11-01,2020,11,RISARALDA,25738,1
2020-11-01,2020,11,"SAN ANDRES, PROVIDENCIA Y SANTA CATALINA",28204,2
2020-11-01,2020,11,SANTANDER,27458,3
2020-11-01,2020,11,SUCRE,1490,2
2020-11-01,2020,11,TOLIMA,429,3
2020-11-01,2020,11,VALLE DEL CAUCA,94156,3
2020-11-01,2020,11,VAUPES,835,3
2020-11-01,2020,11,VICHADA,872,2
2020-12-01,2020,12,AMAZONAS,6302,3
2020-12-01,2020,12,ANTIOQUIA,202364,4
2020-12-01,2020,12,ARAUCA,3562,3
2020-12-01,2020,12,ATLANTICO,73789,1
2020-12-01,2020,12,BOGOTA D.C.,416998,1
2020-12-01,2020,12,BOLIVAR,104327,2
2020-12-01,2020,12,CALDAS,4490,2
2020-12-01,2020,12,CAQUETA,2956,3
2020-12-01,2020,12,CASANARE,4027,5
2020-12-01,2020,12,CAUCA,2812,2
2020-12-01,2020,12,CESAR,8822,4
2020-12-01,2020,12,CHOCO,12584,3
2020-12-01,2020,12,CORDOBA,32324,1
2020-12-01,2020,12,GUAINIA,1761,3
2020-12-01,2020,12,GUAVIARE,810,2
2020-12-01,2020,12,HUILA,3726,3
2020-12-01,2020,12,LA GUAJIRA,6615,1
2020-12-01,2020,12,MAGDALENA,70545,2
2020-12-01,2020,12,META,2141,3
2020-12-01,2020,12,NARINO,11582,4
2020-12-01,2020,12,NORTE DE SANTANDER,24991,1
2020-12-01,2020,12,PUTUMAYO,3020,3
2020-12-01,2020,12,QUINDIO,6994,1
2020-12-01,2020,12,RISARALDA,40986,1
2020-12-01,2020,12,"SAN ANDRES, PROVIDENCIA Y SANTA CATALINA",43713,2
2020-12-01,2020,12,SANTANDER,36171,3
2020-12-01,2020,12,SUCRE,2571,2
2020-12-01,2020,12,TOLIMA,937,3
2020-12-01,2020,12,VALLE DEL CAUCA,139369,4
2020-12-01,2020,12,VAUPES,1128,4
2020-12-01,2020,12,VICHADA,989,3
2021-01-01,2021,1,AMAZONAS,4822,3
2021-01-01,2021,1,ANTIOQUIA,204708,4
2021-01-01,2021,1,ARAUCA,3519,3
2021-01-01,2021,1,ATLANTICO,62338,1
2021-01-01,2021,1,BOGOTA D.C.,469807,1
2021-01-01,2021,1,BOLIVAR,114101,1
2021-01-01,2021,1,CALDAS,3301,2
2021-01-01,2021,1,CAQUETA,2511,3
2021-01-01,2021,1,CASANARE,2948,5
2021-01-01,2021,1,CAUCA,2331,2
2021-01-01,2021,1,CESAR,7882,4
2021-01-01,2021,1,CHOCO,9039,3
2021-01-01,2021,1,CORDOBA,32596,2
2021-01-01,2021,1,GUAINIA,1790,3
2021-01-01,2021,1,GUAVIARE,659,2
2021-01-01,2021,1,HUILA,2746,4
2021-01-01,2021,1,LA GUAJIRA,6759,1
2021-01-01,2021,1,MAGDALENA,79250,2
2021-01-01,2021,1,META,1932,3
2021-01-01,2021,1,NARINO,9785,3
2021-01-01,2021,1,NORTE DE SANTANDER,23069,1
2021-01-01,2021,1,PUTUMAYO,2991,3
2021-01-01,2021,1,QUINDIO,6141,1
2021-01-01,2021,1,RISARALDA,33900,2
2021-01-01,2021,1,"SAN ANDRES, PROVIDENCIA Y SANTA CATALINA",66258,2
2021-01-01,2021,1,SANTANDER,26520,2
2021-01-01,2021,1,SUCRE,2045,2
2021-01-01,2021,1,TOLIMA,967,3
2021-01-01,2021,1,VALLE DEL CAUCA,126234,4
2021-01-01,2021,1,VAUPES,1033,4
2021-01-01,2021,1,VICHADA,1259,3
2021-02-01,2021,2,AMAZONAS,85,3
2021-02-01,2021,2,ANTIOQUIA,197960,4
2021-02-01,2021,2,ARAUCA,4194,3
2021-02-01,2021,2,ATLANTICO,51410,1
2021-02-01,2021,2,BOGOTA D.C.,413129,1
2021-02-01,2021,2,BOLIVAR,106745,2
2021-02-01,2021,2,CALDAS,2855,2
2021-02-01,2021,2,CAQUETA,2517,3
2021-02-01,2021,2,CASANARE,4126,5
2021-02-01,2021,2,CAUCA,2678,2
2021-02-01,2021,2,CESAR,7699,4
2021-02-01,2021,2,CHOCO,8669,3
2021-02-01,2021,2,CORDOBA,29856,1
2021-02-01,2021,2,GUAINIA,1668,3
2021-02-01,2021,2,GUAVIARE,665,2
2021-02-01,2021,2,HUILA,3290,4
2021-02-01,2021,2,LA GUAJIRA,6297,1
2021-02-01,2021,2,MAGDALENA,73378,3
2021-02-01,2021,2,META,1685,2
2021-02-01,2021,2,NARINO,11380,4
2021-02-01,2021,2,NORTE DE SANTANDER,21601,1
2021-02-01,2021,2,PUTUMAYO,3326,3
2021-02-01,2021,2,QUINDIO,4900,1
2021-02-01,2021,2,RISARALDA,36081,1
2021-02-01,2021,2,"SAN ANDRES, PROVIDENCIA Y SANTA CATALINA",61738,2
2021-02-01,2021,2,SANTANDER,29840,3
2021-02-01,2021,2,SUCRE,1800,2
2021-02-01,2021,2,TOLIMA,947,3
2021-02-01,2021,2,VALLE DEL CAUCA,116224,3
2021-02-01,2021,2,VAUPES,1041,3
2021-02-01,2021,2,VICHADA,1317,3
2021-03-01,2021,3,AMAZONAS,48,3
2021-03-01,2021,3,ANTIOQUIA,248406,4
2021-03-01,2021,3,ARAUCA,5678,3
2021-03-01,2021,3,ATLANTICO,69372,1
2021-03-01,2021,3,BOGOTA D.C.,512673,1
2021-03-01,2021,3,BOLIVAR,142751,2
2021-03-01,2021,3,CALDAS,3734,2
2021-03-01,2021,3,CAQUETA,3263,3
2021-03-01,2021,3,CASANARE,5318,5
2021-03-01,2021,3,CAUCA,3729,2
2021-03-01,2021,3,CESAR,10849,4
2021-03-01,2021,3,CHOCO,11604,3
2021-03-01,2021,3,CORDOBA,40921,1
2021-03-01,2021,3,GUAINIA,1789,3
2021-03-01,2021,3,GUAVIARE,573,2
2021-03-01,2021,3,HUILA,4775,4
2021-03-01,2021,3,LA GUAJIRA,7444,1
2021-03-01,2021,3,MAGDALENA,88724,2
2021-03-01,2021,3,META,1807,3
2021-03-01,2021,3,NARINO,15116,4
2021-03-01,2021,3,NORTE DE SANTANDER,27235,2
2021-03-01,2021,3,PUTUMAYO,4721,3
2021-03-01,2021,3,QUINDIO,6803,1
2021-03-01,2021,3,RISARALDA,47882,1
2021-03-01,2021,3,"SAN ANDRES, PROVIDENCIA Y SANTA CATALINA",78729,2
2021-03-01,2021,3,SANTANDER,40826,3
2021-03-01,2021,3,SUCRE,2400,2
2021-03-01,2021,3,TOLIMA,1161,3
2021-03-01,2021,3,VALLE DEL CAUCA,156522,4
2021-03-01,2021,3,VAUPES,963,3
2021-03-01,2021,3,VICHADA,1524,3
2021-04-01,2021,4,AMAZONAS,29,3
2021-04-01,2021,4,ANTIOQUIA,180144,4
2021-04-01,2021,4,ARAUCA,5700,3
2021-04-01,2021,4,ATLANTICO,43201,1
2021-04-01,2021,4,BOGOTA D.C.,427820,1
2021-04-01,2021,4,BOLIVAR,111817,2
2021-04-01,2021,4,CALDAS,3001,2
2021-04-01,2021,4,CAQUETA,2874,3
2021-04-01,2021,4,CASANARE,4388,5
2021-04-01,2021,4,CAUCA,3230,2
2021-04-01,2021,4,CESAR,8254,4
2021-04-01,2021,4,CHOCO,9456,3
2021-04-01,2021,4,CORDOBA,30154,2
2021-04-01,2021,4,GUAINIA,1729,3
2021-04-01,2021,4,GUAVIARE,554,2
2021-04-01,2021,4,HUILA,4253,4
2021-04-01,2021,4,LA GUAJIRA,5030,1
2021-04-01,2021,4,MAGDALENA,52334,2
2021-04-01,2021,4,META,1564,4
2021-04-01,2021,4,NARINO,13725,4
2021-04-01,2021,4,NORTE DE SANTANDER,26958,1
2021-04-01,2021,4,PUTUMAYO,4416,3
2021-04-01,2021,4,QUINDIO,6537,1
2021-04-01,2021,4,RISARALDA,38669,1
2021-04-01,2021,4,"SAN ANDRES, PROVIDENCIA Y SANTA CATALINA",76269,2
2021-04-01,2021,4,SANTANDER,36767,3
2021-04-01,2021,4,SUCRE,1743,2
2021-04-01,2021,4,TOLIMA,936,3
2021-04-01,2021,4,VALLE DEL CAUCA,125572,4
2021-04-01,2021,4,VAUPES,870,3
2021-04-01,2021,4,VICHADA,1242,3
2021-05-01,2021,5,AMAZONAS,2203,3
2021-05-01,2021,5,ANTIOQUIA,189911,4
2021-05-01,2021,5,ARAUCA,5928,3
2021-05-01,2021,5,ATLANTICO,45585,1
2021-05-01,2021,5,BOGOTA D.C.,428589,1
2021-05-01,2021,5,BOLIVAR,98882,2
2021-05-01,2021,5,CALDAS,4177,2
2021-05-01,2021,5,CAQUETA,3550,3
2021-05-01,2021,5,CASANARE,4971,5
2021-05-01,2021,5,CAUCA,4197,2
2021-05-01,2021,5,CESAR,8299,4
2021-05-01,2021,5,CHOCO,9401,3
2021-05-01,2021,5,CORDOBA,32154,1
2021-05-01,2021,5,GUAINIA,1644,3
2021-05-01,2021,5,GUAVIARE,648,1
2021-05-01,2021,5,HUILA,6256,4
2021-05-01,2021,5,LA GUAJIRA,5834,1
2021-05-01,2021,5,MAGDALENA,68926,2
2021-05-01,2021,5,META,2694,3
2021-05-01,2021,5,NARINO,14126,4
2021-05-01,2021,5,NORTE DE SANTANDER,29732,1
2021-05-01,2021,5,PUTUMAYO,3883,3
2021-05-01,2021,5,QUINDIO,7120,1
2021-05-01,2021,5,RISARALDA,42071,1
2021-05-01,2021,5,"SAN ANDRES, PROVIDENCIA Y SANTA CATALINA",71859,2
2021-05-01,2021,5,SANTANDER,39499,3
2021-05-01,2021,5,SUCRE,1737,2
2021-05-01,2021,5,TOLIMA,1733,3
2021-05-01,2021,5,VALLE DEL CAUCA,81690,4
2021-05-01,2021,5,VAUPES,913,2
2021-05-01,2021,5,VICHADA,1332,3
2021-06-01,2021,6,AMAZONAS,5358,3
2021-06-01,2021,6,ANTIOQUIA,284134,4
2021-06-01,2021,6,ARAUCA,7383,3
2021-06-01,2021,6,ATLANTICO,75942,1
2021-06-01,2021,6,BOGOTA D.C.,592110,1
2021-06-01,2021,6,BOLIVAR,166620,2
2021-06-01,2021,6,CALDAS,4818,2
2021-06-01,2021,6,CAQUETA,4196,3
2021-06-01,2021,6,CASANARE,5519,5
2021-06-01,2021,6,CAUCA,5269,2
2021-06-01,2021,6,CESAR,11353,5
2021-06-01,2021,6,CHOCO,12223,3
2021-06-01,2021,6,CORDOBA,46191,1
2021-06-01,2021,6,GUAINIA,1847,3
2021-06-01,2021,6,GUAVIARE,645,2
2021-06-01,2021,6,HUILA,6488,3
2021-06-01,2021,6,LA GUAJIRA,8332,1
2021-06-01,2021,6,MAGDALENA,110478,2
2021-06-01,2021,6,META,2641,4
2021-06-01,2021,6,NARINO,18191,4
2021-06-01,2021,6,NORTE DE SANTANDER,40733,1
2021-06-01,2021,6,PUTUMAYO,4915,3
2021-06-01,2021,6,QUINDIO,10590,1
2021-06-01,2021,6,RISARALDA,59333,1
2021-06-01,2021,6,"SAN ANDRES, PROVIDENCIA Y SANTA CATALINA",100026,2
2021-06-01,2021,6,SANTANDER,50850,3
2021-06-01,2021,6,SUCRE,2581,2
2021-06-01,2021,6,TOLIMA,1901,3
2021-06-01,2021,6,VALLE DEL CAUCA,166476,3
2021-06-01,2021,6,VAUPES,926,3
2021-06-01,2021,6,VICHADA,1309,2
2021-07-01,2021,7,AMAZONAS,7338,3
2021-07-01,2021,7,ANTIOQUIA,340986,4
2021-07-01,2021,7,ARAUCA,7637,3
2021-07-01,2021,7,ATLANTICO,79402,1
2021-07-01,2021,7,BOGOTA D.C.,663951,1
2021-07-01,2021,7,BOLIVAR,183226,2
2021-07-01,2021,7,CALDAS,4874,2
2021-07-01,2021,7,CAQUETA,4315,2
2021-07-01,2021,7,CASANARE,5831,5
2021-07-01,2021,7,CAUCA,5492,2
2021-07-01,2021,7,CESAR,13682,5
2021-07-01,2021,7,CHOCO,13017,3
2021-07-01,2021,7,CORDOBA,45600,1
2021-07-01,2021,7,GUAINIA,1788,3
2021-07-01,2021,7,GUAVIARE,589,1
2021-07-01,2021,7,HUILA,7352,4
2021-07-01,2021,7,LA GUAJIRA,9022,1
2021-07-01,2021,7,MAGDALENA,122620,1
2021-07-01,2021,7,META,3148,4
2021-07-01,2021,7,NARINO,17721,4
2021-07-01,2021,7,NORTE DE SANTANDER,45028,1
2021-07-01,2021,7,PUTUMAYO,5371,3
2021-07-01,2021,7,QUINDIO,12307,1
2021-07-01,2021,7,RISARALDA,63836,2
2021-07-01,2021,7,"SAN ANDRES, PROVIDENCIA Y SANTA CATALINA",112679,2
2021-07-01,2021,7,SANTANDER,53894,3
2021-07-01,2021,7,SUCRE,2760,2
2021-07-01,2021,7,TOLIMA,1837,3
2021-07-01,2021,7,VALLE DEL CAUCA,206851,4
2021-07-01,2021,7,VAUPES,1035,2
2021-07-01,2021,7,VICHADA,1461,1
2021-08-01,2021,8,AMAZONAS,7628,3
2021-08-01,2021,8,ANTIOQUIA,348900,4
2021-08-01,2021,8,ARAUCA,8210,3
2021-08-01,2021,8,ATLANTICO,81544,1
2021-08-01,2021,8,BOGOTA D.C.,694681,1
2021-08-01,2021,8,BOLIVAR,175803,2
2021-08-01,2021,8,CALDAS,5747,2
2021-08-01,2021,8,CAQUETA,4598,2
2021-08-01,2021,8,CASANARE,6690,5
2021-08-01,2021,8,CAUCA,6476,2
2021-08-01,2021,8,CESAR,12265,5
2021-08-01,2021,8,CHOCO,13075,3
2021-08-01,2021,8,CORDOBA,47785,2
2021-08-01,2021,8,GUAINIA,1636,1
2021-08-01,2021,8,GUAVIARE,665,1
2021-08-01,2021,8,HUILA,7608,4
2021-08-01,2021,8,LA GUAJIRA,8298,1
2021-08-01,2021,8,MAGDALENA,122540,3
2021-08-01,2021,8,META,3732,4
2021-08-01,2021,8,NARINO,19426,4
2021-08-01,2021,8,NORTE DE SANTANDER,45740,1
2021-08-01,2021,8,PUTUMAYO,5994,3
2021-08-01,2021,8,QUINDIO,13135,1
2021-08-01,2021,8,RISARALDA,64021,1
2021-08-01,2021,8,"SAN ANDRES, PROVIDENCIA Y SANTA CATALINA",120776,2
2021-08-01,2021,8,SANTANDER,53772,3
2021-08-01,2021,8,SUCRE,2063,2
2021-08-01,2021,8,TOLIMA,2182,4
2021-08-01,2021,8,VALLE DEL CAUCA,219762,4
2021-08-01,2021,8,VAUPES,870,1
2021-08-01,2021,8,VICHADA,1467,1
2021-09-01,2021,9,AMAZONAS,7678,3
2021-09-01,2021,9,ANTIOQUIA,348778,4
2021-09-01,2021,9,ARAUCA,8299,3
2021-09-01,2021,9,ATLANTICO,84610,1
2021-09-01,2021,9,BOGOTA D.C.,686970,1
2021-09-01,2021,9,BOLIVAR,163843,2
2021-09-01,2021,9,CALDAS,5962,2
2021-09-01,2021,9,CAQUETA,4501,3
2021-09-01,2021,9,CASANARE,8183,5
2021-09-01,2021,9,CAUCA,6274,2
2021-09-01,2021,9,CESAR,11869,5
2021-09-01,2021,9,CHOCO,13498,3
2021-09-01,2021,9,CORDOBA,47053,1
2021-09-01,2021,9,GUAINIA,1560,1
2021-09-01,2021,9,GUAVIARE,618,1
2021-09-01,2021,9,HUILA,8171,4
2021-09-01,2021,9,LA GUAJIRA,4206,1
2021-09-01,2021,9,MAGDALENA,112340,2
2021-09-01,2021,9,META,4057,3
2021-09-01,2021,9,NARINO,18273,4
2021-09-01,2021,9,NORTE DE SANTANDER,47514,1
2021-09-01,2021,9,PUTUMAYO,5751,3
2021-09-01,2021,9,QUINDIO,15726,1
2021-09-01,2021,9,RISARALDA,62468,1
2021-09-01,2021,9,"SAN ANDRES, PROVIDENCIA Y SANTA CATALINA",116490,2
2021-09-01,2021,9,SANTANDER,54977,3
2021-09-01,2021,9,SUCRE,2054,2
2021-09-01,2021,9,TOLIMA,2387,4
2021-09-01,2021,9,VALLE DEL CAUCA,204769,4
2021-09-01,2021,9,VAUPES,1074,2
2021-09-01,2021,9,VICHADA,1501,3
2021-10-01,2021,10,AMAZONAS,9000,3
2021-10-01,2021,10,ANTIOQUIA,382334,4
2021-10-01,2021,10,ARAUCA,9088,3
2021-10-01,2021,10,ATLANTICO,88280,1
2021-10-01,2021,10,BOGOTA D.C.,704575,1
2021-10-01,2021,10,BOLIVAR,151720,1
2021-10-01,2021,10,CALDAS,6272,2
2021-10-01,2021,10,CAQUETA,5153,3
2021-10-01,2021,10,CASANARE,9064,5
2021-10-01,2021,10,CAUCA,6140,2
2021-10-01,2021,10,CESAR,11604,5
2021-10-01,2021,10,CHOCO,13947,3
2021-10-01,2021,10,CORDOBA,49894,1
2021-10-01,2021,10,GUAINIA,1884,3
2021-10-01,2021,10,GUAVIARE,725,2
2021-10-01,2021,10,HUILA,9244,3
2021-10-01,2021,10,LA GUAJIRA,4393,1
2021-10-01,2021,10,MAGDALENA,115987,3
2021-10-01,2021,10,META,3854,3
2021-10-01,2021,10,NARINO,18550,3
2021-10-01,2021,10,NORTE DE SANTANDER,49933,1
2021-10-01,2021,10,PUTUMAYO,5908,3
2021-10-01,2021,10,QUINDIO,13199,1
2021-10-01,2021,10,RISARALDA,68457,1
2021-10-01,2021,10,"SAN ANDRES, PROVIDENCIA Y SANTA CATALINA",123525,2
2021-10-01,2021,10,SANTANDER,63715,2
2021-10-01,2021,10,SUCRE,2399,2
2021-10-01,2021,10,TOLIMA,2708,2
2021-10-01,2021,10,VALLE DEL CAUCA,222939,4
2021-10-01,2021,10,VAUPES,1047,3
2021-10-01,2021,10,VICHADA,1530,2
2021-11-01,2021,11,AMAZONAS,12075,3
2021-11-01,2021,11,ANTIOQUIA,383756,4
2021-11-01,2021,11,ARAUCA,8899,3
2021-11-01,2021,11,ATLANTICO,99683,1
2021-11-01,2021,11,BOGOTA D.C.,851161,1
2021-11-01,2021,11,BOLIVAR,232541,2
2021-11-01,2021,11,CALDAS,5918,2
2021-11-01,2021,11,CAQUETA,5349,3
2021-11-01,2021,11,CASANARE,12800,6
2021-11-01,2021,11,CAUCA,5643,2
2021-11-01,2021,11,CESAR,20759,5
2021-11-01,2021,11,CHOCO,14261,3
2021-11-01,2021,11,CORDOBA,58372,2
2021-11-01,2021,11,GUAINIA,2092,3
2021-11-01,2021,11,GUAVIARE,788,2
2021-11-01,2021,11,HUILA,9675,3
2021-11-01,2021,11,LA GUAJIRA,13614,1
2021-11-01,2021,11,MAGDALENA,146207,3
2021-11-01,2021,11,META,3778,4
2021-11-01,2021,11,NARINO,24843,4
2021-11-01,2021,11,NORTE DE SANTANDER,45776,1
2021-11-01,2021,11,PUTUMAYO,6179,3
2021-11-01,2021,11,QUINDIO,16890,1
2021-11-01,2021,11,RISARALDA,82424,1
2021-11-01,2021,11,"SAN ANDRES, PROVIDENCIA Y SANTA CATALINA",130619,2
2021-11-01,2021,11,SANTANDER,73654,3
2021-11-01,2021,11,SUCRE,3107,2
2021-11-01,2021,11,TOLIMA,3772,4
2021-11-01,2021,11,VALLE DEL CAUCA,229171,4
2021-11-01,2021,11,VAUPES,1082,3
2021-11-01,2021,11,VICHADA,1521,2
2021-12-01,2021,12,AMAZONAS,14838,3
2021-12-01,2021,12,ANTIOQUIA,421651,4
2021-12-01,2021,12,ARAUCA,9435,3
2021-12-01,2021,12,ATLANTICO,115555,1
2021-12-01,2021,12,BOGOTA D.C.,858906,1
2021-12-01,2021,12,BOLIVAR,262043,2
2021-12-01,2021,12,CALDAS,7578,2
2021-12-01,2021,12,CAQUETA,5490,2
2021-12-01,2021,12,CASANARE,13016,5
2021-12-01,2021,12,CAUCA,6510,2
2021-12-01,2021,12,CESAR,24167,5
2021-12-01,2021,12,CHOCO,16853,3
2021-12-01,2021,12,CORDOBA,72569,2
2021-12-01,2021,12,GUAINIA,2170,3
2021-12-01,2021,12,GUAVIARE,706,2
2021-12-01,2021,12,HUILA,10622,3
2021-12-01,2021,12,LA GUAJIRA,15425,1
2021-12-01,2021,12,MAGDALENA,165776,3
2021-12-01,2021,12,META,3728,3
2021-12-01,2021,12,NARINO,28024,4
2021-12-01,2021,12,NORTE DE SANTANDER,50667,1
2021-12-01,2021,12,PUTUMAYO,6844,3
2021-12-01,2021,12,QUINDIO,18758,1
2021-12-01,2021,12,RISARALDA,88347,1
2021-12-01,2021,12,"SAN ANDRES, PROVIDENCIA Y SANTA CATALINA",140090,2
2021-12-01,2021,12,SANTANDER,83985,3
2021-12-01,2021,12,SUCRE,3603,2
2021-12-01,2021,12,TOLIMA,4251,4
2021-12-01,2021,12,VALLE DEL CAUCA,245112,4
2021-12-01,2021,12,VAUPES,1103,2
2021-12-01,2021,12,VICHADA,1595,1
2022-01-01,2022,1,AMAZONAS,14331,3
2022-01-01,2022,1,ANTIOQUIA,411568,3
2022-01-01,2022,1,ARAUCA,8752,3
2022-01-01,2022,1,ATLANTICO,102307,1
2022-01-01,2022,1,BOGOTA D.C.,877771,1
2022-01-01,2022,1,BOLIVAR,251023,2
2022-01-01,2022,1,CALDAS,6159,1
2022-01-01,2022,1,CAQUETA,4666,3
2022-01-01,2022,1,CASANARE,10629,2
2022-01-01,2022,1,CAUCA,5595,2
2022-01-01,2022,1,CESAR,16295,2
2022-01-01,2022,1,CHOCO,13697,3
2022-01-01,2022,1,CORDOBA,60834,2
2022-01-01,2022,1,GUAINIA,2382,3
2022-01-01,2022,1,GUAVIARE,709,2
2022-01-01,2022,1,HUILA,10868,2
2022-01-01,2022,1,LA GUAJIRA,14963,1
2022-01-01,2022,1,MAGDALENA,160277,1
2022-01-01,2022,1,META,3190,1
2022-01-01,2022,1,NARINO,23557,3
2022-01-01,2022,1,NORTE DE SANTANDER,44783,1
2022-01-01,2022,1,PUTUMAYO,6197,3
2022-01-01,2022,1,QUINDIO,15107,1
2022-01-01,2022,1,RISARALDA,82031,1
2022-01-01,2022,1,"SAN ANDRES, PROVIDENCIA Y SANTA CATALINA",154133,2
2022-01-01,2022,1,SANTANDER,69868,3
2022-01-01,2022,1,SUCRE,3408,2
2022-01-01,2022,1,TOLIMA,3107,2
2022-01-01,2022,1,VALLE DEL CAUCA,224774,2
2022-01-01,2022,1,VAUPES,1233,3
2022-01-01,2022,1,VICHADA,1757,1
2022-02-01,2022,2,AMAZONAS,12109,3
2022-02-01,2022,2,ANTIOQUIA,332062,3
2022-02-01,2022,2,ARAUCA,7288,3
2022-02-01,2022,2,ATLANTICO,89878,1
2022-02-01,2022,2,BOGOTA D.C.,755473,1
2022-02-01,2022,2,BOLIVAR,202647,2
2022-02-01,2022,2,CALDAS,5056,2
2022-02-01,2022,2,CAQUETA,4798,2
2022-02-01,2022,2,CASANARE,10038,1
2022-02-01,2022,2,CAUCA,4910,2
2022-02-01,2022,2,CESAR,15646,2
2022-02-01,2022,2,CHOCO,12366,3
2022-02-01,2022,2,CORDOBA,51716,1
2022-02-01,2022,2,GUAINIA,2171,3
2022-02-01,2022,2,GUAVIARE,522,1
2022-02-01,2022,2,HUILA,11936,2
2022-02-01,2022,2,LA GUAJIRA,13233,1
2022-02-01,2022,2,MAGDALENA,132133,1
2022-02-01,2022,2,META,3048,1
2022-02-01,2022,2,NARINO,23536,3
2022-02-01,2022,2,NORTE DE SANTANDER,42888,1
2022-02-01,2022,2,PUTUMAYO,6098,3
2022-02-01,2022,2,QUINDIO,14261,1
2022-02-01,2022,2,RISARALDA,77242,1
2022-02-01,2022,2,"SAN ANDRES, PROVIDENCIA Y SANTA CATALINA",128182,2
2022-02-01,2022,2,SANTANDER,69432,3
2022-02-01,2022,2,SUCRE,2794,2
2022-02-01,2022,2,TOLIMA,3944,2
2022-02-01,2022,2,VALLE DEL CAUCA,194370,2
2022-02-01,2022,2,VAUPES,1106,2
2022-02-01,2022,2,VICHADA,1720,1
2022-03-01,2022,3,AMAZONAS,12942,3
2022-03-01,2022,3,ANTIOQUIA,432404,3
2022-03-01,2022,3,ARAUCA,8213,3
2022-03-01,2022,3,ATLANTICO,117685,1
2022-03-01,2022,3,BOGOTA D.C.,912474,1
2022-03-01,2022,3,BOLIVAR,247910,2
2022-03-01,2022,3,CALDAS,4797,2
2022-03-01,2022,3,CAQUETA,5889,2
2022-03-01,2022,3,CASANARE,11731,1
2022-03-01,2022,3,CAUCA,6373,2
2022-03-01,2022,3,CESAR,17676,2
2022-03-01,2022,3,CHOCO,13718,3
2022-03-01,2022,3,CORDOBA,60375,2
2022-03-01,2022,3,GUAINIA,2372,3
2022-03-01,2022,3,GUAVIARE,576,1
2022-03-01,2022,3,HUILA,16179,2
2022-03-01,2022,3,LA GUAJIRA,15036,1
2022-03-01,2022,3,MAGDALENA,151640,1
2022-03-01,2022,3,META,4666,2
2022-03-01,2022,3,NARINO,26855,4
2022-03-01,2022,3,NORTE DE SANTANDER,48864,1
2022-03-01,2022,3,PUTUMAYO,6649,3
2022-03-01,2022,3,QUINDIO,16853,1
2022-03-01,2022,3,RISARALDA,93174,1
2022-03-01,2022,3,"SAN ANDRES, PROVIDENCIA Y SANTA CATALINA",136988,2
2022-03-01,2022,3,SANTANDER,83944,3
2022-03-01,2022,3,SUCRE,3473,2
2022-03-01,2022,3,TOLIMA,4730,1
2022-03-01,2022,3,VALLE DEL CAUCA,236535,2
2022-03-01,2022,3,VAUPES,1151,2
2022-03-01,2022,3,VICHADA,1702,1
2022-04-01,2022,4,AMAZONAS,14302,3
2022-04-01,2022,4,ANTIOQUIA,436913,3
2022-04-01,2022,4,ARAUCA,7704,3
2022-04-01,2022,4,ATLANTICO,106764,1
2022-04-01,2022,4,BOGOTA D.C.,866697,1
2022-04-01,2022,4,BOLIVAR,247815,2
2022-04-01,2022,4,CALDAS,5434,2
2022-04-01,2022,4,CAQUETA,4960,2
2022-04-01,2022,4,CASANARE,9494,1
2022-04-01,2022,4,CAUCA,6756,2
2022-04-01,2022,4,CESAR,21006,3
2022-04-01,2022,4,CHOCO,13403,3
2022-04-01,2022,4,CORDOBA,63922,1
2022-04-01,2022,4,GUAINIA,1791,3
2022-04-01,2022,4,GUAVIARE,594,1
2022-04-01,2022,4,HUILA,16100,2
2022-04-01,2022,4,LA GUAJIRA,17172,1
2022-04-01,2022,4,MAGDALENA,153963,1
2022-04-01,2022,4,META,6964,2
2022-04-01,2022,4,NARINO,32505,3
2022-04-01,2022,4,NORTE DE SANTANDER,57287,1
2022-04-01,2022,4,PUTUMAYO,6495,3
2022-04-01,2022,4,QUINDIO,19151,1
2022-04-01,2022,4,RISARALDA,97378,1
2022-04-01,2022,4,"SAN ANDRES, PROVIDENCIA Y SANTA CATALINA",121450,2
2022-04-01,2022,4,SANTANDER,87004,3
2022-04-01,2022,4,SUCRE,4391,2
2022-04-01,2022,4,TOLIMA,5079,1
2022-04-01,2022,4,VALLE DEL CAUCA,229171,2
2022-04-01,2022,4,VAUPES,1012,2
2022-04-01,2022,4,VICHADA,1537,1
2022-05-01,2022,5,AMAZONAS,14099,3
2022-05-01,2022,5,ANTIOQUIA,432102,3
2022-05-01,2022,5,ARAUCA,8606,3
2022-05-01,2022,5,ATLANTICO,99684,1
2022-05-01,2022,5,BOGOTA D.C.,870509,1
2022-05-01,2022,5,BOLIVAR,225765,2
2022-05-01,2022,5,CALDAS,6212,2
2022-05-01,2022,5,CAQUETA,5799,2
2022-05-01,2022,5,CASANARE,11339,1
2022-05-01,2022,5,CAUCA,6900,2
2022-05-01,2022,5,CESAR,17519,3
2022-05-01,2022,5,CHOCO,13930,3
2022-05-01,2022,5,CORDOBA,54592,1
2022-05-01,2022,5,GUAINIA,2109,2
2022-05-01,2022,5,GUAVIARE,529,1
2022-05-01,2022,5,HUILA,17968,2
2022-05-01,2022,5,LA GUAJIRA,15801,1
2022-05-01,2022,5,MAGDALENA,144529,1
2022-05-01,2022,5,META,7640,1
2022-05-01,2022,5,NARINO,34356,3
2022-05-01,2022,5,NORTE DE SANTANDER,57493,1
2022-05-01,2022,5,PUTUMAYO,7632,3
2022-05-01,2022,5,QUINDIO,21497,1
2022-05-01,2022,5,RISARALDA,96984,1
2022-05-01,2022,5,"SAN ANDRES, PROVIDENCIA Y SANTA CATALINA",117818,2
2022-05-01,2022,5,SANTANDER,85841,3
2022-05-01,2022,5,SUCRE,3773,2
2022-05-01,2022,5,TOLIMA,5253,1
2022-05-01,2022,5,VALLE DEL CAUCA,228715,2
2022-05-01,2022,5,VAUPES,1422,2
2022-05-01,2022,5,VICHADA,2007,1
2022-06-01,2022,6,AMAZONAS,14386,3
2022-06-01,2022,6,ANTIOQUIA,453657,4
2022-06-01,2022,6,ARAUCA,8278,3
2022-06-01,2022,6,ATLANTICO,104075,1
2022-06-01,2022,6,BOGOTA D.C.,857165,1
2022-06-01,2022,6,BOLIVAR,263348,2
2022-06-01,2022,6,BOYACA,221,1
2022-06-01,2022,6,CALDAS,6071,1
2022-06-01,2022,6,CAQUETA,5268,2
2022-06-01,2022,6,CASANARE,11520,2
2022-06-01,2022,6,CAUCA,7129,2
2022-06-01,2022,6,CESAR,20492,3
2022-06-01,2022,6,CHOCO,17091,3
2022-06-01,2022,6,CORDOBA,68423,1
2022-06-01,2022,6,GUAINIA,1895,3
2022-06-01,2022,6,GUAVIARE,562,1
2022-06-01,2022,6,HUILA,19188,2
2022-06-01,2022,6,LA GUAJIRA,17301,1
2022-06-01,2022,6,MAGDALENA,166084,1
2022-06-01,2022,6,META,8302,2
2022-06-01,2022,6,NARINO,36087,3
2022-06-01,2022,6,NORTE DE SANTANDER,60432,2
2022-06-01,2022,6,PUTUMAYO,7153,3
2022-06-01,2022,6,QUINDIO,23019,1
2022-06-01,2022,6,RISARALDA,97303,1
2022-06-01,2022,6,"SAN ANDRES, PROVIDENCIA Y SANTA CATALINA",123243,2
2022-06-01,2022,6,SANTANDER,87439,3
2022-06-01,2022,6,SUCRE,5671,2
2022-06-01,2022,6,TOLIMA,5963,1
2022-06-01,2022,6,VALLE DEL CAUCA,228597,2
2022-06-01,2022,6,VAUPES,1313,1
2022-06-01,2022,6,VICHADA,1941,1
2022-07-01,2022,7,AMAZONAS,15419,4
2022-07-01,2022,7,ANTIOQUIA,474128,3
2022-07-01,2022,7,ARAUCA,8771,3
2022-07-01,2022,7,ATLANTICO,108950,1
2022-07-01,2022,7,BOGOTA D.C.,938505,1
2022-07-01,2022,7,BOLIVAR,280065,2
2022-07-01,2022,7,BOYACA,591,1
2022-07-01,2022,7,CALDAS,6827,1
2022-07-01,2022,7,CAQUETA,5672,2
2022-07-01,2022,7,CASANARE,11741,2
2022-07-01,2022,7,CAUCA,8147,2
2022-07-01,2022,7,CESAR,21539,3
2022-07-01,2022,7,CHOCO,17981,3
2022-07-01,2022,7,CORDOBA,68215,1
2022-07-01,2022,7,CUNDINAMARCA,9,1
2022-07-01,2022,7,GUAINIA,2460,3
2022-07-01,2022,7,GUAVIARE,574,1
2022-07-01,2022,7,HUILA,18265,3
2022-07-01,2022,7,LA GUAJIRA,19885,1
2022-07-01,2022,7,MAGDALENA,174748,1
2022-07-01,2022,7,META,10055,3
2022-07-01,2022,7,NARINO,38797,3
2022-07-01,2022,7,NORTE DE SANTANDER,66856,1
2022-07-01,2022,7,PUTUMAYO,7872,3
2022-07-01,2022,7,QUINDIO,25990,1
2022-07-01,2022,7,RISARALDA,102504,1
2022-07-01,2022,7,"SAN ANDRES, PROVIDENCIA Y SANTA CATALINA",128340,2
2022-07-01,2022,7,SANTANDER,84978,3
2022-07-01,2022,7,SUCRE,6404,2
2022-07-01,2022,7,TOLIMA,5979,2
2022-07-01,2022,7,VALLE DEL CAUCA,264295,2
2022-07-01,2022,7,VAUPES,1491,1
2022-07-01,2022,7,VICHADA,2052,1
2022-08-01,2022,8,AMAZONAS,14775,3
2022-08-01,2022,8,ANTIOQUIA,461194,3
2022-08-01,2022,8,ARAUCA,8364,3
2022-08-01,2022,8,ATLANTICO,100145,1
2022-08-01,2022,8,BOGOTA D.C.,903327,1
2022-08-01,2022,8,BOLIVAR,263595,1
2022-08-01,2022,8,BOYACA,540,1
2022-08-01,2022,8,CALDAS,6802,1
2022-08-01,2022,8,CAQUETA,5225,2
2022-08-01,2022,8,CASANARE,11210,1
2022-08-01,2022,8,CAUCA,7962,2
2022-08-01,2022,8,CESAR,19609,3
2022-08-01,2022,8,CHOCO,17723,3
2022-08-01,2022,8,CORDOBA,63895,2
2022-08-01,2022,8,GUAINIA,2425,3
2022-08-01,2022,8,GUAVIARE,618,1
2022-08-01,2022,8,HUILA,17468,2
2022-08-01,2022,8,LA GUAJIRA,17780,1
2022-08-01,2022,8,MAGDALENA,161059,1
2022-08-01,2022,8,META,9565,2
2022-08-01,2022,8,NARINO,37932,3
2022-08-01,2022,8,NORTE DE SANTANDER,66735,1
2022-08-01,2022,8,PUTUMAYO,7441,3
2022-08-01,2022,8,QUINDIO,25294,1
2022-08-01,2022,8,RISARALDA,98531,1
2022-08-01,2022,8,"SAN ANDRES, PROVIDENCIA Y SANTA CATALINA",127515,2
2022-08-01,2022,8,SANTANDER,79876,3
2022-08-01,2022,8,SUCRE,2663,2
2022-08-01,2022,8,TOLIMA,5373,2
2022-08-01,2022,8,VALLE DEL CAUCA,250465,2
2022-08-01,2022,8,VAUPES,1474,2
2022-08-01,2022,8,VICHADA,2095,1
2022-09-01,2022,9,AMAZONAS,14173,3
2022-09-01,2022,9,ANTIOQUIA,424424,3
2022-09-01,2022,9,ARAUCA,8129,3
2022-09-01,2022,9,ATLANTICO,91918,1
2022-09-01,2022,9,BOGOTA D.C.,870373,1
2022-09-01,2022,9,BOLIVAR,233948,2
2022-09-01,2022,9,BOYACA,676,1
2022-09-01,2022,9,CALDAS,6707,1
2022-09-01,2022,9,CAQUETA,5112,2
2022-09-01,2022,9,CASANARE,12170,1
2022-09-01,2022,9,CAUCA,7181,2
2022-09-01,2022,9,CESAR,20299,3
2022-09-01,2022,9,CHOCO,19127,3
2022-09-01,2022,9,CORDOBA,61053,2
2022-09-01,2022,9,GUAINIA,2277,3
2022-09-01,2022,9,GUAVIARE,568,1
2022-09-01,2022,9,HUILA,17090,2
2022-09-01,2022,9,LA GUAJIRA,16972,1
2022-09-01,2022,9,MAGDALENA,141102,1
2022-09-01,2022,9,META,9347,2
2022-09-01,2022,9,NARINO,35310,3
2022-09-01,2022,9,NORTE DE SANTANDER,65846,1
2022-09-01,2022,9,PUTUMAYO,7614,3
2022-09-01,2022,9,QUINDIO,21831,1
2022-09-01,2022,9,RISARALDA,86525,1
2022-09-01,2022,9,"SAN ANDRES, PROVIDENCIA Y SANTA CATALINA",120995,2
2022-09-01,2022,9,SANTANDER,77684,3
2022-09-01,2022,9,SUCRE,2585,2
2022-09-01,2022,9,TOLIMA,5188,2
2022-09-01,2022,9,VALLE DEL CAUCA,224832,2
2022-09-01,2022,9,VAUPES,1437,2
2022-09-01,2022,9,VICHADA,1963,1
2022-10-01,2022,10,AMAZONAS,16224,3
2022-10-01,2022,10,ANTIOQUIA,458947,3
2022-10-01,2022,10,ARAUCA,8919,3
2022-10-01,2022,10,ATLANTICO,100194,1
2022-10-01,2022,10,BOGOTA D.C.,890781,1
2022-10-01,2022,10,BOLIVAR,233270,1
2022-10-01,2022,10,BOYACA,973,1
2022-10-01,2022,10,CALDAS,6226,1
2022-10-01,2022,10,CAQUETA,5580,2
2022-10-01,2022,10,CASANARE,11896,2
2022-10-01,2022,10,CAUCA,7641,2
2022-10-01,2022,10,CESAR,21761,2
2022-10-01,2022,10,CHOCO,18789,3
2022-10-01,2022,10,CORDOBA,68353,2
2022-10-01,2022,10,GUAINIA,2457,3
2022-10-01,2022,10,GUAVIARE,634,1
2022-10-01,2022,10,HUILA,17814,2
2022-10-01,2022,10,LA GUAJIRA,17341,1
2022-10-01,2022,10,MAGDALENA,148200,1
2022-10-01,2022,10,META,10709,2
2022-10-01,2022,10,NARINO,39784,3
2022-10-01,2022,10,NORTE DE SANTANDER,71140,1
2022-10-01,2022,10,PUTUMAYO,7666,3
2022-10-01,2022,10,QUINDIO,24518,1
2022-10-01,2022,10,RISARALDA,91221,1
2022-10-01,2022,10,"SAN ANDRES, PROVIDENCIA Y SANTA CATALINA",110823,2
2022-10-01,2022,10,SANTANDER,82562,2
2022-10-01,2022,10,SUCRE,3065,2
2022-10-01,2022,10,TOLIMA,5463,1
2022-10-01,2022,10,VALLE DEL CAUCA,228271,2
2022-10-01,2022,10,VAUPES,1577,2
2022-10-01,2022,10,VICHADA,2144,1
2022-11-01,2022,11,AMAZONAS,16275,3
2022-11-01,2022,11,ANTIOQUIA,445181,3
2022-11-01,2022,11,ARAUCA,8803,3
2022-11-01,2022,11,ATLANTICO,94895,1
2022-11-01,2022,11,BOGOTA D.C.,838981,1
2022-11-01,2022,11,BOLIVAR,214853,1
2022-11-01,2022,11,BOYACA,1029,1
2022-11-01,2022,11,CALDAS,5665,1
2022-11-01,2022,11,CAQUETA,5108,2
2022-11-01,2022,11,CASANARE,12436,2
2022-11-01,2022,11,CAUCA,6652,2
2022-11-01,2022,11,CESAR,21929,2
2022-11-01,2022,11,CHOCO,16312,3
2022-11-01,2022,11,CORDOBA,62879,1
2022-11-01,2022,11,GUAINIA,2542,3
2022-11-01,2022,11,GUAVIARE,541,1
2022-11-01,2022,11,HUILA,15862,2
2022-11-01,2022,11,LA GUAJIRA,17428,1
2022-11-01,2022,11,MAGDALENA,137901,1
2022-11-01,2022,11,META,9409,2
2022-11-01,2022,11,NARINO,41009,3
2022-11-01,2022,11,NORTE DE SANTANDER,66853,1
2022-11-01,2022,11,PUTUMAYO,7555,3
2022-11-01,2022,11,QUINDIO,23681,1
2022-11-01,2022,11,RISARALDA,88264,1
2022-11-01,2022,11,"SAN ANDRES, PROVIDENCIA Y SANTA CATALINA",106234,2
2022-11-01,2022,11,SANTANDER,82010,2
2022-11-01,2022,11,SUCRE,2736,2
2022-11-01,2022,11,TOLIMA,5606,1
2022-11-01,2022,11,VALLE DEL CAUCA,207908,2
2022-11-01,2022,11,VAUPES,1377,2
2022-11-01,2022,11,VICHADA,2272,1
2022-12-01,2022,12,AMAZONAS,15966,3
2022-12-01,2022,12,ANTIOQUIA,471742,3
2022-12-01,2022,12,ARAUCA,9295,3
2022-12-01,2022,12,ATLANTICO,107689,1
2022-12-01,2022,12,BOGOTA D.C.,815469,1
2022-12-01,2022,12,BOLIVAR,241033,1
2022-12-01,2022,12,BOYACA,1273,1
2022-12-01,2022,12,CALDAS,6497,1
2022-12-01,2022,12,CAQUETA,5683,3
2022-12-01,2022,12,CASANARE,13228,1
2022-12-01,2022,12,CAUCA,7776,2
2022-12-01,2022,12,CESAR,27641,2
2022-12-01,2022,12,CHOCO,21614,3
2022-12-01,2022,12,CORDOBA,74419,1
2022-12-01,2022,12,CUNDINAMARCA,1,1
2022-12-01,2022,12,GUAINIA,2554,3
2022-12-01,2022,12,GUAVIARE,564,1
2022-12-01,2022,12,HUILA,16503,2
2022-12-01,2022,12,LA GUAJIRA,20259,1
2022-12-01,2022,12,MAGDALENA,167967,2
2022-12-01,2022,12,META,9690,1
2022-12-01,2022,12,NARINO,46856,3
2022-12-01,2022,12,NORTE DE SANTANDER,81567,1
2022-12-01,2022,12,PUTUMAYO,8241,3
2022-12-01,2022,12,QUINDIO,29363,1
2022-12-01,2022,12,RISARALDA,96387,1
2022-12-01,2022,12,"SAN ANDRES, PROVIDENCIA Y SANTA CATALINA",113767,2
2022-12-01,2022,12,SANTANDER,94130,2
2022-12-01,2022,12,SUCRE,6164,2
2022-12-01,2022,12,TOLIMA,6125,2
2022-12-01,2022,12,VALLE DEL CAUCA,239422,2
2022-12-01,2022,12,VAUPES,1684,2
2022-12-01,2022,12,VICHADA,2413,2
2023-01-01,2023,1,AMAZONAS,17680,3
2023-01-01,2023,1,ANTIOQUIA,446402,3
2023-01-01,2023,1,ARAUCA,7241,3
2023-01-01,2023,1,ATLANTICO,86738,1
2023-01-01,2023,1,BOGOTA D.C.,881156,1
2023-01-01,2023,1,BOLIVAR,232877,1
2023-01-01,2023,1,BOYACA,972,1
2023-01-01,2023,1,CALDAS,5075,1
2023-01-01,2023,1,CAQUETA,4192,2
2023-01-01,2023,1,CASANARE,10373,1
2023-01-01,2023,1,CAUCA,5750,2
2023-01-01,2023,1,CESAR,17882,2
2023-01-01,2023,1,CHOCO,15138,3
2023-01-01,2023,1,CORDOBA,60855,1
2023-01-01,2023,1,GUAINIA,2794,3
2023-01-01,2023,1,GUAVIARE,470,1
2023-01-01,2023,1,HUILA,13704,2
2023-01-01,2023,1,LA GUAJIRA,20833,1
2023-01-01,2023,1,MAGDALENA,165691,1
2023-01-01,2023,1,META,8460,1
2023-01-01,2023,1,NARINO,45653,3
2023-01-01,2023,1,NORTE DE SANTANDER,71697,1
2023-01-01,2023,1,PUTUMAYO,6907,3
2023-01-01,2023,1,QUINDIO,22243,1
2023-01-01,2023,1,RISARALDA,82124,1
2023-01-01,2023,1,"SAN ANDRES, PROVIDENCIA Y SANTA CATALINA",112992,2
2023-01-01,2023,1,SANTANDER,71237,2
2023-01-01,2023,1,SUCRE,5105,2
2023-01-01,2023,1,TOLIMA,3963,1
2023-01-01,2023,1,VALLE DEL CAUCA,214550,2
2023-01-01,2023,1,VAUPES,1579,2
2023-01-01,2023,1,VICHADA,2726,1
2023-02-01,2023,2,AMAZONAS,15347,3
2023-02-01,2023,2,ANTIOQUIA,389663,3
2023-02-01,2023,2,ARAUCA,6153,3
2023-02-01,2023,2,ATLANTICO,84005,1
2023-02-01,2023,2,BOGOTA D.C.,747611,1
2023-02-01,2023,2,BOLIVAR,195640,1
2023-02-01,2023,2,BOYACA,554,1
2023-02-01,2023,2,CALDAS,4433,1
2023-02-01,2023,2,CAQUETA,3924,2
2023-02-01,2023,2,CASANARE,10434,1
2023-02-01,2023,2,CAUCA,5669,2
2023-02-01,2023,2,CESAR,15497,2
2023-02-01,2023,2,CHOCO,12324,3
2023-02-01,2023,2,CORDOBA,52785,1
2023-02-01,2023,2,GUAINIA,2409,3
2023-02-01,2023,2,GUAVIARE,478,1
2023-02-01,2023,2,HUILA,13116,2
2023-02-01,2023,2,LA GUAJIRA,18989,1
2023-02-01,2023,2,MAGDALENA,133929,1
2023-02-01,2023,2,META,6725,1
2023-02-01,2023,2,NARINO,40510,3
2023-02-01,2023,2,NORTE DE SANTANDER,58440,1
2023-02-01,2023,2,PUTUMAYO,6069,3
2023-02-01,2023,2,QUINDIO,19713,1
2023-02-01,2023,2,RISARALDA,73553,1
2023-02-01,2023,2,"SAN ANDRES, PROVIDENCIA Y SANTA CATALINA",88697,2
2023-02-01,2023,2,SANTANDER,70661,2
2023-02-01,2023,2,SUCRE,2637,2
2023-02-01,2023,2,TOLIMA,4243,1
2023-02-01,2023,2,VALLE DEL CAUCA,190511,2
2023-02-01,2023,2,VAUPES,1455,2
2023-02-01,2023,2,VICHADA,2106,1
2023-03-01,2023,3,AMAZONAS,12379,4
2023-03-01,2023,3,ANTIOQUIA,378417,3
2023-03-01,2023,3,ARAUCA,7050,3
2023-03-01,2023,3,ATLANTICO,93467,1
2023-03-01,2023,3,BOGOTA D.C.,804605,1
2023-03-01,2023,3,BOLIVAR,185196,1
2023-03-01,2023,3,BOYACA,680,1
2023-03-01,2023,3,CALDAS,4702,1
2023-03-01,2023,3,CAQUETA,4610,2
2023-03-01,2023,3,CASANARE,11897,1
2023-03-01,2023,3,CAUCA,6406,2
2023-03-01,2023,3,CESAR,17546,2
2023-03-01,2023,3,CHOCO,13820,2
2023-03-01,2023,3,CORDOBA,50886,1
2023-03-01,2023,3,GUAINIA,2451,2
2023-03-01,2023,3,GUAVIARE,557,1
2023-03-01,2023,3,HUILA,15250,2
2023-03-01,2023,3,LA GUAJIRA,14492,1
2023-03-01,2023,3,MAGDALENA,118828,1
2023-03-01,2023,3,META,4218,2
2023-03-01,2023,3,NARINO,39091,3
2023-03-01,2023,3,NORTE DE SANTANDER,53489,1
2023-03-01,2023,3,PUTUMAYO,6664,3
2023-03-01,2023,3,QUINDIO,19417,1
2023-03-01,2023,3,RISARALDA,63308,1
2023-03-01,2023,3,"SAN ANDRES, PROVIDENCIA Y SANTA CATALINA",84502,2
2023-03-01,2023,3,SANTANDER,73262,2
2023-03-01,2023,3,SUCRE,3772,2
2023-03-01,2023,3,TOLIMA,5516,1
2023-03-01,2023,3,VALLE DEL CAUCA,209506,2
2023-03-01,2023,3,VAUPES,1461,2
2023-03-01,2023,3,VICHADA,2314,1
2023-04-01,2023,4,AMAZONAS,12410,3
2023-04-01,2023,4,ANTIOQUIA,340261,3
2023-04-01,2023,4,ARAUCA,6617,3
2023-04-01,2023,4,ATLANTICO,89396,1
2023-04-01,2023,4,BOGOTA D.C.,736866,1
2023-04-01,2023,4,BOLIVAR,166413,1
2023-04-01,2023,4,BOYACA,552,1
2023-04-01,2023,4,CALDAS,3861,1
2023-04-01,2023,4,CAQUETA,4153,2
2023-04-01,2023,4,CASANARE,10292,1
2023-04-01,2023,4,CAUCA,6367,2
2023-04-01,2023,4,CESAR,15866,2
2023-04-01,2023,4,CHOCO,13603,2
2023-04-01,2023,4,CORDOBA,42043,1
2023-04-01,2023,4,GUAINIA,2463,2
2023-04-01,2023,4,GUAVIARE,481,1
2023-04-01,2023,4,HUILA,13128,2
2023-04-01,2023,4,LA GUAJIRA,13112,1
2023-04-01,2023,4,MAGDALENA,93434,1
2023-04-01,2023,4,META,3539,1
2023-04-01,2023,4,NARINO,36567,3
2023-04-01,2023,4,NORTE DE SANTANDER,48702,1
2023-04-01,2023,4,PUTUMAYO,5712,3
2023-04-01,2023,4,QUINDIO,18149,1
2023-04-01,2023,4,RISARALDA,56726,1
2023-04-01,2023,4,"SAN ANDRES, PROVIDENCIA Y SANTA CATALINA",62201,2
2023-04-01,2023,4,SANTANDER,67540,2
2023-04-01,2023,4,SUCRE,4284,2
2023-04-01,2023,4,TOLIMA,4169,1
2023-04-01,2023,4,VALLE DEL CAUCA,188263,2
2023-04-01,2023,4,VAUPES,1362,2
2023-04-01,2023,4,VICHADA,2088,1
2023-05-01,2023,5,AMAZONAS,12489,3
2023-05-01,2023,5,ANTIOQUIA,352120,3
2023-05-01,2023,5,ARAUCA,7081,3
2023-05-01,2023,5,ATLANTICO,92933,1
2023-05-01,2023,5,BOGOTA D.C.,790444,1
2023-05-01,2023,5,BOLIVAR,173928,1
2023-05-01,2023,5,CALDAS,4006,1
2023-05-01,2023,5,CAQUETA,4488,3
2023-05-01,2023,5,CASANARE,11686,1
2023-05-01,2023,5,CAUCA,7518,2
2023-05-01,2023,5,CESAR,16612,3
2023-05-01,2023,5,CHOCO,13925,2
2023-05-01,2023,5,CORDOBA,43695,1
2023-05-01,2023,5,GUAINIA,2160,3
2023-05-01,2023,5,GUAVIARE,600,1
2023-05-01,2023,5,HUILA,14123,2
2023-05-01,2023,5,LA GUAJIRA,18210,1
2023-05-01,2023,5,MAGDALENA,96640,1
2023-05-01,2023,5,META,3484,2
2023-05-01,2023,5,NARINO,34835,3
2023-05-01,2023,5,NORTE DE SANTANDER,52162,1
2023-05-01,2023,5,PUTUMAYO,5849,2
2023-05-01,2023,5,QUINDIO,18374,1
2023-05-01,2023,5,RISARALDA,61687,1
2023-05-01,2023,5,"SAN ANDRES, PROVIDENCIA Y SANTA CATALINA",69592,2
2023-05-01,2023,5,SANTANDER,73673,2
2023-05-01,2023,5,SUCRE,3107,2
2023-05-01,2023,5,TOLIMA,4907,1
2023-05-01,2023,5,VALLE DEL CAUCA,193926,2
2023-05-01,2023,5,VAUPES,1332,2
2023-05-01,2023,5,VICHADA,1976,1
2023-06-01,2023,6,AMAZONAS,12141,3
2023-06-01,2023,6,ANTIOQUIA,356953,3
2023-06-01,2023,6,ARAUCA,7159,3
2023-06-01,2023,6,ATLANTICO,109238,1
2023-06-01,2023,6,BOGOTA D.C.,829682,1
2023-06-01,2023,6,BOLIVAR,190127,1
2023-06-01,2023,6,CALDAS,3953,1
2023-06-01,2023,6,CAQUETA,3982,2
2023-06-01,2023,6,CASANARE,11894,1
2023-06-01,2023,6,CAUCA,7912,2
2023-06-01,2023,6,CESAR,18409,2
2023-06-01,2023,6,CHOCO,17186,3
2023-06-01,2023,6,CORDOBA,45895,1
2023-06-01,2023,6,GUAINIA,2133,1
2023-06-01,2023,6,GUAVIARE,545,1
2023-06-01,2023,6,HUILA,14622,2
2023-06-01,2023,6,LA GUAJIRA,21327,1
2023-06-01,2023,6,MAGDALENA,100622,1
2023-06-01,2023,6,META,4703,2
2023-06-01,2023,6,NARINO,37875,3
2023-06-01,2023,6,NORTE DE SANTANDER,52624,1
2023-06-01,2023,6,PUTUMAYO,6922,3
2023-06-01,2023,6,QUINDIO,21857,1
2023-06-01,2023,6,RISARALDA,65844,1
2023-06-01,2023,6,"SAN ANDRES, PROVIDENCIA Y SANTA CATALINA",74071,2
2023-06-01,2023,6,SANTANDER,85644,2
2023-06-01,2023,6,SUCRE,4063,2
2023-06-01,2023,6,TOLIMA,5140,1
2023-06-01,2023,6,VALLE DEL CAUCA,203992,2
2023-06-01,2023,6,VAUPES,1427,1
2023-06-01,2023,6,VICHADA,1923,1
2023-07-01,2023,7,AMAZONAS,13604,3
2023-07-01,2023,7,ANTIOQUIA,387586,3
2023-07-01,2023,7,ARAUCA,7795,3
2023-07-01,2023,7,ATLANTICO,113314,1
2023-07-01,2023,7,BOGOTA D.C.,900275,1
2023-07-01,2023,7,BOLIVAR,198495,1
2023-07-01,2023,7,CALDAS,4288,1
2023-07-01,2023,7,CAQUETA,4438,2
2023-07-01,2023,7,CASANARE,12956,1
2023-07-01,2023,7,CAUCA,8421,2
2023-07-01,2023,7,CESAR,17783,2
2023-07-01,2023,7,CHOCO,18170,3
2023-07-01,2023,7,CORDOBA,48410,1
2023-07-01,2023,7,GUAINIA,3589,1
2023-07-01,2023,7,GUAVIARE,649,1
2023-07-01,2023,7,HUILA,14455,2
2023-07-01,2023,7,LA GUAJIRA,22151,1
2023-07-01,2023,7,MAGDALENA,107852,1
2023-07-01,2023,7,META,9918,2
2023-07-01,2023,7,NARINO,40729,3
2023-07-01,2023,7,NORTE DE SANTANDER,53867,1
2023-07-01,2023,7,PUTUMAYO,6794,3
2023-07-01,2023,7,QUINDIO,24118,1
2023-07-01,2023,7,RISARALDA,75580,1
2023-07-01,2023,7,"SAN ANDRES, PROVIDENCIA Y SANTA CATALINA",83872,2
2023-07-01,2023,7,SANTANDER,83035,2
2023-07-01,2023,7,SUCRE,4472,2
2023-07-01,2023,7,TOLIMA,4663,1
2023-07-01,2023,7,VALLE DEL CAUCA,220017,2
2023-07-01,2023,7,VAUPES,2259,1
2023-07-01,2023,7,VICHADA,1997,1
2023-08-01,2023,8,AMAZONAS,13668,4
2023-08-01,2023,8,ANTIOQUIA,395777,3
2023-08-01,2023,8,ARAUCA,7725,3
2023-08-01,2023,8,ATLANTICO,109847,1
2023-08-01,2023,8,BOGOTA D.C.,897996,1
2023-08-01,2023,8,BOLIVAR,200117,1
2023-08-01,2023,8,CALDAS,4405,1
2023-08-01,2023,8,CAQUETA,4239,3
2023-08-01,2023,8,CASANARE,13686,1
2023-08-01,2023,8,CAUCA,8176,2
2023-08-01,2023,8,CESAR,18630,2
2023-08-01,2023,8,CHOCO,19166,3
2023-08-01,2023,8,CORDOBA,48697,1
2023-08-01,2023,8,GUAINIA,2302,3
2023-08-01,2023,8,GUAVIARE,770,2
2023-08-01,2023,8,HUILA,14659,2
2023-08-01,2023,8,LA GUAJIRA,19975,1
2023-08-01,2023,8,MAGDALENA,105985,1
2023-08-01,2023,8,META,8650,2
2023-08-01,2023,8,NARINO,40571,3
2023-08-01,2023,8,NORTE DE SANTANDER,52335,1
2023-08-01,2023,8,PUTUMAYO,6435,3
2023-08-01,2023,8,QUINDIO,24014,1
2023-08-01,2023,8,RISARALDA,78643,1
2023-08-01,2023,8,"SAN ANDRES, PROVIDENCIA Y SANTA CATALINA",80997,2
2023-08-01,2023,8,SANTANDER,83576,2
2023-08-01,2023,8,SUCRE,3925,2
2023-08-01,2023,8,TOLIMA,4843,1
2023-08-01,2023,8,VALLE DEL CAUCA,221206,2
2023-08-01,2023,8,VAUPES,1433,1
2023-08-01,2023,8,VICHADA,1949,1
2023-09-01,2023,9,AMAZONAS,12979,3
2023-09-01,2023,9,ANTIOQUIA,365108,3
2023-09-01,2023,9,ARAUCA,7864,3
2023-09-01,2023,9,ATLANTICO,101799,1
2023-09-01,2023,9,BOGOTA D.C.,841336,1
2023-09-01,2023,9,BOLIVAR,182365,1
2023-09-01,2023,9,CALDAS,4572,1
2023-09-01,2023,9,CAQUETA,4765,3
2023-09-01,2023,9,CASANARE,12933,1
2023-09-01,2023,9,CAUCA,7704,2
2023-09-01,2023,9,CESAR,17330,2
2023-09-01,2023,9,CHOCO,19852,3
2023-09-01,2023,9,CORDOBA,45339,1
2023-09-01,2023,9,GUAINIA,2052,2
2023-09-01,2023,9,GUAVIARE,850,2
2023-09-01,2023,9,HUILA,13869,2
2023-09-01,2023,9,LA GUAJIRA,18803,1
2023-09-01,2023,9,MAGDALENA,97246,1
2023-09-01,2023,9,META,7167,2
2023-09-01,2023,9,NARINO,34913,3
2023-09-01,2023,9,NORTE DE SANTANDER,53194,1
2023-09-01,2023,9,PUTUMAYO,6816,3
2023-09-01,2023,9,QUINDIO,21248,1
2023-09-01,2023,9,RISARALDA,69492,1
2023-09-01,2023,9,"SAN ANDRES, PROVIDENCIA Y SANTA CATALINA",69867,2
2023-09-01,2023,9,SANTANDER,83491,2
2023-09-01,2023,9,SUCRE,3742,2
2023-09-01,2023,9,TOLIMA,5017,1
2023-09-01,2023,9,VALLE DEL CAUCA,195986,2
2023-09-01,2023,9,VAUPES,1467,1
2023-09-01,2023,9,VICHADA,2000,1
2023-10-01,2023,10,AMAZONAS,13640,3
2023-10-01,2023,10,ANTIOQUIA,364473,3
2023-10-01,2023,10,ARAUCA,7855,3
2023-10-01,2023,10,ATLANTICO,107772,1
2023-10-01,2023,10,BOGOTA D.C.,866247,1
2023-10-01,2023,10,BOLIVAR,175803,2
2023-10-01,2023,10,CALDAS,3884,1
2023-10-01,2023,10,CAQUETA,4377,3
2023-10-01,2023,10,CASANARE,12312,1
2023-10-01,2023,10,CAUCA,8052,2
2023-10-01,2023,10,CESAR,18650,2
2023-10-01,2023,10,CHOCO,18184,3
2023-10-01,2023,10,CORDOBA,45077,1
2023-10-01,2023,10,GUAINIA,2479,2
2023-10-01,2023,10,GUAVIARE,776,2
2023-10-01,2023,10,HUILA,14226,2
2023-10-01,2023,10,LA GUAJIRA,18669,1
2023-10-01,2023,10,MAGDALENA,95646,1
2023-10-01,2023,10,META,7297,2
2023-10-01,2023,10,NARINO,35464,3
2023-10-01,2023,10,NORTE DE SANTANDER,51777,1
2023-10-01,2023,10,PUTUMAYO,6312,3
2023-10-01,2023,10,QUINDIO,21479,1
2023-10-01,2023,10,RISARALDA,70320,1
2023-10-01,2023,10,"SAN ANDRES, PROVIDENCIA Y SANTA CATALINA",71698,2
2023-10-01,2023,10,SANTANDER,82773,2
2023-10-01,2023,10,SUCRE,4165,2
2023-10-01,2023,10,TOLIMA,4768,1
2023-10-01,2023,10,VALLE DEL CAUCA,197056,2
2023-10-01,2023,10,VAUPES,1671,2
2023-10-01,2023,10,VICHADA,2126,1
2023-11-01,2023,11,AMAZONAS,16715,3
2023-11-01,2023,11,ANTIOQUIA,391138,5
2023-11-01,2023,11,ARAUCA,7876,3
2023-11-01,2023,11,ATLANTICO,114914,1
2023-11-01,2023,11,BOGOTA D.C.,985838,1
2023-11-01,2023,11,BOLIVAR,196136,1
2023-11-01,2023,11,CALDAS,4392,1
2023-11-01,2023,11,CAQUETA,4636,3
2023-11-01,2023,11,CASANARE,13017,1
2023-11-01,2023,11,CAUCA,7595,2
2023-11-01,2023,11,CESAR,21087,2
2023-11-01,2023,11,CHOCO,16461,3
2023-11-01,2023,11,CORDOBA,60981,2
2023-11-01,2023,11,GUAINIA,2456,3
2023-11-01,2023,11,GUAVIARE,861,2
2023-11-01,2023,11,HUILA,15725,2
2023-11-01,2023,11,LA GUAJIRA,22867,1
2023-11-01,2023,11,MAGDALENA,113954,1
2023-11-01,2023,11,META,8847,2
2023-11-01,2023,11,NARINO,44184,3
2023-11-01,2023,11,NORTE DE SANTANDER,61222,1
2023-11-01,2023,11,PUTUMAYO,6924,3
2023-11-01,2023,11,QUINDIO,27258,1
2023-11-01,2023,11,RISARALDA,86976,1
2023-11-01,2023,11,"SAN ANDRES, PROVIDENCIA Y SANTA CATALINA",91607,2
2023-11-01,2023,11,SANTANDER,90147,2
2023-11-01,2023,11,SUCRE,3765,2
2023-11-01,2023,11,TOLIMA,4917,1
2023-11-01,2023,11,VALLE DEL CAUCA,207674,2
2023-11-01,2023,11,VAUPES,1454,2
2023-11-01,2023,11,VICHADA,2203,1
2023-12-01,2023,12,AMAZONAS,17773,3
2023-12-01,2023,12,ANTIOQUIA,410503,5
2023-12-01,2023,12,ARAUCA,8165,3
2023-12-01,2023,12,ATLANTICO,133506,1
2023-12-01,2023,12,BOGOTA D.C.,1007445,1
2023-12-01,2023,12,BOLIVAR,219273,1
2023-12-01,2023,12,CALDAS,4527,1
2023-12-01,2023,12,CAQUETA,4404,3
2023-12-01,2023,12,CASANARE,12744,1
2023-12-01,2023,12,CAUCA,8763,2
2023-12-01,2023,12,CESAR,24613,2
2023-12-01,2023,12,CHOCO,19887,3
2023-12-01,2023,12,CORDOBA,66330,2
2023-12-01,2023,12,GUAINIA,2777,2
2023-12-01,2023,12,GUAVIARE,775,2
2023-12-01,2023,12,HUILA,16200,2
2023-12-01,2023,12,LA GUAJIRA,27276,1
2023-12-01,2023,12,MAGDALENA,133309,1
2023-12-01,2023,12,META,7993,1
2023-12-01,2023,12,NARINO,56293,3
2023-12-01,2023,12,NORTE DE SANTANDER,72350,1
2023-12-01,2023,12,PUTUMAYO,6556,3
2023-12-01,2023,12,QUINDIO,30937,1
2023-12-01,2023,12,RISARALDA,99833,1
2023-12-01,2023,12,"SAN ANDRES, PROVIDENCIA Y SANTA CATALINA",111586,2
2023-12-01,2023,12,SANTANDER,106550,2
2023-12-01,2023,12,SUCRE,8051,2
2023-12-01,2023,12,TOLIMA,5127,1
2023-12-01,2023,12,VALLE DEL CAUCA,229468,2
2023-12-01,2023,12,VAUPES,1873,1
2023-12-01,2023,12,VICHADA,2524,1
2024-01-01,2024,1,AMAZONAS,19292,3
2024-01-01,2024,1,ANTIOQUIA,375920,5
2024-01-01,2024,1,ARAUCA,6768,3
2024-01-01,2024,1,ATLANTICO,108215,1
2024-01-01,2024,1,BOGOTA D.C.,1077799,1
2024-01-01,2024,1,BOLIVAR,207030,1
2024-01-01,2024,1,CALDAS,3787,1
2024-01-01,2024,1,CAQUETA,3529,3
2024-01-01,2024,1,CASANARE,10790,1
2024-01-01,2024,1,CAUCA,6779,2
2024-01-01,2024,1,CESAR,18667,2
2024-01-01,2024,1,CHOCO,15843,3
2024-01-01,2024,1,CORDOBA,59274,2
2024-01-01,2024,1,CUNDINAMARCA,10,1
2024-01-01,2024,1,GUAINIA,2973,2
2024-01-01,2024,1,GUAVIARE,693,2
2024-01-01,2024,1,HUILA,12868,2
2024-01-01,2024,1,LA GUAJIRA,24481,1
2024-01-01,2024,1,MAGDALENA,128576,1
2024-01-01,2024,1,META,7405,1
2024-01-01,2024,1,NARINO,43599,3
2024-01-01,2024,1,NORTE DE SANTANDER,62501,1
2024-01-01,2024,1,PUTUMAYO,5554,3
2024-01-01,2024,1,QUINDIO,28074,1
2024-01-01,2024,1,RISARALDA,82349,1
2024-01-01,2024,1,"SAN ANDRES, PROVIDENCIA Y SANTA CATALINA",111401,2
2024-01-01,2024,1,SANTANDER,80734,2
2024-01-01,2024,1,SUCRE,7220,2
2024-01-01,2024,1,TOLIMA,4079,1
2024-01-01,2024,1,VALLE DEL CAUCA,197090,2
2024-01-01,2024,1,VAUPES,1671,1
2024-01-01,2024,1,VICHADA,2668,1
2024-02-01,2024,2,AMAZONAS,15510,3
2024-02-01,2024,2,ANTIOQUIA,337235,5
2024-02-01,2024,2,ARAUCA,5918,3
2024-02-01,2024,2,ATLANTICO,99485,1
2024-02-01,2024,2,BOGOTA D.C.,896929,1
2024-02-01,2024,2,BOLIVAR,184312,1
2024-02-01,2024,2,CALDAS,2826,1
2024-02-01,2024,2,CAQUETA,3565,3
2024-02-01,2024,2,CASANARE,10767,1
2024-02-01,2024,2,CAUCA,6625,2
2024-02-01,2024,2,CESAR,17007,2
2024-02-01,2024,2,CHOCO,11363,3
2024-02-01,2024,2,CORDOBA,50810,2
2024-02-01,2024,2,CUNDINAMARCA,14,1
2024-02-01,2024,2,GUAINIA,2658,3
2024-02-01,2024,2,GUAVIARE,1127,2
2024-02-01,2024,2,HUILA,12842,2
2024-02-01,2024,2,LA GUAJIRA,20948,1
2024-02-01,2024,2,MAGDALENA,112724,1
2024-02-01,2024,2,META,10446,2
2024-02-01,2024,2,NARINO,36577,3
2024-02-01,2024,2,NORTE DE SANTANDER,52381,1
2024-02-01,2024,2,PUTUMAYO,5308,3
2024-02-01,2024,2,QUINDIO,25767,1
2024-02-01,2024,2,RISARALDA,78241,1
2024-02-01,2024,2,"SAN ANDRES, PROVIDENCIA Y SANTA CATALINA",95948,2
2024-02-01,2024,2,SANTANDER,77152,2
2024-02-01,2024,2,SUCRE,3463,2
2024-02-01,2024,2,TOLIMA,3926,1
2024-02-01,2024,2,VALLE DEL CAUCA,184325,2
2024-02-01,2024,2,VAUPES,1493,1
2024-02-01,2024,2,VICHADA,2183,1
2024-03-01,2024,3,AMAZONAS,16607,3
2024-03-01,2024,3,ANTIOQUIA,375555,5
2024-03-01,2024,3,ARAUCA,6777,3
2024-03-01,2024,3,ATLANTICO,105237,1
2024-03-01,2024,3,BOGOTA D.C.,950860,1
2024-03-01,2024,3,BOLIVAR,206274,2
2024-03-01,2024,3,CALDAS,3648,1
2024-03-01,2024,3,CAQUETA,3800,3
2024-03-01,2024,3,CASANARE,11154,1
2024-03-01,2024,3,CAUCA,7450,2
2024-03-01,2024,3,CESAR,19615,2
2024-03-01,2024,3,CHOCO,14608,3
2024-03-01,2024,3,CORDOBA,56927,2
2024-03-01,2024,3,CUNDINAMARCA,26,1
2024-03-01,2024,3,GUAINIA,2559,2
2024-03-01,2024,3,GUAVIARE,728,2
2024-03-01,2024,3,HUILA,13676,2
2024-03-01,2024,3,LA GUAJIRA,22666,1
2024-03-01,2024,3,MAGDALENA,122523,1
2024-03-01,2024,3,META,5930,1
2024-03-01,2024,3,NARINO,40863,3
2024-03-01,2024,3,NORTE DE SANTANDER,56080,1
2024-03-01,2024,3,PUTUMAYO,5563,3
2024-03-01,2024,3,QUINDIO,28832,1
2024-03-01,2024,3,RISARALDA,88041,1
2024-03-01,2024,3,"SAN ANDRES, PROVIDENCIA Y SANTA CATALINA",93696,2
2024-03-01,2024,3,SANTANDER,88961,2
2024-03-01,2024,3,SUCRE,5228,2
2024-03-01,2024,3,TOLIMA,4576,1
2024-03-01,2024,3,VALLE DEL CAUCA,201352,2
2024-03-01,2024,3,VAUPES,1404,1
2024-03-01,2024,3,VICHADA,2390,1
2024-04-01,2024,4,AMAZONAS,13139,3
2024-04-01,2024,4,ANTIOQUIA,381047,5
2024-04-01,2024,4,ARAUCA,7052,3
2024-04-01,2024,4,ATLANTICO,95520,1
2024-04-01,2024,4,BOGOTA D.C.,948885,1
2024-04-01,2024,4,BOLIVAR,204384,2
2024-04-01,2024,4,CALDAS,3201,1
2024-04-01,2024,4,CAQUETA,4535,3
2024-04-01,2024,4,CASANARE,12126,1
2024-04-01,2024,4,CAUCA,7422,2
2024-04-01,2024,4,CESAR,16362,2
2024-04-01,2024,4,CHOCO,14410,3
2024-04-01,2024,4,CORDOBA,51504,2
2024-04-01,2024,4,GUAINIA,2614,2
2024-04-01,2024,4,GUAVIARE,729,2
2024-04-01,2024,4,HUILA,13444,2
2024-04-01,2024,4,LA GUAJIRA,20423,1
2024-04-01,2024,4,MAGDALENA,123790,1
2024-04-01,2024,4,META,6295,1
2024-04-01,2024,4,NARINO,38860,3
2024-04-01,2024,4,NORTE DE SANTANDER,51543,1
2024-04-01,2024,4,PUTUMAYO,6202,3
2024-04-01,2024,4,QUINDIO,23247,1
2024-04-01,2024,4,RISARALDA,90514,1
2024-04-01,2024,4,"SAN ANDRES, PROVIDENCIA Y SANTA CATALINA",79352,2
2024-04-01,2024,4,SANTANDER,83534,2
2024-04-01,2024,4,SUCRE,3865,2
2024-04-01,2024,4,TOLIMA,8714,1
2024-04-01,2024,4,VALLE DEL CAUCA,185160,2
2024-04-01,2024,4,VAUPES,1412,1
2024-04-01,2024,4,VICHADA,2332,1
2024-05-01,2024,5,AMAZONAS,13923,3
2024-05-01,2024,5,ANTIOQUIA,409768,5
2024-05-01,2024,5,ARAUCA,7604,3
2024-05-01,2024,5,ATLANTICO,98106,1
2024-05-01,2024,5,BOGOTA D.C.,982684,1
2024-05-01,2024,5,BOLIVAR,216370,2
2024-05-01,2024,5,CALDAS,2795,1
2024-05-01,2024,5,CAQUETA,4720,3
2024-05-01,2024,5,CASANARE,12767,1
2024-05-01,2024,5,CAUCA,7860,2
2024-05-01,2024,5,CESAR,17546,2
2024-05-01,2024,5,CHOCO,15403,3
2024-05-01,2024,5,CORDOBA,56056,2
2024-05-01,2024,5,GUAINIA,2463,2
2024-05-01,2024,5,GUAVIARE,732,2
2024-05-01,2024,5,HUILA,13791,2
2024-05-01,2024,5,LA GUAJIRA,22379,1
2024-05-01,2024,5,MAGDALENA,140129,1
2024-05-01,2024,5,META,6712,1
2024-05-01,2024,5,NARINO,39440,3
2024-05-01,2024,5,NORTE DE SANTANDER,52637,1
2024-05-01,2024,5,PUTUMAYO,6654,3
2024-05-01,2024,5,QUINDIO,25044,1
2024-05-01,2024,5,RISARALDA,97517,1
2024-05-01,2024,5,"SAN ANDRES, PROVIDENCIA Y SANTA CATALINA",83457,2
2024-05-01,2024,5,SANTANDER,87288,2
2024-05-01,2024,5,SUCRE,4288,2
2024-05-01,2024,5,TOLIMA,9252,1
2024-05-01,2024,5,VALLE DEL CAUCA,191415,2
2024-05-01,2024,5,VAUPES,1444,1
2024-05-01,2024,5,VICHADA,2281,1
2024-06-01,2024,6,AMAZONAS,14748,3
2024-06-01,2024,6,ANTIOQUIA,425952,5
2024-06-01,2024,6,ARAUCA,7812,3
2024-06-01,2024,6,ATLANTICO,110053,1
2024-06-01,2024,6,BOGOTA D.C.,1024472,1
2024-06-01,2024,6,BOLIVAR,244110,2
2024-06-01,2024,6,CALDAS,2646,1
2024-06-01,2024,6,CAQUETA,4744,3
2024-06-01,2024,6,CASANARE,13221,1
2024-06-01,2024,6,CAUCA,7247,2
2024-06-01,2024,6,CESAR,16647,2
2024-06-01,2024,6,CHOCO,17191,5
2024-06-01,2024,6,CORDOBA,59849,2
2024-06-01,2024,6,GUAINIA,2573,2
2024-06-01,2024,6,GUAVIARE,760,2
2024-06-01,2024,6,HUILA,14186,2
2024-06-01,2024,6,LA GUAJIRA,26333,1
2024-06-01,2024,6,MAGDALENA,158841,1
2024-06-01,2024,6,META,7306,2
2024-06-01,2024,6,NARINO,42268,3
2024-06-01,2024,6,NORTE DE SANTANDER,58129,1
2024-06-01,2024,6,PUTUMAYO,6545,3
2024-06-01,2024,6,QUINDIO,26796,1
2024-06-01,2024,6,RISARALDA,101284,1
2024-06-01,2024,6,"SAN ANDRES, PROVIDENCIA Y SANTA CATALINA",95882,2
2024-06-01,2024,6,SANTANDER,94077,2
2024-06-01,2024,6,SUCRE,4243,2
2024-06-01,2024,6,TOLIMA,9420,1
2024-06-01,2024,6,VALLE DEL CAUCA,210514,2
2024-06-01,2024,6,VAUPES,1465,1
2024-06-01,2024,6,VICHADA,2358,1
2024-07-01,2024,7,AMAZONAS,16168,3
2024-07-01,2024,7,ANTIOQUIA,433089,5
2024-07-01,2024,7,ARAUCA,8414,3
2024-07-01,2024,7,ATLANTICO,106705,1
2024-07-01,2024,7,BOGOTA D.C.,1050606,1
2024-07-01,2024,7,BOLIVAR,231975,2
2024-07-01,2024,7,CALDAS,2764,1
2024-07-01,2024,7,CAQUETA,4616,3
2024-07-01,2024,7,CASANARE,13986,1
2024-07-01,2024,7,CAUCA,8468,2
2024-07-01,2024,7,CESAR,16878,2
2024-07-01,2024,7,CHOCO,19559,5
2024-07-01,2024,7,CORDOBA,55336,2
2024-07-01,2024,7,GUAINIA,2866,2
2024-07-01,2024,7,GUAVIARE,699,2
2024-07-01,2024,7,HUILA,13564,2
2024-07-01,2024,7,LA GUAJIRA,25333,1
2024-07-01,2024,7,MAGDALENA,159178,1
2024-07-01,2024,7,META,8285,2
2024-07-01,2024,7,NARINO,43814,3
2024-07-01,2024,7,NORTE DE SANTANDER,53839,1
2024-07-01,2024,7,PUTUMAYO,6701,3
2024-07-01,2024,7,QUINDIO,26892,1
2024-07-01,2024,7,RISARALDA,100809,1
2024-07-01,2024,7,"SAN ANDRES, PROVIDENCIA Y SANTA CATALINA",95206,2
2024-07-01,2024,7,SANTANDER,89663,2
2024-07-01,2024,7,SUCRE,3797,2
2024-07-01,2024,7,TOLIMA,10216,1
2024-07-01,2024,7,VALLE DEL CAUCA,219770,2
2024-07-01,2024,7,VAUPES,1593,1
2024-07-01,2024,7,VICHADA,2471,1
2024-08-01,2024,8,AMAZONAS,16681,3
2024-08-01,2024,8,ANTIOQUIA,459181,4
2024-08-01,2024,8,ARAUCA,8071,3
2024-08-01,2024,8,ATLANTICO,105070,1
2024-08-01,2024,8,BOGOTA D.C.,1057593,1
2024-08-01,2024,8,BOLIVAR,247061,2
2024-08-01,2024,8,CALDAS,3201,1
2024-08-01,2024,8,CAQUETA,4758,3
2024-08-01,2024,8,CASANARE,13290,1
2024-08-01,2024,8,CAUCA,8436,2
2024-08-01,2024,8,CESAR,15879,2
2024-08-01,2024,8,CHOCO,23355,5
2024-08-01,2024,8,CORDOBA,55210,2
2024-08-01,2024,8,GUAINIA,2920,2
2024-08-01,2024,8,GUAVIARE,729,2
2024-08-01,2024,8,HUILA,13833,2
2024-08-01,2024,8,LA GUAJIRA,24859,1
2024-08-01,2024,8,MAGDALENA,166420,1
2024-08-01,2024,8,META,8491,2
2024-08-01,2024,8,NARINO,41502,3
2024-08-01,2024,8,NORTE DE SANTANDER,54054,1
2024-08-01,2024,8,PUTUMAYO,6395,3
2024-08-01,2024,8,QUINDIO,26296,1
2024-08-01,2024,8,RISARALDA,109075,1
2024-08-01,2024,8,"SAN ANDRES, PROVIDENCIA Y SANTA CATALINA",98333,2
2024-08-01,2024,8,SANTANDER,86210,2
2024-08-01,2024,8,SUCRE,2509,1
2024-08-01,2024,8,TOLIMA,9525,1
2024-08-01,2024,8,VALLE DEL CAUCA,222729,2
2024-08-01,2024,8,VAUPES,1462,1
2024-08-01,2024,8,VICHADA,2372,1
2024-09-01,2024,9,AMAZONAS,14539,3
2024-09-01,2024,9,ANTIOQUIA,412977,4
2024-09-01,2024,9,ARAUCA,7827,3
2024-09-01,2024,9,ATLANTICO,106191,1
2024-09-01,2024,9,BOGOTA D.C.,1012466,1
2024-09-01,2024,9,BOLIVAR,226220,2
2024-09-01,2024,9,BOYACA,260,1
2024-09-01,2024,9,CALDAS,3910,1
2024-09-01,2024,9,CAQUETA,5019,3
2024-09-01,2024,9,CASANARE,13975,1
2024-09-01,2024,9,CAUCA,9175,3
2024-09-01,2024,9,CESAR,17095,2
2024-09-01,2024,9,CHOCO,21498,5
2024-09-01,2024,9,CORDOBA,53435,2
2024-09-01,2024,9,GUAINIA,2656,2
2024-09-01,2024,9,GUAVIARE,748,2
2024-09-01,2024,9,HUILA,15285,2
2024-09-01,2024,9,LA GUAJIRA,23929,1
2024-09-01,2024,9,MAGDALENA,151875,1
2024-09-01,2024,9,META,9290,2
2024-09-01,2024,9,NARINO,39168,3
2024-09-01,2024,9,NORTE DE SANTANDER,58830,1
2024-09-01,2024,9,PUTUMAYO,6652,3
2024-09-01,2024,9,QUINDIO,25839,1
2024-09-01,2024,9,RISARALDA,95834,1
2024-09-01,2024,9,"SAN ANDRES, PROVIDENCIA Y SANTA CATALINA",83424,2
2024-09-01,2024,9,SANTANDER,82501,2
2024-09-01,2024,9,SUCRE,2416,1
2024-09-01,2024,9,TOLIMA,10116,2
2024-09-01,2024,9,VALLE DEL CAUCA,199002,2
2024-09-01,2024,9,VAUPES,1565,1
2024-09-01,2024,9,VICHADA,2190,1
2024-10-01,2024,10,AMAZONAS,15547,3
2024-10-01,2024,10,ANTIOQUIA,441808,4
2024-10-01,2024,10,ARAUCA,8721,3
2024-10-01,2024,10,ATLANTICO,115594,1
2024-10-01,2024,10,BOGOTA D.C.,1047630,1
2024-10-01,2024,10,BOLIVAR,227453,2
2024-10-01,2024,10,BOYACA,297,1
2024-10-01,2024,10,CALDAS,3557,1
2024-10-01,2024,10,CAQUETA,5148,3
2024-10-01,2024,10,CASANARE,13872,1
2024-10-01,2024,10,CAUCA,12463,3
2024-10-01,2024,10,CESAR,17604,2
2024-10-01,2024,10,CHOCO,20236,5
2024-10-01,2024,10,CORDOBA,59014,2
2024-10-01,2024,10,GUAINIA,2952,2
2024-10-01,2024,10,GUAVIARE,641,2
2024-10-01,2024,10,HUILA,21588,2
2024-10-01,2024,10,LA GUAJIRA,23844,1
2024-10-01,2024,10,MAGDALENA,156951,1
2024-10-01,2024,10,META,9305,2
2024-10-01,2024,10,NARINO,43004,3
2024-10-01,2024,10,NORTE DE SANTANDER,59612,1
2024-10-01,2024,10,PUTUMAYO,6919,3
2024-10-01,2024,10,QUINDIO,26775,1
2024-10-01,2024,10,RISARALDA,95800,1
2024-10-01,2024,10,"SAN ANDRES, PROVIDENCIA Y SANTA CATALINA",88578,2
2024-10-01,2024,10,SANTANDER,90916,2
2024-10-01,2024,10,SUCRE,2905,1
2024-10-01,2024,10,TOLIMA,10056,1
2024-10-01,2024,10,VALLE DEL CAUCA,224071,2
2024-10-01,2024,10,VAUPES,1716,1
2024-10-01,2024,10,VICHADA,2412,1
2024-11-01,2024,11,AMAZONAS,15199,3
2024-11-01,2024,11,ANTIOQUIA,418591,4
2024-11-01,2024,11,ARAUCA,8419,3
2024-11-01,2024,11,ATLANTICO,112842,1
2024-11-01,2024,11,BOGOTA D.C.,1016872,1
2024-11-01,2024,11,BOLIVAR,226081,2
2024-11-01,2024,11,BOYACA,318,1
2024-11-01,2024,11,CALDAS,3227,1
2024-11-01,2024,11,CAQUETA,5256,2
2024-11-01,2024,11,CASANARE,13025,2
2024-11-01,2024,11,CAUCA,10605,3
2024-11-01,2024,11,CESAR,17785,2
2024-11-01,2024,11,CHOCO,18260,5
2024-11-01,2024,11,CORDOBA,60499,2
2024-11-01,2024,11,GUAINIA,3229,2
2024-11-01,2024,11,GUAVIARE,887,2
2024-11-01,2024,11,HUILA,21108,2
2024-11-01,2024,11,LA GUAJIRA,25448,1
2024-11-01,2024,11,MAGDALENA,160080,1
2024-11-01,2024,11,META,8490,2
2024-11-01,2024,11,NARINO,42652,3
2024-11-01,2024,11,NORTE DE SANTANDER,59613,1
2024-11-01,2024,11,PUTUMAYO,7583,3
2024-11-01,2024,11,QUINDIO,28941,1
2024-11-01,2024,11,RISARALDA,95565,1
2024-11-01,2024,11,"SAN ANDRES, PROVIDENCIA Y SANTA CATALINA",88928,2
2024-11-01,2024,11,SANTANDER,89546,2
2024-11-01,2024,11,SUCRE,3190,1
2024-11-01,2024,11,TOLIMA,10013,1
2024-11-01,2024,11,VALLE DEL CAUCA,206946,2
2024-11-01,2024,11,VAUPES,1696,2
2024-11-01,2024,11,VICHADA,2704,1
2024-12-01,2024,12,AMAZONAS,16485,3
2024-12-01,2024,12,ANTIOQUIA,464467,4
2024-12-01,2024,12,ARAUCA,9997,3
2024-12-01,2024,12,ATLANTICO,127662,1
2024-12-01,2024,12,BOGOTA D.C.,1011101,1
2024-12-01,2024,12,BOLIVAR,247315,2
2024-12-01,2024,12,BOYACA,408,1
2024-12-01,2024,12,CALDAS,3061,1
2024-12-01,2024,12,CAQUETA,5083,3
2024-12-01,2024,12,CASANARE,12900,2
2024-12-01,2024,12,CAUCA,11519,3
2024-12-01,2024,12,CESAR,19314,2
2024-12-01,2024,12,CHOCO,23037,5
2024-12-01,2024,12,CORDOBA,69493,2
2024-12-01,2024,12,GUAINIA,3691,2
2024-12-01,2024,12,GUAVIARE,654,2
2024-12-01,2024,12,HUILA,15471,2
2024-12-01,2024,12,LA GUAJIRA,31037,1
2024-12-01,2024,12,MAGDALENA,185364,1
2024-12-01,2024,12,META,8111,2
2024-12-01,2024,12,NARINO,49623,3
2024-12-01,2024,12,NORTE DE SANTANDER,65931,1
2024-12-01,2024,12,PUTUMAYO,6930,3
2024-12-01,2024,12,QUINDIO,27739,1
2024-12-01,2024,12,RISARALDA,100751,1
2024-12-01,2024,12,"SAN ANDRES, PROVIDENCIA Y SANTA CATALINA",106804,2
2024-12-01,2024,12,SANTANDER,91971,2
2024-12-01,2024,12,SUCRE,7541,2
2024-12-01,2024,12,TOLIMA,11708,2
2024-12-01,2024,12,VALLE DEL CAUCA,225293,2
2024-12-01,2024,12,VAUPES,1733,2
2024-12-01,2024,12,VICHADA,3034,1
2025-01-01,2025,1,AMAZONAS,16605,3
2025-01-01,2025,1,ANTIOQUIA,426302,5
2025-01-01,2025,1,ARAUCA,8465,3
2025-01-01,2025,1,ATLANTICO,101328,1
2025-01-01,2025,1,BOGOTA D.C.,1068769,1
2025-01-01,2025,1,BOLIVAR,233229,2
2025-01-01,2025,1,BOYACA,307,1
2025-01-01,2025,1,CALDAS,2915,1
2025-01-01,2025,1,CAQUETA,3985,3
2025-01-01,2025,1,CASANARE,9966,2
2025-01-01,2025,1,CAUCA,8544,3
2025-01-01,2025,1,CESAR,14318,2
2025-01-01,2025,1,CHOCO,17015,5
2025-01-01,2025,1,CORDOBA,57525,2
2025-01-01,2025,1,GUAINIA,3981,2
2025-01-01,2025,1,GUAVIARE,710,2
2025-01-01,2025,1,HUILA,12407,2
2025-01-01,2025,1,LA GUAJIRA,26012,1
2025-01-01,2025,1,MAGDALENA,185205,1
2025-01-01,2025,1,META,7087,3
2025-01-01,2025,1,NARINO,38023,3
2025-01-01,2025,1,NORTE DE SANTANDER,54942,1
2025-01-01,2025,1,PUTUMAYO,5998,3
2025-01-01,2025,1,QUINDIO,24296,1
2025-01-01,2025,1,RISARALDA,85114,1
2025-01-01,2025,1,"SAN ANDRES, PROVIDENCIA Y SANTA CATALINA",106488,2
2025-01-01,2025,1,SANTANDER,71698,2
2025-01-01,2025,1,SUCRE,9269,2
2025-01-01,2025,1,TOLIMA,8956,2
2025-01-01,2025,1,VALLE DEL CAUCA,191033,2
2025-01-01,2025,1,VAUPES,1786,2
2025-01-01,2025,1,VICHADA,3364,1
2025-02-01,2025,2,AMAZONAS,13816,3
2025-02-01,2025,2,ANTIOQUIA,363226,5
2025-02-01,2025,2,ARAUCA,8022,3
2025-02-01,2025,2,ATLANTICO,99208,1
2025-02-01,2025,2,BOGOTA D.C.,853818,1
2025-02-01,2025,2,BOLIVAR,198839,2
2025-02-01,2025,2,BOYACA,241,1
2025-02-01,2025,2,CALDAS,3125,1
2025-02-01,2025,2,CAQUETA,4073,3
2025-02-01,2025,2,CASANARE,10183,3
2025-02-01,2025,2,CAUCA,8234,3
2025-02-01,2025,2,CESAR,13842,2
2025-02-01,2025,2,CHOCO,14468,5
2025-02-01,2025,2,CORDOBA,48545,3
2025-02-01,2025,2,GUAINIA,3288,2
2025-02-01,2025,2,GUAVIARE,469,2
2025-02-01,2025,2,HUILA,13509,2
2025-02-01,2025,2,LA GUAJIRA,19650,1
2025-02-01,2025,2,MAGDALENA,142093,1
2025-02-01,2025,2,META,5935,3
2025-02-01,2025,2,NARINO,30568,3
2025-02-01,2025,2,NORTE DE SANTANDER,47080,1
2025-02-01,2025,2,PUTUMAYO,5997,3
2025-02-01,2025,2,QUINDIO,20887,1
2025-02-01,2025,2,RISARALDA,76561,1
2025-02-01,2025,2,"SAN ANDRES, PROVIDENCIA Y SANTA CATALINA",85324,2
2025-02-01,2025,2,SANTANDER,67571,2
2025-02-01,2025,2,SUCRE,3485,2
2025-02-01,2025,2,TOLIMA,8566,1
2025-02-01,2025,2,VALLE DEL CAUCA,172636,2
2025-02-01,2025,2,VAUPES,1642,2
2025-02-01,2025,2,VICHADA,2804,1
2025-03-01,2025,3,AMAZONAS,13910,3
2025-03-01,2025,3,ANTIOQUIA,400499,5
2025-03-01,2025,3,ARAUCA,7981,3
2025-03-01,2025,3,ATLANTICO,102861,1
2025-03-01,2025,3,BOGOTA D.C.,941325,1
2025-03-01,2025,3,BOLIVAR,203537,2
2025-03-01,2025,3,BOYACA,254,1
2025-03-01,2025,3,CALDAS,3149,1
2025-03-01,2025,3,CAQUETA,5004,3
2025-03-01,2025,3,CASANARE,11783,2
2025-03-01,2025,3,CAUCA,9841,3
2025-03-01,2025,3,CESAR,15444,2
2025-03-01,2025,3,CHOCO,16917,5
2025-03-01,2025,3,CORDOBA,51163,2
2025-03-01,2025,3,GUAINIA,3333,2
2025-03-01,2025,3,GUAVIARE,569,1
2025-03-01,2025,3,HUILA,16104,2
2025-03-01,2025,3,LA GUAJIRA,19970,1
2025-03-01,2025,3,MAGDALENA,146947,1
2025-03-01,2025,3,META,6301,3
2025-03-01,2025,3,NARINO,38102,3
2025-03-01,2025,3,NORTE DE SANTANDER,48990,2
2025-03-01,2025,3,PUTUMAYO,6256,3
2025-03-01,2025,3,QUINDIO,22713,1
2025-03-01,2025,3,RISARALDA,84120,1
2025-03-01,2025,3,"SAN ANDRES, PROVIDENCIA Y SANTA CATALINA",89893,2
2025-03-01,2025,3,SANTANDER,73010,2
2025-03-01,2025,3,SUCRE,3675,1
2025-03-01,2025,3,TOLIMA,9829,1
2025-03-01,2025,3,VALLE DEL CAUCA,190155,2
2025-03-01,2025,3,VAUPES,1640,1
2025-03-01,2025,3,VICHADA,2613,1
2025-04-01,2025,4,AMAZONAS,13344,3
2025-04-01,2025,4,ANTIOQUIA,399210,5
2025-04-01,2025,4,ARAUCA,8161,3
2025-04-01,2025,4,ATLANTICO,94133,1
2025-04-01,2025,4,BOGOTA D.C.,883051,1
2025-04-01,2025,4,BOLIVAR,200221,2
2025-04-01,2025,4,BOYACA,294,1
2025-04-01,2025,4,CALDAS,2784,1
2025-04-01,2025,4,CAQUETA,4434,3
2025-04-01,2025,4,CASANARE,11095,2
2025-04-01,2025,4,CAUCA,11320,3
2025-04-01,2025,4,CESAR,14950,2
2025-04-01,2025,4,CHOCO,17249,5
2025-04-01,2025,4,CORDOBA,52058,2
2025-04-01,2025,4,GUAINIA,3177,2
2025-04-01,2025,4,GUAVIARE,653,1
2025-04-01,2025,4,HUILA,13446,2
2025-04-01,2025,4,LA GUAJIRA,20536,1
2025-04-01,2025,4,MAGDALENA,131084,1
2025-04-01,2025,4,META,6940,2
2025-04-01,2025,4,NARINO,36482,3
2025-04-01,2025,4,NORTE DE SANTANDER,47214,2
2025-04-01,2025,4,PUTUMAYO,6328,3
2025-04-01,2025,4,QUINDIO,20873,1
2025-04-01,2025,4,RISARALDA,74466,1
2025-04-01,2025,4,"SAN ANDRES, PROVIDENCIA Y SANTA CATALINA",88344,2
2025-04-01,2025,4,SANTANDER,73408,2
2025-04-01,2025,4,SUCRE,5577,2
2025-04-01,2025,4,TOLIMA,8662,1
2025-04-01,2025,4,VALLE DEL CAUCA,189722,2
2025-04-01,2025,4,VAUPES,1553,1
2025-04-01,2025,4,VICHADA,2839,1
2025-05-01,2025,5,AMAZONAS,12078,3
2025-05-01,2025,5,ANTIOQUIA,398548,5
2025-05-01,2025,5,ARAUCA,9440,3
2025-05-01,2025,5,ATLANTICO,92723,1
2025-05-01,2025,5,BOGOTA D.C.,889927,1
2025-05-01,2025,5,BOLIVAR,196697,2
2025-05-01,2025,5,BOYACA,266,1
2025-05-01,2025,5,CALDAS,2698,1
2025-05-01,2025,5,CAQUETA,4638,3
2025-05-01,2025,5,CASANARE,10922,2
2025-05-01,2025,5,CAUCA,11378,3
2025-05-01,2025,5,CESAR,16225,2
2025-05-01,2025,5,CHOCO,18027,5
2025-05-01,2025,5,CORDOBA,48163,3
2025-05-01,2025,5,GUAINIA,3352,2
2025-05-01,2025,5,GUAVIARE,624,1
2025-05-01,2025,5,HUILA,13415,2
2025-05-01,2025,5,LA GUAJIRA,19765,1
2025-05-01,2025,5,MAGDALENA,132974,1
2025-05-01,2025,5,META,6572,2
2025-05-01,2025,5,NARINO,34578,3
2025-05-01,2025,5,NORTE DE SANTANDER,51781,2
2025-05-01,2025,5,PUTUMAYO,6295,3
2025-05-01,2025,5,QUINDIO,20155,2
2025-05-01,2025,5,RISARALDA,73227,1
2025-05-01,2025,5,"SAN ANDRES, PROVIDENCIA Y SANTA CATALINA",82398,2
2025-05-01,2025,5,SANTANDER,74185,2
2025-05-01,2025,5,SUCRE,4044,2
2025-05-01,2025,5,TOLIMA,8619,1
2025-05-01,2025,5,VALLE DEL CAUCA,193755,2
2025-05-01,2025,5,VAUPES,1554,2
2025-05-01,2025,5,VICHADA,2738,1
2025-06-01,2025,6,AMAZONAS,14041,3
2025-06-01,2025,6,ANTIOQUIA,439407,5
2025-06-01,2025,6,ARAUCA,10228,3
2025-06-01,2025,6,ATLANTICO,102804,1
2025-06-01,2025,6,BOGOTA D.C.,946760,1
2025-06-01,2025,6,BOLIVAR,246556,2
2025-06-01,2025,6,BOYACA,303,1
2025-06-01,2025,6,CALDAS,2716,1
2025-06-01,2025,6,CAQUETA,4732,3
2025-06-01,2025,6,CASANARE,11499,2
2025-06-01,2025,6,CAUCA,11607,3
2025-06-01,2025,6,CESAR,15792,2
2025-06-01,2025,6,CHOCO,19704,5
2025-06-01,2025,6,CORDOBA,55541,2
2025-06-01,2025,6,GUAINIA,3399,2
2025-06-01,2025,6,GUAVIARE,668,1
2025-06-01,2025,6,HUILA,14202,2
2025-06-01,2025,6,LA GUAJIRA,23266,1
2025-06-01,2025,6,MAGDALENA,157244,1
2025-06-01,2025,6,META,7422,2
2025-06-01,2025,6,NARINO,37953,3
2025-06-01,2025,6,NORTE DE SANTANDER,51885,2
2025-06-01,2025,6,PUTUMAYO,6790,3
2025-06-01,2025,6,QUINDIO,20332,1
2025-06-01,2025,6,RISARALDA,82254,1
2025-06-01,2025,6,"SAN ANDRES, PROVIDENCIA Y SANTA CATALINA",91133,2
2025-06-01,2025,6,SANTANDER,78144,2
2025-06-01,2025,6,SUCRE,4177,2
2025-06-01,2025,6,TOLIMA,9134,1
2025-06-01,2025,6,VALLE DEL CAUCA,207852,3
2025-06-01,2025,6,VAUPES,1711,1
2025-06-01,2025,6,VICHADA,2912,1
2025-07-01,2025,7,AMAZONAS,16417,3
2025-07-01,2025,7,ANTIOQUIA,444808,5
2025-07-01,2025,7,ARAUCA,10983,3
2025-07-01,2025,7,ATLANTICO,106189,1
2025-07-01,2025,7,BOGOTA D.C.,1019944,1
2025-07-01,2025,7,BOLIVAR,252595,2
2025-07-01,2025,7,BOYACA,374,1
2025-07-01,2025,7,CALDAS,2872,1
2025-07-01,2025,7,CAQUETA,5225,3
2025-07-01,2025,7,CASANARE,12946,2
2025-07-01,2025,7,CAUCA,12728,3
2025-07-01,2025,7,CESAR,16421,2
2025-07-01,2025,7,CHOCO,21548,5
2025-07-01,2025,7,CORDOBA,54400,2
2025-07-01,2025,7,GUAINIA,3492,2
2025-07-01,2025,7,GUAVIARE,758,2
2025-07-01,2025,7,HUILA,15083,2
2025-07-01,2025,7,LA GUAJIRA,24184,1
2025-07-01,2025,7,MAGDALENA,162442,1
2025-07-01,2025,7,META,8972,2
2025-07-01,2025,7,NARINO,41572,3
2025-07-01,2025,7,NORTE DE SANTANDER,53116,2
2025-07-01,2025,7,PUTUMAYO,7121,3
2025-07-01,2025,7,QUINDIO,23442,1
2025-07-01,2025,7,RISARALDA,90751,1
2025-07-01,2025,7,"SAN ANDRES, PROVIDENCIA Y SANTA CATALINA",102834,2
2025-07-01,2025,7,SANTANDER,83141,2
2025-07-01,2025,7,SUCRE,4397,2
2025-07-01,2025,7,TOLIMA,10224,1
2025-07-01,2025,7,VALLE DEL CAUCA,236255,3
2025-07-01,2025,7,VAUPES,1779,1
2025-07-01,2025,7,VICHADA,2820,1
2025-08-01,2025,8,AMAZONAS,16505,3
2025-08-01,2025,8,ANTIOQUIA,458355,5
2025-08-01,2025,8,ARAUCA,9161,3
2025-08-01,2025,8,ATLANTICO,101579,1
2025-08-01,2025,8,BOGOTA D.C.,1002465,1
2025-08-01,2025,8,BOLIVAR,252267,2
2025-08-01,2025,8,BOYACA,466,1
2025-08-01,2025,8,CALDAS,3014,1
2025-08-01,2025,8,CAQUETA,4632,3
2025-08-01,2025,8,CASANARE,12108,2
2025-08-01,2025,8,CAUCA,12159,3
2025-08-01,2025,8,CESAR,14715,2
2025-08-01,2025,8,CHOCO,25687,5
2025-08-01,2025,8,CORDOBA,52557,2
2025-08-01,2025,8,GUAINIA,3307,2
2025-08-01,2025,8,GUAVIARE,849,2
2025-08-01,2025,8,HUILA,14745,3
2025-08-01,2025,8,LA GUAJIRA,23220,1
2025-08-01,2025,8,MAGDALENA,159891,1
2025-08-01,2025,8,META,8950,2
2025-08-01,2025,8,NARINO,37655,3
2025-08-01,2025,8,NORTE DE SANTANDER,51819,2
2025-08-01,2025,8,PUTUMAYO,6731,3
2025-08-01,2025,8,QUINDIO,23911,1
2025-08-01,2025,8,RISARALDA,92161,1
2025-08-01,2025,8,"SAN ANDRES, PROVIDENCIA Y SANTA CATALINA",100577,2
2025-08-01,2025,8,SANTANDER,79500,2
2025-08-01,2025,8,SUCRE,3950,2
2025-08-01,2025,8,TOLIMA,9404,1
2025-08-01,2025,8,VALLE DEL CAUCA,230728,3
2025-08-01,2025,8,VAUPES,1665,1
2025-08-01,2025,8,VICHADA,2796,1
2025-09-01,2025,9,AMAZONAS,12540,3
2025-09-01,2025,9,ANTIOQUIA,429101,5
2025-09-01,2025,9,ARAUCA,9781,3
2025-09-01,2025,9,ATLANTICO,103117,1
2025-09-01,2025,9,BOGOTA D.C.,960881,1
2025-09-01,2025,9,BOLIVAR,230774,2
2025-09-01,2025,9,BOYACA,324,1
2025-09-01,2025,9,CALDAS,2788,1
2025-09-01,2025,9,CAQUETA,5249,3
2025-09-01,2025,9,CASANARE,12358,2
2025-09-01,2025,9,CAUCA,11935,3
2025-09-01,2025,9,CESAR,16923,2
2025-09-01,2025,9,CHOCO,25589,5
2025-09-01,2025,9,CORDOBA,52281,2
2025-09-01,2025,9,GUAINIA,3040,2
2025-09-01,2025,9,GUAVIARE,847,2
2025-09-01,2025,9,HUILA,14287,2
2025-09-01,2025,9,LA GUAJIRA,21502,1
2025-09-01,2025,9,MAGDALENA,140727,1
2025-09-01,2025,9,META,11430,2
2025-09-01,2025,9,NARINO,36570,3
2025-09-01,2025,9,NORTE DE SANTANDER,51063,2
2025-09-01,2025,9,PUTUMAYO,6614,3
2025-09-01,2025,9,QUINDIO,20822,1
2025-09-01,2025,9,RISARALDA,86427,1
2025-09-01,2025,9,"SAN ANDRES, PROVIDENCIA Y SANTA CATALINA",88087,2
2025-09-01,2025,9,SANTANDER,78469,3
2025-09-01,2025,9,SUCRE,2423,1
2025-09-01,2025,9,TOLIMA,9317,1
2025-09-01,2025,9,VALLE DEL CAUCA,219025,3
2025-09-01,2025,9,VAUPES,1681,1
2025-09-01,2025,9,VICHADA,2645,1
