fecha,anio,mes_num,departamento,pasajeros_aereos_internacionales
2012-01-01,2012,1,AMAZONAS,19
2012-01-01,2012,1,ANTIOQUIA,37866
2012-01-01,2012,1,ATLANTICO,9461
2012-01-01,2012,1,BOGOTA D.C.,223541
2012-01-01,2012,1,BOLIVAR,12399
2012-01-01,2012,1,CALDAS,444
2012-01-01,2012,1,CAUCA,49
2012-01-01,2012,1,CESAR,218
2012-01-01,2012,1,CORDOBA,276
2012-01-01,2012,1,HUILA,134
2012-01-01,2012,1,LA GUAJIRA,346
2012-01-01,2012,1,MAGDALENA,667
2012-01-01,2012,1,NARINO,145
2012-01-01,2012,1,NORTE DE SANTANDER,1873
2012-01-01,2012,1,QUINDIO,1980
2012-01-01,2012,1,RISARALDA,4775
2012-01-01,2012,1,"SAN ANDRES, PROVIDENCIA Y SANTA CATALINA",2422
2012-01-01,2012,1,SANTANDER,3250
2012-01-01,2012,1,TOLIMA,115
2012-01-01,2012,1,VALLE DEL CAUCA,27300
2012-02-01,2012,2,AMAZONAS,13
2012-02-01,2012,2,ANTIOQUIA,25325
2012-02-01,2012,2,ATLANTICO,9407
2012-02-01,2012,2,BOGOTA D.C.,165693
2012-02-01,2012,2,BOLIVAR,14099
2012-02-01,2012,2,CALDAS,301
2012-02-01,2012,2,CAQUETA,2
2012-02-01,2012,2,CAUCA,36
2012-02-01,2012,2,CESAR,165
2012-02-01,2012,2,CORDOBA,311
2012-02-01,2012,2,HUILA,140
2012-02-01,2012,2,LA GUAJIRA,280
2012-02-01,2012,2,MAGDALENA,721
2012-02-01,2012,2,NARINO,68
2012-02-01,2012,2,NORTE DE SANTANDER,1309
2012-02-01,2012,2,QUINDIO,1723
2012-02-01,2012,2,RISARALDA,4471
2012-02-01,2012,2,"SAN ANDRES, PROVIDENCIA Y SANTA CATALINA",3983
2012-02-01,2012,2,SANTANDER,2062
2012-02-01,2012,2,TOLIMA,85
2012-02-01,2012,2,VALLE DEL CAUCA,20287
2012-03-01,2012,3,AMAZONAS,12
2012-03-01,2012,3,ANTIOQUIA,30016
2012-03-01,2012,3,ATLANTICO,8302
2012-03-01,2012,3,BOGOTA D.C.,184346
2012-03-01,2012,3,BOLIVAR,12802
2012-03-01,2012,3,CALDAS,386
2012-03-01,2012,3,CAQUETA,12
2012-03-01,2012,3,CAUCA,56
2012-03-01,2012,3,CESAR,133
2012-03-01,2012,3,CORDOBA,239
2012-03-01,2012,3,HUILA,159
2012-03-01,2012,3,LA GUAJIRA,196
2012-03-01,2012,3,MAGDALENA,589
2012-03-01,2012,3,NARINO,150
2012-03-01,2012,3,NORTE DE SANTANDER,1094
2012-03-01,2012,3,QUINDIO,1894
2012-03-01,2012,3,RISARALDA,4872
2012-03-01,2012,3,"SAN ANDRES, PROVIDENCIA Y SANTA CATALINA",3220
2012-03-01,2012,3,SANTANDER,2560
2012-03-01,2012,3,TOLIMA,135
2012-03-01,2012,3,VALLE DEL CAUCA,23682
2012-04-01,2012,4,AMAZONAS,10
2012-04-01,2012,4,ANTIOQUIA,32246
2012-04-01,2012,4,ATLANTICO,8121
2012-04-01,2012,4,BOGOTA D.C.,189902
2012-04-01,2012,4,BOLIVAR,13360
2012-04-01,2012,4,CALDAS,336
2012-04-01,2012,4,CAQUETA,6
2012-04-01,2012,4,CAUCA,54
2012-04-01,2012,4,CESAR,282
2012-04-01,2012,4,CORDOBA,322
2012-04-01,2012,4,HUILA,150
2012-04-01,2012,4,LA GUAJIRA,256
2012-04-01,2012,4,MAGDALENA,464
2012-04-01,2012,4,NARINO,110
2012-04-01,2012,4,NORTE DE SANTANDER,1127
2012-04-01,2012,4,QUINDIO,1765
2012-04-01,2012,4,RISARALDA,4774
2012-04-01,2012,4,"SAN ANDRES, PROVIDENCIA Y SANTA CATALINA",2637
2012-04-01,2012,4,SANTANDER,2544
2012-04-01,2012,4,TOLIMA,108
2012-04-01,2012,4,VALLE DEL CAUCA,23751
2012-05-01,2012,5,AMAZONAS,17
2012-05-01,2012,5,ANTIOQUIA,33364
2012-05-01,2012,5,ATLANTICO,7507
2012-05-01,2012,5,BOGOTA D.C.,196216
2012-05-01,2012,5,BOLIVAR,12152
2012-05-01,2012,5,CALDAS,305
2012-05-01,2012,5,CAQUETA,20
2012-05-01,2012,5,CAUCA,53
2012-05-01,2012,5,CESAR,117
2012-05-01,2012,5,CORDOBA,247
2012-05-01,2012,5,HUILA,153
2012-05-01,2012,5,LA GUAJIRA,241
2012-05-01,2012,5,MAGDALENA,437
2012-05-01,2012,5,NARINO,113
2012-05-01,2012,5,NORTE DE SANTANDER,937
2012-05-01,2012,5,QUINDIO,2083
2012-05-01,2012,5,RISARALDA,4969
2012-05-01,2012,5,"SAN ANDRES, PROVIDENCIA Y SANTA CATALINA",2409
2012-05-01,2012,5,SANTANDER,2517
2012-05-01,2012,5,TOLIMA,97
2012-05-01,2012,5,VALLE DEL CAUCA,24139
2012-06-01,2012,6,AMAZONAS,9
2012-06-01,2012,6,ANTIOQUIA,40300
2012-06-01,2012,6,ATLANTICO,9498
2012-06-01,2012,6,BOGOTA D.C.,215176
2012-06-01,2012,6,BOLIVAR,12762
2012-06-01,2012,6,CALDAS,169
2012-06-01,2012,6,CAQUETA,29
2012-06-01,2012,6,CAUCA,66
2012-06-01,2012,6,CESAR,174
2012-06-01,2012,6,CORDOBA,286
2012-06-01,2012,6,HUILA,210
2012-06-01,2012,6,LA GUAJIRA,231
2012-06-01,2012,6,MAGDALENA,405
2012-06-01,2012,6,NARINO,121
2012-06-01,2012,6,NORTE DE SANTANDER,1410
2012-06-01,2012,6,QUINDIO,2283
2012-06-01,2012,6,RISARALDA,6028
2012-06-01,2012,6,"SAN ANDRES, PROVIDENCIA Y SANTA CATALINA",2622
2012-06-01,2012,6,SANTANDER,3407
2012-06-01,2012,6,TOLIMA,136
2012-06-01,2012,6,VALLE DEL CAUCA,28679
2012-07-01,2012,7,AMAZONAS,19
2012-07-01,2012,7,ANTIOQUIA,47210
2012-07-01,2012,7,ATLANTICO,11866
2012-07-01,2012,7,BOGOTA D.C.,259533
2012-07-01,2012,7,BOLIVAR,15907
2012-07-01,2012,7,CALDAS,547
2012-07-01,2012,7,CAQUETA,20
2012-07-01,2012,7,CAUCA,74
2012-07-01,2012,7,CESAR,261
2012-07-01,2012,7,CORDOBA,433
2012-07-01,2012,7,HUILA,213
2012-07-01,2012,7,LA GUAJIRA,535
2012-07-01,2012,7,MAGDALENA,655
2012-07-01,2012,7,NARINO,201
2012-07-01,2012,7,NORTE DE SANTANDER,1454
2012-07-01,2012,7,QUINDIO,2342
2012-07-01,2012,7,RISARALDA,7011
2012-07-01,2012,7,"SAN ANDRES, PROVIDENCIA Y SANTA CATALINA",2901
2012-07-01,2012,7,SANTANDER,4332
2012-07-01,2012,7,TOLIMA,181
2012-07-01,2012,7,VALLE DEL CAUCA,34709
2012-08-01,2012,8,AMAZONAS,23
2012-08-01,2012,8,ANTIOQUIA,38334
2012-08-01,2012,8,ATLANTICO,9566
2012-08-01,2012,8,BOGOTA D.C.,232223
2012-08-01,2012,8,BOLIVAR,14988
2012-08-01,2012,8,CALDAS,612
2012-08-01,2012,8,CAQUETA,9
2012-08-01,2012,8,CASANARE,11
2012-08-01,2012,8,CAUCA,81
2012-08-01,2012,8,CESAR,213
2012-08-01,2012,8,CORDOBA,328
2012-08-01,2012,8,HUILA,159
2012-08-01,2012,8,LA GUAJIRA,235
2012-08-01,2012,8,MAGDALENA,615
2012-08-01,2012,8,NARINO,156
2012-08-01,2012,8,NORTE DE SANTANDER,1134
2012-08-01,2012,8,QUINDIO,2273
2012-08-01,2012,8,RISARALDA,6524
2012-08-01,2012,8,"SAN ANDRES, PROVIDENCIA Y SANTA CATALINA",3069
2012-08-01,2012,8,SANTANDER,3124
2012-08-01,2012,8,TOLIMA,126
2012-08-01,2012,8,VALLE DEL CAUCA,31434
2012-09-01,2012,9,AMAZONAS,21
2012-09-01,2012,9,ANTIOQUIA,34239
2012-09-01,2012,9,ATLANTICO,7879
2012-09-01,2012,9,BOGOTA D.C.,201814
2012-09-01,2012,9,BOLIVAR,14366
2012-09-01,2012,9,CALDAS,585
2012-09-01,2012,9,CAQUETA,20
2012-09-01,2012,9,CASANARE,9
2012-09-01,2012,9,CAUCA,73
2012-09-01,2012,9,CESAR,182
2012-09-01,2012,9,CORDOBA,275
2012-09-01,2012,9,HUILA,185
2012-09-01,2012,9,LA GUAJIRA,190
2012-09-01,2012,9,MAGDALENA,548
2012-09-01,2012,9,META,2
2012-09-01,2012,9,NARINO,180
2012-09-01,2012,9,NORTE DE SANTANDER,1319
2012-09-01,2012,9,QUINDIO,2018
2012-09-01,2012,9,RISARALDA,5093
2012-09-01,2012,9,"SAN ANDRES, PROVIDENCIA Y SANTA CATALINA",2986
2012-09-01,2012,9,SANTANDER,2927
2012-09-01,2012,9,TOLIMA,173
2012-09-01,2012,9,VALLE DEL CAUCA,24680
2012-10-01,2012,10,AMAZONAS,8
2012-10-01,2012,10,ANTIOQUIA,39278
2012-10-01,2012,10,ATLANTICO,8994
2012-10-01,2012,10,BOGOTA D.C.,223211
2012-10-01,2012,10,BOLIVAR,15569
2012-10-01,2012,10,CALDAS,479
2012-10-01,2012,10,CAQUETA,5
2012-10-01,2012,10,CASANARE,13
2012-10-01,2012,10,CAUCA,57
2012-10-01,2012,10,CESAR,208
2012-10-01,2012,10,CORDOBA,349
2012-10-01,2012,10,HUILA,239
2012-10-01,2012,10,LA GUAJIRA,184
2012-10-01,2012,10,MAGDALENA,562
2012-10-01,2012,10,NARINO,154
2012-10-01,2012,10,NORTE DE SANTANDER,1569
2012-10-01,2012,10,QUINDIO,2397
2012-10-01,2012,10,RISARALDA,5599
2012-10-01,2012,10,"SAN ANDRES, PROVIDENCIA Y SANTA CATALINA",2814
2012-10-01,2012,10,SANTANDER,3336
2012-10-01,2012,10,TOLIMA,168
2012-10-01,2012,10,VALLE DEL CAUCA,25362
2012-11-01,2012,11,AMAZONAS,15
2012-11-01,2012,11,ANTIOQUIA,40006
2012-11-01,2012,11,ATLANTICO,8643
2012-11-01,2012,11,BOGOTA D.C.,214292
2012-11-01,2012,11,BOLIVAR,17520
2012-11-01,2012,11,CALDAS,549
2012-11-01,2012,11,CAQUETA,4
2012-11-01,2012,11,CASANARE,13
2012-11-01,2012,11,CAUCA,51
2012-11-01,2012,11,CESAR,168
2012-11-01,2012,11,CORDOBA,327
2012-11-01,2012,11,HUILA,207
2012-11-01,2012,11,LA GUAJIRA,188
2012-11-01,2012,11,MAGDALENA,659
2012-11-01,2012,11,NARINO,191
2012-11-01,2012,11,NORTE DE SANTANDER,1151
2012-11-01,2012,11,QUINDIO,2740
2012-11-01,2012,11,RISARALDA,6892
2012-11-01,2012,11,"SAN ANDRES, PROVIDENCIA Y SANTA CATALINA",2596
2012-11-01,2012,11,SANTANDER,3622
2012-11-01,2012,11,TOLIMA,142
2012-11-01,2012,11,VALLE DEL CAUCA,26935
2012-12-01,2012,12,AMAZONAS,12
2012-12-01,2012,12,ANTIOQUIA,52286
2012-12-01,2012,12,ATLANTICO,12648
2012-12-01,2012,12,BOGOTA D.C.,245459
2012-12-01,2012,12,BOLIVAR,18992
2012-12-01,2012,12,CALDAS,859
2012-12-01,2012,12,CAQUETA,30
2012-12-01,2012,12,CASANARE,19
2012-12-01,2012,12,CAUCA,158
2012-12-01,2012,12,CESAR,372
2012-12-01,2012,12,CORDOBA,505
2012-12-01,2012,12,HUILA,335
2012-12-01,2012,12,LA GUAJIRA,374
2012-12-01,2012,12,MAGDALENA,749
2012-12-01,2012,12,META,1
2012-12-01,2012,12,NARINO,287
2012-12-01,2012,12,NORTE DE SANTANDER,2015
2012-12-01,2012,12,QUINDIO,3612
2012-12-01,2012,12,RISARALDA,9779
2012-12-01,2012,12,"SAN ANDRES, PROVIDENCIA Y SANTA CATALINA",2430
2012-12-01,2012,12,SANTANDER,4814
2012-12-01,2012,12,TOLIMA,255
2012-12-01,2012,12,VALLE DEL CAUCA,39901
2013-01-01,2013,1,AMAZONAS,32
2013-01-01,2013,1,ANTIOQUIA,46223
2013-01-01,2013,1,ATLANTICO,10818
2013-01-01,2013,1,BOGOTA D.C.,252989
2013-01-01,2013,1,BOLIVAR,16504
2013-01-01,2013,1,CALDAS,715
2013-01-01,2013,1,CAQUETA,11
2013-01-01,2013,1,CASANARE,23
2013-01-01,2013,1,CAUCA,83
2013-01-01,2013,1,CESAR,229
2013-01-01,2013,1,CORDOBA,413
2013-01-01,2013,1,HUILA,225
2013-01-01,2013,1,LA GUAJIRA,231
2013-01-01,2013,1,MAGDALENA,678
2013-01-01,2013,1,NARINO,196
2013-01-01,2013,1,NORTE DE SANTANDER,1609
2013-01-01,2013,1,QUINDIO,2434
2013-01-01,2013,1,RISARALDA,6473
2013-01-01,2013,1,"SAN ANDRES, PROVIDENCIA Y SANTA CATALINA",2491
2013-01-01,2013,1,SANTANDER,4056
2013-01-01,2013,1,TOLIMA,202
2013-01-01,2013,1,VALLE DEL CAUCA,29393
2013-02-01,2013,2,AMAZONAS,12
2013-02-01,2013,2,ANTIOQUIA,30337
2013-02-01,2013,2,ATLANTICO,9592
2013-02-01,2013,2,BOGOTA D.C.,195967
2013-02-01,2013,2,BOLIVAR,16922
2013-02-01,2013,2,CALDAS,383
2013-02-01,2013,2,CAQUETA,7
2013-02-01,2013,2,CASANARE,24
2013-02-01,2013,2,CAUCA,49
2013-02-01,2013,2,CESAR,174
2013-02-01,2013,2,CORDOBA,247
2013-02-01,2013,2,HUILA,144
2013-02-01,2013,2,LA GUAJIRA,175
2013-02-01,2013,2,MAGDALENA,649
2013-02-01,2013,2,NARINO,144
2013-02-01,2013,2,NORTE DE SANTANDER,851
2013-02-01,2013,2,QUINDIO,1981
2013-02-01,2013,2,RISARALDA,4845
2013-02-01,2013,2,"SAN ANDRES, PROVIDENCIA Y SANTA CATALINA",3334
2013-02-01,2013,2,SANTANDER,2398
2013-02-01,2013,2,TOLIMA,116
2013-02-01,2013,2,VALLE DEL CAUCA,21247
2013-03-01,2013,3,AMAZONAS,13
2013-03-01,2013,3,ANTIOQUIA,34481
2013-03-01,2013,3,ATLANTICO,8467
2013-03-01,2013,3,BOGOTA D.C.,209171
2013-03-01,2013,3,BOLIVAR,16698
2013-03-01,2013,3,CALDAS,511
2013-03-01,2013,3,CAQUETA,16
2013-03-01,2013,3,CASANARE,41
2013-03-01,2013,3,CAUCA,83
2013-03-01,2013,3,CESAR,165
2013-03-01,2013,3,CORDOBA,421
2013-03-01,2013,3,HUILA,199
2013-03-01,2013,3,LA GUAJIRA,245
2013-03-01,2013,3,MAGDALENA,600
2013-03-01,2013,3,NARINO,165
2013-03-01,2013,3,NORTE DE SANTANDER,1138
2013-03-01,2013,3,QUINDIO,2284
2013-03-01,2013,3,RISARALDA,5515
2013-03-01,2013,3,"SAN ANDRES, PROVIDENCIA Y SANTA CATALINA",3006
2013-03-01,2013,3,SANTANDER,2901
2013-03-01,2013,3,TOLIMA,196
2013-03-01,2013,3,VALLE DEL CAUCA,25338
2013-04-01,2013,4,AMAZONAS,11
2013-04-01,2013,4,ANTIOQUIA,35309
2013-04-01,2013,4,ATLANTICO,8180
2013-04-01,2013,4,BOGOTA D.C.,207943
2013-04-01,2013,4,BOLIVAR,14561
2013-04-01,2013,4,CALDAS,500
2013-04-01,2013,4,CAQUETA,19
2013-04-01,2013,4,CASANARE,15
2013-04-01,2013,4,CAUCA,70
2013-04-01,2013,4,CESAR,244
2013-04-01,2013,4,CORDOBA,268
2013-04-01,2013,4,GUAINIA,0
2013-04-01,2013,4,HUILA,224
2013-04-01,2013,4,LA GUAJIRA,229
2013-04-01,2013,4,MAGDALENA,593
2013-04-01,2013,4,NARINO,175
2013-04-01,2013,4,NORTE DE SANTANDER,971
2013-04-01,2013,4,QUINDIO,2299
2013-04-01,2013,4,RISARALDA,4873
2013-04-01,2013,4,"SAN ANDRES, PROVIDENCIA Y SANTA CATALINA",2527
2013-04-01,2013,4,SANTANDER,2914
2013-04-01,2013,4,TOLIMA,146
2013-04-01,2013,4,VALLE DEL CAUCA,24611
2013-05-01,2013,5,AMAZONAS,8
2013-05-01,2013,5,ANTIOQUIA,38443
2013-05-01,2013,5,ATLANTICO,8655
2013-05-01,2013,5,BOGOTA D.C.,215544
2013-05-01,2013,5,BOLIVAR,15854
2013-05-01,2013,5,CALDAS,498
2013-05-01,2013,5,CAQUETA,9
2013-05-01,2013,5,CASANARE,39
2013-05-01,2013,5,CAUCA,62
2013-05-01,2013,5,CESAR,207
2013-05-01,2013,5,CORDOBA,324
2013-05-01,2013,5,HUILA,191
2013-05-01,2013,5,LA GUAJIRA,207
2013-05-01,2013,5,MAGDALENA,600
2013-05-01,2013,5,NARINO,144
2013-05-01,2013,5,NORTE DE SANTANDER,1113
2013-05-01,2013,5,QUINDIO,2087
2013-05-01,2013,5,RISARALDA,5812
2013-05-01,2013,5,"SAN ANDRES, PROVIDENCIA Y SANTA CATALINA",2422
2013-05-01,2013,5,SANTANDER,3134
2013-05-01,2013,5,TOLIMA,178
2013-05-01,2013,5,VALLE DEL CAUCA,26660
2013-06-01,2013,6,AMAZONAS,24
2013-06-01,2013,6,ANTIOQUIA,46455
2013-06-01,2013,6,ATLANTICO,9668
2013-06-01,2013,6,BOGOTA D.C.,251030
2013-06-01,2013,6,BOLIVAR,14933
2013-06-01,2013,6,CALDAS,606
2013-06-01,2013,6,CAQUETA,21
2013-06-01,2013,6,CASANARE,10
2013-06-01,2013,6,CAUCA,81
2013-06-01,2013,6,CESAR,194
2013-06-01,2013,6,CORDOBA,360
2013-06-01,2013,6,HUILA,269
2013-06-01,2013,6,LA GUAJIRA,217
2013-06-01,2013,6,MAGDALENA,455
2013-06-01,2013,6,META,1
2013-06-01,2013,6,NARINO,152
2013-06-01,2013,6,NORTE DE SANTANDER,1351
2013-06-01,2013,6,QUINDIO,2307
2013-06-01,2013,6,RISARALDA,7053
2013-06-01,2013,6,"SAN ANDRES, PROVIDENCIA Y SANTA CATALINA",2133
2013-06-01,2013,6,SANTANDER,3694
2013-06-01,2013,6,TOLIMA,182
2013-06-01,2013,6,VALLE DEL CAUCA,31348
2013-07-01,2013,7,AMAZONAS,18
2013-07-01,2013,7,ANTIOQUIA,55147
2013-07-01,2013,7,ATLANTICO,12274
2013-07-01,2013,7,BOGOTA D.C.,298488
2013-07-01,2013,7,BOLIVAR,18648
2013-07-01,2013,7,CALDAS,615
2013-07-01,2013,7,CAQUETA,2
2013-07-01,2013,7,CASANARE,15
2013-07-01,2013,7,CAUCA,66
2013-07-01,2013,7,CESAR,176
2013-07-01,2013,7,CORDOBA,379
2013-07-01,2013,7,HUILA,158
2013-07-01,2013,7,LA GUAJIRA,311
2013-07-01,2013,7,MAGDALENA,684
2013-07-01,2013,7,META,1
2013-07-01,2013,7,NARINO,158
2013-07-01,2013,7,NORTE DE SANTANDER,1578
2013-07-01,2013,7,QUINDIO,2503
2013-07-01,2013,7,RISARALDA,6908
2013-07-01,2013,7,"SAN ANDRES, PROVIDENCIA Y SANTA CATALINA",2294
2013-07-01,2013,7,SANTANDER,3948
2013-07-01,2013,7,TOLIMA,158
2013-07-01,2013,7,VALLE DEL CAUCA,38422
2013-08-01,2013,8,AMAZONAS,13
2013-08-01,2013,8,ANTIOQUIA,45185
2013-08-01,2013,8,ATLANTICO,10169
2013-08-01,2013,8,BOGOTA D.C.,273044
2013-08-01,2013,8,BOLIVAR,15446
2013-08-01,2013,8,CALDAS,461
2013-08-01,2013,8,CAQUETA,7
2013-08-01,2013,8,CASANARE,10
2013-08-01,2013,8,CAUCA,79
2013-08-01,2013,8,CESAR,164
2013-08-01,2013,8,CORDOBA,298
2013-08-01,2013,8,HUILA,184
2013-08-01,2013,8,LA GUAJIRA,187
2013-08-01,2013,8,MAGDALENA,419
2013-08-01,2013,8,NARINO,127
2013-08-01,2013,8,NORTE DE SANTANDER,1425
2013-08-01,2013,8,QUINDIO,2210
2013-08-01,2013,8,RISARALDA,6773
2013-08-01,2013,8,"SAN ANDRES, PROVIDENCIA Y SANTA CATALINA",2278
2013-08-01,2013,8,SANTANDER,3188
2013-08-01,2013,8,TOLIMA,119
2013-08-01,2013,8,VALLE DEL CAUCA,36114
2013-09-01,2013,9,AMAZONAS,7
2013-09-01,2013,9,ANTIOQUIA,37211
2013-09-01,2013,9,ATLANTICO,8053
2013-09-01,2013,9,BOGOTA D.C.,232403
2013-09-01,2013,9,BOLIVAR,15057
2013-09-01,2013,9,CALDAS,390
2013-09-01,2013,9,CAQUETA,14
2013-09-01,2013,9,CASANARE,6
2013-09-01,2013,9,CAUCA,58
2013-09-01,2013,9,CESAR,148
2013-09-01,2013,9,CORDOBA,239
2013-09-01,2013,9,HUILA,137
2013-09-01,2013,9,LA GUAJIRA,152
2013-09-01,2013,9,MAGDALENA,463
2013-09-01,2013,9,META,1
2013-09-01,2013,9,NARINO,95
2013-09-01,2013,9,NORTE DE SANTANDER,1400
2013-09-01,2013,9,QUINDIO,1881
2013-09-01,2013,9,RISARALDA,5615
2013-09-01,2013,9,"SAN ANDRES, PROVIDENCIA Y SANTA CATALINA",2060
2013-09-01,2013,9,SANTANDER,3104
2013-09-01,2013,9,TOLIMA,115
2013-09-01,2013,9,VALLE DEL CAUCA,26706
2013-10-01,2013,10,AMAZONAS,60
2013-10-01,2013,10,ANTIOQUIA,44097
2013-10-01,2013,10,ATLANTICO,9699
2013-10-01,2013,10,BOGOTA D.C.,264672
2013-10-01,2013,10,BOLIVAR,14400
2013-10-01,2013,10,CALDAS,484
2013-10-01,2013,10,CAQUETA,7
2013-10-01,2013,10,CASANARE,18
2013-10-01,2013,10,CAUCA,71
2013-10-01,2013,10,CESAR,181
2013-10-01,2013,10,CORDOBA,246
2013-10-01,2013,10,HUILA,219
2013-10-01,2013,10,LA GUAJIRA,181
2013-10-01,2013,10,MAGDALENA,386
2013-10-01,2013,10,META,2
2013-10-01,2013,10,NARINO,103
2013-10-01,2013,10,NORTE DE SANTANDER,1837
2013-10-01,2013,10,PUTUMAYO,16
2013-10-01,2013,10,QUINDIO,2250
2013-10-01,2013,10,RISARALDA,8367
2013-10-01,2013,10,"SAN ANDRES, PROVIDENCIA Y SANTA CATALINA",1814
2013-10-01,2013,10,SANTANDER,3434
2013-10-01,2013,10,TOLIMA,179
2013-10-01,2013,10,VALLE DEL CAUCA,28218
2013-11-01,2013,11,AMAZONAS,8
2013-11-01,2013,11,ANTIOQUIA,46979
2013-11-01,2013,11,ATLANTICO,9203
2013-11-01,2013,11,BOGOTA D.C.,261252
2013-11-01,2013,11,BOLIVAR,17890
2013-11-01,2013,11,CALDAS,374
2013-11-01,2013,11,CAQUETA,3
2013-11-01,2013,11,CASANARE,17
2013-11-01,2013,11,CAUCA,96
2013-11-01,2013,11,CESAR,211
2013-11-01,2013,11,CORDOBA,306
2013-11-01,2013,11,HUILA,179
2013-11-01,2013,11,LA GUAJIRA,196
2013-11-01,2013,11,MAGDALENA,444
2013-11-01,2013,11,META,3
2013-11-01,2013,11,NARINO,123
2013-11-01,2013,11,NORTE DE SANTANDER,1966
2013-11-01,2013,11,PUTUMAYO,1
2013-11-01,2013,11,QUINDIO,2380
2013-11-01,2013,11,RISARALDA,7155
2013-11-01,2013,11,"SAN ANDRES, PROVIDENCIA Y SANTA CATALINA",2171
2013-11-01,2013,11,SANTANDER,3330
2013-11-01,2013,11,TOLIMA,126
2013-11-01,2013,11,VALLE DEL CAUCA,29874
2013-12-01,2013,12,AMAZONAS,16
2013-12-01,2013,12,ANTIOQUIA,59400
2013-12-01,2013,12,ATLANTICO,13235
2013-12-01,2013,12,BOGOTA D.C.,283635
2013-12-01,2013,12,BOLIVAR,20411
2013-12-01,2013,12,CALDAS,718
2013-12-01,2013,12,CAQUETA,11
2013-12-01,2013,12,CASANARE,33
2013-12-01,2013,12,CAUCA,162
2013-12-01,2013,12,CESAR,336
2013-12-01,2013,12,CHOCO,1
2013-12-01,2013,12,CORDOBA,442
2013-12-01,2013,12,HUILA,262
2013-12-01,2013,12,LA GUAJIRA,340
2013-12-01,2013,12,MAGDALENA,630
2013-12-01,2013,12,NARINO,182
2013-12-01,2013,12,NORTE DE SANTANDER,2598
2013-12-01,2013,12,QUINDIO,2813
2013-12-01,2013,12,RISARALDA,10026
2013-12-01,2013,12,"SAN ANDRES, PROVIDENCIA Y SANTA CATALINA",2339
2013-12-01,2013,12,SANTANDER,4762
2013-12-01,2013,12,TOLIMA,223
2013-12-01,2013,12,VALLE DEL CAUCA,44649
2014-01-01,2014,1,AMAZONAS,24
2014-01-01,2014,1,ANTIOQUIA,52689
2014-01-01,2014,1,ATLANTICO,11026
2014-01-01,2014,1,BOGOTA D.C.,288362
2014-01-01,2014,1,BOLIVAR,20312
2014-01-01,2014,1,CALDAS,469
2014-01-01,2014,1,CAQUETA,6
2014-01-01,2014,1,CASANARE,25
2014-01-01,2014,1,CAUCA,89
2014-01-01,2014,1,CESAR,152
2014-01-01,2014,1,CORDOBA,382
2014-01-01,2014,1,HUILA,366
2014-01-01,2014,1,LA GUAJIRA,230
2014-01-01,2014,1,MAGDALENA,590
2014-01-01,2014,1,META,5
2014-01-01,2014,1,NARINO,231
2014-01-01,2014,1,NORTE DE SANTANDER,2631
2014-01-01,2014,1,PUTUMAYO,16
2014-01-01,2014,1,QUINDIO,2247
2014-01-01,2014,1,RISARALDA,6607
2014-01-01,2014,1,"SAN ANDRES, PROVIDENCIA Y SANTA CATALINA",2659
2014-01-01,2014,1,SANTANDER,4243
2014-01-01,2014,1,TOLIMA,186
2014-01-01,2014,1,VALLE DEL CAUCA,32725
2014-02-01,2014,2,AMAZONAS,42
2014-02-01,2014,2,ANTIOQUIA,32383
2014-02-01,2014,2,ATLANTICO,8890
2014-02-01,2014,2,BOGOTA D.C.,214540
2014-02-01,2014,2,BOLIVAR,18288
2014-02-01,2014,2,CALDAS,286
2014-02-01,2014,2,CAQUETA,4
2014-02-01,2014,2,CASANARE,11
2014-02-01,2014,2,CAUCA,51
2014-02-01,2014,2,CESAR,184
2014-02-01,2014,2,CORDOBA,209
2014-02-01,2014,2,HUILA,135
2014-02-01,2014,2,LA GUAJIRA,174
2014-02-01,2014,2,MAGDALENA,503
2014-02-01,2014,2,META,3
2014-02-01,2014,2,NARINO,57
2014-02-01,2014,2,NORTE DE SANTANDER,1301
2014-02-01,2014,2,QUINDIO,1713
2014-02-01,2014,2,RISARALDA,4791
2014-02-01,2014,2,"SAN ANDRES, PROVIDENCIA Y SANTA CATALINA",3654
2014-02-01,2014,2,SANTANDER,2392
2014-02-01,2014,2,TOLIMA,136
2014-02-01,2014,2,VALLE DEL CAUCA,23707
2014-03-01,2014,3,AMAZONAS,22
2014-03-01,2014,3,ANTIOQUIA,37930
2014-03-01,2014,3,ATLANTICO,9799
2014-03-01,2014,3,BOGOTA D.C.,234275
2014-03-01,2014,3,BOLIVAR,18136
2014-03-01,2014,3,CALDAS,281
2014-03-01,2014,3,CAQUETA,5
2014-03-01,2014,3,CASANARE,13
2014-03-01,2014,3,CAUCA,32
2014-03-01,2014,3,CESAR,191
2014-03-01,2014,3,CHOCO,1
2014-03-01,2014,3,CORDOBA,286
2014-03-01,2014,3,HUILA,182
2014-03-01,2014,3,LA GUAJIRA,26
2014-03-01,2014,3,MAGDALENA,582
2014-03-01,2014,3,META,4
2014-03-01,2014,3,NARINO,114
2014-03-01,2014,3,NORTE DE SANTANDER,1079
2014-03-01,2014,3,QUINDIO,1717
2014-03-01,2014,3,RISARALDA,5511
2014-03-01,2014,3,"SAN ANDRES, PROVIDENCIA Y SANTA CATALINA",3983
2014-03-01,2014,3,SANTANDER,2628
2014-03-01,2014,3,TOLIMA,149
2014-03-01,2014,3,VALLE DEL CAUCA,27280
2014-04-01,2014,4,AMAZONAS,6
2014-04-01,2014,4,ANTIOQUIA,43838
2014-04-01,2014,4,ATLANTICO,8887
2014-04-01,2014,4,BOGOTA D.C.,234905
2014-04-01,2014,4,BOLIVAR,16077
2014-04-01,2014,4,CALDAS,333
2014-04-01,2014,4,CAQUETA,4
2014-04-01,2014,4,CASANARE,12
2014-04-01,2014,4,CAUCA,80
2014-04-01,2014,4,CESAR,193
2014-04-01,2014,4,CORDOBA,260
2014-04-01,2014,4,HUILA,189
2014-04-01,2014,4,LA GUAJIRA,33
2014-04-01,2014,4,MAGDALENA,421
2014-04-01,2014,4,META,1
2014-04-01,2014,4,NARINO,103
2014-04-01,2014,4,NORTE DE SANTANDER,1421
2014-04-01,2014,4,QUINDIO,1881
2014-04-01,2014,4,RISARALDA,6155
2014-04-01,2014,4,"SAN ANDRES, PROVIDENCIA Y SANTA CATALINA",4579
2014-04-01,2014,4,SANTANDER,3095
2014-04-01,2014,4,TOLIMA,179
2014-04-01,2014,4,VALLE DEL CAUCA,28760
2014-05-01,2014,5,AMAZONAS,13
2014-05-01,2014,5,ANTIOQUIA,44496
2014-05-01,2014,5,ATLANTICO,9150
2014-05-01,2014,5,BOGOTA D.C.,242545
2014-05-01,2014,5,BOLIVAR,16298
2014-05-01,2014,5,CALDAS,430
2014-05-01,2014,5,CAQUETA,7
2014-05-01,2014,5,CASANARE,25
2014-05-01,2014,5,CAUCA,90
2014-05-01,2014,5,CESAR,247
2014-05-01,2014,5,CORDOBA,288
2014-05-01,2014,5,HUILA,217
2014-05-01,2014,5,LA GUAJIRA,38
2014-05-01,2014,5,MAGDALENA,450
2014-05-01,2014,5,META,9
2014-05-01,2014,5,NARINO,86
2014-05-01,2014,5,NORTE DE SANTANDER,1437
2014-05-01,2014,5,QUINDIO,2116
2014-05-01,2014,5,RISARALDA,6277
2014-05-01,2014,5,"SAN ANDRES, PROVIDENCIA Y SANTA CATALINA",4635
2014-05-01,2014,5,SANTANDER,3100
2014-05-01,2014,5,TOLIMA,144
2014-05-01,2014,5,VALLE DEL CAUCA,29579
2014-06-01,2014,6,AMAZONAS,33
2014-06-01,2014,6,ANTIOQUIA,51477
2014-06-01,2014,6,ATLANTICO,10614
2014-06-01,2014,6,BOGOTA D.C.,266406
2014-06-01,2014,6,BOLIVAR,16069
2014-06-01,2014,6,CALDAS,495
2014-06-01,2014,6,CAQUETA,8
2014-06-01,2014,6,CASANARE,31
2014-06-01,2014,6,CAUCA,83
2014-06-01,2014,6,CESAR,189
2014-06-01,2014,6,CHOCO,1
2014-06-01,2014,6,CORDOBA,348
2014-06-01,2014,6,HUILA,273
2014-06-01,2014,6,LA GUAJIRA,36
2014-06-01,2014,6,MAGDALENA,551
2014-06-01,2014,6,META,2
2014-06-01,2014,6,NARINO,122
2014-06-01,2014,6,NORTE DE SANTANDER,1800
2014-06-01,2014,6,PUTUMAYO,1
2014-06-01,2014,6,QUINDIO,2100
2014-06-01,2014,6,RISARALDA,8227
2014-06-01,2014,6,"SAN ANDRES, PROVIDENCIA Y SANTA CATALINA",4554
2014-06-01,2014,6,SANTANDER,4123
2014-06-01,2014,6,TOLIMA,240
2014-06-01,2014,6,VALLE DEL CAUCA,35155
2014-07-01,2014,7,AMAZONAS,21
2014-07-01,2014,7,ANTIOQUIA,58023
2014-07-01,2014,7,ATLANTICO,13440
2014-07-01,2014,7,BOGOTA D.C.,328285
2014-07-01,2014,7,BOLIVAR,20887
2014-07-01,2014,7,CALDAS,446
2014-07-01,2014,7,CAQUETA,11
2014-07-01,2014,7,CASANARE,39
2014-07-01,2014,7,CAUCA,66
2014-07-01,2014,7,CESAR,202
2014-07-01,2014,7,CORDOBA,356
2014-07-01,2014,7,HUILA,165
2014-07-01,2014,7,LA GUAJIRA,29
2014-07-01,2014,7,MAGDALENA,639
2014-07-01,2014,7,META,18
2014-07-01,2014,7,NARINO,227
2014-07-01,2014,7,NORTE DE SANTANDER,2152
2014-07-01,2014,7,QUINDIO,2296
2014-07-01,2014,7,RISARALDA,8893
2014-07-01,2014,7,"SAN ANDRES, PROVIDENCIA Y SANTA CATALINA",3881
2014-07-01,2014,7,SANTANDER,4147
2014-07-01,2014,7,TOLIMA,187
2014-07-01,2014,7,VALLE DEL CAUCA,43074
2014-08-01,2014,8,AMAZONAS,35
2014-08-01,2014,8,ANTIOQUIA,50365
2014-08-01,2014,8,ATLANTICO,10566
2014-08-01,2014,8,BOGOTA D.C.,311462
2014-08-01,2014,8,BOLIVAR,19805
2014-08-01,2014,8,CALDAS,411
2014-08-01,2014,8,CAQUETA,9
2014-08-01,2014,8,CASANARE,35
2014-08-01,2014,8,CAUCA,122
2014-08-01,2014,8,CESAR,179
2014-08-01,2014,8,CORDOBA,290
2014-08-01,2014,8,HUILA,123
2014-08-01,2014,8,LA GUAJIRA,60
2014-08-01,2014,8,MAGDALENA,657
2014-08-01,2014,8,META,28
2014-08-01,2014,8,NARINO,169
2014-08-01,2014,8,NORTE DE SANTANDER,2322
2014-08-01,2014,8,QUINDIO,2038
2014-08-01,2014,8,RISARALDA,7893
2014-08-01,2014,8,"SAN ANDRES, PROVIDENCIA Y SANTA CATALINA",4290
2014-08-01,2014,8,SANTANDER,3299
2014-08-01,2014,8,TOLIMA,164
2014-08-01,2014,8,VALLE DEL CAUCA,40345
2014-09-01,2014,9,AMAZONAS,13
2014-09-01,2014,9,ANTIOQUIA,44855
2014-09-01,2014,9,ATLANTICO,8678
2014-09-01,2014,9,BOGOTA D.C.,281376
2014-09-01,2014,9,BOLIVAR,15881
2014-09-01,2014,9,CALDAS,317
2014-09-01,2014,9,CAQUETA,6
2014-09-01,2014,9,CASANARE,45
2014-09-01,2014,9,CAUCA,69
2014-09-01,2014,9,CESAR,152
2014-09-01,2014,9,CORDOBA,215
2014-09-01,2014,9,HUILA,126
2014-09-01,2014,9,LA GUAJIRA,48
2014-09-01,2014,9,MAGDALENA,570
2014-09-01,2014,9,META,16
2014-09-01,2014,9,NARINO,134
2014-09-01,2014,9,NORTE DE SANTANDER,2860
2014-09-01,2014,9,QUINDIO,1998
2014-09-01,2014,9,RISARALDA,5997
2014-09-01,2014,9,"SAN ANDRES, PROVIDENCIA Y SANTA CATALINA",4344
2014-09-01,2014,9,SANTANDER,3495
2014-09-01,2014,9,TOLIMA,123
2014-09-01,2014,9,VALLE DEL CAUCA,30129
2014-10-01,2014,10,AMAZONAS,8
2014-10-01,2014,10,ANTIOQUIA,50144
2014-10-01,2014,10,ATLANTICO,9356
2014-10-01,2014,10,BOGOTA D.C.,296079
2014-10-01,2014,10,BOLIVAR,15821
2014-10-01,2014,10,CALDAS,274
2014-10-01,2014,10,CAQUETA,11
2014-10-01,2014,10,CASANARE,29
2014-10-01,2014,10,CAUCA,105
2014-10-01,2014,10,CESAR,149
2014-10-01,2014,10,CORDOBA,271
2014-10-01,2014,10,HUILA,140
2014-10-01,2014,10,LA GUAJIRA,43
2014-10-01,2014,10,MAGDALENA,320
2014-10-01,2014,10,META,22
2014-10-01,2014,10,NARINO,161
2014-10-01,2014,10,NORTE DE SANTANDER,2287
2014-10-01,2014,10,PUTUMAYO,2
2014-10-01,2014,10,QUINDIO,2061
2014-10-01,2014,10,RISARALDA,6679
2014-10-01,2014,10,"SAN ANDRES, PROVIDENCIA Y SANTA CATALINA",3839
2014-10-01,2014,10,SANTANDER,3386
2014-10-01,2014,10,TOLIMA,116
2014-10-01,2014,10,VALLE DEL CAUCA,30048
2014-11-01,2014,11,AMAZONAS,19
2014-11-01,2014,11,ANTIOQUIA,51240
2014-11-01,2014,11,ATLANTICO,9667
2014-11-01,2014,11,BOGOTA D.C.,298155
2014-11-01,2014,11,BOLIVAR,19459
2014-11-01,2014,11,CALDAS,353
2014-11-01,2014,11,CAQUETA,11
2014-11-01,2014,11,CASANARE,40
2014-11-01,2014,11,CAUCA,94
2014-11-01,2014,11,CESAR,202
2014-11-01,2014,11,CHOCO,1
2014-11-01,2014,11,CORDOBA,308
2014-11-01,2014,11,HUILA,207
2014-11-01,2014,11,LA GUAJIRA,67
2014-11-01,2014,11,MAGDALENA,452
2014-11-01,2014,11,META,15
2014-11-01,2014,11,NARINO,154
2014-11-01,2014,11,NORTE DE SANTANDER,2622
2014-11-01,2014,11,QUINDIO,2291
2014-11-01,2014,11,RISARALDA,8001
2014-11-01,2014,11,"SAN ANDRES, PROVIDENCIA Y SANTA CATALINA",3940
2014-11-01,2014,11,SANTANDER,3818
2014-11-01,2014,11,TOLIMA,154
2014-11-01,2014,11,VALLE DEL CAUCA,31987
2014-12-01,2014,12,AMAZONAS,5
2014-12-01,2014,12,ANTIOQUIA,66659
2014-12-01,2014,12,ATLANTICO,12686
2014-12-01,2014,12,BOGOTA D.C.,332383
2014-12-01,2014,12,BOLIVAR,23973
2014-12-01,2014,12,CALDAS,586
2014-12-01,2014,12,CAQUETA,23
2014-12-01,2014,12,CASANARE,44
2014-12-01,2014,12,CAUCA,156
2014-12-01,2014,12,CESAR,299
2014-12-01,2014,12,CHOCO,0
2014-12-01,2014,12,CORDOBA,407
2014-12-01,2014,12,HUILA,274
2014-12-01,2014,12,LA GUAJIRA,50
2014-12-01,2014,12,MAGDALENA,549
2014-12-01,2014,12,META,38
2014-12-01,2014,12,NARINO,250
2014-12-01,2014,12,NORTE DE SANTANDER,3430
2014-12-01,2014,12,QUINDIO,3182
2014-12-01,2014,12,RISARALDA,11132
2014-12-01,2014,12,"SAN ANDRES, PROVIDENCIA Y SANTA CATALINA",4198
2014-12-01,2014,12,SANTANDER,4897
2014-12-01,2014,12,TOLIMA,246
2014-12-01,2014,12,VALLE DEL CAUCA,46210
2015-01-01,2015,1,AMAZONAS,8
2015-01-01,2015,1,ANTIOQUIA,57985
2015-01-01,2015,1,ATLANTICO,11286
2015-01-01,2015,1,BOGOTA D.C.,343029
2015-01-01,2015,1,BOLIVAR,22577
2015-01-01,2015,1,CALDAS,459
2015-01-01,2015,1,CAQUETA,10
2015-01-01,2015,1,CASANARE,20
2015-01-01,2015,1,CAUCA,96
2015-01-01,2015,1,CESAR,167
2015-01-01,2015,1,CHOCO,0
2015-01-01,2015,1,CORDOBA,290
2015-01-01,2015,1,HUILA,155
2015-01-01,2015,1,LA GUAJIRA,99
2015-01-01,2015,1,MAGDALENA,476
2015-01-01,2015,1,META,29
2015-01-01,2015,1,NARINO,253
2015-01-01,2015,1,NORTE DE SANTANDER,3323
2015-01-01,2015,1,QUINDIO,2450
2015-01-01,2015,1,RISARALDA,7535
2015-01-01,2015,1,"SAN ANDRES, PROVIDENCIA Y SANTA CATALINA",4494
2015-01-01,2015,1,SANTANDER,4423
2015-01-01,2015,1,TOLIMA,166
2015-01-01,2015,1,VALLE DEL CAUCA,33565
2015-02-01,2015,2,AMAZONAS,12
2015-02-01,2015,2,ANTIOQUIA,40735
2015-02-01,2015,2,ATLANTICO,9641
2015-02-01,2015,2,BOGOTA D.C.,246829
2015-02-01,2015,2,BOLIVAR,20060
2015-02-01,2015,2,CALDAS,433
2015-02-01,2015,2,CAQUETA,10
2015-02-01,2015,2,CASANARE,23
2015-02-01,2015,2,CAUCA,37
2015-02-01,2015,2,CESAR,130
2015-02-01,2015,2,CHOCO,0
2015-02-01,2015,2,CORDOBA,200
2015-02-01,2015,2,HUILA,161
2015-02-01,2015,2,LA GUAJIRA,36
2015-02-01,2015,2,MAGDALENA,615
2015-02-01,2015,2,META,32
2015-02-01,2015,2,NARINO,114
2015-02-01,2015,2,NORTE DE SANTANDER,1406
2015-02-01,2015,2,QUINDIO,1871
2015-02-01,2015,2,RISARALDA,5235
2015-02-01,2015,2,"SAN ANDRES, PROVIDENCIA Y SANTA CATALINA",4845
2015-02-01,2015,2,SANTANDER,2420
2015-02-01,2015,2,TOLIMA,119
2015-02-01,2015,2,VALLE DEL CAUCA,24294
2015-03-01,2015,3,AMAZONAS,20
2015-03-01,2015,3,ANTIOQUIA,41759
2015-03-01,2015,3,ATLANTICO,7480
2015-03-01,2015,3,BOGOTA D.C.,266972
2015-03-01,2015,3,BOLIVAR,20821
2015-03-01,2015,3,CALDAS,276
2015-03-01,2015,3,CAQUETA,17
2015-03-01,2015,3,CASANARE,22
2015-03-01,2015,3,CAUCA,59
2015-03-01,2015,3,CESAR,190
2015-03-01,2015,3,CORDOBA,237
2015-03-01,2015,3,HUILA,193
2015-03-01,2015,3,LA GUAJIRA,38
2015-03-01,2015,3,MAGDALENA,496
2015-03-01,2015,3,META,26
2015-03-01,2015,3,NARINO,139
2015-03-01,2015,3,NORTE DE SANTANDER,1568
2015-03-01,2015,3,QUINDIO,2059
2015-03-01,2015,3,RISARALDA,5626
2015-03-01,2015,3,"SAN ANDRES, PROVIDENCIA Y SANTA CATALINA",4741
2015-03-01,2015,3,SANTANDER,2642
2015-03-01,2015,3,TOLIMA,133
2015-03-01,2015,3,VALLE DEL CAUCA,27652
2015-04-01,2015,4,AMAZONAS,28
2015-04-01,2015,4,ANTIOQUIA,43067
2015-04-01,2015,4,ATLANTICO,8403
2015-04-01,2015,4,BOGOTA D.C.,275010
2015-04-01,2015,4,BOLIVAR,19570
2015-04-01,2015,4,CALDAS,335
2015-04-01,2015,4,CAQUETA,9
2015-04-01,2015,4,CASANARE,14
2015-04-01,2015,4,CAUCA,65
2015-04-01,2015,4,CESAR,247
2015-04-01,2015,4,CORDOBA,264
2015-04-01,2015,4,HUILA,180
2015-04-01,2015,4,LA GUAJIRA,57
2015-04-01,2015,4,MAGDALENA,450
2015-04-01,2015,4,META,28
2015-04-01,2015,4,NARINO,181
2015-04-01,2015,4,NORTE DE SANTANDER,2091
2015-04-01,2015,4,QUINDIO,2005
2015-04-01,2015,4,RISARALDA,5936
2015-04-01,2015,4,"SAN ANDRES, PROVIDENCIA Y SANTA CATALINA",4425
2015-04-01,2015,4,SANTANDER,2923
2015-04-01,2015,4,TOLIMA,140
2015-04-01,2015,4,VALLE DEL CAUCA,29073
2015-05-01,2015,5,AMAZONAS,14
2015-05-01,2015,5,ANTIOQUIA,47519
2015-05-01,2015,5,ATLANTICO,8391
2015-05-01,2015,5,BOGOTA D.C.,290094
2015-05-01,2015,5,BOLIVAR,19358
2015-05-01,2015,5,CALDAS,413
2015-05-01,2015,5,CAQUETA,17
2015-05-01,2015,5,CASANARE,21
2015-05-01,2015,5,CAUCA,80
2015-05-01,2015,5,CESAR,162
2015-05-01,2015,5,CORDOBA,223
2015-05-01,2015,5,HUILA,201
2015-05-01,2015,5,LA GUAJIRA,45
2015-05-01,2015,5,MAGDALENA,495
2015-05-01,2015,5,META,33
2015-05-01,2015,5,NARINO,150
2015-05-01,2015,5,NORTE DE SANTANDER,1984
2015-05-01,2015,5,QUINDIO,2485
2015-05-01,2015,5,RISARALDA,6841
2015-05-01,2015,5,"SAN ANDRES, PROVIDENCIA Y SANTA CATALINA",3877
2015-05-01,2015,5,SANTANDER,3289
2015-05-01,2015,5,TOLIMA,135
2015-05-01,2015,5,VALLE DEL CAUCA,31435
2015-06-01,2015,6,AMAZONAS,43
2015-06-01,2015,6,ANTIOQUIA,58655
2015-06-01,2015,6,ATLANTICO,12086
2015-06-01,2015,6,BOGOTA D.C.,298190
2015-06-01,2015,6,BOLIVAR,19506
2015-06-01,2015,6,CALDAS,439
2015-06-01,2015,6,CAQUETA,4
2015-06-01,2015,6,CASANARE,38
2015-06-01,2015,6,CAUCA,79
2015-06-01,2015,6,CESAR,208
2015-06-01,2015,6,CORDOBA,362
2015-06-01,2015,6,HUILA,330
2015-06-01,2015,6,LA GUAJIRA,25
2015-06-01,2015,6,MAGDALENA,535
2015-06-01,2015,6,META,57
2015-06-01,2015,6,NARINO,219
2015-06-01,2015,6,NORTE DE SANTANDER,2398
2015-06-01,2015,6,PUTUMAYO,3
2015-06-01,2015,6,QUINDIO,2678
2015-06-01,2015,6,RISARALDA,8557
2015-06-01,2015,6,"SAN ANDRES, PROVIDENCIA Y SANTA CATALINA",2914
2015-06-01,2015,6,SANTANDER,4556
2015-06-01,2015,6,TOLIMA,186
2015-06-01,2015,6,VALLE DEL CAUCA,37400
2015-07-01,2015,7,AMAZONAS,54
2015-07-01,2015,7,ANTIOQUIA,67745
2015-07-01,2015,7,ATLANTICO,15257
2015-07-01,2015,7,BOGOTA D.C.,365232
2015-07-01,2015,7,BOLIVAR,24697
2015-07-01,2015,7,CALDAS,589
2015-07-01,2015,7,CAQUETA,16
2015-07-01,2015,7,CASANARE,25
2015-07-01,2015,7,CAUCA,93
2015-07-01,2015,7,CESAR,217
2015-07-01,2015,7,CORDOBA,445
2015-07-01,2015,7,HUILA,227
2015-07-01,2015,7,LA GUAJIRA,39
2015-07-01,2015,7,MAGDALENA,652
2015-07-01,2015,7,META,35
2015-07-01,2015,7,NARINO,398
2015-07-01,2015,7,NORTE DE SANTANDER,2505
2015-07-01,2015,7,QUINDIO,3095
2015-07-01,2015,7,RISARALDA,9058
2015-07-01,2015,7,"SAN ANDRES, PROVIDENCIA Y SANTA CATALINA",3657
2015-07-01,2015,7,SANTANDER,4563
2015-07-01,2015,7,TOLIMA,181
2015-07-01,2015,7,VALLE DEL CAUCA,46248
2015-08-01,2015,8,AMAZONAS,19
2015-08-01,2015,8,ANTIOQUIA,56241
2015-08-01,2015,8,ATLANTICO,12313
2015-08-01,2015,8,BOGOTA D.C.,336456
2015-08-01,2015,8,BOLIVAR,21252
2015-08-01,2015,8,CALDAS,510
2015-08-01,2015,8,CAQUETA,4
2015-08-01,2015,8,CASANARE,28
2015-08-01,2015,8,CAUCA,78
2015-08-01,2015,8,CESAR,209
2015-08-01,2015,8,CORDOBA,287
2015-08-01,2015,8,HUILA,262
2015-08-01,2015,8,LA GUAJIRA,65
2015-08-01,2015,8,MAGDALENA,522
2015-08-01,2015,8,META,49
2015-08-01,2015,8,NARINO,300
2015-08-01,2015,8,NORTE DE SANTANDER,1864
2015-08-01,2015,8,QUINDIO,2410
2015-08-01,2015,8,RISARALDA,7770
2015-08-01,2015,8,"SAN ANDRES, PROVIDENCIA Y SANTA CATALINA",3164
2015-08-01,2015,8,SANTANDER,3655
2015-08-01,2015,8,TOLIMA,139
2015-08-01,2015,8,VALLE DEL CAUCA,42073
2015-09-01,2015,9,AMAZONAS,10
2015-09-01,2015,9,ANTIOQUIA,51163
2015-09-01,2015,9,ATLANTICO,9504
2015-09-01,2015,9,BOGOTA D.C.,281982
2015-09-01,2015,9,BOLIVAR,18100
2015-09-01,2015,9,CALDAS,438
2015-09-01,2015,9,CAQUETA,6
2015-09-01,2015,9,CASANARE,28
2015-09-01,2015,9,CAUCA,98
2015-09-01,2015,9,CESAR,105
2015-09-01,2015,9,CORDOBA,208
2015-09-01,2015,9,HUILA,212
2015-09-01,2015,9,LA GUAJIRA,42
2015-09-01,2015,9,MAGDALENA,615
2015-09-01,2015,9,META,44
2015-09-01,2015,9,NARINO,221
2015-09-01,2015,9,NORTE DE SANTANDER,1735
2015-09-01,2015,9,QUINDIO,2070
2015-09-01,2015,9,RISARALDA,6420
2015-09-01,2015,9,"SAN ANDRES, PROVIDENCIA Y SANTA CATALINA",3317
2015-09-01,2015,9,SANTANDER,3572
2015-09-01,2015,9,TOLIMA,146
2015-09-01,2015,9,VALLE DEL CAUCA,34324
2015-10-01,2015,10,AMAZONAS,34
2015-10-01,2015,10,ANTIOQUIA,58427
2015-10-01,2015,10,ATLANTICO,12002
2015-10-01,2015,10,BOGOTA D.C.,312048
2015-10-01,2015,10,BOLIVAR,20265
2015-10-01,2015,10,CALDAS,376
2015-10-01,2015,10,CAQUETA,12
2015-10-01,2015,10,CASANARE,45
2015-10-01,2015,10,CAUCA,71
2015-10-01,2015,10,CESAR,188
2015-10-01,2015,10,CORDOBA,297
2015-10-01,2015,10,HUILA,219
2015-10-01,2015,10,LA GUAJIRA,38
2015-10-01,2015,10,MAGDALENA,556
2015-10-01,2015,10,META,61
2015-10-01,2015,10,NARINO,259
2015-10-01,2015,10,NORTE DE SANTANDER,1694
2015-10-01,2015,10,QUINDIO,2197
2015-10-01,2015,10,RISARALDA,6978
2015-10-01,2015,10,"SAN ANDRES, PROVIDENCIA Y SANTA CATALINA",3537
2015-10-01,2015,10,SANTANDER,4017
2015-10-01,2015,10,TOLIMA,168
2015-10-01,2015,10,VALLE DEL CAUCA,36251
2015-11-01,2015,11,AMAZONAS,20
2015-11-01,2015,11,ANTIOQUIA,59994
2015-11-01,2015,11,ATLANTICO,12753
2015-11-01,2015,11,BOGOTA D.C.,302169
2015-11-01,2015,11,BOLIVAR,23653
2015-11-01,2015,11,CALDAS,459
2015-11-01,2015,11,CAQUETA,29
2015-11-01,2015,11,CASANARE,41
2015-11-01,2015,11,CAUCA,93
2015-11-01,2015,11,CESAR,297
2015-11-01,2015,11,CORDOBA,460
2015-11-01,2015,11,HUILA,228
2015-11-01,2015,11,LA GUAJIRA,62
2015-11-01,2015,11,MAGDALENA,565
2015-11-01,2015,11,META,49
2015-11-01,2015,11,NARINO,244
2015-11-01,2015,11,NORTE DE SANTANDER,1448
2015-11-01,2015,11,QUINDIO,2451
2015-11-01,2015,11,RISARALDA,8245
2015-11-01,2015,11,"SAN ANDRES, PROVIDENCIA Y SANTA CATALINA",3544
2015-11-01,2015,11,SANTANDER,4074
2015-11-01,2015,11,TOLIMA,184
2015-11-01,2015,11,VALLE DEL CAUCA,36929
2015-12-01,2015,12,AMAZONAS,21
2015-12-01,2015,12,ANTIOQUIA,77981
2015-12-01,2015,12,ATLANTICO,16467
2015-12-01,2015,12,BOGOTA D.C.,351929
2015-12-01,2015,12,BOLIVAR,29499
2015-12-01,2015,12,CALDAS,809
2015-12-01,2015,12,CAQUETA,18
2015-12-01,2015,12,CASANARE,54
2015-12-01,2015,12,CAUCA,124
2015-12-01,2015,12,CESAR,320
2015-12-01,2015,12,CORDOBA,626
2015-12-01,2015,12,HUILA,307
2015-12-01,2015,12,LA GUAJIRA,42
2015-12-01,2015,12,MAGDALENA,864
2015-12-01,2015,12,META,49
2015-12-01,2015,12,NARINO,425
2015-12-01,2015,12,NORTE DE SANTANDER,2550
2015-12-01,2015,12,QUINDIO,4583
2015-12-01,2015,12,RISARALDA,13109
2015-12-01,2015,12,"SAN ANDRES, PROVIDENCIA Y SANTA CATALINA",3847
2015-12-01,2015,12,SANTANDER,5935
2015-12-01,2015,12,TOLIMA,348
2015-12-01,2015,12,VALLE DEL CAUCA,53257
2016-01-01,2016,1,AMAZONAS,11
2016-01-01,2016,1,ANTIOQUIA,68703
2016-01-01,2016,1,ATLANTICO,14583
2016-01-01,2016,1,BOGOTA D.C.,336287
2016-01-01,2016,1,BOLIVAR,29904
2016-01-01,2016,1,CALDAS,500
2016-01-01,2016,1,CAQUETA,4
2016-01-01,2016,1,CASANARE,31
2016-01-01,2016,1,CAUCA,83
2016-01-01,2016,1,CESAR,198
2016-01-01,2016,1,CORDOBA,398
2016-01-01,2016,1,HUILA,261
2016-01-01,2016,1,LA GUAJIRA,65
2016-01-01,2016,1,MAGDALENA,742
2016-01-01,2016,1,META,45
2016-01-01,2016,1,NARINO,287
2016-01-01,2016,1,NORTE DE SANTANDER,2206
2016-01-01,2016,1,QUINDIO,3381
2016-01-01,2016,1,RISARALDA,8544
2016-01-01,2016,1,"SAN ANDRES, PROVIDENCIA Y SANTA CATALINA",4275
2016-01-01,2016,1,SANTANDER,4713
2016-01-01,2016,1,TOLIMA,172
2016-01-01,2016,1,VALLE DEL CAUCA,37153
2016-02-01,2016,2,AMAZONAS,12
2016-02-01,2016,2,ANTIOQUIA,49058
2016-02-01,2016,2,ATLANTICO,11636
2016-02-01,2016,2,BOGOTA D.C.,264491
2016-02-01,2016,2,BOLIVAR,26250
2016-02-01,2016,2,CALDAS,272
2016-02-01,2016,2,CAQUETA,7
2016-02-01,2016,2,CASANARE,20
2016-02-01,2016,2,CAUCA,52
2016-02-01,2016,2,CESAR,161
2016-02-01,2016,2,CORDOBA,196
2016-02-01,2016,2,HUILA,169
2016-02-01,2016,2,LA GUAJIRA,47
2016-02-01,2016,2,MAGDALENA,593
2016-02-01,2016,2,META,29
2016-02-01,2016,2,NARINO,167
2016-02-01,2016,2,NORTE DE SANTANDER,1114
2016-02-01,2016,2,QUINDIO,2543
2016-02-01,2016,2,RISARALDA,5851
2016-02-01,2016,2,"SAN ANDRES, PROVIDENCIA Y SANTA CATALINA",4955
2016-02-01,2016,2,SANTANDER,2539
2016-02-01,2016,2,TOLIMA,102
2016-02-01,2016,2,VALLE DEL CAUCA,28394
2016-03-01,2016,3,AMAZONAS,11
2016-03-01,2016,3,ANTIOQUIA,57316
2016-03-01,2016,3,ATLANTICO,11413
2016-03-01,2016,3,BOGOTA D.C.,300701
2016-03-01,2016,3,BOLIVAR,27642
2016-03-01,2016,3,CALDAS,361
2016-03-01,2016,3,CAQUETA,12
2016-03-01,2016,3,CASANARE,35
2016-03-01,2016,3,CAUCA,82
2016-03-01,2016,3,CESAR,177
2016-03-01,2016,3,CORDOBA,363
2016-03-01,2016,3,HUILA,179
2016-03-01,2016,3,LA GUAJIRA,51
2016-03-01,2016,3,MAGDALENA,611
2016-03-01,2016,3,META,21
2016-03-01,2016,3,NARINO,157
2016-03-01,2016,3,NORTE DE SANTANDER,1521
2016-03-01,2016,3,QUINDIO,3139
2016-03-01,2016,3,RISARALDA,6713
2016-03-01,2016,3,"SAN ANDRES, PROVIDENCIA Y SANTA CATALINA",4758
2016-03-01,2016,3,SANTANDER,3176
2016-03-01,2016,3,TOLIMA,178
2016-03-01,2016,3,VALLE DEL CAUCA,33389
2016-04-01,2016,4,AMAZONAS,16
2016-04-01,2016,4,ANTIOQUIA,50710
2016-04-01,2016,4,ATLANTICO,9452
2016-04-01,2016,4,BOGOTA D.C.,271000
2016-04-01,2016,4,BOLIVAR,24561
2016-04-01,2016,4,CALDAS,315
2016-04-01,2016,4,CAQUETA,8
2016-04-01,2016,4,CASANARE,27
2016-04-01,2016,4,CAUCA,70
2016-04-01,2016,4,CESAR,260
2016-04-01,2016,4,CORDOBA,239
2016-04-01,2016,4,HUILA,155
2016-04-01,2016,4,LA GUAJIRA,37
2016-04-01,2016,4,MAGDALENA,512
2016-04-01,2016,4,META,29
2016-04-01,2016,4,NARINO,180
2016-04-01,2016,4,NORTE DE SANTANDER,1105
2016-04-01,2016,4,QUINDIO,2603
2016-04-01,2016,4,RISARALDA,6131
2016-04-01,2016,4,"SAN ANDRES, PROVIDENCIA Y SANTA CATALINA",4295
2016-04-01,2016,4,SANTANDER,2580
2016-04-01,2016,4,TOLIMA,84
2016-04-01,2016,4,VALLE DEL CAUCA,30029
2016-05-01,2016,5,AMAZONAS,33
2016-05-01,2016,5,ANTIOQUIA,58319
2016-05-01,2016,5,ATLANTICO,11029
2016-05-01,2016,5,BOGOTA D.C.,284920
2016-05-01,2016,5,BOLIVAR,22940
2016-05-01,2016,5,CALDAS,368
2016-05-01,2016,5,CAQUETA,18
2016-05-01,2016,5,CASANARE,50
2016-05-01,2016,5,CAUCA,84
2016-05-01,2016,5,CESAR,196
2016-05-01,2016,5,CORDOBA,362
2016-05-01,2016,5,HUILA,195
2016-05-01,2016,5,LA GUAJIRA,55
2016-05-01,2016,5,MAGDALENA,595
2016-05-01,2016,5,META,32
2016-05-01,2016,5,NARINO,195
2016-05-01,2016,5,NORTE DE SANTANDER,1489
2016-05-01,2016,5,QUINDIO,3512
2016-05-01,2016,5,RISARALDA,7450
2016-05-01,2016,5,"SAN ANDRES, PROVIDENCIA Y SANTA CATALINA",4423
2016-05-01,2016,5,SANTANDER,3059
2016-05-01,2016,5,TOLIMA,111
2016-05-01,2016,5,VALLE DEL CAUCA,32960
2016-06-01,2016,6,AMAZONAS,28
2016-06-01,2016,6,ANTIOQUIA,72880
2016-06-01,2016,6,ATLANTICO,13228
2016-06-01,2016,6,BOGOTA D.C.,308420
2016-06-01,2016,6,BOLIVAR,25669
2016-06-01,2016,6,CALDAS,577
2016-06-01,2016,6,CAQUETA,8
2016-06-01,2016,6,CASANARE,48
2016-06-01,2016,6,CAUCA,152
2016-06-01,2016,6,CESAR,220
2016-06-01,2016,6,CORDOBA,437
2016-06-01,2016,6,HUILA,323
2016-06-01,2016,6,LA GUAJIRA,59
2016-06-01,2016,6,MAGDALENA,538
2016-06-01,2016,6,META,38
2016-06-01,2016,6,NARINO,311
2016-06-01,2016,6,NORTE DE SANTANDER,1956
2016-06-01,2016,6,QUINDIO,4191
2016-06-01,2016,6,RISARALDA,9139
2016-06-01,2016,6,"SAN ANDRES, PROVIDENCIA Y SANTA CATALINA",4341
2016-06-01,2016,6,SANTANDER,4315
2016-06-01,2016,6,TOLIMA,207
2016-06-01,2016,6,VALLE DEL CAUCA,41107
2016-07-01,2016,7,AMAZONAS,26
2016-07-01,2016,7,ANTIOQUIA,84207
2016-07-01,2016,7,ATLANTICO,17121
2016-07-01,2016,7,BOGOTA D.C.,372134
2016-07-01,2016,7,BOLIVAR,33346
2016-07-01,2016,7,CALDAS,457
2016-07-01,2016,7,CAQUETA,16
2016-07-01,2016,7,CASANARE,37
2016-07-01,2016,7,CAUCA,85
2016-07-01,2016,7,CESAR,232
2016-07-01,2016,7,CORDOBA,491
2016-07-01,2016,7,HUILA,228
2016-07-01,2016,7,LA GUAJIRA,36
2016-07-01,2016,7,MAGDALENA,755
2016-07-01,2016,7,META,36
2016-07-01,2016,7,NARINO,375
2016-07-01,2016,7,NORTE DE SANTANDER,1919
2016-07-01,2016,7,QUINDIO,4550
2016-07-01,2016,7,RISARALDA,10628
2016-07-01,2016,7,"SAN ANDRES, PROVIDENCIA Y SANTA CATALINA",6215
2016-07-01,2016,7,SANTANDER,4466
2016-07-01,2016,7,TOLIMA,223
2016-07-01,2016,7,VALLE DEL CAUCA,48139
2016-08-01,2016,8,AMAZONAS,16
2016-08-01,2016,8,ANTIOQUIA,65406
2016-08-01,2016,8,ATLANTICO,13049
2016-08-01,2016,8,BOGOTA D.C.,335305
2016-08-01,2016,8,BOLIVAR,29413
2016-08-01,2016,8,CALDAS,518
2016-08-01,2016,8,CAQUETA,12
2016-08-01,2016,8,CASANARE,47
2016-08-01,2016,8,CAUCA,119
2016-08-01,2016,8,CESAR,217
2016-08-01,2016,8,CORDOBA,356
2016-08-01,2016,8,HUILA,211
2016-08-01,2016,8,LA GUAJIRA,31
2016-08-01,2016,8,MAGDALENA,724
2016-08-01,2016,8,META,40
2016-08-01,2016,8,NARINO,305
2016-08-01,2016,8,NORTE DE SANTANDER,1511
2016-08-01,2016,8,QUINDIO,3843
2016-08-01,2016,8,RISARALDA,8766
2016-08-01,2016,8,"SAN ANDRES, PROVIDENCIA Y SANTA CATALINA",5370
2016-08-01,2016,8,SANTANDER,3702
2016-08-01,2016,8,TOLIMA,129
2016-08-01,2016,8,VALLE DEL CAUCA,46627
2016-09-01,2016,9,AMAZONAS,24
2016-09-01,2016,9,ANTIOQUIA,56286
2016-09-01,2016,9,ATLANTICO,10111
2016-09-01,2016,9,BOGOTA D.C.,302889
2016-09-01,2016,9,BOLIVAR,25093
2016-09-01,2016,9,CALDAS,521
2016-09-01,2016,9,CAQUETA,17
2016-09-01,2016,9,CASANARE,58
2016-09-01,2016,9,CAUCA,92
2016-09-01,2016,9,CESAR,195
2016-09-01,2016,9,CORDOBA,330
2016-09-01,2016,9,HUILA,187
2016-09-01,2016,9,LA GUAJIRA,37
2016-09-01,2016,9,MAGDALENA,533
2016-09-01,2016,9,META,31
2016-09-01,2016,9,NARINO,230
2016-09-01,2016,9,NORTE DE SANTANDER,1654
2016-09-01,2016,9,QUINDIO,3401
2016-09-01,2016,9,RISARALDA,6958
2016-09-01,2016,9,"SAN ANDRES, PROVIDENCIA Y SANTA CATALINA",4214
2016-09-01,2016,9,SANTANDER,3711
2016-09-01,2016,9,TOLIMA,115
2016-09-01,2016,9,VALLE DEL CAUCA,36860
2016-10-01,2016,10,AMAZONAS,16
2016-10-01,2016,10,ANTIOQUIA,64082
2016-10-01,2016,10,ATLANTICO,12115
2016-10-01,2016,10,BOGOTA D.C.,338625
2016-10-01,2016,10,BOLIVAR,25346
2016-10-01,2016,10,CALDAS,335
2016-10-01,2016,10,CAQUETA,11
2016-10-01,2016,10,CASANARE,37
2016-10-01,2016,10,CAUCA,90
2016-10-01,2016,10,CESAR,205
2016-10-01,2016,10,CORDOBA,373
2016-10-01,2016,10,HUILA,248
2016-10-01,2016,10,LA GUAJIRA,63
2016-10-01,2016,10,MAGDALENA,684
2016-10-01,2016,10,META,38
2016-10-01,2016,10,NARINO,282
2016-10-01,2016,10,NORTE DE SANTANDER,1522
2016-10-01,2016,10,QUINDIO,3764
2016-10-01,2016,10,RISARALDA,8007
2016-10-01,2016,10,"SAN ANDRES, PROVIDENCIA Y SANTA CATALINA",5658
2016-10-01,2016,10,SANTANDER,3944
2016-10-01,2016,10,TOLIMA,158
2016-10-01,2016,10,VALLE DEL CAUCA,37628
2016-11-01,2016,11,AMAZONAS,29
2016-11-01,2016,11,ANTIOQUIA,61299
2016-11-01,2016,11,ATLANTICO,12412
2016-11-01,2016,11,BOGOTA D.C.,319612
2016-11-01,2016,11,BOLIVAR,26543
2016-11-01,2016,11,CALDAS,472
2016-11-01,2016,11,CAQUETA,22
2016-11-01,2016,11,CASANARE,80
2016-11-01,2016,11,CAUCA,120
2016-11-01,2016,11,CESAR,216
2016-11-01,2016,11,CORDOBA,457
2016-11-01,2016,11,HUILA,177
2016-11-01,2016,11,LA GUAJIRA,44
2016-11-01,2016,11,MAGDALENA,838
2016-11-01,2016,11,META,23
2016-11-01,2016,11,NARINO,158
2016-11-01,2016,11,NORTE DE SANTANDER,1213
2016-11-01,2016,11,QUINDIO,3737
2016-11-01,2016,11,RISARALDA,8407
2016-11-01,2016,11,"SAN ANDRES, PROVIDENCIA Y SANTA CATALINA",5225
2016-11-01,2016,11,SANTANDER,3892
2016-11-01,2016,11,TOLIMA,162
2016-11-01,2016,11,VALLE DEL CAUCA,38528
2016-12-01,2016,12,AMAZONAS,20
2016-12-01,2016,12,ANTIOQUIA,81582
2016-12-01,2016,12,ATLANTICO,17174
2016-12-01,2016,12,BOGOTA D.C.,362212
2016-12-01,2016,12,BOLIVAR,30423
2016-12-01,2016,12,CALDAS,798
2016-12-01,2016,12,CAQUETA,22
2016-12-01,2016,12,CASANARE,72
2016-12-01,2016,12,CAUCA,175
2016-12-01,2016,12,CESAR,363
2016-12-01,2016,12,CORDOBA,615
2016-12-01,2016,12,HUILA,373
2016-12-01,2016,12,LA GUAJIRA,42
2016-12-01,2016,12,MAGDALENA,1015
2016-12-01,2016,12,META,43
2016-12-01,2016,12,NARINO,311
2016-12-01,2016,12,NORTE DE SANTANDER,1859
2016-12-01,2016,12,QUINDIO,5034
2016-12-01,2016,12,RISARALDA,14286
2016-12-01,2016,12,"SAN ANDRES, PROVIDENCIA Y SANTA CATALINA",4801
2016-12-01,2016,12,SANTANDER,5128
2016-12-01,2016,12,TOLIMA,223
2016-12-01,2016,12,VALLE DEL CAUCA,57740
2017-01-01,2017,1,AMAZONAS,26
2017-01-01,2017,1,ANTIOQUIA,69996
2017-01-01,2017,1,ATLANTICO,14268
2017-01-01,2017,1,BOGOTA D.C.,360157
2017-01-01,2017,1,BOLIVAR,33508
2017-01-01,2017,1,CALDAS,568
2017-01-01,2017,1,CAQUETA,8
2017-01-01,2017,1,CASANARE,52
2017-01-01,2017,1,CAUCA,103
2017-01-01,2017,1,CESAR,260
2017-01-01,2017,1,CORDOBA,536
2017-01-01,2017,1,HUILA,243
2017-01-01,2017,1,LA GUAJIRA,81
2017-01-01,2017,1,MAGDALENA,1014
2017-01-01,2017,1,META,53
2017-01-01,2017,1,NARINO,265
2017-01-01,2017,1,NORTE DE SANTANDER,1819
2017-01-01,2017,1,QUINDIO,3634
2017-01-01,2017,1,RISARALDA,9239
2017-01-01,2017,1,"SAN ANDRES, PROVIDENCIA Y SANTA CATALINA",6275
2017-01-01,2017,1,SANTANDER,4216
2017-01-01,2017,1,TOLIMA,150
2017-01-01,2017,1,VALLE DEL CAUCA,41949
2017-02-01,2017,2,AMAZONAS,14
2017-02-01,2017,2,ANTIOQUIA,50142
2017-02-01,2017,2,ATLANTICO,11950
2017-02-01,2017,2,BOGOTA D.C.,280301
2017-02-01,2017,2,BOLIVAR,31230
2017-02-01,2017,2,CALDAS,371
2017-02-01,2017,2,CAQUETA,15
2017-02-01,2017,2,CASANARE,43
2017-02-01,2017,2,CAUCA,87
2017-02-01,2017,2,CESAR,207
2017-02-01,2017,2,CORDOBA,330
2017-02-01,2017,2,HUILA,149
2017-02-01,2017,2,LA GUAJIRA,73
2017-02-01,2017,2,MAGDALENA,1235
2017-02-01,2017,2,META,36
2017-02-01,2017,2,NARINO,166
2017-02-01,2017,2,NORTE DE SANTANDER,1181
2017-02-01,2017,2,QUINDIO,2889
2017-02-01,2017,2,RISARALDA,6452
2017-02-01,2017,2,"SAN ANDRES, PROVIDENCIA Y SANTA CATALINA",6760
2017-02-01,2017,2,SANTANDER,2538
2017-02-01,2017,2,TOLIMA,137
2017-02-01,2017,2,VALLE DEL CAUCA,33166
2017-03-01,2017,3,AMAZONAS,25
2017-03-01,2017,3,ANTIOQUIA,51549
2017-03-01,2017,3,ATLANTICO,10807
2017-03-01,2017,3,BOGOTA D.C.,295523
2017-03-01,2017,3,BOLIVAR,30314
2017-03-01,2017,3,CALDAS,324
2017-03-01,2017,3,CAQUETA,10
2017-03-01,2017,3,CASANARE,39
2017-03-01,2017,3,CAUCA,71
2017-03-01,2017,3,CESAR,225
2017-03-01,2017,3,CORDOBA,349
2017-03-01,2017,3,HUILA,203
2017-03-01,2017,3,LA GUAJIRA,58
2017-03-01,2017,3,MAGDALENA,982
2017-03-01,2017,3,META,29
2017-03-01,2017,3,NARINO,184
2017-03-01,2017,3,NORTE DE SANTANDER,1221
2017-03-01,2017,3,QUINDIO,2623
2017-03-01,2017,3,RISARALDA,6492
2017-03-01,2017,3,"SAN ANDRES, PROVIDENCIA Y SANTA CATALINA",5544
2017-03-01,2017,3,SANTANDER,2840
2017-03-01,2017,3,TOLIMA,162
2017-03-01,2017,3,VALLE DEL CAUCA,35673
2017-04-01,2017,4,AMAZONAS,16
2017-04-01,2017,4,ANTIOQUIA,62298
2017-04-01,2017,4,ATLANTICO,12077
2017-04-01,2017,4,BOGOTA D.C.,325623
2017-04-01,2017,4,BOLIVAR,28923
2017-04-01,2017,4,CALDAS,497
2017-04-01,2017,4,CAQUETA,6
2017-04-01,2017,4,CASANARE,48
2017-04-01,2017,4,CAUCA,150
2017-04-01,2017,4,CESAR,337
2017-04-01,2017,4,CORDOBA,462
2017-04-01,2017,4,HUILA,274
2017-04-01,2017,4,LA GUAJIRA,37
2017-04-01,2017,4,MAGDALENA,809
2017-04-01,2017,4,META,17
2017-04-01,2017,4,NARINO,244
2017-04-01,2017,4,NORTE DE SANTANDER,1301
2017-04-01,2017,4,QUINDIO,3005
2017-04-01,2017,4,RISARALDA,7261
2017-04-01,2017,4,"SAN ANDRES, PROVIDENCIA Y SANTA CATALINA",3960
2017-04-01,2017,4,SANTANDER,3564
2017-04-01,2017,4,TOLIMA,102
2017-04-01,2017,4,VALLE DEL CAUCA,37413
2017-05-01,2017,5,AMAZONAS,30
2017-05-01,2017,5,ANTIOQUIA,60318
2017-05-01,2017,5,ATLANTICO,11003
2017-05-01,2017,5,BOGOTA D.C.,312898
2017-05-01,2017,5,BOLIVAR,25845
2017-05-01,2017,5,CALDAS,484
2017-05-01,2017,5,CAQUETA,19
2017-05-01,2017,5,CASANARE,53
2017-05-01,2017,5,CAUCA,72
2017-05-01,2017,5,CESAR,260
2017-05-01,2017,5,CORDOBA,409
2017-05-01,2017,5,HUILA,284
2017-05-01,2017,5,LA GUAJIRA,47
2017-05-01,2017,5,MAGDALENA,780
2017-05-01,2017,5,META,24
2017-05-01,2017,5,NARINO,241
2017-05-01,2017,5,NORTE DE SANTANDER,1349
2017-05-01,2017,5,QUINDIO,3434
2017-05-01,2017,5,RISARALDA,7439
2017-05-01,2017,5,"SAN ANDRES, PROVIDENCIA Y SANTA CATALINA",3594
2017-05-01,2017,5,SANTANDER,3315
2017-05-01,2017,5,TOLIMA,218
2017-05-01,2017,5,VALLE DEL CAUCA,34712
2017-06-01,2017,6,AMAZONAS,46
2017-06-01,2017,6,ANTIOQUIA,66994
2017-06-01,2017,6,ATLANTICO,12213
2017-06-01,2017,6,BOGOTA D.C.,329472
2017-06-01,2017,6,BOLIVAR,26523
2017-06-01,2017,6,CALDAS,573
2017-06-01,2017,6,CAQUETA,29
2017-06-01,2017,6,CASANARE,40
2017-06-01,2017,6,CAUCA,133
2017-06-01,2017,6,CESAR,243
2017-06-01,2017,6,CORDOBA,471
2017-06-01,2017,6,HUILA,376
2017-06-01,2017,6,LA GUAJIRA,81
2017-06-01,2017,6,MAGDALENA,732
2017-06-01,2017,6,META,41
2017-06-01,2017,6,NARINO,310
2017-06-01,2017,6,NORTE DE SANTANDER,1373
2017-06-01,2017,6,QUINDIO,4694
2017-06-01,2017,6,RISARALDA,8142
2017-06-01,2017,6,"SAN ANDRES, PROVIDENCIA Y SANTA CATALINA",2905
2017-06-01,2017,6,SANTANDER,3694
2017-06-01,2017,6,TOLIMA,233
2017-06-01,2017,6,VALLE DEL CAUCA,36990
2017-07-01,2017,7,AMAZONAS,45
2017-07-01,2017,7,ANTIOQUIA,76760
2017-07-01,2017,7,ATLANTICO,16118
2017-07-01,2017,7,BOGOTA D.C.,400526
2017-07-01,2017,7,BOLIVAR,31721
2017-07-01,2017,7,CALDAS,603
2017-07-01,2017,7,CAQUETA,24
2017-07-01,2017,7,CASANARE,41
2017-07-01,2017,7,CAUCA,133
2017-07-01,2017,7,CESAR,308
2017-07-01,2017,7,CORDOBA,588
2017-07-01,2017,7,HUILA,469
2017-07-01,2017,7,LA GUAJIRA,91
2017-07-01,2017,7,MAGDALENA,1164
2017-07-01,2017,7,META,32
2017-07-01,2017,7,NARINO,371
2017-07-01,2017,7,NORTE DE SANTANDER,1482
2017-07-01,2017,7,QUINDIO,4512
2017-07-01,2017,7,RISARALDA,9195
2017-07-01,2017,7,"SAN ANDRES, PROVIDENCIA Y SANTA CATALINA",4359
2017-07-01,2017,7,SANTANDER,4261
2017-07-01,2017,7,TOLIMA,189
2017-07-01,2017,7,VALLE DEL CAUCA,43583
2017-08-01,2017,8,AMAZONAS,33
2017-08-01,2017,8,ANTIOQUIA,67510
2017-08-01,2017,8,ATLANTICO,13083
2017-08-01,2017,8,BOGOTA D.C.,361551
2017-08-01,2017,8,BOLIVAR,30177
2017-08-01,2017,8,CALDAS,620
2017-08-01,2017,8,CAQUETA,15
2017-08-01,2017,8,CASANARE,38
2017-08-01,2017,8,CAUCA,114
2017-08-01,2017,8,CESAR,248
2017-08-01,2017,8,CORDOBA,429
2017-08-01,2017,8,HUILA,281
2017-08-01,2017,8,LA GUAJIRA,139
2017-08-01,2017,8,MAGDALENA,898
2017-08-01,2017,8,META,32
2017-08-01,2017,8,NARINO,390
2017-08-01,2017,8,NORTE DE SANTANDER,1932
2017-08-01,2017,8,QUINDIO,4307
2017-08-01,2017,8,RISARALDA,8599
2017-08-01,2017,8,"SAN ANDRES, PROVIDENCIA Y SANTA CATALINA",4485
2017-08-01,2017,8,SANTANDER,3599
2017-08-01,2017,8,TOLIMA,145
2017-08-01,2017,8,VALLE DEL CAUCA,46113
2017-09-01,2017,9,AMAZONAS,14
2017-09-01,2017,9,ANTIOQUIA,56923
2017-09-01,2017,9,ATLANTICO,9862
2017-09-01,2017,9,BOGOTA D.C.,317279
2017-09-01,2017,9,BOLIVAR,27777
2017-09-01,2017,9,CALDAS,422
2017-09-01,2017,9,CAQUETA,7
2017-09-01,2017,9,CASANARE,31
2017-09-01,2017,9,CAUCA,110
2017-09-01,2017,9,CESAR,162
2017-09-01,2017,9,CORDOBA,288
2017-09-01,2017,9,HUILA,184
2017-09-01,2017,9,LA GUAJIRA,95
2017-09-01,2017,9,MAGDALENA,695
2017-09-01,2017,9,META,24
2017-09-01,2017,9,NARINO,197
2017-09-01,2017,9,NORTE DE SANTANDER,1544
2017-09-01,2017,9,QUINDIO,3057
2017-09-01,2017,9,RISARALDA,7085
2017-09-01,2017,9,"SAN ANDRES, PROVIDENCIA Y SANTA CATALINA",3437
2017-09-01,2017,9,SANTANDER,3052
2017-09-01,2017,9,TOLIMA,113
2017-09-01,2017,9,VALLE DEL CAUCA,33801
2017-10-01,2017,10,AMAZONAS,5
2017-10-01,2017,10,ANTIOQUIA,64796
2017-10-01,2017,10,ATLANTICO,11938
2017-10-01,2017,10,BOGOTA D.C.,357997
2017-10-01,2017,10,BOLIVAR,27162
2017-10-01,2017,10,CALDAS,187
2017-10-01,2017,10,CAQUETA,4
2017-10-01,2017,10,CASANARE,22
2017-10-01,2017,10,CAUCA,108
2017-10-01,2017,10,CESAR,55
2017-10-01,2017,10,CORDOBA,86
2017-10-01,2017,10,HUILA,92
2017-10-01,2017,10,LA GUAJIRA,41
2017-10-01,2017,10,MAGDALENA,426
2017-10-01,2017,10,META,12
2017-10-01,2017,10,NARINO,126
2017-10-01,2017,10,NORTE DE SANTANDER,1159
2017-10-01,2017,10,QUINDIO,3610
2017-10-01,2017,10,RISARALDA,6475
2017-10-01,2017,10,"SAN ANDRES, PROVIDENCIA Y SANTA CATALINA",3515
2017-10-01,2017,10,SANTANDER,2901
2017-10-01,2017,10,TOLIMA,77
2017-10-01,2017,10,VALLE DEL CAUCA,33847
2017-11-01,2017,11,AMAZONAS,35
2017-11-01,2017,11,ANTIOQUIA,68280
2017-11-01,2017,11,ATLANTICO,12694
2017-11-01,2017,11,BOGOTA D.C.,349532
2017-11-01,2017,11,BOLIVAR,28770
2017-11-01,2017,11,CALDAS,259
2017-11-01,2017,11,CAQUETA,9
2017-11-01,2017,11,CASANARE,28
2017-11-01,2017,11,CAUCA,134
2017-11-01,2017,11,CESAR,147
2017-11-01,2017,11,CORDOBA,171
2017-11-01,2017,11,HUILA,251
2017-11-01,2017,11,LA GUAJIRA,53
2017-11-01,2017,11,MAGDALENA,814
2017-11-01,2017,11,META,26
2017-11-01,2017,11,NARINO,274
2017-11-01,2017,11,NORTE DE SANTANDER,1436
2017-11-01,2017,11,QUINDIO,2967
2017-11-01,2017,11,RISARALDA,7586
2017-11-01,2017,11,"SAN ANDRES, PROVIDENCIA Y SANTA CATALINA",3970
2017-11-01,2017,11,SANTANDER,3261
2017-11-01,2017,11,TOLIMA,93
2017-11-01,2017,11,VALLE DEL CAUCA,37620
2017-12-01,2017,12,AMAZONAS,39
2017-12-01,2017,12,ANTIOQUIA,82427
2017-12-01,2017,12,ATLANTICO,15707
2017-12-01,2017,12,BOGOTA D.C.,387510
2017-12-01,2017,12,BOLIVAR,39874
2017-12-01,2017,12,CALDAS,558
2017-12-01,2017,12,CAQUETA,26
2017-12-01,2017,12,CASANARE,75
2017-12-01,2017,12,CAUCA,198
2017-12-01,2017,12,CESAR,374
2017-12-01,2017,12,CORDOBA,682
2017-12-01,2017,12,HUILA,395
2017-12-01,2017,12,LA GUAJIRA,94
2017-12-01,2017,12,MAGDALENA,922
2017-12-01,2017,12,META,49
2017-12-01,2017,12,NARINO,447
2017-12-01,2017,12,NORTE DE SANTANDER,2233
2017-12-01,2017,12,QUINDIO,4469
2017-12-01,2017,12,RISARALDA,12420
2017-12-01,2017,12,"SAN ANDRES, PROVIDENCIA Y SANTA CATALINA",3812
2017-12-01,2017,12,SANTANDER,4550
2017-12-01,2017,12,TOLIMA,204
2017-12-01,2017,12,VALLE DEL CAUCA,51634
2018-01-01,2018,1,AMAZONAS,29
2018-01-01,2018,1,ANTIOQUIA,75024
2018-01-01,2018,1,ATLANTICO,14284
2018-01-01,2018,1,BOGOTA D.C.,381177
2018-01-01,2018,1,BOLIVAR,40684
2018-01-01,2018,1,CALDAS,381
2018-01-01,2018,1,CAQUETA,13
2018-01-01,2018,1,CASANARE,29
2018-01-01,2018,1,CAUCA,104
2018-01-01,2018,1,CESAR,284
2018-01-01,2018,1,CORDOBA,447
2018-01-01,2018,1,HUILA,304
2018-01-01,2018,1,LA GUAJIRA,121
2018-01-01,2018,1,MAGDALENA,879
2018-01-01,2018,1,META,48
2018-01-01,2018,1,NARINO,350
2018-01-01,2018,1,NORTE DE SANTANDER,2531
2018-01-01,2018,1,QUINDIO,3110
2018-01-01,2018,1,RISARALDA,9197
2018-01-01,2018,1,"SAN ANDRES, PROVIDENCIA Y SANTA CATALINA",3933
2018-01-01,2018,1,SANTANDER,3800
2018-01-01,2018,1,TOLIMA,123
2018-01-01,2018,1,VALLE DEL CAUCA,40850
2018-02-01,2018,2,AMAZONAS,29
2018-02-01,2018,2,ANTIOQUIA,55835
2018-02-01,2018,2,ATLANTICO,12398
2018-02-01,2018,2,BOGOTA D.C.,298362
2018-02-01,2018,2,BOLIVAR,40746
2018-02-01,2018,2,CALDAS,311
2018-02-01,2018,2,CAQUETA,10
2018-02-01,2018,2,CASANARE,32
2018-02-01,2018,2,CAUCA,87
2018-02-01,2018,2,CESAR,172
2018-02-01,2018,2,CORDOBA,212
2018-02-01,2018,2,HUILA,134
2018-02-01,2018,2,LA GUAJIRA,65
2018-02-01,2018,2,MAGDALENA,764
2018-02-01,2018,2,META,34
2018-02-01,2018,2,NARINO,203
2018-02-01,2018,2,NORTE DE SANTANDER,1482
2018-02-01,2018,2,QUINDIO,2513
2018-02-01,2018,2,RISARALDA,6405
2018-02-01,2018,2,"SAN ANDRES, PROVIDENCIA Y SANTA CATALINA",4598
2018-02-01,2018,2,SANTANDER,2620
2018-02-01,2018,2,TOLIMA,104
2018-02-01,2018,2,VALLE DEL CAUCA,33981
2018-03-01,2018,3,AMAZONAS,37
2018-03-01,2018,3,ANTIOQUIA,64337
2018-03-01,2018,3,ATLANTICO,12234
2018-03-01,2018,3,BOGOTA D.C.,344829
2018-03-01,2018,3,BOLIVAR,43456
2018-03-01,2018,3,CALDAS,320
2018-03-01,2018,3,CAQUETA,43
2018-03-01,2018,3,CASANARE,39
2018-03-01,2018,3,CAUCA,89
2018-03-01,2018,3,CESAR,213
2018-03-01,2018,3,CORDOBA,294
2018-03-01,2018,3,HUILA,215
2018-03-01,2018,3,LA GUAJIRA,77
2018-03-01,2018,3,MAGDALENA,819
2018-03-01,2018,3,META,41
2018-03-01,2018,3,NARINO,225
2018-03-01,2018,3,NORTE DE SANTANDER,1637
2018-03-01,2018,3,QUINDIO,2799
2018-03-01,2018,3,RISARALDA,7566
2018-03-01,2018,3,"SAN ANDRES, PROVIDENCIA Y SANTA CATALINA",4852
2018-03-01,2018,3,SANTANDER,3337
2018-03-01,2018,3,TOLIMA,144
2018-03-01,2018,3,VALLE DEL CAUCA,38899
2018-04-01,2018,4,AMAZONAS,28
2018-04-01,2018,4,ANTIOQUIA,65914
2018-04-01,2018,4,ATLANTICO,11161
2018-04-01,2018,4,BOGOTA D.C.,343007
2018-04-01,2018,4,BOLIVAR,38670
2018-04-01,2018,4,CALDAS,289
2018-04-01,2018,4,CAQUETA,9
2018-04-01,2018,4,CASANARE,35
2018-04-01,2018,4,CAUCA,101
2018-04-01,2018,4,CESAR,299
2018-04-01,2018,4,CORDOBA,311
2018-04-01,2018,4,HUILA,165
2018-04-01,2018,4,LA GUAJIRA,90
2018-04-01,2018,4,MAGDALENA,983
2018-04-01,2018,4,META,45
2018-04-01,2018,4,NARINO,312
2018-04-01,2018,4,NORTE DE SANTANDER,1763
2018-04-01,2018,4,QUINDIO,2806
2018-04-01,2018,4,RISARALDA,7118
2018-04-01,2018,4,"SAN ANDRES, PROVIDENCIA Y SANTA CATALINA",3943
2018-04-01,2018,4,SANTANDER,3095
2018-04-01,2018,4,TOLIMA,150
2018-04-01,2018,4,VALLE DEL CAUCA,36101
2018-05-01,2018,5,AMAZONAS,32
2018-05-01,2018,5,ANTIOQUIA,68641
2018-05-01,2018,5,ATLANTICO,11857
2018-05-01,2018,5,BOGOTA D.C.,348320
2018-05-01,2018,5,BOLIVAR,35581
2018-05-01,2018,5,CALDAS,434
2018-05-01,2018,5,CAQUETA,8
2018-05-01,2018,5,CASANARE,23
2018-05-01,2018,5,CAUCA,65
2018-05-01,2018,5,CESAR,256
2018-05-01,2018,5,CORDOBA,416
2018-05-01,2018,5,HUILA,224
2018-05-01,2018,5,LA GUAJIRA,61
2018-05-01,2018,5,MAGDALENA,695
2018-05-01,2018,5,META,54
2018-05-01,2018,5,NARINO,268
2018-05-01,2018,5,NORTE DE SANTANDER,1763
2018-05-01,2018,5,QUINDIO,3417
2018-05-01,2018,5,RISARALDA,8095
2018-05-01,2018,5,"SAN ANDRES, PROVIDENCIA Y SANTA CATALINA",3453
2018-05-01,2018,5,SANTANDER,3337
2018-05-01,2018,5,TOLIMA,146
2018-05-01,2018,5,VALLE DEL CAUCA,37808
2018-06-01,2018,6,AMAZONAS,75
2018-06-01,2018,6,ANTIOQUIA,74665
2018-06-01,2018,6,ATLANTICO,13213
2018-06-01,2018,6,BOGOTA D.C.,364701
2018-06-01,2018,6,BOLIVAR,37731
2018-06-01,2018,6,CALDAS,484
2018-06-01,2018,6,CAQUETA,5
2018-06-01,2018,6,CASANARE,45
2018-06-01,2018,6,CAUCA,103
2018-06-01,2018,6,CESAR,243
2018-06-01,2018,6,CORDOBA,429
2018-06-01,2018,6,HUILA,397
2018-06-01,2018,6,LA GUAJIRA,77
2018-06-01,2018,6,MAGDALENA,875
2018-06-01,2018,6,META,42
2018-06-01,2018,6,NARINO,313
2018-06-01,2018,6,NORTE DE SANTANDER,1766
2018-06-01,2018,6,QUINDIO,4064
2018-06-01,2018,6,RISARALDA,9542
2018-06-01,2018,6,"SAN ANDRES, PROVIDENCIA Y SANTA CATALINA",3486
2018-06-01,2018,6,SANTANDER,3971
2018-06-01,2018,6,TOLIMA,257
2018-06-01,2018,6,VALLE DEL CAUCA,41145
2018-07-01,2018,7,AMAZONAS,90
2018-07-01,2018,7,ANTIOQUIA,83567
2018-07-01,2018,7,ATLANTICO,18726
2018-07-01,2018,7,BOGOTA D.C.,435058
2018-07-01,2018,7,BOLIVAR,43866
2018-07-01,2018,7,CALDAS,432
2018-07-01,2018,7,CAQUETA,16
2018-07-01,2018,7,CASANARE,53
2018-07-01,2018,7,CAUCA,103
2018-07-01,2018,7,CESAR,309
2018-07-01,2018,7,CORDOBA,439
2018-07-01,2018,7,HUILA,239
2018-07-01,2018,7,LA GUAJIRA,79
2018-07-01,2018,7,MAGDALENA,1112
2018-07-01,2018,7,META,45
2018-07-01,2018,7,NARINO,445
2018-07-01,2018,7,NORTE DE SANTANDER,1721
2018-07-01,2018,7,QUINDIO,4346
2018-07-01,2018,7,RISARALDA,10078
2018-07-01,2018,7,"SAN ANDRES, PROVIDENCIA Y SANTA CATALINA",3587
2018-07-01,2018,7,SANTANDER,4380
2018-07-01,2018,7,TOLIMA,199
2018-07-01,2018,7,VALLE DEL CAUCA,50295
2018-08-01,2018,8,AMAZONAS,30
2018-08-01,2018,8,ANTIOQUIA,74191
2018-08-01,2018,8,ATLANTICO,12817
2018-08-01,2018,8,BOGOTA D.C.,398892
2018-08-01,2018,8,BOLIVAR,41405
2018-08-01,2018,8,CALDAS,386
2018-08-01,2018,8,CAQUETA,12
2018-08-01,2018,8,CASANARE,47
2018-08-01,2018,8,CAUCA,159
2018-08-01,2018,8,CESAR,266
2018-08-01,2018,8,CORDOBA,407
2018-08-01,2018,8,HUILA,248
2018-08-01,2018,8,LA GUAJIRA,148
2018-08-01,2018,8,MAGDALENA,758
2018-08-01,2018,8,META,47
2018-08-01,2018,8,NARINO,334
2018-08-01,2018,8,NORTE DE SANTANDER,1638
2018-08-01,2018,8,QUINDIO,3853
2018-08-01,2018,8,RISARALDA,9375
2018-08-01,2018,8,"SAN ANDRES, PROVIDENCIA Y SANTA CATALINA",3788
2018-08-01,2018,8,SANTANDER,3754
2018-08-01,2018,8,TOLIMA,153
2018-08-01,2018,8,VALLE DEL CAUCA,48603
2018-09-01,2018,9,AMAZONAS,28
2018-09-01,2018,9,ANTIOQUIA,65740
2018-09-01,2018,9,ATLANTICO,10629
2018-09-01,2018,9,BOGOTA D.C.,357425
2018-09-01,2018,9,BOLIVAR,36023
2018-09-01,2018,9,CALDAS,387
2018-09-01,2018,9,CAQUETA,14
2018-09-01,2018,9,CASANARE,71
2018-09-01,2018,9,CAUCA,118
2018-09-01,2018,9,CESAR,269
2018-09-01,2018,9,CORDOBA,344
2018-09-01,2018,9,HUILA,314
2018-09-01,2018,9,LA GUAJIRA,82
2018-09-01,2018,9,MAGDALENA,792
2018-09-01,2018,9,META,34
2018-09-01,2018,9,NARINO,396
2018-09-01,2018,9,NORTE DE SANTANDER,2216
2018-09-01,2018,9,QUINDIO,3366
2018-09-01,2018,9,RISARALDA,8594
2018-09-01,2018,9,"SAN ANDRES, PROVIDENCIA Y SANTA CATALINA",3417
2018-09-01,2018,9,SANTANDER,3764
2018-09-01,2018,9,TOLIMA,153
2018-09-01,2018,9,VALLE DEL CAUCA,41733
2018-10-01,2018,10,AMAZONAS,37
2018-10-01,2018,10,ANTIOQUIA,73792
2018-10-01,2018,10,ATLANTICO,13593
2018-10-01,2018,10,BOGOTA D.C.,387069
2018-10-01,2018,10,BOLIVAR,36254
2018-10-01,2018,10,CALDAS,407
2018-10-01,2018,10,CAQUETA,28
2018-10-01,2018,10,CASANARE,25
2018-10-01,2018,10,CAUCA,109
2018-10-01,2018,10,CESAR,340
2018-10-01,2018,10,CORDOBA,499
2018-10-01,2018,10,HUILA,303
2018-10-01,2018,10,LA GUAJIRA,107
2018-10-01,2018,10,MAGDALENA,820
2018-10-01,2018,10,META,72
2018-10-01,2018,10,NARINO,351
2018-10-01,2018,10,NORTE DE SANTANDER,2475
2018-10-01,2018,10,QUINDIO,3380
2018-10-01,2018,10,RISARALDA,9225
2018-10-01,2018,10,"SAN ANDRES, PROVIDENCIA Y SANTA CATALINA",3407
2018-10-01,2018,10,SANTANDER,4380
2018-10-01,2018,10,SUCRE,2
2018-10-01,2018,10,TOLIMA,180
2018-10-01,2018,10,VALLE DEL CAUCA,40106
2018-11-01,2018,11,AMAZONAS,32
2018-11-01,2018,11,ANTIOQUIA,76905
2018-11-01,2018,11,ATLANTICO,14073
2018-11-01,2018,11,BOGOTA D.C.,379442
2018-11-01,2018,11,BOLIVAR,42276
2018-11-01,2018,11,CALDAS,341
2018-11-01,2018,11,CAQUETA,17
2018-11-01,2018,11,CASANARE,57
2018-11-01,2018,11,CAUCA,143
2018-11-01,2018,11,CESAR,322
2018-11-01,2018,11,CORDOBA,573
2018-11-01,2018,11,HUILA,250
2018-11-01,2018,11,LA GUAJIRA,146
2018-11-01,2018,11,MAGDALENA,1094
2018-11-01,2018,11,META,71
2018-11-01,2018,11,NARINO,458
2018-11-01,2018,11,NORTE DE SANTANDER,2432
2018-11-01,2018,11,QUINDIO,3502
2018-11-01,2018,11,RISARALDA,9850
2018-11-01,2018,11,"SAN ANDRES, PROVIDENCIA Y SANTA CATALINA",3656
2018-11-01,2018,11,SANTANDER,4718
2018-11-01,2018,11,SUCRE,15
2018-11-01,2018,11,TOLIMA,182
2018-11-01,2018,11,VALLE DEL CAUCA,43243
2018-12-01,2018,12,AMAZONAS,41
2018-12-01,2018,12,ANTIOQUIA,93971
2018-12-01,2018,12,ATLANTICO,17376
2018-12-01,2018,12,BOGOTA D.C.,427459
2018-12-01,2018,12,BOLIVAR,48772
2018-12-01,2018,12,CALDAS,888
2018-12-01,2018,12,CAQUETA,36
2018-12-01,2018,12,CASANARE,51
2018-12-01,2018,12,CAUCA,194
2018-12-01,2018,12,CESAR,516
2018-12-01,2018,12,CORDOBA,832
2018-12-01,2018,12,HUILA,363
2018-12-01,2018,12,LA GUAJIRA,144
2018-12-01,2018,12,MAGDALENA,1855
2018-12-01,2018,12,META,84
2018-12-01,2018,12,NARINO,613
2018-12-01,2018,12,NORTE DE SANTANDER,3287
2018-12-01,2018,12,QUINDIO,4727
2018-12-01,2018,12,RISARALDA,16629
2018-12-01,2018,12,"SAN ANDRES, PROVIDENCIA Y SANTA CATALINA",3474
2018-12-01,2018,12,SANTANDER,5946
2018-12-01,2018,12,SUCRE,33
2018-12-01,2018,12,TOLIMA,359
2018-12-01,2018,12,VALLE DEL CAUCA,61968
2019-01-01,2019,1,AMAZONAS,25
2019-01-01,2019,1,ANTIOQUIA,85175
2019-01-01,2019,1,ATLANTICO,15444
2019-01-01,2019,1,BOGOTA D.C.,420271
2019-01-01,2019,1,BOLIVAR,49570
2019-01-01,2019,1,CALDAS,588
2019-01-01,2019,1,CAQUETA,21
2019-01-01,2019,1,CASANARE,26
2019-01-01,2019,1,CAUCA,120
2019-01-01,2019,1,CESAR,429
2019-01-01,2019,1,CORDOBA,603
2019-01-01,2019,1,HUILA,274
2019-01-01,2019,1,LA GUAJIRA,154
2019-01-01,2019,1,MAGDALENA,2411
2019-01-01,2019,1,META,37
2019-01-01,2019,1,NARINO,355
2019-01-01,2019,1,NORTE DE SANTANDER,3399
2019-01-01,2019,1,QUINDIO,3504
2019-01-01,2019,1,RISARALDA,11497
2019-01-01,2019,1,"SAN ANDRES, PROVIDENCIA Y SANTA CATALINA",3893
2019-01-01,2019,1,SANTANDER,5123
2019-01-01,2019,1,SUCRE,27
2019-01-01,2019,1,TOLIMA,212
2019-01-01,2019,1,VALLE DEL CAUCA,50892
2019-02-01,2019,2,AMAZONAS,27
2019-02-01,2019,2,ANTIOQUIA,62270
2019-02-01,2019,2,ATLANTICO,13551
2019-02-01,2019,2,BOGOTA D.C.,332054
2019-02-01,2019,2,BOLIVAR,47654
2019-02-01,2019,2,CALDAS,324
2019-02-01,2019,2,CAQUETA,11
2019-02-01,2019,2,CASANARE,25
2019-02-01,2019,2,CAUCA,68
2019-02-01,2019,2,CESAR,280
2019-02-01,2019,2,CORDOBA,351
2019-02-01,2019,2,HUILA,177
2019-02-01,2019,2,LA GUAJIRA,153
2019-02-01,2019,2,MAGDALENA,1799
2019-02-01,2019,2,META,48
2019-02-01,2019,2,NARINO,271
2019-02-01,2019,2,NORTE DE SANTANDER,2508
2019-02-01,2019,2,QUINDIO,2370
2019-02-01,2019,2,RISARALDA,8612
2019-02-01,2019,2,"SAN ANDRES, PROVIDENCIA Y SANTA CATALINA",4626
2019-02-01,2019,2,SANTANDER,3443
2019-02-01,2019,2,SUCRE,20
2019-02-01,2019,2,TOLIMA,138
2019-02-01,2019,2,VALLE DEL CAUCA,40268
2019-03-01,2019,3,AMAZONAS,53
2019-03-01,2019,3,ANTIOQUIA,67034
2019-03-01,2019,3,ATLANTICO,14233
2019-03-01,2019,3,BOGOTA D.C.,346428
2019-03-01,2019,3,BOLIVAR,49224
2019-03-01,2019,3,CALDAS,272
2019-03-01,2019,3,CAQUETA,14
2019-03-01,2019,3,CASANARE,36
2019-03-01,2019,3,CAUCA,57
2019-03-01,2019,3,CESAR,288
2019-03-01,2019,3,CORDOBA,404
2019-03-01,2019,3,HUILA,226
2019-03-01,2019,3,LA GUAJIRA,173
2019-03-01,2019,3,MAGDALENA,1688
2019-03-01,2019,3,META,44
2019-03-01,2019,3,NARINO,345
2019-03-01,2019,3,NORTE DE SANTANDER,2043
2019-03-01,2019,3,QUINDIO,2517
2019-03-01,2019,3,RISARALDA,9281
2019-03-01,2019,3,"SAN ANDRES, PROVIDENCIA Y SANTA CATALINA",5103
2019-03-01,2019,3,SANTANDER,3321
2019-03-01,2019,3,SUCRE,28
2019-03-01,2019,3,TOLIMA,149
2019-03-01,2019,3,VALLE DEL CAUCA,44920
2019-04-01,2019,4,AMAZONAS,33
2019-04-01,2019,4,ANTIOQUIA,71295
2019-04-01,2019,4,ATLANTICO,12537
2019-04-01,2019,4,BOGOTA D.C.,356612
2019-04-01,2019,4,BOLIVAR,40676
2019-04-01,2019,4,CALDAS,214
2019-04-01,2019,4,CAQUETA,58
2019-04-01,2019,4,CASANARE,27
2019-04-01,2019,4,CAUCA,12
2019-04-01,2019,4,CESAR,440
2019-04-01,2019,4,CORDOBA,570
2019-04-01,2019,4,HUILA,211
2019-04-01,2019,4,LA GUAJIRA,151
2019-04-01,2019,4,MAGDALENA,1572
2019-04-01,2019,4,META,51
2019-04-01,2019,4,NARINO,320
2019-04-01,2019,4,NORTE DE SANTANDER,2291
2019-04-01,2019,4,QUINDIO,2538
2019-04-01,2019,4,RISARALDA,8178
2019-04-01,2019,4,"SAN ANDRES, PROVIDENCIA Y SANTA CATALINA",3658
2019-04-01,2019,4,SANTANDER,3738
2019-04-01,2019,4,SUCRE,25
2019-04-01,2019,4,TOLIMA,181
2019-04-01,2019,4,VALLE DEL CAUCA,43972
2019-05-01,2019,5,AMAZONAS,44
2019-05-01,2019,5,ANTIOQUIA,75280
2019-05-01,2019,5,ATLANTICO,12518
2019-05-01,2019,5,BOGOTA D.C.,351443
2019-05-01,2019,5,BOLIVAR,37328
2019-05-01,2019,5,CALDAS,279
2019-05-01,2019,5,CAQUETA,5
2019-05-01,2019,5,CASANARE,26
2019-05-01,2019,5,CAUCA,42
2019-05-01,2019,5,CESAR,355
2019-05-01,2019,5,CORDOBA,483
2019-05-01,2019,5,HUILA,245
2019-05-01,2019,5,LA GUAJIRA,274
2019-05-01,2019,5,MAGDALENA,1112
2019-05-01,2019,5,META,30
2019-05-01,2019,5,NARINO,367
2019-05-01,2019,5,NORTE DE SANTANDER,2533
2019-05-01,2019,5,QUINDIO,3046
2019-05-01,2019,5,RISARALDA,9335
2019-05-01,2019,5,"SAN ANDRES, PROVIDENCIA Y SANTA CATALINA",3579
2019-05-01,2019,5,SANTANDER,3658
2019-05-01,2019,5,SUCRE,35
2019-05-01,2019,5,TOLIMA,136
2019-05-01,2019,5,VALLE DEL CAUCA,43569
2019-06-01,2019,6,AMAZONAS,79
2019-06-01,2019,6,ANTIOQUIA,90488
2019-06-01,2019,6,ATLANTICO,14176
2019-06-01,2019,6,BOGOTA D.C.,365193
2019-06-01,2019,6,BOLIVAR,38148
2019-06-01,2019,6,CALDAS,388
2019-06-01,2019,6,CAQUETA,4
2019-06-01,2019,6,CASANARE,18
2019-06-01,2019,6,CAUCA,60
2019-06-01,2019,6,CESAR,363
2019-06-01,2019,6,CORDOBA,553
2019-06-01,2019,6,HUILA,397
2019-06-01,2019,6,LA GUAJIRA,290
2019-06-01,2019,6,MAGDALENA,1309
2019-06-01,2019,6,META,41
2019-06-01,2019,6,NARINO,425
2019-06-01,2019,6,NORTE DE SANTANDER,2748
2019-06-01,2019,6,QUINDIO,4087
2019-06-01,2019,6,RISARALDA,10000
2019-06-01,2019,6,"SAN ANDRES, PROVIDENCIA Y SANTA CATALINA",3106
2019-06-01,2019,6,SANTANDER,4582
2019-06-01,2019,6,SUCRE,25
2019-06-01,2019,6,TOLIMA,45
2019-06-01,2019,6,VALLE DEL CAUCA,46238
2019-07-01,2019,7,AMAZONAS,77
2019-07-01,2019,7,ANTIOQUIA,93995
2019-07-01,2019,7,ATLANTICO,15065
2019-07-01,2019,7,BOGOTA D.C.,425646
2019-07-01,2019,7,BOLIVAR,43854
2019-07-01,2019,7,CALDAS,349
2019-07-01,2019,7,CAQUETA,8
2019-07-01,2019,7,CASANARE,24
2019-07-01,2019,7,CAUCA,109
2019-07-01,2019,7,CESAR,400
2019-07-01,2019,7,CORDOBA,583
2019-07-01,2019,7,HUILA,227
2019-07-01,2019,7,LA GUAJIRA,218
2019-07-01,2019,7,MAGDALENA,1231
2019-07-01,2019,7,META,107
2019-07-01,2019,7,NARINO,519
2019-07-01,2019,7,NORTE DE SANTANDER,2770
2019-07-01,2019,7,QUINDIO,4053
2019-07-01,2019,7,RISARALDA,11535
2019-07-01,2019,7,"SAN ANDRES, PROVIDENCIA Y SANTA CATALINA",3376
2019-07-01,2019,7,SANTANDER,4519
2019-07-01,2019,7,SUCRE,35
2019-07-01,2019,7,TOLIMA,182
2019-07-01,2019,7,VALLE DEL CAUCA,53566
2019-08-01,2019,8,AMAZONAS,44
2019-08-01,2019,8,ANTIOQUIA,85758
2019-08-01,2019,8,ATLANTICO,13292
2019-08-01,2019,8,BOGOTA D.C.,396771
2019-08-01,2019,8,BOLIVAR,42944
2019-08-01,2019,8,CALDAS,18
2019-08-01,2019,8,CAQUETA,2
2019-08-01,2019,8,CASANARE,18
2019-08-01,2019,8,CAUCA,13
2019-08-01,2019,8,CESAR,292
2019-08-01,2019,8,CORDOBA,470
2019-08-01,2019,8,HUILA,86
2019-08-01,2019,8,LA GUAJIRA,336
2019-08-01,2019,8,MAGDALENA,1185
2019-08-01,2019,8,META,82
2019-08-01,2019,8,NARINO,368
2019-08-01,2019,8,NORTE DE SANTANDER,2964
2019-08-01,2019,8,QUINDIO,3455
2019-08-01,2019,8,RISARALDA,10624
2019-08-01,2019,8,"SAN ANDRES, PROVIDENCIA Y SANTA CATALINA",3751
2019-08-01,2019,8,SANTANDER,3842
2019-08-01,2019,8,SUCRE,33
2019-08-01,2019,8,TOLIMA,0
2019-08-01,2019,8,VALLE DEL CAUCA,51384
2019-09-01,2019,9,AMAZONAS,38
2019-09-01,2019,9,ANTIOQUIA,75305
2019-09-01,2019,9,ATLANTICO,11641
2019-09-01,2019,9,BOGOTA D.C.,353814
2019-09-01,2019,9,BOLIVAR,34690
2019-09-01,2019,9,CALDAS,0
2019-09-01,2019,9,CAQUETA,0
2019-09-01,2019,9,CASANARE,2
2019-09-01,2019,9,CAUCA,0
2019-09-01,2019,9,CESAR,279
2019-09-01,2019,9,CORDOBA,384
2019-09-01,2019,9,HUILA,70
2019-09-01,2019,9,LA GUAJIRA,558
2019-09-01,2019,9,MAGDALENA,987
2019-09-01,2019,9,META,101
2019-09-01,2019,9,NARINO,307
2019-09-01,2019,9,NORTE DE SANTANDER,3641
2019-09-01,2019,9,QUINDIO,3007
2019-09-01,2019,9,RISARALDA,8628
2019-09-01,2019,9,"SAN ANDRES, PROVIDENCIA Y SANTA CATALINA",3401
2019-09-01,2019,9,SANTANDER,3675
2019-09-01,2019,9,SUCRE,13
2019-09-01,2019,9,TOLIMA,0
2019-09-01,2019,9,VALLE DEL CAUCA,42206
2019-10-01,2019,10,AMAZONAS,21
2019-10-01,2019,10,ANTIOQUIA,83038
2019-10-01,2019,10,ATLANTICO,12945
2019-10-01,2019,10,BOGOTA D.C.,364145
2019-10-01,2019,10,BOLIVAR,37560
2019-10-01,2019,10,CALDAS,0
2019-10-01,2019,10,CAQUETA,0
2019-10-01,2019,10,CASANARE,36
2019-10-01,2019,10,CAUCA,0
2019-10-01,2019,10,CESAR,338
2019-10-01,2019,10,CORDOBA,577
2019-10-01,2019,10,HUILA,0
2019-10-01,2019,10,LA GUAJIRA,427
2019-10-01,2019,10,MAGDALENA,1070
2019-10-01,2019,10,META,94
2019-10-01,2019,10,NARINO,380
2019-10-01,2019,10,NORTE DE SANTANDER,3775
2019-10-01,2019,10,QUINDIO,3434
2019-10-01,2019,10,RISARALDA,9514
2019-10-01,2019,10,"SAN ANDRES, PROVIDENCIA Y SANTA CATALINA",3134
2019-10-01,2019,10,SANTANDER,4210
2019-10-01,2019,10,SUCRE,25
2019-10-01,2019,10,TOLIMA,41
2019-10-01,2019,10,VALLE DEL CAUCA,42012
2019-11-01,2019,11,AMAZONAS,73
2019-11-01,2019,11,ANTIOQUIA,82604
2019-11-01,2019,11,ATLANTICO,12754
2019-11-01,2019,11,BOGOTA D.C.,358155
2019-11-01,2019,11,BOLIVAR,45894
2019-11-01,2019,11,CESAR,382
2019-11-01,2019,11,CORDOBA,601
2019-11-01,2019,11,LA GUAJIRA,290
2019-11-01,2019,11,MAGDALENA,1065
2019-11-01,2019,11,META,8
2019-11-01,2019,11,NARINO,369
2019-11-01,2019,11,NORTE DE SANTANDER,3651
2019-11-01,2019,11,QUINDIO,3230
2019-11-01,2019,11,RISARALDA,10144
2019-11-01,2019,11,"SAN ANDRES, PROVIDENCIA Y SANTA CATALINA",3105
2019-11-01,2019,11,SANTANDER,3870
2019-11-01,2019,11,SUCRE,15
2019-11-01,2019,11,VALLE DEL CAUCA,42849
2019-12-01,2019,12,AMAZONAS,20
2019-12-01,2019,12,ANTIOQUIA,95888
2019-12-01,2019,12,ATLANTICO,16070
2019-12-01,2019,12,BOGOTA D.C.,404315
2019-12-01,2019,12,BOLIVAR,51590
2019-12-01,2019,12,CESAR,646
2019-12-01,2019,12,CORDOBA,842
2019-12-01,2019,12,LA GUAJIRA,316
2019-12-01,2019,12,MAGDALENA,1388
2019-12-01,2019,12,NARINO,609
2019-12-01,2019,12,NORTE DE SANTANDER,4737
2019-12-01,2019,12,QUINDIO,4915
2019-12-01,2019,12,RISARALDA,14661
2019-12-01,2019,12,"SAN ANDRES, PROVIDENCIA Y SANTA CATALINA",3453
2019-12-01,2019,12,SANTANDER,5362
2019-12-01,2019,12,SUCRE,29
2019-12-01,2019,12,VALLE DEL CAUCA,55844
2020-01-01,2020,1,AMAZONAS,34
2020-01-01,2020,1,ANTIOQUIA,86579
2020-01-01,2020,1,ATLANTICO,13649
2020-01-01,2020,1,BOGOTA D.C.,368694
2020-01-01,2020,1,BOLIVAR,46222
2020-01-01,2020,1,CESAR,311
2020-01-01,2020,1,CORDOBA,620
2020-01-01,2020,1,LA GUAJIRA,400
2020-01-01,2020,1,MAGDALENA,1141
2020-01-01,2020,1,NARINO,375
2020-01-01,2020,1,NORTE DE SANTANDER,3865
2020-01-01,2020,1,QUINDIO,3870
2020-01-01,2020,1,RISARALDA,9324
2020-01-01,2020,1,"SAN ANDRES, PROVIDENCIA Y SANTA CATALINA",3755
2020-01-01,2020,1,SANTANDER,4338
2020-01-01,2020,1,VALLE DEL CAUCA,41454
2020-02-01,2020,2,AMAZONAS,42
2020-02-01,2020,2,ANTIOQUIA,75282
2020-02-01,2020,2,ATLANTICO,15835
2020-02-01,2020,2,BOGOTA D.C.,329174
2020-02-01,2020,2,BOLIVAR,50240
2020-02-01,2020,2,CESAR,329
2020-02-01,2020,2,CORDOBA,596
2020-02-01,2020,2,HUILA,13
2020-02-01,2020,2,LA GUAJIRA,276
2020-02-01,2020,2,MAGDALENA,1668
2020-02-01,2020,2,NARINO,285
2020-02-01,2020,2,NORTE DE SANTANDER,3411
2020-02-01,2020,2,QUINDIO,2919
2020-02-01,2020,2,RISARALDA,8730
2020-02-01,2020,2,"SAN ANDRES, PROVIDENCIA Y SANTA CATALINA",4950
2020-02-01,2020,2,SANTANDER,3301
2020-02-01,2020,2,VALLE DEL CAUCA,39347
2020-03-01,2020,3,AMAZONAS,17
2020-03-01,2020,3,ANTIOQUIA,42359
2020-03-01,2020,3,ATLANTICO,7064
2020-03-01,2020,3,BOGOTA D.C.,178938
2020-03-01,2020,3,BOLIVAR,22901
2020-03-01,2020,3,CESAR,164
2020-03-01,2020,3,CORDOBA,252
2020-03-01,2020,3,LA GUAJIRA,141
2020-03-01,2020,3,MAGDALENA,639
2020-03-01,2020,3,NARINO,192
2020-03-01,2020,3,NORTE DE SANTANDER,1925
2020-03-01,2020,3,QUINDIO,1578
2020-03-01,2020,3,RISARALDA,5377
2020-03-01,2020,3,"SAN ANDRES, PROVIDENCIA Y SANTA CATALINA",2906
2020-03-01,2020,3,SANTANDER,1952
2020-03-01,2020,3,VALLE DEL CAUCA,22978
2020-04-01,2020,4,AMAZONAS,0
2020-04-01,2020,4,ANTIOQUIA,0
2020-04-01,2020,4,ATLANTICO,0
2020-04-01,2020,4,BOGOTA D.C.,0
2020-04-01,2020,4,VALLE DEL CAUCA,0
2020-05-01,2020,5,ANTIOQUIA,0
2020-05-01,2020,5,ATLANTICO,0
2020-05-01,2020,5,BOGOTA D.C.,0
2020-05-01,2020,5,VALLE DEL CAUCA,0
2020-06-01,2020,6,ANTIOQUIA,0
2020-06-01,2020,6,ATLANTICO,0
2020-06-01,2020,6,BOGOTA D.C.,151
2020-06-01,2020,6,VALLE DEL CAUCA,0
2020-07-01,2020,7,ANTIOQUIA,0
2020-07-01,2020,7,ATLANTICO,0
2020-07-01,2020,7,BOGOTA D.C.,0
2020-07-01,2020,7,VALLE DEL CAUCA,0
2020-08-01,2020,8,AMAZONAS,0
2020-08-01,2020,8,ANTIOQUIA,0
2020-08-01,2020,8,ATLANTICO,0
2020-08-01,2020,8,BOGOTA D.C.,173
2020-08-01,2020,8,VALLE DEL CAUCA,0
2020-09-01,2020,9,AMAZONAS,0
2020-09-01,2020,9,ANTIOQUIA,2949
2020-09-01,2020,9,ATLANTICO,0
2020-09-01,2020,9,BOGOTA D.C.,2727
2020-09-01,2020,9,BOLIVAR,1815
2020-09-01,2020,9,MAGDALENA,1
2020-09-01,2020,9,NARINO,1
2020-09-01,2020,9,NORTE DE SANTANDER,2
2020-09-01,2020,9,RISARALDA,1
2020-09-01,2020,9,"SAN ANDRES, PROVIDENCIA Y SANTA CATALINA",3
2020-09-01,2020,9,VALLE DEL CAUCA,2487
2020-10-01,2020,10,AMAZONAS,0
2020-10-01,2020,10,ANTIOQUIA,20182
2020-10-01,2020,10,ATLANTICO,3548
2020-10-01,2020,10,BOGOTA D.C.,38400
2020-10-01,2020,10,BOLIVAR,7220
2020-10-01,2020,10,CESAR,10
2020-10-01,2020,10,CORDOBA,82
2020-10-01,2020,10,LA GUAJIRA,70
2020-10-01,2020,10,MAGDALENA,67
2020-10-01,2020,10,NARINO,1
2020-10-01,2020,10,NORTE DE SANTANDER,525
2020-10-01,2020,10,QUINDIO,1444
2020-10-01,2020,10,RISARALDA,1229
2020-10-01,2020,10,"SAN ANDRES, PROVIDENCIA Y SANTA CATALINA",22
2020-10-01,2020,10,SANTANDER,362
2020-10-01,2020,10,VALLE DEL CAUCA,12384
2020-11-01,2020,11,AMAZONAS,0
2020-11-01,2020,11,ANTIOQUIA,24834
2020-11-01,2020,11,ATLANTICO,5514
2020-11-01,2020,11,BOGOTA D.C.,66825
2020-11-01,2020,11,BOLIVAR,6354
2020-11-01,2020,11,CESAR,41
2020-11-01,2020,11,CORDOBA,220
2020-11-01,2020,11,LA GUAJIRA,101
2020-11-01,2020,11,MAGDALENA,201
2020-11-01,2020,11,NARINO,25
2020-11-01,2020,11,NORTE DE SANTANDER,1051
2020-11-01,2020,11,QUINDIO,101
2020-11-01,2020,11,RISARALDA,3828
2020-11-01,2020,11,"SAN ANDRES, PROVIDENCIA Y SANTA CATALINA",48
2020-11-01,2020,11,SANTANDER,752
2020-11-01,2020,11,VALLE DEL CAUCA,15885
2020-12-01,2020,12,AMAZONAS,4
2020-12-01,2020,12,ANTIOQUIA,44865
2020-12-01,2020,12,ATLANTICO,11256
2020-12-01,2020,12,BOGOTA D.C.,121134
2020-12-01,2020,12,BOLIVAR,15315
2020-12-01,2020,12,CESAR,66
2020-12-01,2020,12,CORDOBA,272
2020-12-01,2020,12,LA GUAJIRA,184
2020-12-01,2020,12,MAGDALENA,452
2020-12-01,2020,12,NARINO,58
2020-12-01,2020,12,NORTE DE SANTANDER,2153
2020-12-01,2020,12,QUINDIO,2544
2020-12-01,2020,12,RISARALDA,7265
2020-12-01,2020,12,"SAN ANDRES, PROVIDENCIA Y SANTA CATALINA",100
2020-12-01,2020,12,SANTANDER,3068
2020-12-01,2020,12,VALLE DEL CAUCA,31091
2021-01-01,2021,1,AMAZONAS,2
2021-01-01,2021,1,ANTIOQUIA,34558
2021-01-01,2021,1,ATLANTICO,8052
2021-01-01,2021,1,BOGOTA D.C.,101322
2021-01-01,2021,1,BOLIVAR,10190
2021-01-01,2021,1,CESAR,92
2021-01-01,2021,1,CORDOBA,181
2021-01-01,2021,1,LA GUAJIRA,131
2021-01-01,2021,1,MAGDALENA,274
2021-01-01,2021,1,NARINO,74
2021-01-01,2021,1,NORTE DE SANTANDER,1405
2021-01-01,2021,1,QUINDIO,1972
2021-01-01,2021,1,RISARALDA,4312
2021-01-01,2021,1,"SAN ANDRES, PROVIDENCIA Y SANTA CATALINA",126
2021-01-01,2021,1,SANTANDER,2289
2021-01-01,2021,1,VALLE DEL CAUCA,20011
2021-02-01,2021,2,AMAZONAS,0
2021-02-01,2021,2,ANTIOQUIA,24637
2021-02-01,2021,2,ATLANTICO,5583
2021-02-01,2021,2,BOGOTA D.C.,66171
2021-02-01,2021,2,BOLIVAR,8484
2021-02-01,2021,2,CESAR,40
2021-02-01,2021,2,CORDOBA,84
2021-02-01,2021,2,LA GUAJIRA,116
2021-02-01,2021,2,MAGDALENA,153
2021-02-01,2021,2,NARINO,27
2021-02-01,2021,2,NORTE DE SANTANDER,997
2021-02-01,2021,2,QUINDIO,1306
2021-02-01,2021,2,RISARALDA,3438
2021-02-01,2021,2,"SAN ANDRES, PROVIDENCIA Y SANTA CATALINA",188
2021-02-01,2021,2,SANTANDER,1281
2021-02-01,2021,2,VALLE DEL CAUCA,14082
2021-03-01,2021,3,AMAZONAS,0
2021-03-01,2021,3,ANTIOQUIA,35882
2021-03-01,2021,3,ATLANTICO,7165
2021-03-01,2021,3,BOGOTA D.C.,83616
2021-03-01,2021,3,BOLIVAR,13729
2021-03-01,2021,3,CESAR,87
2021-03-01,2021,3,CORDOBA,121
2021-03-01,2021,3,LA GUAJIRA,95
2021-03-01,2021,3,MAGDALENA,176
2021-03-01,2021,3,NARINO,23
2021-03-01,2021,3,NORTE DE SANTANDER,1360
2021-03-01,2021,3,QUINDIO,1379
2021-03-01,2021,3,RISARALDA,4513
2021-03-01,2021,3,"SAN ANDRES, PROVIDENCIA Y SANTA CATALINA",140
2021-03-01,2021,3,SANTANDER,1912
2021-03-01,2021,3,VALLE DEL CAUCA,20068
2021-04-01,2021,4,AMAZONAS,0
2021-04-01,2021,4,ANTIOQUIA,36086
2021-04-01,2021,4,ATLANTICO,7329
2021-04-01,2021,4,BOGOTA D.C.,93344
2021-04-01,2021,4,BOLIVAR,15779
2021-04-01,2021,4,CESAR,17
2021-04-01,2021,4,CORDOBA,114
2021-04-01,2021,4,LA GUAJIRA,56
2021-04-01,2021,4,MAGDALENA,216
2021-04-01,2021,4,NARINO,41
2021-04-01,2021,4,NORTE DE SANTANDER,912
2021-04-01,2021,4,QUINDIO,2049
2021-04-01,2021,4,RISARALDA,3698
2021-04-01,2021,4,"SAN ANDRES, PROVIDENCIA Y SANTA CATALINA",89
2021-04-01,2021,4,SANTANDER,2163
2021-04-01,2021,4,VALLE DEL CAUCA,20568
2021-05-01,2021,5,AMAZONAS,0
2021-05-01,2021,5,ANTIOQUIA,52534
2021-05-01,2021,5,ATLANTICO,10869
2021-05-01,2021,5,BOGOTA D.C.,111441
2021-05-01,2021,5,BOLIVAR,20969
2021-05-01,2021,5,CESAR,18
2021-05-01,2021,5,CORDOBA,116
2021-05-01,2021,5,LA GUAJIRA,67
2021-05-01,2021,5,MAGDALENA,197
2021-05-01,2021,5,NARINO,29
2021-05-01,2021,5,NORTE DE SANTANDER,1054
2021-05-01,2021,5,QUINDIO,2168
2021-05-01,2021,5,RISARALDA,4809
2021-05-01,2021,5,"SAN ANDRES, PROVIDENCIA Y SANTA CATALINA",108
2021-05-01,2021,5,SANTANDER,2333
2021-05-01,2021,5,VALLE DEL CAUCA,14368
2021-06-01,2021,6,ANTIOQUIA,68199
2021-06-01,2021,6,ATLANTICO,14911
2021-06-01,2021,6,BOGOTA D.C.,150443
2021-06-01,2021,6,BOLIVAR,20966
2021-06-01,2021,6,CESAR,80
2021-06-01,2021,6,CORDOBA,204
2021-06-01,2021,6,LA GUAJIRA,43
2021-06-01,2021,6,MAGDALENA,372
2021-06-01,2021,6,NARINO,98
2021-06-01,2021,6,NORTE DE SANTANDER,1583
2021-06-01,2021,6,QUINDIO,2880
2021-06-01,2021,6,RISARALDA,7529
2021-06-01,2021,6,"SAN ANDRES, PROVIDENCIA Y SANTA CATALINA",167
2021-06-01,2021,6,SANTANDER,3467
2021-06-01,2021,6,VALLE DEL CAUCA,26209
2021-07-01,2021,7,AMAZONAS,2
2021-07-01,2021,7,ANTIOQUIA,82861
2021-07-01,2021,7,ATLANTICO,17735
2021-07-01,2021,7,BOGOTA D.C.,210664
2021-07-01,2021,7,BOLIVAR,24033
2021-07-01,2021,7,CESAR,93
2021-07-01,2021,7,CORDOBA,284
2021-07-01,2021,7,LA GUAJIRA,82
2021-07-01,2021,7,MAGDALENA,427
2021-07-01,2021,7,NARINO,163
2021-07-01,2021,7,NORTE DE SANTANDER,1655
2021-07-01,2021,7,QUINDIO,3497
2021-07-01,2021,7,RISARALDA,9175
2021-07-01,2021,7,"SAN ANDRES, PROVIDENCIA Y SANTA CATALINA",483
2021-07-01,2021,7,SANTANDER,4434
2021-07-01,2021,7,VALLE DEL CAUCA,39359
2021-08-01,2021,8,AMAZONAS,3
2021-08-01,2021,8,ANTIOQUIA,71105
2021-08-01,2021,8,ATLANTICO,14246
2021-08-01,2021,8,BOGOTA D.C.,199796
2021-08-01,2021,8,BOLIVAR,23249
2021-08-01,2021,8,CESAR,94
2021-08-01,2021,8,CORDOBA,138
2021-08-01,2021,8,LA GUAJIRA,111
2021-08-01,2021,8,MAGDALENA,370
2021-08-01,2021,8,NARINO,84
2021-08-01,2021,8,NORTE DE SANTANDER,1720
2021-08-01,2021,8,QUINDIO,2611
2021-08-01,2021,8,RISARALDA,8556
2021-08-01,2021,8,"SAN ANDRES, PROVIDENCIA Y SANTA CATALINA",465
2021-08-01,2021,8,SANTANDER,3003
2021-08-01,2021,8,VALLE DEL CAUCA,40977
2021-09-01,2021,9,AMAZONAS,0
2021-09-01,2021,9,ANTIOQUIA,70915
2021-09-01,2021,9,ATLANTICO,12721
2021-09-01,2021,9,BOGOTA D.C.,181892
2021-09-01,2021,9,BOLIVAR,20716
2021-09-01,2021,9,CESAR,37
2021-09-01,2021,9,CORDOBA,163
2021-09-01,2021,9,LA GUAJIRA,43
2021-09-01,2021,9,MAGDALENA,287
2021-09-01,2021,9,NARINO,57
2021-09-01,2021,9,NORTE DE SANTANDER,1650
2021-09-01,2021,9,QUINDIO,2521
2021-09-01,2021,9,RISARALDA,8274
2021-09-01,2021,9,"SAN ANDRES, PROVIDENCIA Y SANTA CATALINA",663
2021-09-01,2021,9,SANTANDER,3154
2021-09-01,2021,9,VALLE DEL CAUCA,34841
2021-10-01,2021,10,AMAZONAS,2
2021-10-01,2021,10,ANTIOQUIA,84207
2021-10-01,2021,10,ATLANTICO,15454
2021-10-01,2021,10,BOGOTA D.C.,226564
2021-10-01,2021,10,BOLIVAR,23289
2021-10-01,2021,10,CESAR,79
2021-10-01,2021,10,CORDOBA,201
2021-10-01,2021,10,LA GUAJIRA,47
2021-10-01,2021,10,MAGDALENA,304
2021-10-01,2021,10,NARINO,89
2021-10-01,2021,10,NORTE DE SANTANDER,1567
2021-10-01,2021,10,QUINDIO,3199
2021-10-01,2021,10,RISARALDA,9512
2021-10-01,2021,10,"SAN ANDRES, PROVIDENCIA Y SANTA CATALINA",754
2021-10-01,2021,10,SANTANDER,3865
2021-10-01,2021,10,VALLE DEL CAUCA,41308
2021-11-01,2021,11,AMAZONAS,7
2021-11-01,2021,11,ANTIOQUIA,88692
2021-11-01,2021,11,ATLANTICO,17729
2021-11-01,2021,11,BOGOTA D.C.,261739
2021-11-01,2021,11,BOLIVAR,29129
2021-11-01,2021,11,CESAR,158
2021-11-01,2021,11,CORDOBA,288
2021-11-01,2021,11,LA GUAJIRA,131
2021-11-01,2021,11,MAGDALENA,582
2021-11-01,2021,11,NARINO,148
2021-11-01,2021,11,NORTE DE SANTANDER,2212
2021-11-01,2021,11,QUINDIO,4373
2021-11-01,2021,11,RISARALDA,11203
2021-11-01,2021,11,"SAN ANDRES, PROVIDENCIA Y SANTA CATALINA",1270
2021-11-01,2021,11,SANTANDER,5217
2021-11-01,2021,11,VALLE DEL CAUCA,47478
2021-12-01,2021,12,AMAZONAS,16
2021-12-01,2021,12,ANTIOQUIA,110914
2021-12-01,2021,12,ATLANTICO,25408
2021-12-01,2021,12,BOGOTA D.C.,318022
2021-12-01,2021,12,BOLIVAR,36517
2021-12-01,2021,12,CESAR,337
2021-12-01,2021,12,CORDOBA,412
2021-12-01,2021,12,LA GUAJIRA,199
2021-12-01,2021,12,MAGDALENA,916
2021-12-01,2021,12,NARINO,215
2021-12-01,2021,12,NORTE DE SANTANDER,4538
2021-12-01,2021,12,QUINDIO,4634
2021-12-01,2021,12,RISARALDA,15098
2021-12-01,2021,12,"SAN ANDRES, PROVIDENCIA Y SANTA CATALINA",829
2021-12-01,2021,12,SANTANDER,6533
2021-12-01,2021,12,VALLE DEL CAUCA,69855
2022-01-01,2022,1,AMAZONAS,6
2022-01-01,2022,1,ANTIOQUIA,92950
2022-01-01,2022,1,ATLANTICO,19671
2022-01-01,2022,1,BOGOTA D.C.,304963
2022-01-01,2022,1,BOLIVAR,31368
2022-01-01,2022,1,CESAR,197
2022-01-01,2022,1,CORDOBA,363
2022-01-01,2022,1,LA GUAJIRA,109
2022-01-01,2022,1,MAGDALENA,672
2022-01-01,2022,1,NARINO,151
2022-01-01,2022,1,NORTE DE SANTANDER,3387
2022-01-01,2022,1,QUINDIO,3534
2022-01-01,2022,1,RISARALDA,11028
2022-01-01,2022,1,"SAN ANDRES, PROVIDENCIA Y SANTA CATALINA",902
2022-01-01,2022,1,SANTANDER,5371
2022-01-01,2022,1,VALLE DEL CAUCA,49803
2022-02-01,2022,2,AMAZONAS,21
2022-02-01,2022,2,ANTIOQUIA,73681
2022-02-01,2022,2,ATLANTICO,14577
2022-02-01,2022,2,BOGOTA D.C.,234836
2022-02-01,2022,2,BOLIVAR,34537
2022-02-01,2022,2,CESAR,184
2022-02-01,2022,2,CORDOBA,233
2022-02-01,2022,2,LA GUAJIRA,82
2022-02-01,2022,2,MAGDALENA,816
2022-02-01,2022,2,NARINO,117
2022-02-01,2022,2,NORTE DE SANTANDER,2581
2022-02-01,2022,2,QUINDIO,2836
2022-02-01,2022,2,RISARALDA,9016
2022-02-01,2022,2,"SAN ANDRES, PROVIDENCIA Y SANTA CATALINA",2175
2022-02-01,2022,2,SANTANDER,3636
2022-02-01,2022,2,VALLE DEL CAUCA,38224
2022-03-01,2022,3,AMAZONAS,7
2022-03-01,2022,3,ANTIOQUIA,89049
2022-03-01,2022,3,ATLANTICO,18480
2022-03-01,2022,3,BOGOTA D.C.,271840
2022-03-01,2022,3,BOLIVAR,40437
2022-03-01,2022,3,CESAR,178
2022-03-01,2022,3,CORDOBA,303
2022-03-01,2022,3,LA GUAJIRA,125
2022-03-01,2022,3,MAGDALENA,915
2022-03-01,2022,3,NARINO,116
2022-03-01,2022,3,NORTE DE SANTANDER,2885
2022-03-01,2022,3,QUINDIO,3330
2022-03-01,2022,3,RISARALDA,9515
2022-03-01,2022,3,"SAN ANDRES, PROVIDENCIA Y SANTA CATALINA",2809
2022-03-01,2022,3,SANTANDER,3787
2022-03-01,2022,3,VALLE DEL CAUCA,43749
2022-04-01,2022,4,AMAZONAS,5
2022-04-01,2022,4,ANTIOQUIA,108656
2022-04-01,2022,4,ATLANTICO,16901
2022-04-01,2022,4,BOGOTA D.C.,312240
2022-04-01,2022,4,BOLIVAR,48520
2022-04-01,2022,4,CESAR,255
2022-04-01,2022,4,CORDOBA,342
2022-04-01,2022,4,LA GUAJIRA,267
2022-04-01,2022,4,MAGDALENA,1422
2022-04-01,2022,4,META,5
2022-04-01,2022,4,NARINO,175
2022-04-01,2022,4,NORTE DE SANTANDER,4271
2022-04-01,2022,4,QUINDIO,3367
2022-04-01,2022,4,RISARALDA,10962
2022-04-01,2022,4,"SAN ANDRES, PROVIDENCIA Y SANTA CATALINA",2934
2022-04-01,2022,4,SANTANDER,4577
2022-04-01,2022,4,VALLE DEL CAUCA,49312
2022-05-01,2022,5,ANTIOQUIA,102943
2022-05-01,2022,5,ATLANTICO,14776
2022-05-01,2022,5,BOGOTA D.C.,400910
2022-05-01,2022,5,BOLIVAR,40265
2022-05-01,2022,5,CESAR,10
2022-05-01,2022,5,CORDOBA,61
2022-05-01,2022,5,LA GUAJIRA,92
2022-05-01,2022,5,MAGDALENA,303
2022-05-01,2022,5,NARINO,3
2022-05-01,2022,5,NORTE DE SANTANDER,2706
2022-05-01,2022,5,QUINDIO,3389
2022-05-01,2022,5,RISARALDA,5879
2022-05-01,2022,5,"SAN ANDRES, PROVIDENCIA Y SANTA CATALINA",2011
2022-05-01,2022,5,SANTANDER,2419
2022-05-01,2022,5,VALLE DEL CAUCA,40968
2022-06-01,2022,6,ANTIOQUIA,111782
2022-06-01,2022,6,ATLANTICO,14994
2022-06-01,2022,6,BOGOTA D.C.,420003
2022-06-01,2022,6,BOLIVAR,37108
2022-06-01,2022,6,CESAR,4
2022-06-01,2022,6,CORDOBA,29
2022-06-01,2022,6,LA GUAJIRA,9
2022-06-01,2022,6,MAGDALENA,108
2022-06-01,2022,6,NARINO,3
2022-06-01,2022,6,NORTE DE SANTANDER,1679
2022-06-01,2022,6,QUINDIO,4094
2022-06-01,2022,6,RISARALDA,5989
2022-06-01,2022,6,"SAN ANDRES, PROVIDENCIA Y SANTA CATALINA",1309
2022-06-01,2022,6,SANTANDER,3035
2022-06-01,2022,6,VALLE DEL CAUCA,46924
2022-07-01,2022,7,AMAZONAS,0
2022-07-01,2022,7,ANTIOQUIA,132437
2022-07-01,2022,7,ATLANTICO,16184
2022-07-01,2022,7,BOGOTA D.C.,510064
2022-07-01,2022,7,BOLIVAR,43911
2022-07-01,2022,7,CESAR,0
2022-07-01,2022,7,CORDOBA,72
2022-07-01,2022,7,LA GUAJIRA,18
2022-07-01,2022,7,MAGDALENA,1571
2022-07-01,2022,7,META,3
2022-07-01,2022,7,NORTE DE SANTANDER,2024
2022-07-01,2022,7,QUINDIO,4567
2022-07-01,2022,7,RISARALDA,6412
2022-07-01,2022,7,"SAN ANDRES, PROVIDENCIA Y SANTA CATALINA",1819
2022-07-01,2022,7,SANTANDER,2928
2022-07-01,2022,7,VALLE DEL CAUCA,59454
2022-08-01,2022,8,AMAZONAS,0
2022-08-01,2022,8,ANTIOQUIA,121679
2022-08-01,2022,8,ATLANTICO,14766
2022-08-01,2022,8,BOGOTA D.C.,461783
2022-08-01,2022,8,BOLIVAR,41010
2022-08-01,2022,8,CESAR,1
2022-08-01,2022,8,CORDOBA,38
2022-08-01,2022,8,LA GUAJIRA,15
2022-08-01,2022,8,MAGDALENA,1570
2022-08-01,2022,8,META,4
2022-08-01,2022,8,NARINO,2
2022-08-01,2022,8,NORTE DE SANTANDER,2500
2022-08-01,2022,8,QUINDIO,3791
2022-08-01,2022,8,RISARALDA,6749
2022-08-01,2022,8,"SAN ANDRES, PROVIDENCIA Y SANTA CATALINA",1728
2022-08-01,2022,8,SANTANDER,2842
2022-08-01,2022,8,VALLE DEL CAUCA,50849
2022-09-01,2022,9,AMAZONAS,0
2022-09-01,2022,9,ANTIOQUIA,103263
2022-09-01,2022,9,ATLANTICO,12618
2022-09-01,2022,9,BOGOTA D.C.,440600
2022-09-01,2022,9,BOLIVAR,35473
2022-09-01,2022,9,CESAR,7
2022-09-01,2022,9,CORDOBA,55
2022-09-01,2022,9,LA GUAJIRA,46
2022-09-01,2022,9,MAGDALENA,1353
2022-09-01,2022,9,META,3
2022-09-01,2022,9,NARINO,12
2022-09-01,2022,9,NORTE DE SANTANDER,2704
2022-09-01,2022,9,QUINDIO,3753
2022-09-01,2022,9,RISARALDA,6419
2022-09-01,2022,9,"SAN ANDRES, PROVIDENCIA Y SANTA CATALINA",1830
2022-09-01,2022,9,SANTANDER,2870
2022-09-01,2022,9,VALLE DEL CAUCA,38211
2022-10-01,2022,10,AMAZONAS,0
2022-10-01,2022,10,ANTIOQUIA,114462
2022-10-01,2022,10,ATLANTICO,12940
2022-10-01,2022,10,BOGOTA D.C.,489231
2022-10-01,2022,10,BOLIVAR,38153
2022-10-01,2022,10,CESAR,1
2022-10-01,2022,10,CORDOBA,40
2022-10-01,2022,10,LA GUAJIRA,20
2022-10-01,2022,10,MAGDALENA,1418
2022-10-01,2022,10,NARINO,5
2022-10-01,2022,10,NORTE DE SANTANDER,2672
2022-10-01,2022,10,QUINDIO,2975
2022-10-01,2022,10,RISARALDA,7068
2022-10-01,2022,10,"SAN ANDRES, PROVIDENCIA Y SANTA CATALINA",1708
2022-10-01,2022,10,SANTANDER,2728
2022-10-01,2022,10,VALLE DEL CAUCA,41254
2022-11-01,2022,11,AMAZONAS,0
2022-11-01,2022,11,ANTIOQUIA,119002
2022-11-01,2022,11,ATLANTICO,14497
2022-11-01,2022,11,BOGOTA D.C.,476723
2022-11-01,2022,11,BOLIVAR,41882
2022-11-01,2022,11,CESAR,2
2022-11-01,2022,11,CORDOBA,46
2022-11-01,2022,11,LA GUAJIRA,59
2022-11-01,2022,11,MAGDALENA,1410
2022-11-01,2022,11,NORTE DE SANTANDER,2265
2022-11-01,2022,11,QUINDIO,2621
2022-11-01,2022,11,RISARALDA,6548
2022-11-01,2022,11,"SAN ANDRES, PROVIDENCIA Y SANTA CATALINA",1476
2022-11-01,2022,11,SANTANDER,2771
2022-11-01,2022,11,VALLE DEL CAUCA,39405
2022-12-01,2022,12,ANTIOQUIA,142096
2022-12-01,2022,12,ATLANTICO,19736
2022-12-01,2022,12,BOGOTA D.C.,512221
2022-12-01,2022,12,BOLIVAR,48794
2022-12-01,2022,12,CESAR,4
2022-12-01,2022,12,CORDOBA,85
2022-12-01,2022,12,LA GUAJIRA,33
2022-12-01,2022,12,MAGDALENA,2093
2022-12-01,2022,12,META,1
2022-12-01,2022,12,NARINO,7
2022-12-01,2022,12,NORTE DE SANTANDER,2479
2022-12-01,2022,12,QUINDIO,2955
2022-12-01,2022,12,RISARALDA,9796
2022-12-01,2022,12,"SAN ANDRES, PROVIDENCIA Y SANTA CATALINA",1671
2022-12-01,2022,12,SANTANDER,3815
2022-12-01,2022,12,VALLE DEL CAUCA,53584
2023-01-01,2023,1,ANTIOQUIA,128465
2023-01-01,2023,1,ATLANTICO,18232
2023-01-01,2023,1,BOGOTA D.C.,507234
2023-01-01,2023,1,BOLIVAR,50845
2023-01-01,2023,1,CESAR,5
2023-01-01,2023,1,CORDOBA,66
2023-01-01,2023,1,LA GUAJIRA,8
2023-01-01,2023,1,MAGDALENA,1716
2023-01-01,2023,1,META,1
2023-01-01,2023,1,NARINO,6
2023-01-01,2023,1,NORTE DE SANTANDER,2408
2023-01-01,2023,1,QUINDIO,3598
2023-01-01,2023,1,RISARALDA,8534
2023-01-01,2023,1,"SAN ANDRES, PROVIDENCIA Y SANTA CATALINA",1679
2023-01-01,2023,1,SANTANDER,3187
2023-01-01,2023,1,VALLE DEL CAUCA,48994
2023-02-01,2023,2,ANTIOQUIA,97461
2023-02-01,2023,2,ATLANTICO,15627
2023-02-01,2023,2,BOGOTA D.C.,427956
2023-02-01,2023,2,BOLIVAR,45082
2023-02-01,2023,2,CESAR,8
2023-02-01,2023,2,CORDOBA,46
2023-02-01,2023,2,LA GUAJIRA,2
2023-02-01,2023,2,MAGDALENA,1409
2023-02-01,2023,2,NARINO,2
2023-02-01,2023,2,NORTE DE SANTANDER,1335
2023-02-01,2023,2,QUINDIO,2705
2023-02-01,2023,2,RISARALDA,5684
2023-02-01,2023,2,"SAN ANDRES, PROVIDENCIA Y SANTA CATALINA",1707
2023-02-01,2023,2,SANTANDER,1978
2023-02-01,2023,2,VALLE DEL CAUCA,35450
2023-03-01,2023,3,ANTIOQUIA,92847
2023-03-01,2023,3,ATLANTICO,15545
2023-03-01,2023,3,BOGOTA D.C.,470820
2023-03-01,2023,3,BOLIVAR,46762
2023-03-01,2023,3,MAGDALENA,1234
2023-03-01,2023,3,NORTE DE SANTANDER,1430
2023-03-01,2023,3,QUINDIO,2601
2023-03-01,2023,3,RISARALDA,6645
2023-03-01,2023,3,"SAN ANDRES, PROVIDENCIA Y SANTA CATALINA",1555
2023-03-01,2023,3,SANTANDER,2278
2023-03-01,2023,3,VALLE DEL CAUCA,37330
2023-04-01,2023,4,ANTIOQUIA,101586
2023-04-01,2023,4,ATLANTICO,15185
2023-04-01,2023,4,BOGOTA D.C.,487006
2023-04-01,2023,4,BOLIVAR,46705
2023-04-01,2023,4,MAGDALENA,1231
2023-04-01,2023,4,NORTE DE SANTANDER,1744
2023-04-01,2023,4,QUINDIO,2573
2023-04-01,2023,4,RISARALDA,6653
2023-04-01,2023,4,"SAN ANDRES, PROVIDENCIA Y SANTA CATALINA",1467
2023-04-01,2023,4,SANTANDER,2093
2023-04-01,2023,4,VALLE DEL CAUCA,35186
2023-05-01,2023,5,AMAZONAS,0
2023-05-01,2023,5,ANTIOQUIA,106308
2023-05-01,2023,5,ATLANTICO,16539
2023-05-01,2023,5,BOGOTA D.C.,510354
2023-05-01,2023,5,BOLIVAR,45197
2023-05-01,2023,5,MAGDALENA,1181
2023-05-01,2023,5,NORTE DE SANTANDER,1935
2023-05-01,2023,5,QUINDIO,3188
2023-05-01,2023,5,RISARALDA,7182
2023-05-01,2023,5,"SAN ANDRES, PROVIDENCIA Y SANTA CATALINA",1101
2023-05-01,2023,5,SANTANDER,2781
2023-05-01,2023,5,VALLE DEL CAUCA,37596
2023-06-01,2023,6,ANTIOQUIA,117786
2023-06-01,2023,6,ATLANTICO,19259
2023-06-01,2023,6,BOGOTA D.C.,531030
2023-06-01,2023,6,BOLIVAR,50588
2023-06-01,2023,6,MAGDALENA,1674
2023-06-01,2023,6,NORTE DE SANTANDER,1683
2023-06-01,2023,6,QUINDIO,3514
2023-06-01,2023,6,RISARALDA,9836
2023-06-01,2023,6,"SAN ANDRES, PROVIDENCIA Y SANTA CATALINA",963
2023-06-01,2023,6,SANTANDER,3791
2023-06-01,2023,6,VALLE DEL CAUCA,44431
2023-07-01,2023,7,AMAZONAS,0
2023-07-01,2023,7,ANTIOQUIA,140294
2023-07-01,2023,7,ATLANTICO,21938
2023-07-01,2023,7,BOGOTA D.C.,646755
2023-07-01,2023,7,BOLIVAR,56929
2023-07-01,2023,7,MAGDALENA,2641
2023-07-01,2023,7,NORTE DE SANTANDER,2270
2023-07-01,2023,7,QUINDIO,3749
2023-07-01,2023,7,RISARALDA,11706
2023-07-01,2023,7,"SAN ANDRES, PROVIDENCIA Y SANTA CATALINA",1000
2023-07-01,2023,7,SANTANDER,4392
2023-07-01,2023,7,VALLE DEL CAUCA,51654
2023-08-01,2023,8,ANTIOQUIA,132159
2023-08-01,2023,8,ATLANTICO,18503
2023-08-01,2023,8,BOGOTA D.C.,587500
2023-08-01,2023,8,BOLIVAR,50998
2023-08-01,2023,8,MAGDALENA,1922
2023-08-01,2023,8,NORTE DE SANTANDER,1988
2023-08-01,2023,8,QUINDIO,3413
2023-08-01,2023,8,RISARALDA,10503
2023-08-01,2023,8,"SAN ANDRES, PROVIDENCIA Y SANTA CATALINA",1014
2023-08-01,2023,8,SANTANDER,3928
2023-08-01,2023,8,VALLE DEL CAUCA,46708
2023-09-01,2023,9,ANTIOQUIA,119580
2023-09-01,2023,9,ATLANTICO,15349
2023-09-01,2023,9,BOGOTA D.C.,540051
2023-09-01,2023,9,BOLIVAR,45338
2023-09-01,2023,9,MAGDALENA,1226
2023-09-01,2023,9,NORTE DE SANTANDER,2367
2023-09-01,2023,9,QUINDIO,3038
2023-09-01,2023,9,RISARALDA,6603
2023-09-01,2023,9,"SAN ANDRES, PROVIDENCIA Y SANTA CATALINA",816
2023-09-01,2023,9,SANTANDER,2954
2023-09-01,2023,9,VALLE DEL CAUCA,33282
2023-10-01,2023,10,ANTIOQUIA,124740
2023-10-01,2023,10,ATLANTICO,16997
2023-10-01,2023,10,BOGOTA D.C.,572769
2023-10-01,2023,10,BOLIVAR,46226
2023-10-01,2023,10,MAGDALENA,1360
2023-10-01,2023,10,NORTE DE SANTANDER,2114
2023-10-01,2023,10,QUINDIO,3584
2023-10-01,2023,10,RISARALDA,7336
2023-10-01,2023,10,"SAN ANDRES, PROVIDENCIA Y SANTA CATALINA",921
2023-10-01,2023,10,SANTANDER,3259
2023-10-01,2023,10,VALLE DEL CAUCA,33626
2023-11-01,2023,11,AMAZONAS,0
2023-11-01,2023,11,ANTIOQUIA,134750
2023-11-01,2023,11,ATLANTICO,17411
2023-11-01,2023,11,BOGOTA D.C.,589428
2023-11-01,2023,11,BOLIVAR,53179
2023-11-01,2023,11,MAGDALENA,1327
2023-11-01,2023,11,NORTE DE SANTANDER,2180
2023-11-01,2023,11,QUINDIO,3525
2023-11-01,2023,11,RISARALDA,6008
2023-11-01,2023,11,"SAN ANDRES, PROVIDENCIA Y SANTA CATALINA",989
2023-11-01,2023,11,SANTANDER,3305
2023-11-01,2023,11,VALLE DEL CAUCA,36715
2023-12-01,2023,12,AMAZONAS,0
2023-12-01,2023,12,ANTIOQUIA,158942
2023-12-01,2023,12,ATLANTICO,20613
2023-12-01,2023,12,BOGOTA D.C.,650564
2023-12-01,2023,12,BOLIVAR,64362
2023-12-01,2023,12,MAGDALENA,1753
2023-12-01,2023,12,NORTE DE SANTANDER,4037
2023-12-01,2023,12,QUINDIO,4805
2023-12-01,2023,12,RISARALDA,9892
2023-12-01,2023,12,"SAN ANDRES, PROVIDENCIA Y SANTA CATALINA",1283
2023-12-01,2023,12,SANTANDER,3805
2023-12-01,2023,12,VALLE DEL CAUCA,55416
2024-01-01,2024,1,AMAZONAS,0
2024-01-01,2024,1,ANTIOQUIA,145796
2024-01-01,2024,1,ATLANTICO,17870
2024-01-01,2024,1,BOGOTA D.C.,624580
2024-01-01,2024,1,BOLIVAR,61676
2024-01-01,2024,1,MAGDALENA,1360
2024-01-01,2024,1,NORTE DE SANTANDER,2176
2024-01-01,2024,1,QUINDIO,3921
2024-01-01,2024,1,RISARALDA,7846
2024-01-01,2024,1,"SAN ANDRES, PROVIDENCIA Y SANTA CATALINA",1810
2024-01-01,2024,1,SANTANDER,2190
2024-01-01,2024,1,VALLE DEL CAUCA,48615
2024-02-01,2024,2,AMAZONAS,0
2024-02-01,2024,2,ANTIOQUIA,126545
2024-02-01,2024,2,ATLANTICO,15755
2024-02-01,2024,2,BOGOTA D.C.,535493
2024-02-01,2024,2,BOLIVAR,59858
2024-02-01,2024,2,MAGDALENA,1354
2024-02-01,2024,2,NORTE DE SANTANDER,2659
2024-02-01,2024,2,QUINDIO,3243
2024-02-01,2024,2,RISARALDA,6634
2024-02-01,2024,2,"SAN ANDRES, PROVIDENCIA Y SANTA CATALINA",2077
2024-02-01,2024,2,SANTANDER,916
2024-02-01,2024,2,VALLE DEL CAUCA,36596
2024-03-01,2024,3,ANTIOQUIA,127335
2024-03-01,2024,3,ATLANTICO,15515
2024-03-01,2024,3,BOGOTA D.C.,566523
2024-03-01,2024,3,BOLIVAR,61819
2024-03-01,2024,3,MAGDALENA,1490
2024-03-01,2024,3,NORTE DE SANTANDER,2805
2024-03-01,2024,3,QUINDIO,3229
2024-03-01,2024,3,RISARALDA,6843
2024-03-01,2024,3,"SAN ANDRES, PROVIDENCIA Y SANTA CATALINA",2172
2024-03-01,2024,3,SANTANDER,1370
2024-03-01,2024,3,VALLE DEL CAUCA,36689
2024-04-01,2024,4,ANTIOQUIA,122047
2024-04-01,2024,4,ATLANTICO,15340
2024-04-01,2024,4,BOGOTA D.C.,557480
2024-04-01,2024,4,BOLIVAR,55276
2024-04-01,2024,4,MAGDALENA,1234
2024-04-01,2024,4,NORTE DE SANTANDER,2629
2024-04-01,2024,4,QUINDIO,3063
2024-04-01,2024,4,RISARALDA,6883
2024-04-01,2024,4,"SAN ANDRES, PROVIDENCIA Y SANTA CATALINA",1997
2024-04-01,2024,4,SANTANDER,1370
2024-04-01,2024,4,VALLE DEL CAUCA,35396
2024-05-01,2024,5,AMAZONAS,0
2024-05-01,2024,5,ANTIOQUIA,133429
2024-05-01,2024,5,ATLANTICO,16818
2024-05-01,2024,5,BOGOTA D.C.,585049
2024-05-01,2024,5,BOLIVAR,54054
2024-05-01,2024,5,MAGDALENA,1282
2024-05-01,2024,5,NORTE DE SANTANDER,2463
2024-05-01,2024,5,QUINDIO,3266
2024-05-01,2024,5,RISARALDA,7348
2024-05-01,2024,5,"SAN ANDRES, PROVIDENCIA Y SANTA CATALINA",2212
2024-05-01,2024,5,SANTANDER,1445
2024-05-01,2024,5,VALLE DEL CAUCA,40831
2024-06-01,2024,6,ANTIOQUIA,149130
2024-06-01,2024,6,ATLANTICO,17317
2024-06-01,2024,6,BOGOTA D.C.,604251
2024-06-01,2024,6,BOLIVAR,60542
2024-06-01,2024,6,MAGDALENA,1363
2024-06-01,2024,6,NORTE DE SANTANDER,2329
2024-06-01,2024,6,QUINDIO,3712
2024-06-01,2024,6,RISARALDA,9443
2024-06-01,2024,6,"SAN ANDRES, PROVIDENCIA Y SANTA CATALINA",2087
2024-06-01,2024,6,SANTANDER,1459
2024-06-01,2024,6,VALLE DEL CAUCA,43405
2024-07-01,2024,7,ANTIOQUIA,176421
2024-07-01,2024,7,ATLANTICO,18655
2024-07-01,2024,7,BOGOTA D.C.,701883
2024-07-01,2024,7,BOLIVAR,69899
2024-07-01,2024,7,MAGDALENA,1460
2024-07-01,2024,7,NORTE DE SANTANDER,2083
2024-07-01,2024,7,QUINDIO,4040
2024-07-01,2024,7,RISARALDA,11242
2024-07-01,2024,7,"SAN ANDRES, PROVIDENCIA Y SANTA CATALINA",2217
2024-07-01,2024,7,SANTANDER,1914
2024-07-01,2024,7,VALLE DEL CAUCA,48084
2024-08-01,2024,8,ANTIOQUIA,165521
2024-08-01,2024,8,ATLANTICO,17268
2024-08-01,2024,8,BOGOTA D.C.,658438
2024-08-01,2024,8,BOLIVAR,64626
2024-08-01,2024,8,MAGDALENA,1636
2024-08-01,2024,8,NORTE DE SANTANDER,3401
2024-08-01,2024,8,QUINDIO,3352
2024-08-01,2024,8,RISARALDA,10275
2024-08-01,2024,8,"SAN ANDRES, PROVIDENCIA Y SANTA CATALINA",2308
2024-08-01,2024,8,SANTANDER,1714
2024-08-01,2024,8,VALLE DEL CAUCA,43528
2024-09-01,2024,9,AMAZONAS,0
2024-09-01,2024,9,ANTIOQUIA,134663
2024-09-01,2024,9,ATLANTICO,15665
2024-09-01,2024,9,BOGOTA D.C.,609919
2024-09-01,2024,9,BOLIVAR,52437
2024-09-01,2024,9,MAGDALENA,1520
2024-09-01,2024,9,NORTE DE SANTANDER,3983
2024-09-01,2024,9,QUINDIO,2889
2024-09-01,2024,9,RISARALDA,7964
2024-09-01,2024,9,"SAN ANDRES, PROVIDENCIA Y SANTA CATALINA",1866
2024-09-01,2024,9,SANTANDER,1947
2024-09-01,2024,9,VALLE DEL CAUCA,30187
2024-10-01,2024,10,ANTIOQUIA,145773
2024-10-01,2024,10,ATLANTICO,16814
2024-10-01,2024,10,BOGOTA D.C.,649057
2024-10-01,2024,10,BOLIVAR,55172
2024-10-01,2024,10,CASANARE,0
2024-10-01,2024,10,MAGDALENA,1456
2024-10-01,2024,10,NORTE DE SANTANDER,4735
2024-10-01,2024,10,QUINDIO,3351
2024-10-01,2024,10,RISARALDA,6041
2024-10-01,2024,10,"SAN ANDRES, PROVIDENCIA Y SANTA CATALINA",2078
2024-10-01,2024,10,SANTANDER,2002
2024-10-01,2024,10,VALLE DEL CAUCA,33817
2024-11-01,2024,11,AMAZONAS,0
2024-11-01,2024,11,ANTIOQUIA,156209
2024-11-01,2024,11,ATLANTICO,17424
2024-11-01,2024,11,BOGOTA D.C.,656075
2024-11-01,2024,11,BOLIVAR,61505
2024-11-01,2024,11,MAGDALENA,1603
2024-11-01,2024,11,NORTE DE SANTANDER,5002
2024-11-01,2024,11,QUINDIO,3064
2024-11-01,2024,11,RISARALDA,4980
2024-11-01,2024,11,"SAN ANDRES, PROVIDENCIA Y SANTA CATALINA",2171
2024-11-01,2024,11,SANTANDER,1907
2024-11-01,2024,11,VALLE DEL CAUCA,32978
2024-12-01,2024,12,AMAZONAS,0
2024-12-01,2024,12,ANTIOQUIA,200181
2024-12-01,2024,12,ATLANTICO,24488
2024-12-01,2024,12,BOGOTA D.C.,725282
2024-12-01,2024,12,BOLIVAR,76367
2024-12-01,2024,12,MAGDALENA,1946
2024-12-01,2024,12,NORTE DE SANTANDER,4692
2024-12-01,2024,12,QUINDIO,4489
2024-12-01,2024,12,RISARALDA,8179
2024-12-01,2024,12,"SAN ANDRES, PROVIDENCIA Y SANTA CATALINA",2303
2024-12-01,2024,12,SANTANDER,4101
2024-12-01,2024,12,VALLE DEL CAUCA,61522
2025-01-01,2025,1,ANTIOQUIA,191196
2025-01-01,2025,1,ATLANTICO,20027
2025-01-01,2025,1,BOGOTA D.C.,682214
2025-01-01,2025,1,BOLIVAR,77533
2025-01-01,2025,1,MAGDALENA,1800
2025-01-01,2025,1,NORTE DE SANTANDER,4024
2025-01-01,2025,1,QUINDIO,2775
2025-01-01,2025,1,RISARALDA,8509
2025-01-01,2025,1,"SAN ANDRES, PROVIDENCIA Y SANTA CATALINA",2339
2025-01-01,2025,1,SANTANDER,3861
2025-01-01,2025,1,VALLE DEL CAUCA,50352
2025-02-01,2025,2,AMAZONAS,0
2025-02-01,2025,2,ANTIOQUIA,141967
2025-02-01,2025,2,ATLANTICO,16057
2025-02-01,2025,2,BOGOTA D.C.,552385
2025-02-01,2025,2,BOLIVAR,67626
2025-02-01,2025,2,MAGDALENA,1529
2025-02-01,2025,2,NORTE DE SANTANDER,4332
2025-02-01,2025,2,QUINDIO,1699
2025-02-01,2025,2,RISARALDA,5201
2025-02-01,2025,2,"SAN ANDRES, PROVIDENCIA Y SANTA CATALINA",2285
2025-02-01,2025,2,SANTANDER,1859
2025-02-01,2025,2,VALLE DEL CAUCA,31497
2025-03-01,2025,3,ANTIOQUIA,144695
2025-03-01,2025,3,ATLANTICO,14394
2025-03-01,2025,3,BOGOTA D.C.,592020
2025-03-01,2025,3,BOLIVAR,72956
2025-03-01,2025,3,MAGDALENA,1501
2025-03-01,2025,3,NORTE DE SANTANDER,6079
2025-03-01,2025,3,QUINDIO,1870
2025-03-01,2025,3,RISARALDA,5884
2025-03-01,2025,3,"SAN ANDRES, PROVIDENCIA Y SANTA CATALINA",2161
2025-03-01,2025,3,SANTANDER,1812
2025-03-01,2025,3,VALLE DEL CAUCA,30627
2025-04-01,2025,4,ANTIOQUIA,148907
2025-04-01,2025,4,ATLANTICO,9768
2025-04-01,2025,4,BOGOTA D.C.,626786
2025-04-01,2025,4,BOLIVAR,52868
2025-04-01,2025,4,MAGDALENA,1471
2025-04-01,2025,4,NORTE DE SANTANDER,6305
2025-04-01,2025,4,QUINDIO,1844
2025-04-01,2025,4,RISARALDA,6390
2025-04-01,2025,4,"SAN ANDRES, PROVIDENCIA Y SANTA CATALINA",2209
2025-04-01,2025,4,SANTANDER,2045
2025-04-01,2025,4,VALLE DEL CAUCA,28909
2025-05-01,2025,5,ANTIOQUIA,151758
2025-05-01,2025,5,ATLANTICO,10744
2025-05-01,2025,5,BOGOTA D.C.,641591
2025-05-01,2025,5,BOLIVAR,44583
2025-05-01,2025,5,MAGDALENA,1204
2025-05-01,2025,5,NORTE DE SANTANDER,5905
2025-05-01,2025,5,QUINDIO,1902
2025-05-01,2025,5,RISARALDA,6665
2025-05-01,2025,5,"SAN ANDRES, PROVIDENCIA Y SANTA CATALINA",2126
2025-05-01,2025,5,SANTANDER,2073
2025-05-01,2025,5,VALLE DEL CAUCA,27970
2025-06-01,2025,6,ANTIOQUIA,173118
2025-06-01,2025,6,ATLANTICO,16023
2025-06-01,2025,6,BOGOTA D.C.,672542
2025-06-01,2025,6,BOLIVAR,52286
2025-06-01,2025,6,MAGDALENA,1398
2025-06-01,2025,6,NORTE DE SANTANDER,5213
2025-06-01,2025,6,QUINDIO,2057
2025-06-01,2025,6,RISARALDA,9504
2025-06-01,2025,6,"SAN ANDRES, PROVIDENCIA Y SANTA CATALINA",2074
2025-06-01,2025,6,SANTANDER,2299
2025-06-01,2025,6,VALLE DEL CAUCA,37927
2025-07-01,2025,7,AMAZONAS,0
2025-07-01,2025,7,ANTIOQUIA,198003
2025-07-01,2025,7,ATLANTICO,18780
2025-07-01,2025,7,BOGOTA D.C.,770024
2025-07-01,2025,7,BOLIVAR,63941
2025-07-01,2025,7,MAGDALENA,1834
2025-07-01,2025,7,NORTE DE SANTANDER,3956
2025-07-01,2025,7,QUINDIO,2906
2025-07-01,2025,7,RISARALDA,11514
2025-07-01,2025,7,"SAN ANDRES, PROVIDENCIA Y SANTA CATALINA",2513
2025-07-01,2025,7,SANTANDER,2708
2025-07-01,2025,7,VALLE DEL CAUCA,48782
2025-08-01,2025,8,ANTIOQUIA,180381
2025-08-01,2025,8,ATLANTICO,15986
2025-08-01,2025,8,BOGOTA D.C.,701608
2025-08-01,2025,8,BOLIVAR,52362
2025-08-01,2025,8,MAGDALENA,1411
2025-08-01,2025,8,NORTE DE SANTANDER,4223
2025-08-01,2025,8,QUINDIO,2969
2025-08-01,2025,8,RISARALDA,9867
2025-08-01,2025,8,"SAN ANDRES, PROVIDENCIA Y SANTA CATALINA",2105
2025-08-01,2025,8,SANTANDER,2428
2025-08-01,2025,8,VALLE DEL CAUCA,42994
2025-09-01,2025,9,ANTIOQUIA,140223
2025-09-01,2025,9,ATLANTICO,14473
2025-09-01,2025,9,BOGOTA D.C.,639948
2025-09-01,2025,9,BOLIVAR,41345
2025-09-01,2025,9,MAGDALENA,1289
2025-09-01,2025,9,NORTE DE SANTANDER,4001
2025-09-01,2025,9,QUINDIO,2504
2025-09-01,2025,9,RISARALDA,7763
2025-09-01,2025,9,"SAN ANDRES, PROVIDENCIA Y SANTA CATALINA",2188
2025-09-01,2025,9,SANTANDER,3359
2025-09-01,2025,9,VALLE DEL CAUCA,33742
