fecha,anio,mes_num,trimestre,semestre,departamento,visitantes_no_residentes,n_registros_origen,n_ciudades,n_paises_residencia,pasajeros_aereos_nacionales,n_municipios_nac,pasajeros_aereos_internacionales,prestadores_activos,rnt_municipios,categorias_rnt,capacidad_habitaciones,capacidad_camas,empleo_reportado_rnt,trm,ise,aereo_nacional_fuera_cobertura,aereo_internacional_fuera_cobertura,rnt_fuera_cobertura,objetivo_faltante,rnt_faltante,trm_faltante,ise_faltante
2015-01-01,2015,1,1,1,AMAZONAS,322.0,39.0,3.0,37.0,8543.0,4.0,8.0,,,,,,,2397.2580645161293,98.8113352418538,False,False,True,False,True,False,False
2015-01-01,2015,1,1,1,ANTIOQUIA,9358.416,297.0,50.0,99.0,254062.0,5.0,57985.0,,,,,,,2397.2580645161293,98.8113352418538,False,False,True,False,True,False,False
2015-01-01,2015,1,1,1,ARAUCA,16.0,8.0,3.0,8.0,5849.0,2.0,0.0,,,,,,,2397.2580645161293,98.8113352418538,False,False,True,False,True,False,False
2015-01-01,2015,1,1,1,ATLANTICO,3024.0,105.0,11.0,68.0,89177.0,1.0,11286.0,,,,,,,2397.2580645161293,98.8113352418538,False,False,True,False,True,False,False
2015-01-01,2015,1,1,1,BOGOTA D.C.,12633.006,139.0,1.0,139.0,714376.0,1.0,343029.0,,,,,,,2397.2580645161293,98.8113352418538,False,False,True,False,True,False,False
2015-01-01,2015,1,1,1,BOLIVAR,7012.974,150.0,25.0,102.0,137836.0,1.0,22577.0,,,,,,,2397.2580645161293,98.8113352418538,False,False,True,False,True,False,False
2015-01-01,2015,1,1,1,BOYACA,280.0,87.0,19.0,29.0,0.0,0.0,0.0,,,,,,,2397.2580645161293,98.8113352418538,False,False,True,False,True,False,False
2015-01-01,2015,1,1,1,CALDAS,653.0,90.0,17.0,48.0,7878.0,1.0,459.0,,,,,,,2397.2580645161293,98.8113352418538,False,False,True,False,True,False,False
2015-01-01,2015,1,1,1,CAQUETA,16.0,11.0,2.0,10.0,3193.0,3.0,10.0,,,,,,,2397.2580645161293,98.8113352418538,False,False,True,False,True,False,False
2015-01-01,2015,1,1,1,CASANARE,44.0,22.0,4.0,17.0,15523.0,2.0,20.0,,,,,,,2397.2580645161293,98.8113352418538,False,False,True,False,True,False,False
2015-01-01,2015,1,1,1,CAUCA,288.0,52.0,12.0,35.0,3824.0,2.0,96.0,,,,,,,2397.2580645161293,98.8113352418538,False,False,True,False,True,False,False
2015-01-01,2015,1,1,1,CESAR,155.0,38.0,7.0,27.0,12981.0,1.0,167.0,,,,,,,2397.2580645161293,98.8113352418538,False,False,True,False,True,False,False
2015-01-01,2015,1,1,1,CHOCO,149.0,39.0,9.0,26.0,14413.0,4.0,0.0,,,,,,,2397.2580645161293,98.8113352418538,False,False,True,False,True,False,False
2015-01-01,2015,1,1,1,CORDOBA,166.0,55.0,13.0,30.0,34740.0,2.0,290.0,,,,,,,2397.2580645161293,98.8113352418538,False,False,True,False,True,False,False
2015-01-01,2015,1,1,1,CUNDINAMARCA,727.0,267.0,55.0,49.0,0.0,0.0,0.0,,,,,,,2397.2580645161293,98.8113352418538,False,False,True,False,True,False,False
2015-01-01,2015,1,1,1,GUAINIA,3.0,2.0,1.0,2.0,1346.0,2.0,0.0,,,,,,,2397.2580645161293,98.8113352418538,False,False,True,False,True,False,False
2015-01-01,2015,1,1,1,GUAVIARE,3.0,1.0,1.0,1.0,1286.0,2.0,0.0,,,,,,,2397.2580645161293,98.8113352418538,False,False,True,False,True,False,False
2015-01-01,2015,1,1,1,HUILA,210.0,53.0,10.0,29.0,9739.0,1.0,155.0,,,,,,,2397.2580645161293,98.8113352418538,False,False,True,False,True,False,False
2015-01-01,2015,1,1,1,LA GUAJIRA,136.0,58.0,8.0,31.0,9002.0,3.0,99.0,,,,,,,2397.2580645161293,98.8113352418538,False,False,True,False,True,False,False
2015-01-01,2015,1,1,1,MAGDALENA,2147.0,83.0,9.0,56.0,63520.0,1.0,476.0,,,,,,,2397.2580645161293,98.8113352418538,False,False,True,False,True,False,False
2015-01-01,2015,1,1,1,META,284.0,61.0,11.0,35.0,5102.0,2.0,29.0,,,,,,,2397.2580645161293,98.8113352418538,False,False,True,False,True,False,False
2015-01-01,2015,1,1,1,NARINO,1376.0,96.0,18.0,46.0,16169.0,2.0,253.0,,,,,,,2397.2580645161293,98.8113352418538,False,False,True,False,True,False,False
2015-01-01,2015,1,1,1,NORTE DE SANTANDER,1806.0,82.0,13.0,53.0,47836.0,1.0,3323.0,,,,,,,2397.2580645161293,98.8113352418538,False,False,True,False,True,False,False
2015-01-01,2015,1,1,1,PUTUMAYO,57.0,23.0,8.0,15.0,3544.0,3.0,0.0,,,,,,,2397.2580645161293,98.8113352418538,False,False,True,False,True,False,False
2015-01-01,2015,1,1,1,QUINDIO,578.0,75.0,9.0,41.0,13466.0,1.0,2450.0,,,,,,,2397.2580645161293,98.8113352418538,False,False,True,False,True,False,False
2015-01-01,2015,1,1,1,RISARALDA,1302.0,100.0,9.0,56.0,48496.0,1.0,7535.0,,,,,,,2397.2580645161293,98.8113352418538,False,False,True,False,True,False,False
2015-01-01,2015,1,1,1,"SAN ANDRES, PROVIDENCIA Y SANTA CATALINA",3784.024,59.0,2.0,43.0,59164.0,2.0,4494.0,,,,,,,2397.2580645161293,98.8113352418538,False,False,True,False,True,False,False
2015-01-01,2015,1,1,1,SANTANDER,1275.0,150.0,19.0,57.0,70914.0,2.0,4423.0,,,,,,,2397.2580645161293,98.8113352418538,False,False,True,False,True,False,False
2015-01-01,2015,1,1,1,SUCRE,89.0,38.0,7.0,22.0,2813.0,2.0,0.0,,,,,,,2397.2580645161293,98.8113352418538,False,False,True,False,True,False,False
2015-01-01,2015,1,1,1,TOLIMA,390.0,70.0,19.0,39.0,5433.0,1.0,166.0,,,,,,,2397.2580645161293,98.8113352418538,False,False,True,False,True,False,False
2015-01-01,2015,1,1,1,VALLE DEL CAUCA,7443.816,374.0,36.0,92.0,149916.0,2.0,33565.0,,,,,,,2397.2580645161293,98.8113352418538,False,False,True,False,True,False,False
2015-01-01,2015,1,1,1,VAUPES,0.0,0.0,0.0,0.0,1408.0,4.0,0.0,,,,,,,2397.2580645161293,98.8113352418538,False,False,True,False,True,False,False
2015-01-01,2015,1,1,1,VICHADA,16.0,8.0,1.0,8.0,1796.0,2.0,0.0,,,,,,,2397.2580645161293,98.8113352418538,False,False,True,False,True,False,False
2015-02-01,2015,2,1,1,AMAZONAS,260.0,37.0,2.0,34.0,6380.0,4.0,12.0,,,,,,,2420.6725,99.35799044985646,False,False,True,False,True,False,False
2015-02-01,2015,2,1,1,ANTIOQUIA,7932.611,251.0,46.0,97.0,230384.0,5.0,40735.0,,,,,,,2420.6725,99.35799044985646,False,False,True,False,True,False,False
2015-02-01,2015,2,1,1,ARAUCA,13.0,10.0,5.0,9.0,4969.0,2.0,0.0,,,,,,,2420.6725,99.35799044985646,False,False,True,False,True,False,False
2015-02-01,2015,2,1,1,ATLANTICO,2700.923,109.0,11.0,77.0,82997.0,1.0,9641.0,,,,,,,2420.6725,99.35799044985646,False,False,True,False,True,False,False
2015-02-01,2015,2,1,1,BOGOTA D.C.,11722.713,147.0,1.0,147.0,579973.0,1.0,246829.0,,,,,,,2420.6725,99.35799044985646,False,False,True,False,True,False,False
2015-02-01,2015,2,1,1,BOLIVAR,7429.834,141.0,17.0,94.0,107921.0,1.0,20060.0,,,,,,,2420.6725,99.35799044985646,False,False,True,False,True,False,False
2015-02-01,2015,2,1,1,BOYACA,314.0,97.0,27.0,31.0,0.0,0.0,0.0,,,,,,,2420.6725,99.35799044985646,False,False,True,False,True,False,False
2015-02-01,2015,2,1,1,CALDAS,571.0,69.0,18.0,35.0,7778.0,1.0,433.0,,,,,,,2420.6725,99.35799044985646,False,False,True,False,True,False,False
2015-02-01,2015,2,1,1,CAQUETA,25.0,12.0,6.0,8.0,3433.0,2.0,10.0,,,,,,,2420.6725,99.35799044985646,False,False,True,False,True,False,False
2015-02-01,2015,2,1,1,CASANARE,55.0,23.0,6.0,18.0,13896.0,2.0,23.0,,,,,,,2420.6725,99.35799044985646,False,False,True,False,True,False,False
2015-02-01,2015,2,1,1,CAUCA,243.0,43.0,11.0,27.0,4207.0,2.0,37.0,,,,,,,2420.6725,99.35799044985646,False,False,True,False,True,False,False
2015-02-01,2015,2,1,1,CESAR,101.0,28.0,7.0,19.0,12227.0,2.0,130.0,,,,,,,2420.6725,99.35799044985646,False,False,True,False,True,False,False
2015-02-01,2015,2,1,1,CHOCO,179.0,37.0,6.0,31.0,12165.0,4.0,0.0,,,,,,,2420.6725,99.35799044985646,False,False,True,False,True,False,False
2015-02-01,2015,2,1,1,CORDOBA,107.0,45.0,13.0,25.0,29983.0,2.0,200.0,,,,,,,2420.6725,99.35799044985646,False,False,True,False,True,False,False
2015-02-01,2015,2,1,1,CUNDINAMARCA,508.0,211.0,42.0,44.0,0.0,0.0,0.0,,,,,,,2420.6725,99.35799044985646,False,False,True,False,True,False,False
2015-02-01,2015,2,1,1,GUAINIA,7.0,5.0,2.0,5.0,1170.0,2.0,0.0,,,,,,,2420.6725,99.35799044985646,False,False,True,False,True,False,False
2015-02-01,2015,2,1,1,GUAVIARE,1.0,1.0,1.0,1.0,1026.0,2.0,0.0,,,,,,,2420.6725,99.35799044985646,False,False,True,False,True,False,False
2015-02-01,2015,2,1,1,HUILA,167.0,52.0,11.0,27.0,10646.0,1.0,161.0,,,,,,,2420.6725,99.35799044985646,False,False,True,False,True,False,False
2015-02-01,2015,2,1,1,LA GUAJIRA,123.0,50.0,10.0,25.0,8382.0,3.0,36.0,,,,,,,2420.6725,99.35799044985646,False,False,True,False,True,False,False
2015-02-01,2015,2,1,1,MAGDALENA,2664.0,92.0,13.0,51.0,47986.0,1.0,615.0,,,,,,,2420.6725,99.35799044985646,False,False,True,False,True,False,False
2015-02-01,2015,2,1,1,META,213.0,48.0,8.0,31.0,5178.0,2.0,32.0,,,,,,,2420.6725,99.35799044985646,False,False,True,False,True,False,False
2015-02-01,2015,2,1,1,NARINO,1212.0,94.0,16.0,42.0,13884.0,2.0,114.0,,,,,,,2420.6725,99.35799044985646,False,False,True,False,True,False,False
2015-02-01,2015,2,1,1,NORTE DE SANTANDER,1318.0,71.0,11.0,46.0,35546.0,1.0,1406.0,,,,,,,2420.6725,99.35799044985646,False,False,True,False,True,False,False
2015-02-01,2015,2,1,1,PUTUMAYO,36.0,13.0,6.0,7.0,3470.0,3.0,0.0,,,,,,,2420.6725,99.35799044985646,False,False,True,False,True,False,False
2015-02-01,2015,2,1,1,QUINDIO,671.0,79.0,9.0,42.0,14557.0,1.0,1871.0,,,,,,,2420.6725,99.35799044985646,False,False,True,False,True,False,False
2015-02-01,2015,2,1,1,RISARALDA,1405.0,85.0,8.0,53.0,43607.0,1.0,5235.0,,,,,,,2420.6725,99.35799044985646,False,False,True,False,True,False,False
2015-02-01,2015,2,1,1,"SAN ANDRES, PROVIDENCIA Y SANTA CATALINA",2615.148,69.0,2.0,47.0,46943.0,2.0,4845.0,,,,,,,2420.6725,99.35799044985646,False,False,True,False,True,False,False
2015-02-01,2015,2,1,1,SANTANDER,993.0,128.0,19.0,54.0,65581.0,2.0,2420.0,,,,,,,2420.6725,99.35799044985646,False,False,True,False,True,False,False
2015-02-01,2015,2,1,1,SUCRE,72.0,29.0,7.0,17.0,2238.0,2.0,0.0,,,,,,,2420.6725,99.35799044985646,False,False,True,False,True,False,False
2015-02-01,2015,2,1,1,TOLIMA,253.0,59.0,11.0,38.0,5876.0,1.0,119.0,,,,,,,2420.6725,99.35799044985646,False,False,True,False,True,False,False
2015-02-01,2015,2,1,1,VALLE DEL CAUCA,5721.612,312.0,34.0,86.0,137898.0,2.0,24294.0,,,,,,,2420.6725,99.35799044985646,False,False,True,False,True,False,False
2015-02-01,2015,2,1,1,VAUPES,1.0,1.0,1.0,1.0,1006.0,4.0,0.0,,,,,,,2420.6725,99.35799044985646,False,False,True,False,True,False,False
2015-02-01,2015,2,1,1,VICHADA,32.0,10.0,3.0,9.0,1571.0,2.0,0.0,,,,,,,2420.6725,99.35799044985646,False,False,True,False,True,False,False
2015-03-01,2015,3,1,1,AMAZONAS,444.0,40.0,4.0,36.0,6997.0,4.0,20.0,,,,,,,2585.362258064516,98.83365124904573,False,False,True,False,True,False,False
2015-03-01,2015,3,1,1,ANTIOQUIA,8727.587,267.0,48.0,97.0,258008.0,5.0,41759.0,,,,,,,2585.362258064516,98.83365124904573,False,False,True,False,True,False,False
2015-03-01,2015,3,1,1,ARAUCA,14.0,9.0,2.0,8.0,6149.0,2.0,0.0,,,,,,,2585.362258064516,98.83365124904573,False,False,True,False,True,False,False
2015-03-01,2015,3,1,1,ATLANTICO,1954.131,100.0,10.0,68.0,96282.0,1.0,7480.0,,,,,,,2585.362258064516,98.83365124904573,False,False,True,False,True,False,False
2015-03-01,2015,3,1,1,BOGOTA D.C.,11336.153,146.0,1.0,146.0,631712.0,1.0,266972.0,,,,,,,2585.362258064516,98.83365124904573,False,False,True,False,True,False,False
2015-03-01,2015,3,1,1,BOLIVAR,7892.483,145.0,16.0,107.0,122442.0,2.0,20821.0,,,,,,,2585.362258064516,98.83365124904573,False,False,True,False,True,False,False
2015-03-01,2015,3,1,1,BOYACA,226.0,81.0,22.0,25.0,0.0,0.0,0.0,,,,,,,2585.362258064516,98.83365124904573,False,False,True,False,True,False,False
2015-03-01,2015,3,1,1,CALDAS,425.0,65.0,15.0,33.0,7647.0,1.0,276.0,,,,,,,2585.362258064516,98.83365124904573,False,False,True,False,True,False,False
2015-03-01,2015,3,1,1,CAQUETA,23.0,11.0,1.0,11.0,3530.0,2.0,17.0,,,,,,,2585.362258064516,98.83365124904573,False,False,True,False,True,False,False
2015-03-01,2015,3,1,1,CASANARE,46.0,23.0,4.0,19.0,15607.0,2.0,22.0,,,,,,,2585.362258064516,98.83365124904573,False,False,True,False,True,False,False
2015-03-01,2015,3,1,1,CAUCA,357.0,56.0,10.0,35.0,4742.0,2.0,59.0,,,,,,,2585.362258064516,98.83365124904573,False,False,True,False,True,False,False
2015-03-01,2015,3,1,1,CESAR,128.0,35.0,8.0,24.0,14337.0,2.0,190.0,,,,,,,2585.362258064516,98.83365124904573,False,False,True,False,True,False,False
2015-03-01,2015,3,1,1,CHOCO,190.0,40.0,8.0,28.0,15062.0,3.0,0.0,,,,,,,2585.362258064516,98.83365124904573,False,False,True,False,True,False,False
2015-03-01,2015,3,1,1,CORDOBA,134.0,44.0,11.0,27.0,35648.0,2.0,237.0,,,,,,,2585.362258064516,98.83365124904573,False,False,True,False,True,False,False
2015-03-01,2015,3,1,1,CUNDINAMARCA,826.0,224.0,46.0,44.0,0.0,0.0,0.0,,,,,,,2585.362258064516,98.83365124904573,False,False,True,False,True,False,False
2015-03-01,2015,3,1,1,GUAINIA,10.0,6.0,1.0,6.0,1105.0,2.0,0.0,,,,,,,2585.362258064516,98.83365124904573,False,False,True,False,True,False,False
2015-03-01,2015,3,1,1,GUAVIARE,1.0,1.0,1.0,1.0,1095.0,2.0,0.0,,,,,,,2585.362258064516,98.83365124904573,False,False,True,False,True,False,False
2015-03-01,2015,3,1,1,HUILA,152.0,58.0,9.0,32.0,12103.0,1.0,193.0,,,,,,,2585.362258064516,98.83365124904573,False,False,True,False,True,False,False
2015-03-01,2015,3,1,1,LA GUAJIRA,139.0,55.0,10.0,31.0,10102.0,3.0,38.0,,,,,,,2585.362258064516,98.83365124904573,False,False,True,False,True,False,False
2015-03-01,2015,3,1,1,MAGDALENA,2232.0,95.0,15.0,60.0,52874.0,1.0,496.0,,,,,,,2585.362258064516,98.83365124904573,False,False,True,False,True,False,False
2015-03-01,2015,3,1,1,META,252.0,48.0,7.0,39.0,5739.0,2.0,26.0,,,,,,,2585.362258064516,98.83365124904573,False,False,True,False,True,False,False
2015-03-01,2015,3,1,1,NARINO,989.0,85.0,17.0,43.0,15998.0,2.0,139.0,,,,,,,2585.362258064516,98.83365124904573,False,False,True,False,True,False,False
2015-03-01,2015,3,1,1,NORTE DE SANTANDER,1597.0,89.0,12.0,53.0,42191.0,1.0,1568.0,,,,,,,2585.362258064516,98.83365124904573,False,False,True,False,True,False,False
2015-03-01,2015,3,1,1,PUTUMAYO,46.0,17.0,7.0,10.0,3809.0,3.0,0.0,,,,,,,2585.362258064516,98.83365124904573,False,False,True,False,True,False,False
2015-03-01,2015,3,1,1,QUINDIO,632.0,77.0,9.0,39.0,14548.0,1.0,2059.0,,,,,,,2585.362258064516,98.83365124904573,False,False,True,False,True,False,False
2015-03-01,2015,3,1,1,RISARALDA,1508.0,96.0,10.0,52.0,52344.0,1.0,5626.0,,,,,,,2585.362258064516,98.83365124904573,False,False,True,False,True,False,False
2015-03-01,2015,3,1,1,"SAN ANDRES, PROVIDENCIA Y SANTA CATALINA",2855.652,74.0,2.0,51.0,54615.0,2.0,4741.0,,,,,,,2585.362258064516,98.83365124904573,False,False,True,False,True,False,False
2015-03-01,2015,3,1,1,SANTANDER,1063.0,119.0,26.0,49.0,74218.0,2.0,2642.0,,,,,,,2585.362258064516,98.83365124904573,False,False,True,False,True,False,False
2015-03-01,2015,3,1,1,SUCRE,51.0,22.0,7.0,13.0,2897.0,2.0,0.0,,,,,,,2585.362258064516,98.83365124904573,False,False,True,False,True,False,False
2015-03-01,2015,3,1,1,TOLIMA,312.0,70.0,16.0,40.0,6362.0,1.0,133.0,,,,,,,2585.362258064516,98.83365124904573,False,False,True,False,True,False,False
2015-03-01,2015,3,1,1,VALLE DEL CAUCA,6250.482,311.0,36.0,90.0,150620.0,2.0,27652.0,,,,,,,2585.362258064516,98.83365124904573,False,False,True,False,True,False,False
2015-03-01,2015,3,1,1,VAUPES,13.0,3.0,1.0,3.0,1047.0,3.0,0.0,,,,,,,2585.362258064516,98.83365124904573,False,False,True,False,True,False,False
2015-03-01,2015,3,1,1,VICHADA,7.0,4.0,1.0,4.0,1400.0,2.0,0.0,,,,,,,2585.362258064516,98.83365124904573,False,False,True,False,True,False,False
2015-04-01,2015,4,2,1,AMAZONAS,485.0,28.0,1.0,28.0,7155.0,4.0,28.0,,,,,,,2505.248,99.87914986485535,False,False,True,False,True,False,False
2015-04-01,2015,4,2,1,ANTIOQUIA,8469.31,259.0,53.0,103.0,251694.0,5.0,43067.0,,,,,,,2505.248,99.87914986485535,False,False,True,False,True,False,False
2015-04-01,2015,4,2,1,ARAUCA,28.0,13.0,3.0,10.0,5585.0,2.0,0.0,,,,,,,2505.248,99.87914986485535,False,False,True,False,True,False,False
2015-04-01,2015,4,2,1,ATLANTICO,1744.0430000000001,99.0,13.0,68.0,93309.0,1.0,8403.0,,,,,,,2505.248,99.87914986485535,False,False,True,False,True,False,False
2015-04-01,2015,4,2,1,BOGOTA D.C.,10869.094000000001,146.0,1.0,146.0,656216.0,1.0,275010.0,,,,,,,2505.248,99.87914986485535,False,False,True,False,True,False,False
2015-04-01,2015,4,2,1,BOLIVAR,6386.6939999999995,140.0,9.0,111.0,113772.0,1.0,19570.0,,,,,,,2505.248,99.87914986485535,False,False,True,False,True,False,False
2015-04-01,2015,4,2,1,BOYACA,229.0,87.0,18.0,31.0,0.0,0.0,0.0,,,,,,,2505.248,99.87914986485535,False,False,True,False,True,False,False
2015-04-01,2015,4,2,1,CALDAS,478.0,56.0,12.0,36.0,6978.0,1.0,335.0,,,,,,,2505.248,99.87914986485535,False,False,True,False,True,False,False
2015-04-01,2015,4,2,1,CAQUETA,21.0,11.0,3.0,9.0,3410.0,2.0,9.0,,,,,,,2505.248,99.87914986485535,False,False,True,False,True,False,False
2015-04-01,2015,4,2,1,CASANARE,37.0,20.0,5.0,14.0,14436.0,3.0,14.0,,,,,,,2505.248,99.87914986485535,False,False,True,False,True,False,False
2015-04-01,2015,4,2,1,CAUCA,300.0,46.0,10.0,32.0,4350.0,2.0,65.0,,,,,,,2505.248,99.87914986485535,False,False,True,False,True,False,False
2015-04-01,2015,4,2,1,CESAR,264.0,38.0,10.0,24.0,15129.0,1.0,247.0,,,,,,,2505.248,99.87914986485535,False,False,True,False,True,False,False
2015-04-01,2015,4,2,1,CHOCO,143.0,38.0,6.0,28.0,13763.0,3.0,0.0,,,,,,,2505.248,99.87914986485535,False,False,True,False,True,False,False
2015-04-01,2015,4,2,1,CORDOBA,190.0,52.0,12.0,34.0,32283.0,2.0,264.0,,,,,,,2505.248,99.87914986485535,False,False,True,False,True,False,False
2015-04-01,2015,4,2,1,CUNDINAMARCA,504.0,206.0,44.0,41.0,0.0,0.0,0.0,,,,,,,2505.248,99.87914986485535,False,False,True,False,True,False,False
2015-04-01,2015,4,2,1,GUAINIA,1.0,1.0,1.0,1.0,1159.0,2.0,0.0,,,,,,,2505.248,99.87914986485535,False,False,True,False,True,False,False
2015-04-01,2015,4,2,1,GUAVIARE,2.0,2.0,1.0,2.0,1044.0,2.0,0.0,,,,,,,2505.248,99.87914986485535,False,False,True,False,True,False,False
2015-04-01,2015,4,2,1,HUILA,183.0,52.0,14.0,27.0,11191.0,1.0,180.0,,,,,,,2505.248,99.87914986485535,False,False,True,False,True,False,False
2015-04-01,2015,4,2,1,LA GUAJIRA,153.0,54.0,8.0,33.0,9070.0,3.0,57.0,,,,,,,2505.248,99.87914986485535,False,False,True,False,True,False,False
2015-04-01,2015,4,2,1,MAGDALENA,1488.0,80.0,11.0,57.0,52546.0,1.0,450.0,,,,,,,2505.248,99.87914986485535,False,False,True,False,True,False,False
2015-04-01,2015,4,2,1,META,177.0,47.0,11.0,30.0,5969.0,2.0,28.0,,,,,,,2505.248,99.87914986485535,False,False,True,False,True,False,False
2015-04-01,2015,4,2,1,NARINO,1064.0,87.0,18.0,43.0,15552.0,2.0,181.0,,,,,,,2505.248,99.87914986485535,False,False,True,False,True,False,False
2015-04-01,2015,4,2,1,NORTE DE SANTANDER,1420.0,75.0,10.0,48.0,42866.0,1.0,2091.0,,,,,,,2505.248,99.87914986485535,False,False,True,False,True,False,False
2015-04-01,2015,4,2,1,PUTUMAYO,45.0,16.0,7.0,9.0,3338.0,3.0,0.0,,,,,,,2505.248,99.87914986485535,False,False,True,False,True,False,False
2015-04-01,2015,4,2,1,QUINDIO,612.0,73.0,10.0,41.0,15800.0,1.0,2005.0,,,,,,,2505.248,99.87914986485535,False,False,True,False,True,False,False
2015-04-01,2015,4,2,1,RISARALDA,1469.0,93.0,12.0,52.0,52650.0,1.0,5936.0,,,,,,,2505.248,99.87914986485535,False,False,True,False,True,False,False
2015-04-01,2015,4,2,1,"SAN ANDRES, PROVIDENCIA Y SANTA CATALINA",1417.597,69.0,2.0,53.0,53949.0,2.0,4425.0,,,,,,,2505.248,99.87914986485535,False,False,True,False,True,False,False
2015-04-01,2015,4,2,1,SANTANDER,958.0,127.0,21.0,58.0,74913.0,2.0,2923.0,,,,,,,2505.248,99.87914986485535,False,False,True,False,True,False,False
2015-04-01,2015,4,2,1,SUCRE,51.0,24.0,5.0,16.0,2498.0,3.0,0.0,,,,,,,2505.248,99.87914986485535,False,False,True,False,True,False,False
2015-04-01,2015,4,2,1,TOLIMA,285.0,54.0,12.0,37.0,5888.0,1.0,140.0,,,,,,,2505.248,99.87914986485535,False,False,True,False,True,False,False
2015-04-01,2015,4,2,1,VALLE DEL CAUCA,6050.055,305.0,33.0,78.0,151676.0,2.0,29073.0,,,,,,,2505.248,99.87914986485535,False,False,True,False,True,False,False
2015-04-01,2015,4,2,1,VAUPES,2.0,1.0,1.0,1.0,1102.0,4.0,0.0,,,,,,,2505.248,99.87914986485535,False,False,True,False,True,False,False
2015-04-01,2015,4,2,1,VICHADA,4.0,3.0,1.0,3.0,1804.0,2.0,0.0,,,,,,,2505.248,99.87914986485535,False,False,True,False,True,False,False
2015-05-01,2015,5,2,1,AMAZONAS,492.0,38.0,2.0,37.0,7450.0,4.0,14.0,,,,,,,2437.5351612903223,99.70595057255565,False,False,True,False,True,False,False
2015-05-01,2015,5,2,1,ANTIOQUIA,8280.388,246.0,38.0,100.0,257450.0,5.0,47519.0,,,,,,,2437.5351612903223,99.70595057255565,False,False,True,False,True,False,False
2015-05-01,2015,5,2,1,ARAUCA,16.0,8.0,3.0,8.0,6403.0,2.0,0.0,,,,,,,2437.5351612903223,99.70595057255565,False,False,True,False,True,False,False
2015-05-01,2015,5,2,1,ATLANTICO,1834.19,108.0,14.0,77.0,101164.0,1.0,8391.0,,,,,,,2437.5351612903223,99.70595057255565,False,False,True,False,True,False,False
2015-05-01,2015,5,2,1,BOGOTA D.C.,10309.226,132.0,1.0,132.0,686845.0,1.0,290094.0,,,,,,,2437.5351612903223,99.70595057255565,False,False,True,False,True,False,False
2015-05-01,2015,5,2,1,BOLIVAR,6696.976,152.0,16.0,119.0,125141.0,1.0,19358.0,,,,,,,2437.5351612903223,99.70595057255565,False,False,True,False,True,False,False
2015-05-01,2015,5,2,1,BOYACA,281.0,84.0,21.0,26.0,0.0,0.0,0.0,,,,,,,2437.5351612903223,99.70595057255565,False,False,True,False,True,False,False
2015-05-01,2015,5,2,1,CALDAS,503.0,73.0,13.0,40.0,7351.0,1.0,413.0,,,,,,,2437.5351612903223,99.70595057255565,False,False,True,False,True,False,False
2015-05-01,2015,5,2,1,CAQUETA,20.0,11.0,3.0,9.0,3734.0,2.0,17.0,,,,,,,2437.5351612903223,99.70595057255565,False,False,True,False,True,False,False
2015-05-01,2015,5,2,1,CASANARE,29.0,15.0,5.0,11.0,16003.0,2.0,21.0,,,,,,,2437.5351612903223,99.70595057255565,False,False,True,False,True,False,False
2015-05-01,2015,5,2,1,CAUCA,468.0,53.0,13.0,30.0,5700.0,2.0,80.0,,,,,,,2437.5351612903223,99.70595057255565,False,False,True,False,True,False,False
2015-05-01,2015,5,2,1,CESAR,123.0,31.0,8.0,20.0,15006.0,1.0,162.0,,,,,,,2437.5351612903223,99.70595057255565,False,False,True,False,True,False,False
2015-05-01,2015,5,2,1,CHOCO,230.0,47.0,9.0,34.0,13414.0,3.0,0.0,,,,,,,2437.5351612903223,99.70595057255565,False,False,True,False,True,False,False
2015-05-01,2015,5,2,1,CORDOBA,121.0,34.0,7.0,23.0,33419.0,2.0,223.0,,,,,,,2437.5351612903223,99.70595057255565,False,False,True,False,True,False,False
2015-05-01,2015,5,2,1,CUNDINAMARCA,519.0,194.0,43.0,38.0,0.0,0.0,0.0,,,,,,,2437.5351612903223,99.70595057255565,False,False,True,False,True,False,False
2015-05-01,2015,5,2,1,GUAINIA,6.0,2.0,1.0,2.0,1166.0,2.0,0.0,,,,,,,2437.5351612903223,99.70595057255565,False,False,True,False,True,False,False
2015-05-01,2015,5,2,1,GUAVIARE,2.0,2.0,1.0,2.0,1262.0,2.0,0.0,,,,,,,2437.5351612903223,99.70595057255565,False,False,True,False,True,False,False
2015-05-01,2015,5,2,1,HUILA,277.0,60.0,10.0,33.0,13170.0,1.0,201.0,,,,,,,2437.5351612903223,99.70595057255565,False,False,True,False,True,False,False
2015-05-01,2015,5,2,1,LA GUAJIRA,151.0,53.0,8.0,29.0,8714.0,3.0,45.0,,,,,,,2437.5351612903223,99.70595057255565,False,False,True,False,True,False,False
2015-05-01,2015,5,2,1,MAGDALENA,1453.0,82.0,14.0,55.0,55126.0,1.0,495.0,,,,,,,2437.5351612903223,99.70595057255565,False,False,True,False,True,False,False
2015-05-01,2015,5,2,1,META,253.0,39.0,10.0,28.0,5677.0,2.0,33.0,,,,,,,2437.5351612903223,99.70595057255565,False,False,True,False,True,False,False
2015-05-01,2015,5,2,1,NARINO,1084.0,84.0,15.0,43.0,16347.0,2.0,150.0,,,,,,,2437.5351612903223,99.70595057255565,False,False,True,False,True,False,False
2015-05-01,2015,5,2,1,NORTE DE SANTANDER,1428.0,81.0,11.0,52.0,49041.0,1.0,1984.0,,,,,,,2437.5351612903223,99.70595057255565,False,False,True,False,True,False,False
2015-05-01,2015,5,2,1,PUTUMAYO,61.0,19.0,4.0,13.0,3145.0,3.0,0.0,,,,,,,2437.5351612903223,99.70595057255565,False,False,True,False,True,False,False
2015-05-01,2015,5,2,1,QUINDIO,688.0,76.0,9.0,38.0,19553.0,1.0,2485.0,,,,,,,2437.5351612903223,99.70595057255565,False,False,True,False,True,False,False
2015-05-01,2015,5,2,1,RISARALDA,1509.0,89.0,10.0,52.0,56491.0,1.0,6841.0,,,,,,,2437.5351612903223,99.70595057255565,False,False,True,False,True,False,False
2015-05-01,2015,5,2,1,"SAN ANDRES, PROVIDENCIA Y SANTA CATALINA",1384.206,65.0,2.0,51.0,58686.0,2.0,3877.0,,,,,,,2437.5351612903223,99.70595057255565,False,False,True,False,True,False,False
2015-05-01,2015,5,2,1,SANTANDER,978.0,125.0,19.0,57.0,81607.0,2.0,3289.0,,,,,,,2437.5351612903223,99.70595057255565,False,False,True,False,True,False,False
2015-05-01,2015,5,2,1,SUCRE,43.0,28.0,7.0,19.0,2528.0,2.0,0.0,,,,,,,2437.5351612903223,99.70595057255565,False,False,True,False,True,False,False
2015-05-01,2015,5,2,1,TOLIMA,312.0,62.0,15.0,33.0,6598.0,1.0,135.0,,,,,,,2437.5351612903223,99.70595057255565,False,False,True,False,True,False,False
2015-05-01,2015,5,2,1,VALLE DEL CAUCA,6741.884,325.0,35.0,94.0,160663.0,2.0,31435.0,,,,,,,2437.5351612903223,99.70595057255565,False,False,True,False,True,False,False
2015-05-01,2015,5,2,1,VAUPES,1.0,1.0,1.0,1.0,1020.0,3.0,0.0,,,,,,,2437.5351612903223,99.70595057255565,False,False,True,False,True,False,False
2015-05-01,2015,5,2,1,VICHADA,9.0,4.0,1.0,4.0,1359.0,2.0,0.0,,,,,,,2437.5351612903223,99.70595057255565,False,False,True,False,True,False,False
2015-06-01,2015,6,2,1,AMAZONAS,534.0,32.0,1.0,32.0,8494.0,4.0,43.0,,,,,,,2562.4776666666667,99.50484990946276,False,False,True,False,True,False,False
2015-06-01,2015,6,2,1,ANTIOQUIA,9182.954,288.0,50.0,118.0,275845.0,5.0,58655.0,,,,,,,2562.4776666666667,99.50484990946276,False,False,True,False,True,False,False
2015-06-01,2015,6,2,1,ARAUCA,28.0,14.0,3.0,12.0,6635.0,2.0,0.0,,,,,,,2562.4776666666667,99.50484990946276,False,False,True,False,True,False,False
2015-06-01,2015,6,2,1,ATLANTICO,2452.391,100.0,8.0,76.0,111739.0,1.0,12086.0,,,,,,,2562.4776666666667,99.50484990946276,False,False,True,False,True,False,False
2015-06-01,2015,6,2,1,BOGOTA D.C.,11593.326000000001,146.0,1.0,146.0,693119.0,1.0,298190.0,,,,,,,2562.4776666666667,99.50484990946276,False,False,True,False,True,False,False
2015-06-01,2015,6,2,1,BOLIVAR,6922.905,141.0,16.0,114.0,147513.0,1.0,19506.0,,,,,,,2562.4776666666667,99.50484990946276,False,False,True,False,True,False,False
2015-06-01,2015,6,2,1,BOYACA,298.0,111.0,25.0,39.0,0.0,0.0,0.0,,,,,,,2562.4776666666667,99.50484990946276,False,False,True,False,True,False,False
2015-06-01,2015,6,2,1,CALDAS,656.0,75.0,18.0,37.0,8371.0,1.0,439.0,,,,,,,2562.4776666666667,99.50484990946276,False,False,True,False,True,False,False
2015-06-01,2015,6,2,1,CAQUETA,20.0,9.0,2.0,8.0,3546.0,2.0,4.0,,,,,,,2562.4776666666667,99.50484990946276,False,False,True,False,True,False,False
2015-06-01,2015,6,2,1,CASANARE,65.0,23.0,6.0,18.0,16868.0,2.0,38.0,,,,,,,2562.4776666666667,99.50484990946276,False,False,True,False,True,False,False
2015-06-01,2015,6,2,1,CAUCA,392.0,60.0,14.0,35.0,5960.0,2.0,79.0,,,,,,,2562.4776666666667,99.50484990946276,False,False,True,False,True,False,False
2015-06-01,2015,6,2,1,CESAR,210.0,49.0,7.0,36.0,15757.0,2.0,208.0,,,,,,,2562.4776666666667,99.50484990946276,False,False,True,False,True,False,False
2015-06-01,2015,6,2,1,CHOCO,176.0,38.0,6.0,30.0,15348.0,3.0,0.0,,,,,,,2562.4776666666667,99.50484990946276,False,False,True,False,True,False,False
2015-06-01,2015,6,2,1,CORDOBA,232.0,46.0,12.0,24.0,38242.0,2.0,362.0,,,,,,,2562.4776666666667,99.50484990946276,False,False,True,False,True,False,False
2015-06-01,2015,6,2,1,CUNDINAMARCA,864.0,235.0,48.0,45.0,0.0,0.0,0.0,,,,,,,2562.4776666666667,99.50484990946276,False,False,True,False,True,False,False
2015-06-01,2015,6,2,1,GUAINIA,7.0,3.0,1.0,3.0,1175.0,2.0,0.0,,,,,,,2562.4776666666667,99.50484990946276,False,False,True,False,True,False,False
2015-06-01,2015,6,2,1,GUAVIARE,2.0,2.0,1.0,2.0,1324.0,2.0,0.0,,,,,,,2562.4776666666667,99.50484990946276,False,False,True,False,True,False,False
2015-06-01,2015,6,2,1,HUILA,592.0,80.0,16.0,37.0,12899.0,1.0,330.0,,,,,,,2562.4776666666667,99.50484990946276,False,False,True,False,True,False,False
2015-06-01,2015,6,2,1,LA GUAJIRA,147.0,51.0,9.0,28.0,9173.0,3.0,25.0,,,,,,,2562.4776666666667,99.50484990946276,False,False,True,False,True,False,False
2015-06-01,2015,6,2,1,MAGDALENA,1364.0,79.0,15.0,54.0,59987.0,1.0,535.0,,,,,,,2562.4776666666667,99.50484990946276,False,False,True,False,True,False,False
2015-06-01,2015,6,2,1,META,304.0,52.0,10.0,31.0,5496.0,2.0,57.0,,,,,,,2562.4776666666667,99.50484990946276,False,False,True,False,True,False,False
2015-06-01,2015,6,2,1,NARINO,1265.0,105.0,16.0,53.0,16932.0,2.0,219.0,,,,,,,2562.4776666666667,99.50484990946276,False,False,True,False,True,False,False
2015-06-01,2015,6,2,1,NORTE DE SANTANDER,1292.0,88.0,15.0,49.0,51744.0,1.0,2398.0,,,,,,,2562.4776666666667,99.50484990946276,False,False,True,False,True,False,False
2015-06-01,2015,6,2,1,PUTUMAYO,30.0,12.0,5.0,9.0,2976.0,3.0,3.0,,,,,,,2562.4776666666667,99.50484990946276,False,False,True,False,True,False,False
2015-06-01,2015,6,2,1,QUINDIO,1045.0,86.0,10.0,38.0,20180.0,1.0,2678.0,,,,,,,2562.4776666666667,99.50484990946276,False,False,True,False,True,False,False
2015-06-01,2015,6,2,1,RISARALDA,2119.0,105.0,11.0,58.0,56757.0,1.0,8557.0,,,,,,,2562.4776666666667,99.50484990946276,False,False,True,False,True,False,False
2015-06-01,2015,6,2,1,"SAN ANDRES, PROVIDENCIA Y SANTA CATALINA",3633.049,66.0,2.0,48.0,73410.0,2.0,2914.0,,,,,,,2562.4776666666667,99.50484990946276,False,False,True,False,True,False,False
2015-06-01,2015,6,2,1,SANTANDER,1453.0,138.0,24.0,52.0,82796.0,2.0,4556.0,,,,,,,2562.4776666666667,99.50484990946276,False,False,True,False,True,False,False
2015-06-01,2015,6,2,1,SUCRE,100.0,21.0,6.0,15.0,3060.0,2.0,0.0,,,,,,,2562.4776666666667,99.50484990946276,False,False,True,False,True,False,False
2015-06-01,2015,6,2,1,TOLIMA,595.0,87.0,18.0,46.0,6500.0,1.0,186.0,,,,,,,2562.4776666666667,99.50484990946276,False,False,True,False,True,False,False
2015-06-01,2015,6,2,1,VALLE DEL CAUCA,7940.991,353.0,38.0,94.0,171001.0,2.0,37400.0,,,,,,,2562.4776666666667,99.50484990946276,False,False,True,False,True,False,False
2015-06-01,2015,6,2,1,VAUPES,2.0,1.0,1.0,1.0,1717.0,4.0,0.0,,,,,,,2562.4776666666667,99.50484990946276,False,False,True,False,True,False,False
2015-06-01,2015,6,2,1,VICHADA,8.0,7.0,1.0,7.0,1382.0,2.0,0.0,,,,,,,2562.4776666666667,99.50484990946276,False,False,True,False,True,False,False
2015-07-01,2015,7,3,2,AMAZONAS,779.0,42.0,2.0,41.0,9309.0,4.0,54.0,,,,,,,2732.035806451613,101.30903289132446,False,False,True,False,True,False,False
2015-07-01,2015,7,3,2,ANTIOQUIA,8860.666,325.0,55.0,112.0,287370.0,5.0,67745.0,,,,,,,2732.035806451613,101.30903289132446,False,False,True,False,True,False,False
2015-07-01,2015,7,3,2,ARAUCA,31.0,14.0,4.0,8.0,7374.0,2.0,0.0,,,,,,,2732.035806451613,101.30903289132446,False,False,True,False,True,False,False
2015-07-01,2015,7,3,2,ATLANTICO,2556.212,112.0,16.0,79.0,112460.0,1.0,15257.0,,,,,,,2732.035806451613,101.30903289132446,False,False,True,False,True,False,False
2015-07-01,2015,7,3,2,BOGOTA D.C.,11547.749,141.0,1.0,141.0,756099.0,1.0,365232.0,,,,,,,2732.035806451613,101.30903289132446,False,False,True,False,True,False,False
2015-07-01,2015,7,3,2,BOLIVAR,6349.49,140.0,21.0,99.0,151112.0,1.0,24697.0,,,,,,,2732.035806451613,101.30903289132446,False,False,True,False,True,False,False
2015-07-01,2015,7,3,2,BOYACA,487.0,115.0,29.0,37.0,0.0,0.0,0.0,,,,,,,2732.035806451613,101.30903289132446,False,False,True,False,True,False,False
2015-07-01,2015,7,3,2,CALDAS,748.0,89.0,18.0,44.0,9349.0,1.0,589.0,,,,,,,2732.035806451613,101.30903289132446,False,False,True,False,True,False,False
2015-07-01,2015,7,3,2,CAQUETA,20.0,12.0,3.0,12.0,3607.0,2.0,16.0,,,,,,,2732.035806451613,101.30903289132446,False,False,True,False,True,False,False
2015-07-01,2015,7,3,2,CASANARE,63.0,28.0,7.0,19.0,20412.0,2.0,25.0,,,,,,,2732.035806451613,101.30903289132446,False,False,True,False,True,False,False
2015-07-01,2015,7,3,2,CAUCA,321.0,52.0,15.0,31.0,6799.0,2.0,93.0,,,,,,,2732.035806451613,101.30903289132446,False,False,True,False,True,False,False
2015-07-01,2015,7,3,2,CESAR,173.0,41.0,10.0,30.0,17353.0,2.0,217.0,,,,,,,2732.035806451613,101.30903289132446,False,False,True,False,True,False,False
2015-07-01,2015,7,3,2,CHOCO,273.0,40.0,7.0,28.0,16155.0,3.0,0.0,,,,,,,2732.035806451613,101.30903289132446,False,False,True,False,True,False,False
2015-07-01,2015,7,3,2,CORDOBA,198.0,54.0,14.0,28.0,38266.0,2.0,445.0,,,,,,,2732.035806451613,101.30903289132446,False,False,True,False,True,False,False
2015-07-01,2015,7,3,2,CUNDINAMARCA,923.0,262.0,49.0,50.0,0.0,0.0,0.0,,,,,,,2732.035806451613,101.30903289132446,False,False,True,False,True,False,False
2015-07-01,2015,7,3,2,GUAINIA,12.0,4.0,2.0,3.0,1109.0,2.0,0.0,,,,,,,2732.035806451613,101.30903289132446,False,False,True,False,True,False,False
2015-07-01,2015,7,3,2,GUAVIARE,2.0,2.0,1.0,2.0,1537.0,2.0,0.0,,,,,,,2732.035806451613,101.30903289132446,False,False,True,False,True,False,False
2015-07-01,2015,7,3,2,HUILA,308.0,67.0,10.0,35.0,13184.0,2.0,227.0,,,,,,,2732.035806451613,101.30903289132446,False,False,True,False,True,False,False
2015-07-01,2015,7,3,2,LA GUAJIRA,185.0,54.0,10.0,28.0,8782.0,3.0,39.0,,,,,,,2732.035806451613,101.30903289132446,False,False,True,False,True,False,False
2015-07-01,2015,7,3,2,MAGDALENA,1949.0,75.0,11.0,53.0,66442.0,1.0,652.0,,,,,,,2732.035806451613,101.30903289132446,False,False,True,False,True,False,False
2015-07-01,2015,7,3,2,META,313.0,47.0,8.0,29.0,6243.0,2.0,35.0,,,,,,,2732.035806451613,101.30903289132446,False,False,True,False,True,False,False
2015-07-01,2015,7,3,2,NARINO,1584.0,112.0,21.0,50.0,18594.0,2.0,398.0,,,,,,,2732.035806451613,101.30903289132446,False,False,True,False,True,False,False
2015-07-01,2015,7,3,2,NORTE DE SANTANDER,1418.0,85.0,16.0,52.0,53599.0,1.0,2505.0,,,,,,,2732.035806451613,101.30903289132446,False,False,True,False,True,False,False
2015-07-01,2015,7,3,2,PUTUMAYO,64.0,19.0,8.0,14.0,3199.0,3.0,0.0,,,,,,,2732.035806451613,101.30903289132446,False,False,True,False,True,False,False
2015-07-01,2015,7,3,2,QUINDIO,1175.0,90.0,10.0,40.0,20108.0,1.0,3095.0,,,,,,,2732.035806451613,101.30903289132446,False,False,True,False,True,False,False
2015-07-01,2015,7,3,2,RISARALDA,2467.0,103.0,12.0,53.0,59578.0,1.0,9058.0,,,,,,,2732.035806451613,101.30903289132446,False,False,True,False,True,False,False
2015-07-01,2015,7,3,2,"SAN ANDRES, PROVIDENCIA Y SANTA CATALINA",1646.993,65.0,2.0,49.0,73000.0,2.0,3657.0,,,,,,,2732.035806451613,101.30903289132446,False,False,True,False,True,False,False
2015-07-01,2015,7,3,2,SANTANDER,1667.0,142.0,22.0,55.0,88769.0,2.0,4563.0,,,,,,,2732.035806451613,101.30903289132446,False,False,True,False,True,False,False
2015-07-01,2015,7,3,2,SUCRE,77.0,32.0,9.0,21.0,3113.0,2.0,0.0,,,,,,,2732.035806451613,101.30903289132446,False,False,True,False,True,False,False
2015-07-01,2015,7,3,2,TOLIMA,490.0,76.0,14.0,46.0,6823.0,1.0,181.0,,,,,,,2732.035806451613,101.30903289132446,False,False,True,False,True,False,False
2015-07-01,2015,7,3,2,VALLE DEL CAUCA,10205.803,423.0,40.0,147.0,180260.0,2.0,46248.0,,,,,,,2732.035806451613,101.30903289132446,False,False,True,False,True,False,False
2015-07-01,2015,7,3,2,VAUPES,8.0,4.0,2.0,3.0,746.0,4.0,0.0,,,,,,,2732.035806451613,101.30903289132446,False,False,True,False,True,False,False
2015-07-01,2015,7,3,2,VICHADA,12.0,6.0,1.0,6.0,1608.0,3.0,0.0,,,,,,,2732.035806451613,101.30903289132446,False,False,True,False,True,False,False
2015-08-01,2015,8,3,2,AMAZONAS,566.0,37.0,4.0,34.0,9740.0,4.0,19.0,,,,,,,3012.5874193548384,99.91513388193808,False,False,True,False,True,False,False
2015-08-01,2015,8,3,2,ANTIOQUIA,9116.199,307.0,55.0,108.0,281061.0,5.0,56241.0,,,,,,,3012.5874193548384,99.91513388193808,False,False,True,False,True,False,False
2015-08-01,2015,8,3,2,ARAUCA,17.0,12.0,4.0,9.0,6808.0,2.0,0.0,,,,,,,3012.5874193548384,99.91513388193808,False,False,True,False,True,False,False
2015-08-01,2015,8,3,2,ATLANTICO,2097.712,95.0,12.0,69.0,100593.0,1.0,12313.0,,,,,,,3012.5874193548384,99.91513388193808,False,False,True,False,True,False,False
2015-08-01,2015,8,3,2,BOGOTA D.C.,12352.598,155.0,1.0,155.0,721066.0,1.0,336456.0,,,,,,,3012.5874193548384,99.91513388193808,False,False,True,False,True,False,False
2015-08-01,2015,8,3,2,BOLIVAR,6808.698,139.0,14.0,106.0,147979.0,1.0,21252.0,,,,,,,3012.5874193548384,99.91513388193808,False,False,True,False,True,False,False
2015-08-01,2015,8,3,2,BOYACA,352.0,121.0,26.0,41.0,0.0,0.0,0.0,,,,,,,3012.5874193548384,99.91513388193808,False,False,True,False,True,False,False
2015-08-01,2015,8,3,2,CALDAS,651.0,71.0,14.0,46.0,8893.0,1.0,510.0,,,,,,,3012.5874193548384,99.91513388193808,False,False,True,False,True,False,False
2015-08-01,2015,8,3,2,CAQUETA,22.0,6.0,2.0,5.0,3587.0,1.0,4.0,,,,,,,3012.5874193548384,99.91513388193808,False,False,True,False,True,False,False
2015-08-01,2015,8,3,2,CASANARE,38.0,19.0,4.0,15.0,19033.0,2.0,28.0,,,,,,,3012.5874193548384,99.91513388193808,False,False,True,False,True,False,False
2015-08-01,2015,8,3,2,CAUCA,316.0,51.0,10.0,33.0,6398.0,2.0,78.0,,,,,,,3012.5874193548384,99.91513388193808,False,False,True,False,True,False,False
2015-08-01,2015,8,3,2,CESAR,206.0,32.0,9.0,21.0,16340.0,1.0,209.0,,,,,,,3012.5874193548384,99.91513388193808,False,False,True,False,True,False,False
2015-08-01,2015,8,3,2,CHOCO,244.0,41.0,6.0,31.0,14811.0,3.0,0.0,,,,,,,3012.5874193548384,99.91513388193808,False,False,True,False,True,False,False
2015-08-01,2015,8,3,2,CORDOBA,161.0,46.0,10.0,30.0,37518.0,2.0,287.0,,,,,,,3012.5874193548384,99.91513388193808,False,False,True,False,True,False,False
2015-08-01,2015,8,3,2,CUNDINAMARCA,794.0,246.0,50.0,42.0,0.0,0.0,0.0,,,,,,,3012.5874193548384,99.91513388193808,False,False,True,False,True,False,False
2015-08-01,2015,8,3,2,GUAINIA,12.0,3.0,1.0,3.0,1403.0,2.0,0.0,,,,,,,3012.5874193548384,99.91513388193808,False,False,True,False,True,False,False
2015-08-01,2015,8,3,2,GUAVIARE,0.0,0.0,0.0,0.0,1293.0,2.0,0.0,,,,,,,3012.5874193548384,99.91513388193808,False,False,True,False,True,False,False
2015-08-01,2015,8,3,2,HUILA,347.0,58.0,10.0,31.0,13979.0,2.0,262.0,,,,,,,3012.5874193548384,99.91513388193808,False,False,True,False,True,False,False
2015-08-01,2015,8,3,2,LA GUAJIRA,223.0,51.0,7.0,27.0,10045.0,3.0,65.0,,,,,,,3012.5874193548384,99.91513388193808,False,False,True,False,True,False,False
2015-08-01,2015,8,3,2,MAGDALENA,1790.0,97.0,14.0,57.0,68329.0,1.0,522.0,,,,,,,3012.5874193548384,99.91513388193808,False,False,True,False,True,False,False
2015-08-01,2015,8,3,2,META,296.0,53.0,8.0,33.0,5834.0,2.0,49.0,,,,,,,3012.5874193548384,99.91513388193808,False,False,True,False,True,False,False
2015-08-01,2015,8,3,2,NARINO,2043.0,97.0,17.0,49.0,18152.0,2.0,300.0,,,,,,,3012.5874193548384,99.91513388193808,False,False,True,False,True,False,False
2015-08-01,2015,8,3,2,NORTE DE SANTANDER,1619.0,79.0,11.0,49.0,49794.0,1.0,1864.0,,,,,,,3012.5874193548384,99.91513388193808,False,False,True,False,True,False,False
2015-08-01,2015,8,3,2,PUTUMAYO,50.0,15.0,8.0,9.0,3132.0,3.0,0.0,,,,,,,3012.5874193548384,99.91513388193808,False,False,True,False,True,False,False
2015-08-01,2015,8,3,2,QUINDIO,957.0,81.0,11.0,44.0,19445.0,1.0,2410.0,,,,,,,3012.5874193548384,99.91513388193808,False,False,True,False,True,False,False
2015-08-01,2015,8,3,2,RISARALDA,1979.0,97.0,10.0,54.0,56648.0,1.0,7770.0,,,,,,,3012.5874193548384,99.91513388193808,False,False,True,False,True,False,False
2015-08-01,2015,8,3,2,"SAN ANDRES, PROVIDENCIA Y SANTA CATALINA",2320.663,65.0,2.0,51.0,69211.0,2.0,3164.0,,,,,,,3012.5874193548384,99.91513388193808,False,False,True,False,True,False,False
2015-08-01,2015,8,3,2,SANTANDER,1287.0,143.0,23.0,57.0,84968.0,2.0,3655.0,,,,,,,3012.5874193548384,99.91513388193808,False,False,True,False,True,False,False
2015-08-01,2015,8,3,2,SUCRE,66.0,33.0,7.0,20.0,2893.0,2.0,0.0,,,,,,,3012.5874193548384,99.91513388193808,False,False,True,False,True,False,False
2015-08-01,2015,8,3,2,TOLIMA,396.0,81.0,20.0,40.0,6765.0,1.0,139.0,,,,,,,3012.5874193548384,99.91513388193808,False,False,True,False,True,False,False
2015-08-01,2015,8,3,2,VALLE DEL CAUCA,7186.326,361.0,36.0,99.0,175531.0,2.0,42073.0,,,,,,,3012.5874193548384,99.91513388193808,False,False,True,False,True,False,False
2015-08-01,2015,8,3,2,VAUPES,5.0,2.0,1.0,2.0,1024.0,4.0,0.0,,,,,,,3012.5874193548384,99.91513388193808,False,False,True,False,True,False,False
2015-08-01,2015,8,3,2,VICHADA,3.0,2.0,1.0,2.0,1467.0,3.0,0.0,,,,,,,3012.5874193548384,99.91513388193808,False,False,True,False,True,False,False
2015-09-01,2015,9,3,2,AMAZONAS,337.0,33.0,1.0,33.0,8859.0,4.0,10.0,,,,,,,3066.4080000000004,101.04407712980566,False,False,True,False,True,False,False
2015-09-01,2015,9,3,2,ANTIOQUIA,8805.193,314.0,48.0,147.0,269021.0,5.0,51163.0,,,,,,,3066.4080000000004,101.04407712980566,False,False,True,False,True,False,False
2015-09-01,2015,9,3,2,ARAUCA,17.0,13.0,1.0,13.0,7130.0,2.0,0.0,,,,,,,3066.4080000000004,101.04407712980566,False,False,True,False,True,False,False
2015-09-01,2015,9,3,2,ATLANTICO,2005.398,102.0,12.0,78.0,94414.0,1.0,9504.0,,,,,,,3066.4080000000004,101.04407712980566,False,False,True,False,True,False,False
2015-09-01,2015,9,3,2,BOGOTA D.C.,11660.926,147.0,1.0,147.0,680501.0,1.0,281982.0,,,,,,,3066.4080000000004,101.04407712980566,False,False,True,False,True,False,False
2015-09-01,2015,9,3,2,BOLIVAR,6102.642,129.0,12.0,110.0,133842.0,1.0,18100.0,,,,,,,3066.4080000000004,101.04407712980566,False,False,True,False,True,False,False
2015-09-01,2015,9,3,2,BOYACA,239.0,99.0,21.0,29.0,0.0,0.0,0.0,,,,,,,3066.4080000000004,101.04407712980566,False,False,True,False,True,False,False
2015-09-01,2015,9,3,2,CALDAS,613.0,73.0,17.0,41.0,7653.0,1.0,438.0,,,,,,,3066.4080000000004,101.04407712980566,False,False,True,False,True,False,False
2015-09-01,2015,9,3,2,CAQUETA,16.0,7.0,1.0,7.0,3773.0,2.0,6.0,,,,,,,3066.4080000000004,101.04407712980566,False,False,True,False,True,False,False
2015-09-01,2015,9,3,2,CASANARE,57.0,18.0,4.0,15.0,20707.0,2.0,28.0,,,,,,,3066.4080000000004,101.04407712980566,False,False,True,False,True,False,False
2015-09-01,2015,9,3,2,CAUCA,406.0,47.0,11.0,31.0,6493.0,2.0,98.0,,,,,,,3066.4080000000004,101.04407712980566,False,False,True,False,True,False,False
2015-09-01,2015,9,3,2,CESAR,95.0,31.0,6.0,23.0,15802.0,1.0,105.0,,,,,,,3066.4080000000004,101.04407712980566,False,False,True,False,True,False,False
2015-09-01,2015,9,3,2,CHOCO,179.0,36.0,7.0,27.0,16016.0,4.0,0.0,,,,,,,3066.4080000000004,101.04407712980566,False,False,True,False,True,False,False
2015-09-01,2015,9,3,2,CORDOBA,164.0,43.0,9.0,28.0,34688.0,2.0,208.0,,,,,,,3066.4080000000004,101.04407712980566,False,False,True,False,True,False,False
2015-09-01,2015,9,3,2,CUNDINAMARCA,640.0,227.0,48.0,44.0,0.0,0.0,0.0,,,,,,,3066.4080000000004,101.04407712980566,False,False,True,False,True,False,False
2015-09-01,2015,9,3,2,GUAINIA,10.0,3.0,2.0,3.0,1545.0,2.0,0.0,,,,,,,3066.4080000000004,101.04407712980566,False,False,True,False,True,False,False
2015-09-01,2015,9,3,2,GUAVIARE,0.0,0.0,0.0,0.0,1327.0,2.0,0.0,,,,,,,3066.4080000000004,101.04407712980566,False,False,True,False,True,False,False
2015-09-01,2015,9,3,2,HUILA,272.0,56.0,10.0,28.0,14329.0,2.0,212.0,,,,,,,3066.4080000000004,101.04407712980566,False,False,True,False,True,False,False
2015-09-01,2015,9,3,2,LA GUAJIRA,79.0,33.0,6.0,22.0,9839.0,3.0,42.0,,,,,,,3066.4080000000004,101.04407712980566,False,False,True,False,True,False,False
2015-09-01,2015,9,3,2,MAGDALENA,1598.0,82.0,12.0,56.0,60410.0,1.0,615.0,,,,,,,3066.4080000000004,101.04407712980566,False,False,True,False,True,False,False
2015-09-01,2015,9,3,2,META,242.0,40.0,9.0,28.0,6176.0,3.0,44.0,,,,,,,3066.4080000000004,101.04407712980566,False,False,True,False,True,False,False
2015-09-01,2015,9,3,2,NARINO,1370.0,75.0,13.0,42.0,17158.0,2.0,221.0,,,,,,,3066.4080000000004,101.04407712980566,False,False,True,False,True,False,False
2015-09-01,2015,9,3,2,NORTE DE SANTANDER,829.0,66.0,11.0,41.0,40830.0,1.0,1735.0,,,,,,,3066.4080000000004,101.04407712980566,False,False,True,False,True,False,False
2015-09-01,2015,9,3,2,PUTUMAYO,47.0,17.0,8.0,11.0,3309.0,3.0,0.0,,,,,,,3066.4080000000004,101.04407712980566,False,False,True,False,True,False,False
2015-09-01,2015,9,3,2,QUINDIO,604.0,72.0,9.0,36.0,17759.0,1.0,2070.0,,,,,,,3066.4080000000004,101.04407712980566,False,False,True,False,True,False,False
2015-09-01,2015,9,3,2,RISARALDA,1449.0,98.0,12.0,54.0,56000.0,1.0,6420.0,,,,,,,3066.4080000000004,101.04407712980566,False,False,True,False,True,False,False
2015-09-01,2015,9,3,2,"SAN ANDRES, PROVIDENCIA Y SANTA CATALINA",2446.631,70.0,2.0,52.0,64359.0,2.0,3317.0,,,,,,,3066.4080000000004,101.04407712980566,False,False,True,False,True,False,False
2015-09-01,2015,9,3,2,SANTANDER,1188.0,116.0,19.0,52.0,79754.0,2.0,3572.0,,,,,,,3066.4080000000004,101.04407712980566,False,False,True,False,True,False,False
2015-09-01,2015,9,3,2,SUCRE,51.0,17.0,4.0,16.0,2655.0,2.0,0.0,,,,,,,3066.4080000000004,101.04407712980566,False,False,True,False,True,False,False
2015-09-01,2015,9,3,2,TOLIMA,332.0,69.0,13.0,40.0,6378.0,1.0,146.0,,,,,,,3066.4080000000004,101.04407712980566,False,False,True,False,True,False,False
2015-09-01,2015,9,3,2,VALLE DEL CAUCA,8322.128,314.0,35.0,86.0,160917.0,2.0,34324.0,,,,,,,3066.4080000000004,101.04407712980566,False,False,True,False,True,False,False
2015-09-01,2015,9,3,2,VAUPES,1.0,1.0,1.0,1.0,1079.0,4.0,0.0,,,,,,,3066.4080000000004,101.04407712980566,False,False,True,False,True,False,False
2015-09-01,2015,9,3,2,VICHADA,6.0,3.0,2.0,3.0,1626.0,3.0,0.0,,,,,,,3066.4080000000004,101.04407712980566,False,False,True,False,True,False,False
2015-10-01,2015,10,4,2,AMAZONAS,283.0,40.0,4.0,37.0,9255.0,4.0,34.0,,,,,,,2929.472258064516,101.05972747984883,False,False,True,False,True,False,False
2015-10-01,2015,10,4,2,ANTIOQUIA,8532.431,277.0,43.0,104.0,285886.0,5.0,58427.0,,,,,,,2929.472258064516,101.05972747984883,False,False,True,False,True,False,False
2015-10-01,2015,10,4,2,ARAUCA,14.0,10.0,4.0,8.0,6724.0,2.0,0.0,,,,,,,2929.472258064516,101.05972747984883,False,False,True,False,True,False,False
2015-10-01,2015,10,4,2,ATLANTICO,2619.342,100.0,11.0,73.0,107607.0,1.0,12002.0,,,,,,,2929.472258064516,101.05972747984883,False,False,True,False,True,False,False
2015-10-01,2015,10,4,2,BOGOTA D.C.,11261.252,148.0,1.0,148.0,715305.0,1.0,312048.0,,,,,,,2929.472258064516,101.05972747984883,False,False,True,False,True,False,False
2015-10-01,2015,10,4,2,BOLIVAR,7380.32,139.0,15.0,111.0,144261.0,1.0,20265.0,,,,,,,2929.472258064516,101.05972747984883,False,False,True,False,True,False,False
2015-10-01,2015,10,4,2,BOYACA,510.0,108.0,21.0,39.0,0.0,0.0,0.0,,,,,,,2929.472258064516,101.05972747984883,False,False,True,False,True,False,False
2015-10-01,2015,10,4,2,CALDAS,477.0,66.0,14.0,37.0,7615.0,1.0,376.0,,,,,,,2929.472258064516,101.05972747984883,False,False,True,False,True,False,False
2015-10-01,2015,10,4,2,CAQUETA,37.0,12.0,1.0,12.0,3517.0,1.0,12.0,,,,,,,2929.472258064516,101.05972747984883,False,False,True,False,True,False,False
2015-10-01,2015,10,4,2,CASANARE,59.0,27.0,6.0,22.0,19637.0,2.0,45.0,,,,,,,2929.472258064516,101.05972747984883,False,False,True,False,True,False,False
2015-10-01,2015,10,4,2,CAUCA,352.0,40.0,11.0,23.0,6542.0,2.0,71.0,,,,,,,2929.472258064516,101.05972747984883,False,False,True,False,True,False,False
2015-10-01,2015,10,4,2,CESAR,136.0,43.0,11.0,29.0,16658.0,2.0,188.0,,,,,,,2929.472258064516,101.05972747984883,False,False,True,False,True,False,False
2015-10-01,2015,10,4,2,CHOCO,233.0,56.0,11.0,34.0,16772.0,4.0,0.0,,,,,,,2929.472258064516,101.05972747984883,False,False,True,False,True,False,False
2015-10-01,2015,10,4,2,CORDOBA,149.0,47.0,8.0,32.0,39592.0,1.0,297.0,,,,,,,2929.472258064516,101.05972747984883,False,False,True,False,True,False,False
2015-10-01,2015,10,4,2,CUNDINAMARCA,663.0,242.0,51.0,46.0,0.0,0.0,0.0,,,,,,,2929.472258064516,101.05972747984883,False,False,True,False,True,False,False
2015-10-01,2015,10,4,2,GUAINIA,9.0,4.0,2.0,3.0,1616.0,2.0,0.0,,,,,,,2929.472258064516,101.05972747984883,False,False,True,False,True,False,False
2015-10-01,2015,10,4,2,GUAVIARE,1.0,1.0,1.0,1.0,1202.0,2.0,0.0,,,,,,,2929.472258064516,101.05972747984883,False,False,True,False,True,False,False
2015-10-01,2015,10,4,2,HUILA,274.0,64.0,13.0,32.0,14815.0,2.0,219.0,,,,,,,2929.472258064516,101.05972747984883,False,False,True,False,True,False,False
2015-10-01,2015,10,4,2,LA GUAJIRA,79.0,32.0,7.0,22.0,9901.0,3.0,38.0,,,,,,,2929.472258064516,101.05972747984883,False,False,True,False,True,False,False
2015-10-01,2015,10,4,2,MAGDALENA,1800.0,89.0,9.0,60.0,61444.0,1.0,556.0,,,,,,,2929.472258064516,101.05972747984883,False,False,True,False,True,False,False
2015-10-01,2015,10,4,2,META,394.0,58.0,11.0,40.0,5780.0,2.0,61.0,,,,,,,2929.472258064516,101.05972747984883,False,False,True,False,True,False,False
2015-10-01,2015,10,4,2,NARINO,1686.0,101.0,13.0,52.0,18279.0,2.0,259.0,,,,,,,2929.472258064516,101.05972747984883,False,False,True,False,True,False,False
2015-10-01,2015,10,4,2,NORTE DE SANTANDER,785.0,55.0,10.0,37.0,42497.0,1.0,1694.0,,,,,,,2929.472258064516,101.05972747984883,False,False,True,False,True,False,False
2015-10-01,2015,10,4,2,PUTUMAYO,62.0,21.0,7.0,14.0,3259.0,3.0,0.0,,,,,,,2929.472258064516,101.05972747984883,False,False,True,False,True,False,False
2015-10-01,2015,10,4,2,QUINDIO,634.0,81.0,10.0,36.0,17861.0,1.0,2197.0,,,,,,,2929.472258064516,101.05972747984883,False,False,True,False,True,False,False
2015-10-01,2015,10,4,2,RISARALDA,1646.0,99.0,12.0,52.0,59741.0,1.0,6978.0,,,,,,,2929.472258064516,101.05972747984883,False,False,True,False,True,False,False
2015-10-01,2015,10,4,2,"SAN ANDRES, PROVIDENCIA Y SANTA CATALINA",1470.634,59.0,2.0,44.0,68788.0,2.0,3537.0,,,,,,,2929.472258064516,101.05972747984883,False,False,True,False,True,False,False
2015-10-01,2015,10,4,2,SANTANDER,1168.0,120.0,17.0,59.0,82929.0,2.0,4017.0,,,,,,,2929.472258064516,101.05972747984883,False,False,True,False,True,False,False
2015-10-01,2015,10,4,2,SUCRE,71.0,35.0,8.0,22.0,3048.0,2.0,0.0,,,,,,,2929.472258064516,101.05972747984883,False,False,True,False,True,False,False
2015-10-01,2015,10,4,2,TOLIMA,465.0,61.0,13.0,38.0,6717.0,1.0,168.0,,,,,,,2929.472258064516,101.05972747984883,False,False,True,False,True,False,False
2015-10-01,2015,10,4,2,VALLE DEL CAUCA,7955.199,316.0,33.0,101.0,172130.0,2.0,36251.0,,,,,,,2929.472258064516,101.05972747984883,False,False,True,False,True,False,False
2015-10-01,2015,10,4,2,VAUPES,0.0,0.0,0.0,0.0,1124.0,4.0,0.0,,,,,,,2929.472258064516,101.05972747984883,False,False,True,False,True,False,False
2015-10-01,2015,10,4,2,VICHADA,2.0,2.0,1.0,2.0,1448.0,3.0,0.0,,,,,,,2929.472258064516,101.05972747984883,False,False,True,False,True,False,False
2015-11-01,2015,11,4,2,AMAZONAS,290.0,46.0,4.0,39.0,9313.0,4.0,20.0,,,,,,,3001.376333333333,99.91730820302428,False,False,True,False,True,False,False
2015-11-01,2015,11,4,2,ANTIOQUIA,9903.57,306.0,51.0,110.0,294491.0,5.0,59994.0,,,,,,,3001.376333333333,99.91730820302428,False,False,True,False,True,False,False
2015-11-01,2015,11,4,2,ARAUCA,13.0,10.0,4.0,7.0,6506.0,2.0,0.0,,,,,,,3001.376333333333,99.91730820302428,False,False,True,False,True,False,False
2015-11-01,2015,11,4,2,ATLANTICO,2281.492,116.0,10.0,84.0,108045.0,1.0,12753.0,,,,,,,3001.376333333333,99.91730820302428,False,False,True,False,True,False,False
2015-11-01,2015,11,4,2,BOGOTA D.C.,11948.277,152.0,1.0,152.0,698782.0,1.0,302169.0,,,,,,,3001.376333333333,99.91730820302428,False,False,True,False,True,False,False
2015-11-01,2015,11,4,2,BOLIVAR,7572.615,147.0,13.0,123.0,148929.0,1.0,23653.0,,,,,,,3001.376333333333,99.91730820302428,False,False,True,False,True,False,False
2015-11-01,2015,11,4,2,BOYACA,308.0,113.0,27.0,39.0,0.0,0.0,0.0,,,,,,,3001.376333333333,99.91730820302428,False,False,True,False,True,False,False
2015-11-01,2015,11,4,2,CALDAS,483.0,69.0,14.0,37.0,8331.0,1.0,459.0,,,,,,,3001.376333333333,99.91730820302428,False,False,True,False,True,False,False
2015-11-01,2015,11,4,2,CAQUETA,28.0,11.0,2.0,10.0,3642.0,2.0,29.0,,,,,,,3001.376333333333,99.91730820302428,False,False,True,False,True,False,False
2015-11-01,2015,11,4,2,CASANARE,45.0,17.0,4.0,14.0,18207.0,2.0,41.0,,,,,,,3001.376333333333,99.91730820302428,False,False,True,False,True,False,False
2015-11-01,2015,11,4,2,CAUCA,268.0,53.0,11.0,31.0,6105.0,2.0,93.0,,,,,,,3001.376333333333,99.91730820302428,False,False,True,False,True,False,False
2015-11-01,2015,11,4,2,CESAR,227.0,40.0,7.0,28.0,16065.0,2.0,297.0,,,,,,,3001.376333333333,99.91730820302428,False,False,True,False,True,False,False
2015-11-01,2015,11,4,2,CHOCO,215.0,40.0,9.0,27.0,17988.0,4.0,0.0,,,,,,,3001.376333333333,99.91730820302428,False,False,True,False,True,False,False
2015-11-01,2015,11,4,2,CORDOBA,371.0,60.0,16.0,29.0,38695.0,1.0,460.0,,,,,,,3001.376333333333,99.91730820302428,False,False,True,False,True,False,False
2015-11-01,2015,11,4,2,CUNDINAMARCA,674.0,244.0,49.0,46.0,0.0,0.0,0.0,,,,,,,3001.376333333333,99.91730820302428,False,False,True,False,True,False,False
2015-11-01,2015,11,4,2,GUAINIA,12.0,5.0,2.0,5.0,1453.0,2.0,0.0,,,,,,,3001.376333333333,99.91730820302428,False,False,True,False,True,False,False
2015-11-01,2015,11,4,2,GUAVIARE,2.0,2.0,1.0,2.0,1298.0,2.0,0.0,,,,,,,3001.376333333333,99.91730820302428,False,False,True,False,True,False,False
2015-11-01,2015,11,4,2,HUILA,294.0,65.0,12.0,34.0,14467.0,2.0,228.0,,,,,,,3001.376333333333,99.91730820302428,False,False,True,False,True,False,False
2015-11-01,2015,11,4,2,LA GUAJIRA,78.0,28.0,5.0,22.0,10481.0,3.0,62.0,,,,,,,3001.376333333333,99.91730820302428,False,False,True,False,True,False,False
2015-11-01,2015,11,4,2,MAGDALENA,1637.0,81.0,8.0,61.0,59665.0,1.0,565.0,,,,,,,3001.376333333333,99.91730820302428,False,False,True,False,True,False,False
2015-11-01,2015,11,4,2,META,296.0,56.0,10.0,33.0,4088.0,3.0,49.0,,,,,,,3001.376333333333,99.91730820302428,False,False,True,False,True,False,False
2015-11-01,2015,11,4,2,NARINO,1359.0,90.0,12.0,47.0,17933.0,2.0,244.0,,,,,,,3001.376333333333,99.91730820302428,False,False,True,False,True,False,False
2015-11-01,2015,11,4,2,NORTE DE SANTANDER,808.0,72.0,13.0,48.0,42494.0,1.0,1448.0,,,,,,,3001.376333333333,99.91730820302428,False,False,True,False,True,False,False
2015-11-01,2015,11,4,2,PUTUMAYO,49.0,22.0,8.0,15.0,3337.0,3.0,0.0,,,,,,,3001.376333333333,99.91730820302428,False,False,True,False,True,False,False
2015-11-01,2015,11,4,2,QUINDIO,766.0,81.0,9.0,40.0,17442.0,1.0,2451.0,,,,,,,3001.376333333333,99.91730820302428,False,False,True,False,True,False,False
2015-11-01,2015,11,4,2,RISARALDA,1617.0,95.0,10.0,56.0,53913.0,1.0,8245.0,,,,,,,3001.376333333333,99.91730820302428,False,False,True,False,True,False,False
2015-11-01,2015,11,4,2,"SAN ANDRES, PROVIDENCIA Y SANTA CATALINA",2661.064,73.0,2.0,50.0,72896.0,2.0,3544.0,,,,,,,3001.376333333333,99.91730820302428,False,False,True,False,True,False,False
2015-11-01,2015,11,4,2,SANTANDER,1210.0,132.0,17.0,59.0,76745.0,2.0,4074.0,,,,,,,3001.376333333333,99.91730820302428,False,False,True,False,True,False,False
2015-11-01,2015,11,4,2,SUCRE,61.0,29.0,7.0,19.0,2828.0,2.0,0.0,,,,,,,3001.376333333333,99.91730820302428,False,False,True,False,True,False,False
2015-11-01,2015,11,4,2,TOLIMA,377.0,68.0,15.0,38.0,6027.0,1.0,184.0,,,,,,,3001.376333333333,99.91730820302428,False,False,True,False,True,False,False
2015-11-01,2015,11,4,2,VALLE DEL CAUCA,6922.57,372.0,35.0,95.0,176947.0,2.0,36929.0,,,,,,,3001.376333333333,99.91730820302428,False,False,True,False,True,False,False
2015-11-01,2015,11,4,2,VAUPES,2.0,2.0,1.0,2.0,993.0,3.0,0.0,,,,,,,3001.376333333333,99.91730820302428,False,False,True,False,True,False,False
2015-11-01,2015,11,4,2,VICHADA,2.0,2.0,2.0,2.0,1516.0,2.0,0.0,,,,,,,3001.376333333333,99.91730820302428,False,False,True,False,True,False,False
2015-12-01,2015,12,4,2,AMAZONAS,311.0,42.0,4.0,39.0,10147.0,4.0,21.0,,,,,,,3244.201612903226,100.66179312642893,False,False,True,False,True,False,False
2015-12-01,2015,12,4,2,ANTIOQUIA,10359.193,369.0,62.0,107.0,311827.0,5.0,77981.0,,,,,,,3244.201612903226,100.66179312642893,False,False,True,False,True,False,False
2015-12-01,2015,12,4,2,ARAUCA,19.0,10.0,2.0,10.0,6510.0,2.0,0.0,,,,,,,3244.201612903226,100.66179312642893,False,False,True,False,True,False,False
2015-12-01,2015,12,4,2,ATLANTICO,3121.516,121.0,16.0,73.0,117457.0,1.0,16467.0,,,,,,,3244.201612903226,100.66179312642893,False,False,True,False,True,False,False
2015-12-01,2015,12,4,2,BOGOTA D.C.,13016.426,144.0,1.0,144.0,674013.0,1.0,351929.0,,,,,,,3244.201612903226,100.66179312642893,False,False,True,False,True,False,False
2015-12-01,2015,12,4,2,BOLIVAR,8920.716,161.0,20.0,112.0,175840.0,1.0,29499.0,,,,,,,3244.201612903226,100.66179312642893,False,False,True,False,True,False,False
2015-12-01,2015,12,4,2,BOYACA,466.0,152.0,35.0,40.0,0.0,0.0,0.0,,,,,,,3244.201612903226,100.66179312642893,False,False,True,False,True,False,False
2015-12-01,2015,12,4,2,CALDAS,1311.0,126.0,22.0,47.0,8112.0,1.0,809.0,,,,,,,3244.201612903226,100.66179312642893,False,False,True,False,True,False,False
2015-12-01,2015,12,4,2,CAQUETA,47.0,15.0,4.0,14.0,3570.0,2.0,18.0,,,,,,,3244.201612903226,100.66179312642893,False,False,True,False,True,False,False
2015-12-01,2015,12,4,2,CASANARE,94.0,25.0,3.0,20.0,18033.0,2.0,54.0,,,,,,,3244.201612903226,100.66179312642893,False,False,True,False,True,False,False
2015-12-01,2015,12,4,2,CAUCA,491.0,74.0,21.0,37.0,6735.0,2.0,124.0,,,,,,,3244.201612903226,100.66179312642893,False,False,True,False,True,False,False
2015-12-01,2015,12,4,2,CESAR,276.0,54.0,14.0,34.0,17449.0,2.0,320.0,,,,,,,3244.201612903226,100.66179312642893,False,False,True,False,True,False,False
2015-12-01,2015,12,4,2,CHOCO,289.0,52.0,11.0,35.0,21949.0,3.0,0.0,,,,,,,3244.201612903226,100.66179312642893,False,False,True,False,True,False,False
2015-12-01,2015,12,4,2,CORDOBA,347.0,80.0,19.0,32.0,46012.0,1.0,626.0,,,,,,,3244.201612903226,100.66179312642893,False,False,True,False,True,False,False
2015-12-01,2015,12,4,2,CUNDINAMARCA,1301.0,369.0,56.0,50.0,0.0,0.0,0.0,,,,,,,3244.201612903226,100.66179312642893,False,False,True,False,True,False,False
2015-12-01,2015,12,4,2,GUAINIA,9.0,2.0,1.0,2.0,1476.0,2.0,0.0,,,,,,,3244.201612903226,100.66179312642893,False,False,True,False,True,False,False
2015-12-01,2015,12,4,2,GUAVIARE,2.0,2.0,1.0,2.0,1367.0,2.0,0.0,,,,,,,3244.201612903226,100.66179312642893,False,False,True,False,True,False,False
2015-12-01,2015,12,4,2,HUILA,549.0,82.0,17.0,30.0,14216.0,2.0,307.0,,,,,,,3244.201612903226,100.66179312642893,False,False,True,False,True,False,False
2015-12-01,2015,12,4,2,LA GUAJIRA,129.0,40.0,8.0,24.0,11023.0,3.0,42.0,,,,,,,3244.201612903226,100.66179312642893,False,False,True,False,True,False,False
2015-12-01,2015,12,4,2,MAGDALENA,2149.0,95.0,13.0,60.0,67960.0,1.0,864.0,,,,,,,3244.201612903226,100.66179312642893,False,False,True,False,True,False,False
2015-12-01,2015,12,4,2,META,487.0,68.0,10.0,39.0,4291.0,2.0,49.0,,,,,,,3244.201612903226,100.66179312642893,False,False,True,False,True,False,False
2015-12-01,2015,12,4,2,NARINO,1645.0,108.0,20.0,49.0,20126.0,2.0,425.0,,,,,,,3244.201612903226,100.66179312642893,False,False,True,False,True,False,False
2015-12-01,2015,12,4,2,NORTE DE SANTANDER,1336.0,85.0,12.0,50.0,50250.0,1.0,2550.0,,,,,,,3244.201612903226,100.66179312642893,False,False,True,False,True,False,False
2015-12-01,2015,12,4,2,PUTUMAYO,62.0,23.0,7.0,13.0,3477.0,3.0,0.0,,,,,,,3244.201612903226,100.66179312642893,False,False,True,False,True,False,False
2015-12-01,2015,12,4,2,QUINDIO,1751.0,118.0,9.0,46.0,17485.0,1.0,4583.0,,,,,,,3244.201612903226,100.66179312642893,False,False,True,False,True,False,False
2015-12-01,2015,12,4,2,RISARALDA,2317.298,143.0,13.0,57.0,55497.0,1.0,13109.0,,,,,,,3244.201612903226,100.66179312642893,False,False,True,False,True,False,False
2015-12-01,2015,12,4,2,"SAN ANDRES, PROVIDENCIA Y SANTA CATALINA",3615.679,73.0,2.0,54.0,79707.0,2.0,3847.0,,,,,,,3244.201612903226,100.66179312642893,False,False,True,False,True,False,False
2015-12-01,2015,12,4,2,SANTANDER,2535.0,188.0,30.0,60.0,80281.0,2.0,5935.0,,,,,,,3244.201612903226,100.66179312642893,False,False,True,False,True,False,False
2015-12-01,2015,12,4,2,SUCRE,140.0,50.0,10.0,31.0,4080.0,2.0,0.0,,,,,,,3244.201612903226,100.66179312642893,False,False,True,False,True,False,False
2015-12-01,2015,12,4,2,TOLIMA,900.0,125.0,27.0,48.0,5839.0,1.0,348.0,,,,,,,3244.201612903226,100.66179312642893,False,False,True,False,True,False,False
2015-12-01,2015,12,4,2,VALLE DEL CAUCA,11118.746,479.0,39.0,96.0,191533.0,2.0,53257.0,,,,,,,3244.201612903226,100.66179312642893,False,False,True,False,True,False,False
2015-12-01,2015,12,4,2,VAUPES,2.0,2.0,1.0,2.0,1401.0,3.0,0.0,,,,,,,3244.201612903226,100.66179312642893,False,False,True,False,True,False,False
2015-12-01,2015,12,4,2,VICHADA,2.0,2.0,1.0,2.0,1618.0,2.0,0.0,,,,,,,3244.201612903226,100.66179312642893,False,False,True,False,True,False,False
2016-01-01,2016,1,1,1,AMAZONAS,280.0,41.0,3.0,37.0,9817.0,4.0,11.0,,,,,,,3270.1951612903226,100.88850105909766,False,False,True,False,True,False,False
2016-01-01,2016,1,1,1,ANTIOQUIA,10204.351,338.0,61.0,112.0,277347.0,5.0,68703.0,,,,,,,3270.1951612903226,100.88850105909766,False,False,True,False,True,False,False
2016-01-01,2016,1,1,1,ARAUCA,13.0,8.0,3.0,6.0,5126.0,2.0,0.0,,,,,,,3270.1951612903226,100.88850105909766,False,False,True,False,True,False,False
2016-01-01,2016,1,1,1,ATLANTICO,2739.555,118.0,12.0,76.0,101471.0,1.0,14583.0,,,,,,,3270.1951612903226,100.88850105909766,False,False,True,False,True,False,False
2016-01-01,2016,1,1,1,BOGOTA D.C.,12706.021,146.0,1.0,146.0,749045.0,1.0,336287.0,,,,,,,3270.1951612903226,100.88850105909766,False,False,True,False,True,False,False
2016-01-01,2016,1,1,1,BOLIVAR,7880.802,155.0,18.0,116.0,166815.0,1.0,29904.0,,,,,,,3270.1951612903226,100.88850105909766,False,False,True,False,True,False,False
2016-01-01,2016,1,1,1,BOYACA,395.0,123.0,30.0,36.0,0.0,0.0,0.0,,,,,,,3270.1951612903226,100.88850105909766,False,False,True,False,True,False,False
2016-01-01,2016,1,1,1,CALDAS,763.0,85.0,15.0,41.0,8777.0,1.0,500.0,,,,,,,3270.1951612903226,100.88850105909766,False,False,True,False,True,False,False
2016-01-01,2016,1,1,1,CAQUETA,22.0,7.0,1.0,7.0,2933.0,1.0,4.0,,,,,,,3270.1951612903226,100.88850105909766,False,False,True,False,True,False,False
2016-01-01,2016,1,1,1,CASANARE,59.0,17.0,4.0,15.0,15860.0,2.0,31.0,,,,,,,3270.1951612903226,100.88850105909766,False,False,True,False,True,False,False
2016-01-01,2016,1,1,1,CAUCA,331.0,59.0,11.0,38.0,5196.0,2.0,83.0,,,,,,,3270.1951612903226,100.88850105909766,False,False,True,False,True,False,False
2016-01-01,2016,1,1,1,CESAR,142.0,46.0,10.0,30.0,13524.0,1.0,198.0,,,,,,,3270.1951612903226,100.88850105909766,False,False,True,False,True,False,False
2016-01-01,2016,1,1,1,CHOCO,404.0,52.0,10.0,35.0,14706.0,4.0,0.0,,,,,,,3270.1951612903226,100.88850105909766,False,False,True,False,True,False,False
2016-01-01,2016,1,1,1,CORDOBA,186.0,54.0,15.0,31.0,37110.0,1.0,398.0,,,,,,,3270.1951612903226,100.88850105909766,False,False,True,False,True,False,False
2016-01-01,2016,1,1,1,CUNDINAMARCA,854.0,310.0,55.0,57.0,0.0,0.0,0.0,,,,,,,3270.1951612903226,100.88850105909766,False,False,True,False,True,False,False
2016-01-01,2016,1,1,1,GUAINIA,22.0,2.0,1.0,2.0,1496.0,2.0,0.0,,,,,,,3270.1951612903226,100.88850105909766,False,False,True,False,True,False,False
2016-01-01,2016,1,1,1,GUAVIARE,2.0,2.0,2.0,2.0,1147.0,2.0,0.0,,,,,,,3270.1951612903226,100.88850105909766,False,False,True,False,True,False,False
2016-01-01,2016,1,1,1,HUILA,252.0,62.0,10.0,31.0,10839.0,2.0,261.0,,,,,,,3270.1951612903226,100.88850105909766,False,False,True,False,True,False,False
2016-01-01,2016,1,1,1,LA GUAJIRA,151.0,38.0,6.0,22.0,8738.0,3.0,65.0,,,,,,,3270.1951612903226,100.88850105909766,False,False,True,False,True,False,False
2016-01-01,2016,1,1,1,MAGDALENA,2409.0,81.0,12.0,60.0,71418.0,1.0,742.0,,,,,,,3270.1951612903226,100.88850105909766,False,False,True,False,True,False,False
2016-01-01,2016,1,1,1,META,379.0,65.0,13.0,33.0,3696.0,2.0,45.0,,,,,,,3270.1951612903226,100.88850105909766,False,False,True,False,True,False,False
2016-01-01,2016,1,1,1,NARINO,1233.0,114.0,24.0,54.0,16386.0,2.0,287.0,,,,,,,3270.1951612903226,100.88850105909766,False,False,True,False,True,False,False
2016-01-01,2016,1,1,1,NORTE DE SANTANDER,1027.0,73.0,12.0,51.0,42331.0,1.0,2206.0,,,,,,,3270.1951612903226,100.88850105909766,False,False,True,False,True,False,False
2016-01-01,2016,1,1,1,PUTUMAYO,66.0,24.0,7.0,16.0,3309.0,3.0,0.0,,,,,,,3270.1951612903226,100.88850105909766,False,False,True,False,True,False,False
2016-01-01,2016,1,1,1,QUINDIO,947.0,84.0,10.0,41.0,15753.0,1.0,3381.0,,,,,,,3270.1951612903226,100.88850105909766,False,False,True,False,True,False,False
2016-01-01,2016,1,1,1,RISARALDA,1712.0,114.0,12.0,60.0,50355.0,1.0,8544.0,,,,,,,3270.1951612903226,100.88850105909766,False,False,True,False,True,False,False
2016-01-01,2016,1,1,1,"SAN ANDRES, PROVIDENCIA Y SANTA CATALINA",3573.422,71.0,2.0,51.0,75017.0,2.0,4275.0,,,,,,,3270.1951612903226,100.88850105909766,False,False,True,False,True,False,False
2016-01-01,2016,1,1,1,SANTANDER,1472.0,139.0,19.0,55.0,67385.0,2.0,4713.0,,,,,,,3270.1951612903226,100.88850105909766,False,False,True,False,True,False,False
2016-01-01,2016,1,1,1,SUCRE,97.0,37.0,7.0,24.0,3000.0,2.0,0.0,,,,,,,3270.1951612903226,100.88850105909766,False,False,True,False,True,False,False
2016-01-01,2016,1,1,1,TOLIMA,359.0,68.0,14.0,37.0,4996.0,1.0,172.0,,,,,,,3270.1951612903226,100.88850105909766,False,False,True,False,True,False,False
2016-01-01,2016,1,1,1,VALLE DEL CAUCA,8365.97,402.0,39.0,97.0,156547.0,2.0,37153.0,,,,,,,3270.1951612903226,100.88850105909766,False,False,True,False,True,False,False
2016-01-01,2016,1,1,1,VAUPES,9.0,5.0,2.0,5.0,1374.0,3.0,0.0,,,,,,,3270.1951612903226,100.88850105909766,False,False,True,False,True,False,False
2016-01-01,2016,1,1,1,VICHADA,4.0,3.0,1.0,3.0,1737.0,1.0,0.0,,,,,,,3270.1951612903226,100.88850105909766,False,False,True,False,True,False,False
2016-02-01,2016,2,1,1,AMAZONAS,346.0,41.0,4.0,37.0,7802.0,4.0,12.0,,,,,,,3354.956896551724,102.56923906827804,False,False,True,False,True,False,False
2016-02-01,2016,2,1,1,ANTIOQUIA,10022.08,306.0,54.0,101.0,264939.0,5.0,49058.0,,,,,,,3354.956896551724,102.56923906827804,False,False,True,False,True,False,False
2016-02-01,2016,2,1,1,ARAUCA,13.0,8.0,4.0,5.0,5229.0,2.0,0.0,,,,,,,3354.956896551724,102.56923906827804,False,False,True,False,True,False,False
2016-02-01,2016,2,1,1,ATLANTICO,2989.384,115.0,15.0,79.0,93199.0,1.0,11636.0,,,,,,,3354.956896551724,102.56923906827804,False,False,True,False,True,False,False
2016-02-01,2016,2,1,1,BOGOTA D.C.,12547.56,148.0,1.0,148.0,637929.0,1.0,264491.0,,,,,,,3354.956896551724,102.56923906827804,False,False,True,False,True,False,False
2016-02-01,2016,2,1,1,BOLIVAR,8340.718,141.0,12.0,113.0,131962.0,1.0,26250.0,,,,,,,3354.956896551724,102.56923906827804,False,False,True,False,True,False,False
2016-02-01,2016,2,1,1,BOYACA,326.0,109.0,19.0,35.0,0.0,0.0,0.0,,,,,,,3354.956896551724,102.56923906827804,False,False,True,False,True,False,False
2016-02-01,2016,2,1,1,CALDAS,465.0,74.0,19.0,38.0,9470.0,1.0,272.0,,,,,,,3354.956896551724,102.56923906827804,False,False,True,False,True,False,False
2016-02-01,2016,2,1,1,CAQUETA,33.0,12.0,2.0,11.0,3156.0,1.0,7.0,,,,,,,3354.956896551724,102.56923906827804,False,False,True,False,True,False,False
2016-02-01,2016,2,1,1,CASANARE,53.0,18.0,5.0,14.0,15975.0,2.0,20.0,,,,,,,3354.956896551724,102.56923906827804,False,False,True,False,True,False,False
2016-02-01,2016,2,1,1,CAUCA,284.0,52.0,12.0,33.0,6443.0,2.0,52.0,,,,,,,3354.956896551724,102.56923906827804,False,False,True,False,True,False,False
2016-02-01,2016,2,1,1,CESAR,92.0,33.0,7.0,22.0,13544.0,1.0,161.0,,,,,,,3354.956896551724,102.56923906827804,False,False,True,False,True,False,False
2016-02-01,2016,2,1,1,CHOCO,280.0,48.0,9.0,33.0,13932.0,4.0,0.0,,,,,,,3354.956896551724,102.56923906827804,False,False,True,False,True,False,False
2016-02-01,2016,2,1,1,CORDOBA,131.0,43.0,14.0,25.0,33110.0,1.0,196.0,,,,,,,3354.956896551724,102.56923906827804,False,False,True,False,True,False,False
2016-02-01,2016,2,1,1,CUNDINAMARCA,729.0,261.0,44.0,46.0,0.0,0.0,0.0,,,,,,,3354.956896551724,102.56923906827804,False,False,True,False,True,False,False
2016-02-01,2016,2,1,1,GUAINIA,17.0,6.0,2.0,5.0,1493.0,2.0,0.0,,,,,,,3354.956896551724,102.56923906827804,False,False,True,False,True,False,False
2016-02-01,2016,2,1,1,GUAVIARE,0.0,0.0,0.0,0.0,997.0,2.0,0.0,,,,,,,3354.956896551724,102.56923906827804,False,False,True,False,True,False,False
2016-02-01,2016,2,1,1,HUILA,246.0,61.0,15.0,33.0,11802.0,2.0,169.0,,,,,,,3354.956896551724,102.56923906827804,False,False,True,False,True,False,False
2016-02-01,2016,2,1,1,LA GUAJIRA,106.0,40.0,9.0,23.0,8395.0,3.0,47.0,,,,,,,3354.956896551724,102.56923906827804,False,False,True,False,True,False,False
2016-02-01,2016,2,1,1,MAGDALENA,2455.0,91.0,10.0,60.0,51813.0,1.0,593.0,,,,,,,3354.956896551724,102.56923906827804,False,False,True,False,True,False,False
2016-02-01,2016,2,1,1,META,257.0,56.0,8.0,36.0,3577.0,2.0,29.0,,,,,,,3354.956896551724,102.56923906827804,False,False,True,False,True,False,False
2016-02-01,2016,2,1,1,NARINO,1526.0,90.0,12.0,45.0,15730.0,2.0,167.0,,,,,,,3354.956896551724,102.56923906827804,False,False,True,False,True,False,False
2016-02-01,2016,2,1,1,NORTE DE SANTANDER,741.0,69.0,9.0,48.0,36523.0,1.0,1114.0,,,,,,,3354.956896551724,102.56923906827804,False,False,True,False,True,False,False
2016-02-01,2016,2,1,1,PUTUMAYO,53.0,29.0,9.0,15.0,3270.0,3.0,0.0,,,,,,,3354.956896551724,102.56923906827804,False,False,True,False,True,False,False
2016-02-01,2016,2,1,1,QUINDIO,1018.0,99.0,10.0,45.0,16048.0,1.0,2543.0,,,,,,,3354.956896551724,102.56923906827804,False,False,True,False,True,False,False
2016-02-01,2016,2,1,1,RISARALDA,1672.0,98.0,9.0,58.0,50490.0,1.0,5851.0,,,,,,,3354.956896551724,102.56923906827804,False,False,True,False,True,False,False
2016-02-01,2016,2,1,1,"SAN ANDRES, PROVIDENCIA Y SANTA CATALINA",2710.267,73.0,2.0,55.0,63636.0,2.0,4955.0,,,,,,,3354.956896551724,102.56923906827804,False,False,True,False,True,False,False
2016-02-01,2016,2,1,1,SANTANDER,957.0,122.0,20.0,51.0,67984.0,2.0,2539.0,,,,,,,3354.956896551724,102.56923906827804,False,False,True,False,True,False,False
2016-02-01,2016,2,1,1,SUCRE,85.0,35.0,8.0,23.0,2436.0,2.0,0.0,,,,,,,3354.956896551724,102.56923906827804,False,False,True,False,True,False,False
2016-02-01,2016,2,1,1,TOLIMA,294.0,71.0,15.0,43.0,6612.0,1.0,102.0,,,,,,,3354.956896551724,102.56923906827804,False,False,True,False,True,False,False
2016-02-01,2016,2,1,1,VALLE DEL CAUCA,7661.736,390.0,37.0,100.0,158376.0,2.0,28394.0,,,,,,,3354.956896551724,102.56923906827804,False,False,True,False,True,False,False
2016-02-01,2016,2,1,1,VAUPES,2.0,2.0,1.0,2.0,1202.0,4.0,0.0,,,,,,,3354.956896551724,102.56923906827804,False,False,True,False,True,False,False
2016-02-01,2016,2,1,1,VICHADA,15.0,9.0,3.0,9.0,1631.0,2.0,0.0,,,,,,,3354.956896551724,102.56923906827804,False,False,True,False,True,False,False
2016-03-01,2016,3,1,1,AMAZONAS,385.0,40.0,3.0,37.0,8221.0,4.0,11.0,,,,,,,3128.7890322580647,101.71486006511306,False,False,True,False,True,False,False
2016-03-01,2016,3,1,1,ANTIOQUIA,10575.366,341.0,50.0,131.0,282380.0,5.0,57316.0,,,,,,,3128.7890322580647,101.71486006511306,False,False,True,False,True,False,False
2016-03-01,2016,3,1,1,ARAUCA,9.0,8.0,3.0,8.0,5300.0,2.0,0.0,,,,,,,3128.7890322580647,101.71486006511306,False,False,True,False,True,False,False
2016-03-01,2016,3,1,1,ATLANTICO,2943.866,108.0,13.0,76.0,105849.0,1.0,11413.0,,,,,,,3128.7890322580647,101.71486006511306,False,False,True,False,True,False,False
2016-03-01,2016,3,1,1,BOGOTA D.C.,12298.373,142.0,1.0,142.0,685382.0,1.0,300701.0,,,,,,,3128.7890322580647,101.71486006511306,False,False,True,False,True,False,False
2016-03-01,2016,3,1,1,BOLIVAR,7879.774,152.0,18.0,116.0,145488.0,1.0,27642.0,,,,,,,3128.7890322580647,101.71486006511306,False,False,True,False,True,False,False
2016-03-01,2016,3,1,1,BOYACA,302.0,112.0,25.0,37.0,0.0,0.0,0.0,,,,,,,3128.7890322580647,101.71486006511306,False,False,True,False,True,False,False
2016-03-01,2016,3,1,1,CALDAS,525.0,76.0,15.0,35.0,8372.0,1.0,361.0,,,,,,,3128.7890322580647,101.71486006511306,False,False,True,False,True,False,False
2016-03-01,2016,3,1,1,CAQUETA,26.0,8.0,1.0,8.0,3152.0,1.0,12.0,,,,,,,3128.7890322580647,101.71486006511306,False,False,True,False,True,False,False
2016-03-01,2016,3,1,1,CASANARE,40.0,23.0,7.0,19.0,16148.0,2.0,35.0,,,,,,,3128.7890322580647,101.71486006511306,False,False,True,False,True,False,False
2016-03-01,2016,3,1,1,CAUCA,341.0,51.0,13.0,29.0,6398.0,2.0,82.0,,,,,,,3128.7890322580647,101.71486006511306,False,False,True,False,True,False,False
2016-03-01,2016,3,1,1,CESAR,161.0,36.0,9.0,22.0,14572.0,2.0,177.0,,,,,,,3128.7890322580647,101.71486006511306,False,False,True,False,True,False,False
2016-03-01,2016,3,1,1,CHOCO,309.0,42.0,7.0,30.0,14651.0,4.0,0.0,,,,,,,3128.7890322580647,101.71486006511306,False,False,True,False,True,False,False
2016-03-01,2016,3,1,1,CORDOBA,171.0,40.0,11.0,25.0,37244.0,1.0,363.0,,,,,,,3128.7890322580647,101.71486006511306,False,False,True,False,True,False,False
2016-03-01,2016,3,1,1,CUNDINAMARCA,759.0,237.0,52.0,45.0,0.0,0.0,0.0,,,,,,,3128.7890322580647,101.71486006511306,False,False,True,False,True,False,False
2016-03-01,2016,3,1,1,GUAINIA,22.0,5.0,1.0,5.0,1384.0,2.0,0.0,,,,,,,3128.7890322580647,101.71486006511306,False,False,True,False,True,False,False
2016-03-01,2016,3,1,1,GUAVIARE,0.0,0.0,0.0,0.0,984.0,2.0,0.0,,,,,,,3128.7890322580647,101.71486006511306,False,False,True,False,True,False,False
2016-03-01,2016,3,1,1,HUILA,215.0,58.0,14.0,28.0,11995.0,2.0,179.0,,,,,,,3128.7890322580647,101.71486006511306,False,False,True,False,True,False,False
2016-03-01,2016,3,1,1,LA GUAJIRA,128.0,40.0,9.0,23.0,9286.0,3.0,51.0,,,,,,,3128.7890322580647,101.71486006511306,False,False,True,False,True,False,False
2016-03-01,2016,3,1,1,MAGDALENA,2018.0,79.0,13.0,56.0,55981.0,1.0,611.0,,,,,,,3128.7890322580647,101.71486006511306,False,False,True,False,True,False,False
2016-03-01,2016,3,1,1,META,292.0,53.0,9.0,32.0,3784.0,2.0,21.0,,,,,,,3128.7890322580647,101.71486006511306,False,False,True,False,True,False,False
2016-03-01,2016,3,1,1,NARINO,1421.0,94.0,14.0,55.0,16965.0,2.0,157.0,,,,,,,3128.7890322580647,101.71486006511306,False,False,True,False,True,False,False
2016-03-01,2016,3,1,1,NORTE DE SANTANDER,828.0,67.0,10.0,42.0,40287.0,1.0,1521.0,,,,,,,3128.7890322580647,101.71486006511306,False,False,True,False,True,False,False
2016-03-01,2016,3,1,1,PUTUMAYO,77.0,24.0,9.0,13.0,3086.0,3.0,0.0,,,,,,,3128.7890322580647,101.71486006511306,False,False,True,False,True,False,False
2016-03-01,2016,3,1,1,QUINDIO,1010.0,86.0,9.0,39.0,15708.0,1.0,3139.0,,,,,,,3128.7890322580647,101.71486006511306,False,False,True,False,True,False,False
2016-03-01,2016,3,1,1,RISARALDA,1663.0,95.0,11.0,53.0,53710.0,1.0,6713.0,,,,,,,3128.7890322580647,101.71486006511306,False,False,True,False,True,False,False
2016-03-01,2016,3,1,1,"SAN ANDRES, PROVIDENCIA Y SANTA CATALINA",3041.884,72.0,2.0,47.0,66350.0,2.0,4758.0,,,,,,,3128.7890322580647,101.71486006511306,False,False,True,False,True,False,False
2016-03-01,2016,3,1,1,SANTANDER,1264.0,135.0,19.0,50.0,70318.0,2.0,3176.0,,,,,,,3128.7890322580647,101.71486006511306,False,False,True,False,True,False,False
2016-03-01,2016,3,1,1,SUCRE,77.0,31.0,6.0,23.0,2751.0,2.0,0.0,,,,,,,3128.7890322580647,101.71486006511306,False,False,True,False,True,False,False
2016-03-01,2016,3,1,1,TOLIMA,369.0,67.0,16.0,37.0,5677.0,1.0,178.0,,,,,,,3128.7890322580647,101.71486006511306,False,False,True,False,True,False,False
2016-03-01,2016,3,1,1,VALLE DEL CAUCA,7512.603,343.0,37.0,91.0,174837.0,2.0,33389.0,,,,,,,3128.7890322580647,101.71486006511306,False,False,True,False,True,False,False
2016-03-01,2016,3,1,1,VAUPES,2.0,2.0,1.0,2.0,1089.0,4.0,0.0,,,,,,,3128.7890322580647,101.71486006511306,False,False,True,False,True,False,False
2016-03-01,2016,3,1,1,VICHADA,3.0,1.0,1.0,1.0,1567.0,3.0,0.0,,,,,,,3128.7890322580647,101.71486006511306,False,False,True,False,True,False,False
2016-04-01,2016,4,2,1,AMAZONAS,296.0,36.0,1.0,36.0,7871.0,4.0,16.0,,,,,,,2997.727,101.4360628378245,False,False,True,False,True,False,False
2016-04-01,2016,4,2,1,ANTIOQUIA,9322.816,310.0,51.0,111.0,266423.0,5.0,50710.0,,,,,,,2997.727,101.4360628378245,False,False,True,False,True,False,False
2016-04-01,2016,4,2,1,ARAUCA,11.0,5.0,2.0,5.0,5213.0,2.0,0.0,,,,,,,2997.727,101.4360628378245,False,False,True,False,True,False,False
2016-04-01,2016,4,2,1,ATLANTICO,1968.465,100.0,13.0,70.0,92986.0,1.0,9452.0,,,,,,,2997.727,101.4360628378245,False,False,True,False,True,False,False
2016-04-01,2016,4,2,1,BOGOTA D.C.,9967.436,159.0,1.0,159.0,638901.0,1.0,271000.0,,,,,,,2997.727,101.4360628378245,False,False,True,False,True,False,False
2016-04-01,2016,4,2,1,BOLIVAR,7386.284,143.0,20.0,103.0,121389.0,1.0,24561.0,,,,,,,2997.727,101.4360628378245,False,False,True,False,True,False,False
2016-04-01,2016,4,2,1,BOYACA,269.0,97.0,22.0,35.0,0.0,0.0,0.0,,,,,,,2997.727,101.4360628378245,False,False,True,False,True,False,False
2016-04-01,2016,4,2,1,CALDAS,412.0,57.0,13.0,33.0,8643.0,1.0,315.0,,,,,,,2997.727,101.4360628378245,False,False,True,False,True,False,False
2016-04-01,2016,4,2,1,CAQUETA,19.0,10.0,2.0,9.0,3461.0,1.0,8.0,,,,,,,2997.727,101.4360628378245,False,False,True,False,True,False,False
2016-04-01,2016,4,2,1,CASANARE,40.0,19.0,6.0,13.0,15498.0,2.0,27.0,,,,,,,2997.727,101.4360628378245,False,False,True,False,True,False,False
2016-04-01,2016,4,2,1,CAUCA,262.0,51.0,12.0,30.0,6260.0,2.0,70.0,,,,,,,2997.727,101.4360628378245,False,False,True,False,True,False,False
2016-04-01,2016,4,2,1,CESAR,260.0,40.0,8.0,27.0,16127.0,2.0,260.0,,,,,,,2997.727,101.4360628378245,False,False,True,False,True,False,False
2016-04-01,2016,4,2,1,CHOCO,282.0,42.0,7.0,29.0,15540.0,4.0,0.0,,,,,,,2997.727,101.4360628378245,False,False,True,False,True,False,False
2016-04-01,2016,4,2,1,CORDOBA,140.0,40.0,9.0,24.0,33701.0,1.0,239.0,,,,,,,2997.727,101.4360628378245,False,False,True,False,True,False,False
2016-04-01,2016,4,2,1,CUNDINAMARCA,590.0,235.0,48.0,46.0,0.0,0.0,0.0,,,,,,,2997.727,101.4360628378245,False,False,True,False,True,False,False
2016-04-01,2016,4,2,1,GUAINIA,14.0,2.0,1.0,2.0,1320.0,2.0,0.0,,,,,,,2997.727,101.4360628378245,False,False,True,False,True,False,False
2016-04-01,2016,4,2,1,GUAVIARE,1.0,1.0,1.0,1.0,1024.0,2.0,0.0,,,,,,,2997.727,101.4360628378245,False,False,True,False,True,False,False
2016-04-01,2016,4,2,1,HUILA,170.0,63.0,14.0,30.0,12534.0,2.0,155.0,,,,,,,2997.727,101.4360628378245,False,False,True,False,True,False,False
2016-04-01,2016,4,2,1,LA GUAJIRA,87.0,34.0,9.0,19.0,8624.0,3.0,37.0,,,,,,,2997.727,101.4360628378245,False,False,True,False,True,False,False
2016-04-01,2016,4,2,1,MAGDALENA,1931.0,85.0,11.0,58.0,51917.0,1.0,512.0,,,,,,,2997.727,101.4360628378245,False,False,True,False,True,False,False
2016-04-01,2016,4,2,1,META,310.0,48.0,8.0,32.0,4023.0,3.0,29.0,,,,,,,2997.727,101.4360628378245,False,False,True,False,True,False,False
2016-04-01,2016,4,2,1,NARINO,1497.0,92.0,14.0,49.0,16313.0,2.0,180.0,,,,,,,2997.727,101.4360628378245,False,False,True,False,True,False,False
2016-04-01,2016,4,2,1,NORTE DE SANTANDER,812.0,62.0,9.0,44.0,37280.0,1.0,1105.0,,,,,,,2997.727,101.4360628378245,False,False,True,False,True,False,False
2016-04-01,2016,4,2,1,PUTUMAYO,69.0,21.0,8.0,12.0,3186.0,3.0,0.0,,,,,,,2997.727,101.4360628378245,False,False,True,False,True,False,False
2016-04-01,2016,4,2,1,QUINDIO,797.0,79.0,11.0,35.0,15457.0,1.0,2603.0,,,,,,,2997.727,101.4360628378245,False,False,True,False,True,False,False
2016-04-01,2016,4,2,1,RISARALDA,1514.0,91.0,10.0,49.0,51436.0,1.0,6131.0,,,,,,,2997.727,101.4360628378245,False,False,True,False,True,False,False
2016-04-01,2016,4,2,1,"SAN ANDRES, PROVIDENCIA Y SANTA CATALINA",2628.875,75.0,2.0,52.0,61779.0,2.0,4295.0,,,,,,,2997.727,101.4360628378245,False,False,True,False,True,False,False
2016-04-01,2016,4,2,1,SANTANDER,1047.0,121.0,17.0,55.0,69256.0,2.0,2580.0,,,,,,,2997.727,101.4360628378245,False,False,True,False,True,False,False
2016-04-01,2016,4,2,1,SUCRE,64.0,19.0,6.0,16.0,2783.0,2.0,0.0,,,,,,,2997.727,101.4360628378245,False,False,True,False,True,False,False
2016-04-01,2016,4,2,1,TOLIMA,251.0,57.0,14.0,30.0,6220.0,1.0,84.0,,,,,,,2997.727,101.4360628378245,False,False,True,False,True,False,False
2016-04-01,2016,4,2,1,VALLE DEL CAUCA,6839.342000000001,321.0,34.0,90.0,157458.0,2.0,30029.0,,,,,,,2997.727,101.4360628378245,False,False,True,False,True,False,False
2016-04-01,2016,4,2,1,VAUPES,0.0,0.0,0.0,0.0,845.0,4.0,0.0,,,,,,,2997.727,101.4360628378245,False,False,True,False,True,False,False
2016-04-01,2016,4,2,1,VICHADA,3.0,2.0,1.0,2.0,1241.0,2.0,0.0,,,,,,,2997.727,101.4360628378245,False,False,True,False,True,False,False
2016-05-01,2016,5,2,1,AMAZONAS,408.0,42.0,4.0,37.0,8108.0,4.0,33.0,,,,,,,2993.508387096774,101.8046563784321,False,False,True,False,True,False,False
2016-05-01,2016,5,2,1,ANTIOQUIA,10167.421,342.0,54.0,109.0,289426.0,5.0,58319.0,,,,,,,2993.508387096774,101.8046563784321,False,False,True,False,True,False,False
2016-05-01,2016,5,2,1,ARAUCA,7.0,5.0,3.0,4.0,5977.0,2.0,0.0,,,,,,,2993.508387096774,101.8046563784321,False,False,True,False,True,False,False
2016-05-01,2016,5,2,1,ATLANTICO,1798.63,109.0,14.0,77.0,100274.0,1.0,11029.0,,,,,,,2993.508387096774,101.8046563784321,False,False,True,False,True,False,False
2016-05-01,2016,5,2,1,BOGOTA D.C.,10846.834,141.0,1.0,141.0,692020.0,1.0,284920.0,,,,,,,2993.508387096774,101.8046563784321,False,False,True,False,True,False,False
2016-05-01,2016,5,2,1,BOLIVAR,7361.217,136.0,17.0,106.0,135387.0,1.0,22940.0,,,,,,,2993.508387096774,101.8046563784321,False,False,True,False,True,False,False
2016-05-01,2016,5,2,1,BOYACA,240.0,91.0,18.0,36.0,0.0,0.0,0.0,,,,,,,2993.508387096774,101.8046563784321,False,False,True,False,True,False,False
2016-05-01,2016,5,2,1,CALDAS,515.0,76.0,16.0,38.0,9334.0,1.0,368.0,,,,,,,2993.508387096774,101.8046563784321,False,False,True,False,True,False,False
2016-05-01,2016,5,2,1,CAQUETA,21.0,8.0,1.0,8.0,3598.0,1.0,18.0,,,,,,,2993.508387096774,101.8046563784321,False,False,True,False,True,False,False
2016-05-01,2016,5,2,1,CASANARE,37.0,19.0,3.0,19.0,16239.0,2.0,50.0,,,,,,,2993.508387096774,101.8046563784321,False,False,True,False,True,False,False
2016-05-01,2016,5,2,1,CAUCA,212.0,41.0,10.0,28.0,6400.0,2.0,84.0,,,,,,,2993.508387096774,101.8046563784321,False,False,True,False,True,False,False
2016-05-01,2016,5,2,1,CESAR,121.0,25.0,6.0,19.0,16061.0,2.0,196.0,,,,,,,2993.508387096774,101.8046563784321,False,False,True,False,True,False,False
2016-05-01,2016,5,2,1,CHOCO,235.0,43.0,8.0,33.0,17548.0,4.0,0.0,,,,,,,2993.508387096774,101.8046563784321,False,False,True,False,True,False,False
2016-05-01,2016,5,2,1,CORDOBA,162.0,45.0,12.0,25.0,38339.0,1.0,362.0,,,,,,,2993.508387096774,101.8046563784321,False,False,True,False,True,False,False
2016-05-01,2016,5,2,1,CUNDINAMARCA,734.0,244.0,52.0,46.0,0.0,0.0,0.0,,,,,,,2993.508387096774,101.8046563784321,False,False,True,False,True,False,False
2016-05-01,2016,5,2,1,GUAINIA,12.0,5.0,1.0,5.0,1379.0,2.0,0.0,,,,,,,2993.508387096774,101.8046563784321,False,False,True,False,True,False,False
2016-05-01,2016,5,2,1,GUAVIARE,0.0,0.0,0.0,0.0,1048.0,2.0,0.0,,,,,,,2993.508387096774,101.8046563784321,False,False,True,False,True,False,False
2016-05-01,2016,5,2,1,HUILA,282.0,62.0,13.0,32.0,12555.0,2.0,195.0,,,,,,,2993.508387096774,101.8046563784321,False,False,True,False,True,False,False
2016-05-01,2016,5,2,1,LA GUAJIRA,84.0,34.0,7.0,22.0,9094.0,3.0,55.0,,,,,,,2993.508387096774,101.8046563784321,False,False,True,False,True,False,False
2016-05-01,2016,5,2,1,MAGDALENA,1673.0,76.0,10.0,59.0,56673.0,1.0,595.0,,,,,,,2993.508387096774,101.8046563784321,False,False,True,False,True,False,False
2016-05-01,2016,5,2,1,META,256.0,44.0,9.0,28.0,4195.0,2.0,32.0,,,,,,,2993.508387096774,101.8046563784321,False,False,True,False,True,False,False
2016-05-01,2016,5,2,1,NARINO,1444.0,93.0,15.0,46.0,16420.0,3.0,195.0,,,,,,,2993.508387096774,101.8046563784321,False,False,True,False,True,False,False
2016-05-01,2016,5,2,1,NORTE DE SANTANDER,784.0,61.0,10.0,41.0,44583.0,1.0,1489.0,,,,,,,2993.508387096774,101.8046563784321,False,False,True,False,True,False,False
2016-05-01,2016,5,2,1,PUTUMAYO,75.0,22.0,8.0,12.0,3275.0,3.0,0.0,,,,,,,2993.508387096774,101.8046563784321,False,False,True,False,True,False,False
2016-05-01,2016,5,2,1,QUINDIO,902.0,89.0,10.0,41.0,16522.0,1.0,3512.0,,,,,,,2993.508387096774,101.8046563784321,False,False,True,False,True,False,False
2016-05-01,2016,5,2,1,RISARALDA,1511.0,89.0,12.0,48.0,53033.0,1.0,7450.0,,,,,,,2993.508387096774,101.8046563784321,False,False,True,False,True,False,False
2016-05-01,2016,5,2,1,"SAN ANDRES, PROVIDENCIA Y SANTA CATALINA",1486.739,82.0,2.0,59.0,64560.0,2.0,4423.0,,,,,,,2993.508387096774,101.8046563784321,False,False,True,False,True,False,False
2016-05-01,2016,5,2,1,SANTANDER,982.0,113.0,17.0,51.0,74207.0,2.0,3059.0,,,,,,,2993.508387096774,101.8046563784321,False,False,True,False,True,False,False
2016-05-01,2016,5,2,1,SUCRE,75.0,26.0,6.0,20.0,3065.0,2.0,0.0,,,,,,,2993.508387096774,101.8046563784321,False,False,True,False,True,False,False
2016-05-01,2016,5,2,1,TOLIMA,251.0,56.0,11.0,37.0,6223.0,1.0,111.0,,,,,,,2993.508387096774,101.8046563784321,False,False,True,False,True,False,False
2016-05-01,2016,5,2,1,VALLE DEL CAUCA,7255.718,338.0,34.0,98.0,174086.0,2.0,32960.0,,,,,,,2993.508387096774,101.8046563784321,False,False,True,False,True,False,False
2016-05-01,2016,5,2,1,VAUPES,1.0,1.0,1.0,1.0,1189.0,3.0,0.0,,,,,,,2993.508387096774,101.8046563784321,False,False,True,False,True,False,False
2016-05-01,2016,5,2,1,VICHADA,4.0,4.0,2.0,4.0,1497.0,2.0,0.0,,,,,,,2993.508387096774,101.8046563784321,False,False,True,False,True,False,False
2016-06-01,2016,6,2,1,AMAZONAS,446.0,45.0,3.0,41.0,9172.0,4.0,28.0,,,,,,,2992.8586666666665,101.8161981783162,False,False,True,False,True,False,False
2016-06-01,2016,6,2,1,ANTIOQUIA,9342.869,361.0,55.0,107.0,290147.0,5.0,72880.0,,,,,,,2992.8586666666665,101.8161981783162,False,False,True,False,True,False,False
2016-06-01,2016,6,2,1,ARAUCA,8.0,4.0,2.0,4.0,6378.0,2.0,0.0,,,,,,,2992.8586666666665,101.8161981783162,False,False,True,False,True,False,False
2016-06-01,2016,6,2,1,ATLANTICO,2170.512,107.0,16.0,70.0,110561.0,1.0,13228.0,,,,,,,2992.8586666666665,101.8161981783162,False,False,True,False,True,False,False
2016-06-01,2016,6,2,1,BOGOTA D.C.,11785.133,145.0,1.0,145.0,708269.0,1.0,308420.0,,,,,,,2992.8586666666665,101.8161981783162,False,False,True,False,True,False,False
2016-06-01,2016,6,2,1,BOLIVAR,6217.175,143.0,18.0,109.0,158887.0,1.0,25669.0,,,,,,,2992.8586666666665,101.8161981783162,False,False,True,False,True,False,False
2016-06-01,2016,6,2,1,BOYACA,363.0,118.0,32.0,40.0,0.0,0.0,0.0,,,,,,,2992.8586666666665,101.8161981783162,False,False,True,False,True,False,False
2016-06-01,2016,6,2,1,CALDAS,803.0,83.0,20.0,38.0,10359.0,1.0,577.0,,,,,,,2992.8586666666665,101.8161981783162,False,False,True,False,True,False,False
2016-06-01,2016,6,2,1,CAQUETA,27.0,14.0,2.0,13.0,3799.0,1.0,8.0,,,,,,,2992.8586666666665,101.8161981783162,False,False,True,False,True,False,False
2016-06-01,2016,6,2,1,CASANARE,56.0,19.0,3.0,17.0,15932.0,2.0,48.0,,,,,,,2992.8586666666665,101.8161981783162,False,False,True,False,True,False,False
2016-06-01,2016,6,2,1,CAUCA,375.0,63.0,16.0,35.0,7666.0,2.0,152.0,,,,,,,2992.8586666666665,101.8161981783162,False,False,True,False,True,False,False
2016-06-01,2016,6,2,1,CESAR,171.0,29.0,5.0,23.0,17281.0,2.0,220.0,,,,,,,2992.8586666666665,101.8161981783162,False,False,True,False,True,False,False
2016-06-01,2016,6,2,1,CHOCO,289.0,37.0,6.0,30.0,19912.0,4.0,0.0,,,,,,,2992.8586666666665,101.8161981783162,False,False,True,False,True,False,False
2016-06-01,2016,6,2,1,CORDOBA,235.0,47.0,12.0,28.0,41428.0,1.0,437.0,,,,,,,2992.8586666666665,101.8161981783162,False,False,True,False,True,False,False
2016-06-01,2016,6,2,1,CUNDINAMARCA,940.0,284.0,54.0,53.0,0.0,0.0,0.0,,,,,,,2992.8586666666665,101.8161981783162,False,False,True,False,True,False,False
2016-06-01,2016,6,2,1,GUAINIA,15.0,2.0,1.0,2.0,1390.0,2.0,0.0,,,,,,,2992.8586666666665,101.8161981783162,False,False,True,False,True,False,False
2016-06-01,2016,6,2,1,GUAVIARE,1.0,1.0,1.0,1.0,1020.0,2.0,0.0,,,,,,,2992.8586666666665,101.8161981783162,False,False,True,False,True,False,False
2016-06-01,2016,6,2,1,HUILA,517.0,84.0,16.0,36.0,12571.0,2.0,323.0,,,,,,,2992.8586666666665,101.8161981783162,False,False,True,False,True,False,False
2016-06-01,2016,6,2,1,LA GUAJIRA,126.0,45.0,10.0,28.0,9658.0,3.0,59.0,,,,,,,2992.8586666666665,101.8161981783162,False,False,True,False,True,False,False
2016-06-01,2016,6,2,1,MAGDALENA,1451.0,74.0,13.0,54.0,64793.0,1.0,538.0,,,,,,,2992.8586666666665,101.8161981783162,False,False,True,False,True,False,False
2016-06-01,2016,6,2,1,META,312.0,59.0,12.0,37.0,4344.0,2.0,38.0,,,,,,,2992.8586666666665,101.8161981783162,False,False,True,False,True,False,False
2016-06-01,2016,6,2,1,NARINO,1394.0,92.0,15.0,50.0,19939.0,3.0,311.0,,,,,,,2992.8586666666665,101.8161981783162,False,False,True,False,True,False,False
2016-06-01,2016,6,2,1,NORTE DE SANTANDER,682.0,66.0,13.0,42.0,46846.0,1.0,1956.0,,,,,,,2992.8586666666665,101.8161981783162,False,False,True,False,True,False,False
2016-06-01,2016,6,2,1,PUTUMAYO,67.0,28.0,8.0,17.0,3432.0,3.0,0.0,,,,,,,2992.8586666666665,101.8161981783162,False,False,True,False,True,False,False
2016-06-01,2016,6,2,1,QUINDIO,1186.0,99.0,10.0,46.0,16384.0,1.0,4191.0,,,,,,,2992.8586666666665,101.8161981783162,False,False,True,False,True,False,False
2016-06-01,2016,6,2,1,RISARALDA,1301.011,102.0,10.0,59.0,55245.0,1.0,9139.0,,,,,,,2992.8586666666665,101.8161981783162,False,False,True,False,True,False,False
2016-06-01,2016,6,2,1,"SAN ANDRES, PROVIDENCIA Y SANTA CATALINA",3789.4300000000003,75.0,2.0,51.0,71212.0,2.0,4341.0,,,,,,,2992.8586666666665,101.8161981783162,False,False,True,False,True,False,False
2016-06-01,2016,6,2,1,SANTANDER,1585.0,158.0,23.0,61.0,75321.0,2.0,4315.0,,,,,,,2992.8586666666665,101.8161981783162,False,False,True,False,True,False,False
2016-06-01,2016,6,2,1,SUCRE,95.0,34.0,9.0,23.0,4262.0,2.0,0.0,,,,,,,2992.8586666666665,101.8161981783162,False,False,True,False,True,False,False
2016-06-01,2016,6,2,1,TOLIMA,669.0,96.0,25.0,40.0,6658.0,1.0,207.0,,,,,,,2992.8586666666665,101.8161981783162,False,False,True,False,True,False,False
2016-06-01,2016,6,2,1,VALLE DEL CAUCA,7718.5509999999995,353.0,39.0,90.0,184547.0,2.0,41107.0,,,,,,,2992.8586666666665,101.8161981783162,False,False,True,False,True,False,False
2016-06-01,2016,6,2,1,VAUPES,0.0,0.0,0.0,0.0,1226.0,4.0,0.0,,,,,,,2992.8586666666665,101.8161981783162,False,False,True,False,True,False,False
2016-06-01,2016,6,2,1,VICHADA,5.0,4.0,2.0,4.0,1474.0,2.0,0.0,,,,,,,2992.8586666666665,101.8161981783162,False,False,True,False,True,False,False
2016-07-01,2016,7,3,2,AMAZONAS,665.0,44.0,2.0,43.0,9509.0,4.0,26.0,,,,,,,2960.999677419355,99.67288429363097,False,False,True,False,True,False,False
2016-07-01,2016,7,3,2,ANTIOQUIA,11316.664,398.0,63.0,114.0,298723.0,5.0,84207.0,,,,,,,2960.999677419355,99.67288429363097,False,False,True,False,True,False,False
2016-07-01,2016,7,3,2,ARAUCA,23.0,12.0,4.0,9.0,5934.0,2.0,0.0,,,,,,,2960.999677419355,99.67288429363097,False,False,True,False,True,False,False
2016-07-01,2016,7,3,2,ATLANTICO,3080.381,109.0,9.0,74.0,115378.0,1.0,17121.0,,,,,,,2960.999677419355,99.67288429363097,False,False,True,False,True,False,False
2016-07-01,2016,7,3,2,BOGOTA D.C.,12345.557,147.0,1.0,147.0,740169.0,1.0,372134.0,,,,,,,2960.999677419355,99.67288429363097,False,False,True,False,True,False,False
2016-07-01,2016,7,3,2,BOLIVAR,6872.578,140.0,17.0,103.0,165349.0,1.0,33346.0,,,,,,,2960.999677419355,99.67288429363097,False,False,True,False,True,False,False
2016-07-01,2016,7,3,2,BOYACA,457.0,117.0,28.0,34.0,0.0,0.0,0.0,,,,,,,2960.999677419355,99.67288429363097,False,False,True,False,True,False,False
2016-07-01,2016,7,3,2,CALDAS,757.0,96.0,17.0,41.0,8941.0,1.0,457.0,,,,,,,2960.999677419355,99.67288429363097,False,False,True,False,True,False,False
2016-07-01,2016,7,3,2,CAQUETA,38.0,16.0,4.0,15.0,3764.0,1.0,16.0,,,,,,,2960.999677419355,99.67288429363097,False,False,True,False,True,False,False
2016-07-01,2016,7,3,2,CASANARE,50.0,25.0,7.0,18.0,15656.0,2.0,37.0,,,,,,,2960.999677419355,99.67288429363097,False,False,True,False,True,False,False
2016-07-01,2016,7,3,2,CAUCA,486.0,67.0,13.0,38.0,6809.0,2.0,85.0,,,,,,,2960.999677419355,99.67288429363097,False,False,True,False,True,False,False
2016-07-01,2016,7,3,2,CESAR,159.0,44.0,6.0,28.0,18054.0,2.0,232.0,,,,,,,2960.999677419355,99.67288429363097,False,False,True,False,True,False,False
2016-07-01,2016,7,3,2,CHOCO,240.0,35.0,8.0,23.0,20122.0,4.0,0.0,,,,,,,2960.999677419355,99.67288429363097,False,False,True,False,True,False,False
2016-07-01,2016,7,3,2,CORDOBA,225.0,54.0,11.0,36.0,40126.0,1.0,491.0,,,,,,,2960.999677419355,99.67288429363097,False,False,True,False,True,False,False
2016-07-01,2016,7,3,2,CUNDINAMARCA,1243.0,312.0,52.0,50.0,0.0,0.0,0.0,,,,,,,2960.999677419355,99.67288429363097,False,False,True,False,True,False,False
2016-07-01,2016,7,3,2,GUAINIA,8.0,1.0,1.0,1.0,1500.0,2.0,0.0,,,,,,,2960.999677419355,99.67288429363097,False,False,True,False,True,False,False
2016-07-01,2016,7,3,2,GUAVIARE,2.0,2.0,1.0,2.0,1205.0,2.0,0.0,,,,,,,2960.999677419355,99.67288429363097,False,False,True,False,True,False,False
2016-07-01,2016,7,3,2,HUILA,390.0,72.0,12.0,40.0,12477.0,2.0,228.0,,,,,,,2960.999677419355,99.67288429363097,False,False,True,False,True,False,False
2016-07-01,2016,7,3,2,LA GUAJIRA,137.0,40.0,9.0,24.0,9543.0,3.0,36.0,,,,,,,2960.999677419355,99.67288429363097,False,False,True,False,True,False,False
2016-07-01,2016,7,3,2,MAGDALENA,1944.0,77.0,9.0,50.0,61122.0,1.0,755.0,,,,,,,2960.999677419355,99.67288429363097,False,False,True,False,True,False,False
2016-07-01,2016,7,3,2,META,413.0,63.0,11.0,40.0,4664.0,3.0,36.0,,,,,,,2960.999677419355,99.67288429363097,False,False,True,False,True,False,False
2016-07-01,2016,7,3,2,NARINO,1982.0,94.0,10.0,51.0,19035.0,3.0,375.0,,,,,,,2960.999677419355,99.67288429363097,False,False,True,False,True,False,False
2016-07-01,2016,7,3,2,NORTE DE SANTANDER,808.0,81.0,9.0,50.0,44612.0,1.0,1919.0,,,,,,,2960.999677419355,99.67288429363097,False,False,True,False,True,False,False
2016-07-01,2016,7,3,2,PUTUMAYO,97.0,30.0,10.0,13.0,3525.0,3.0,0.0,,,,,,,2960.999677419355,99.67288429363097,False,False,True,False,True,False,False
2016-07-01,2016,7,3,2,QUINDIO,1470.0,110.0,10.0,48.0,15813.0,1.0,4550.0,,,,,,,2960.999677419355,99.67288429363097,False,False,True,False,True,False,False
2016-07-01,2016,7,3,2,RISARALDA,2713.045,127.0,11.0,67.0,54159.0,1.0,10628.0,,,,,,,2960.999677419355,99.67288429363097,False,False,True,False,True,False,False
2016-07-01,2016,7,3,2,"SAN ANDRES, PROVIDENCIA Y SANTA CATALINA",2011.944,72.0,2.0,51.0,76834.0,2.0,6215.0,,,,,,,2960.999677419355,99.67288429363097,False,False,True,False,True,False,False
2016-07-01,2016,7,3,2,SANTANDER,1839.0,166.0,23.0,64.0,78089.0,2.0,4466.0,,,,,,,2960.999677419355,99.67288429363097,False,False,True,False,True,False,False
2016-07-01,2016,7,3,2,SUCRE,114.0,39.0,8.0,28.0,3913.0,2.0,0.0,,,,,,,2960.999677419355,99.67288429363097,False,False,True,False,True,False,False
2016-07-01,2016,7,3,2,TOLIMA,501.0,75.0,20.0,38.0,6600.0,1.0,223.0,,,,,,,2960.999677419355,99.67288429363097,False,False,True,False,True,False,False
2016-07-01,2016,7,3,2,VALLE DEL CAUCA,9623.463,422.0,41.0,98.0,197604.0,2.0,48139.0,,,,,,,2960.999677419355,99.67288429363097,False,False,True,False,True,False,False
2016-07-01,2016,7,3,2,VAUPES,1.0,1.0,1.0,1.0,1403.0,4.0,0.0,,,,,,,2960.999677419355,99.67288429363097,False,False,True,False,True,False,False
2016-07-01,2016,7,3,2,VICHADA,2.0,2.0,1.0,2.0,1504.0,1.0,0.0,,,,,,,2960.999677419355,99.67288429363097,False,False,True,False,True,False,False
2016-08-01,2016,8,3,2,AMAZONAS,365.0,38.0,2.0,36.0,8827.0,4.0,16.0,,,,,,,2952.7667741935484,103.21905857214928,False,False,True,False,True,False,False
2016-08-01,2016,8,3,2,ANTIOQUIA,10784.81,351.0,54.0,112.0,300155.0,5.0,65406.0,,,,,,,2952.7667741935484,103.21905857214928,False,False,True,False,True,False,False
2016-08-01,2016,8,3,2,ARAUCA,18.0,15.0,5.0,11.0,5367.0,2.0,0.0,,,,,,,2952.7667741935484,103.21905857214928,False,False,True,False,True,False,False
2016-08-01,2016,8,3,2,ATLANTICO,2484.552,118.0,14.0,82.0,109161.0,1.0,13049.0,,,,,,,2952.7667741935484,103.21905857214928,False,False,True,False,True,False,False
2016-08-01,2016,8,3,2,BOGOTA D.C.,10505.030999999999,156.0,1.0,156.0,727188.0,1.0,335305.0,,,,,,,2952.7667741935484,103.21905857214928,False,False,True,False,True,False,False
2016-08-01,2016,8,3,2,BOLIVAR,7603.528,145.0,20.0,109.0,158229.0,1.0,29413.0,,,,,,,2952.7667741935484,103.21905857214928,False,False,True,False,True,False,False
2016-08-01,2016,8,3,2,BOYACA,389.0,126.0,25.0,39.0,0.0,0.0,0.0,,,,,,,2952.7667741935484,103.21905857214928,False,False,True,False,True,False,False
2016-08-01,2016,8,3,2,CALDAS,642.0,85.0,17.0,41.0,10209.0,1.0,518.0,,,,,,,2952.7667741935484,103.21905857214928,False,False,True,False,True,False,False
2016-08-01,2016,8,3,2,CAQUETA,37.0,13.0,1.0,13.0,4077.0,2.0,12.0,,,,,,,2952.7667741935484,103.21905857214928,False,False,True,False,True,False,False
2016-08-01,2016,8,3,2,CASANARE,66.0,22.0,6.0,18.0,16079.0,2.0,47.0,,,,,,,2952.7667741935484,103.21905857214928,False,False,True,False,True,False,False
2016-08-01,2016,8,3,2,CAUCA,425.0,55.0,11.0,38.0,6920.0,2.0,119.0,,,,,,,2952.7667741935484,103.21905857214928,False,False,True,False,True,False,False
2016-08-01,2016,8,3,2,CESAR,167.0,36.0,7.0,30.0,18146.0,2.0,217.0,,,,,,,2952.7667741935484,103.21905857214928,False,False,True,False,True,False,False
2016-08-01,2016,8,3,2,CHOCO,251.0,42.0,7.0,32.0,18265.0,4.0,0.0,,,,,,,2952.7667741935484,103.21905857214928,False,False,True,False,True,False,False
2016-08-01,2016,8,3,2,CORDOBA,177.0,51.0,12.0,29.0,39905.0,1.0,356.0,,,,,,,2952.7667741935484,103.21905857214928,False,False,True,False,True,False,False
2016-08-01,2016,8,3,2,CUNDINAMARCA,991.0,296.0,57.0,49.0,0.0,0.0,0.0,,,,,,,2952.7667741935484,103.21905857214928,False,False,True,False,True,False,False
2016-08-01,2016,8,3,2,GUAINIA,23.0,3.0,1.0,3.0,1220.0,2.0,0.0,,,,,,,2952.7667741935484,103.21905857214928,False,False,True,False,True,False,False
2016-08-01,2016,8,3,2,GUAVIARE,0.0,0.0,0.0,0.0,1322.0,2.0,0.0,,,,,,,2952.7667741935484,103.21905857214928,False,False,True,False,True,False,False
2016-08-01,2016,8,3,2,HUILA,328.0,68.0,15.0,34.0,13434.0,2.0,211.0,,,,,,,2952.7667741935484,103.21905857214928,False,False,True,False,True,False,False
2016-08-01,2016,8,3,2,LA GUAJIRA,90.0,36.0,7.0,22.0,9154.0,3.0,31.0,,,,,,,2952.7667741935484,103.21905857214928,False,False,True,False,True,False,False
2016-08-01,2016,8,3,2,MAGDALENA,1714.0,83.0,15.0,48.0,64053.0,1.0,724.0,,,,,,,2952.7667741935484,103.21905857214928,False,False,True,False,True,False,False
2016-08-01,2016,8,3,2,META,349.0,52.0,9.0,35.0,4280.0,2.0,40.0,,,,,,,2952.7667741935484,103.21905857214928,False,False,True,False,True,False,False
2016-08-01,2016,8,3,2,NARINO,1777.0,101.0,18.0,47.0,19043.0,3.0,305.0,,,,,,,2952.7667741935484,103.21905857214928,False,False,True,False,True,False,False
2016-08-01,2016,8,3,2,NORTE DE SANTANDER,1099.0,65.0,10.0,42.0,43671.0,1.0,1511.0,,,,,,,2952.7667741935484,103.21905857214928,False,False,True,False,True,False,False
2016-08-01,2016,8,3,2,PUTUMAYO,50.0,27.0,10.0,15.0,3603.0,3.0,0.0,,,,,,,2952.7667741935484,103.21905857214928,False,False,True,False,True,False,False
2016-08-01,2016,8,3,2,QUINDIO,1249.0,106.0,11.0,39.0,15948.0,1.0,3843.0,,,,,,,2952.7667741935484,103.21905857214928,False,False,True,False,True,False,False
2016-08-01,2016,8,3,2,RISARALDA,2115.0,111.0,13.0,55.0,53759.0,1.0,8766.0,,,,,,,2952.7667741935484,103.21905857214928,False,False,True,False,True,False,False
2016-08-01,2016,8,3,2,"SAN ANDRES, PROVIDENCIA Y SANTA CATALINA",1868.211,74.0,2.0,55.0,71743.0,2.0,5370.0,,,,,,,2952.7667741935484,103.21905857214928,False,False,True,False,True,False,False
2016-08-01,2016,8,3,2,SANTANDER,1375.0,139.0,21.0,60.0,76253.0,2.0,3702.0,,,,,,,2952.7667741935484,103.21905857214928,False,False,True,False,True,False,False
2016-08-01,2016,8,3,2,SUCRE,92.0,27.0,7.0,20.0,3765.0,2.0,0.0,,,,,,,2952.7667741935484,103.21905857214928,False,False,True,False,True,False,False
2016-08-01,2016,8,3,2,TOLIMA,391.0,70.0,19.0,34.0,6825.0,1.0,129.0,,,,,,,2952.7667741935484,103.21905857214928,False,False,True,False,True,False,False
2016-08-01,2016,8,3,2,VALLE DEL CAUCA,8807.088,354.0,34.0,99.0,192741.0,2.0,46627.0,,,,,,,2952.7667741935484,103.21905857214928,False,False,True,False,True,False,False
2016-08-01,2016,8,3,2,VAUPES,5.0,4.0,3.0,4.0,1180.0,4.0,0.0,,,,,,,2952.7667741935484,103.21905857214928,False,False,True,False,True,False,False
2016-08-01,2016,8,3,2,VICHADA,13.0,5.0,1.0,5.0,1325.0,2.0,0.0,,,,,,,2952.7667741935484,103.21905857214928,False,False,True,False,True,False,False
2016-09-01,2016,9,3,2,AMAZONAS,308.0,38.0,3.0,35.0,9822.0,4.0,24.0,,,,,,,2924.2653333333333,103.65246301661134,False,False,True,False,True,False,False
2016-09-01,2016,9,3,2,ANTIOQUIA,9861.005,331.0,52.0,110.0,295322.0,5.0,56286.0,,,,,,,2924.2653333333333,103.65246301661134,False,False,True,False,True,False,False
2016-09-01,2016,9,3,2,ARAUCA,17.0,11.0,3.0,10.0,5578.0,2.0,0.0,,,,,,,2924.2653333333333,103.65246301661134,False,False,True,False,True,False,False
2016-09-01,2016,9,3,2,ATLANTICO,2314.052,107.0,13.0,72.0,100508.0,1.0,10111.0,,,,,,,2924.2653333333333,103.65246301661134,False,False,True,False,True,False,False
2016-09-01,2016,9,3,2,BOGOTA D.C.,12246.538,152.0,1.0,152.0,706908.0,1.0,302889.0,,,,,,,2924.2653333333333,103.65246301661134,False,False,True,False,True,False,False
2016-09-01,2016,9,3,2,BOLIVAR,9372.59,132.0,8.0,109.0,144099.0,1.0,25093.0,,,,,,,2924.2653333333333,103.65246301661134,False,False,True,False,True,False,False
2016-09-01,2016,9,3,2,BOYACA,321.0,96.0,26.0,29.0,0.0,0.0,0.0,,,,,,,2924.2653333333333,103.65246301661134,False,False,True,False,True,False,False
2016-09-01,2016,9,3,2,CALDAS,645.0,77.0,13.0,41.0,8801.0,1.0,521.0,,,,,,,2924.2653333333333,103.65246301661134,False,False,True,False,True,False,False
2016-09-01,2016,9,3,2,CAQUETA,47.0,16.0,5.0,13.0,3929.0,1.0,17.0,,,,,,,2924.2653333333333,103.65246301661134,False,False,True,False,True,False,False
2016-09-01,2016,9,3,2,CASANARE,68.0,19.0,3.0,17.0,16812.0,2.0,58.0,,,,,,,2924.2653333333333,103.65246301661134,False,False,True,False,True,False,False
2016-09-01,2016,9,3,2,CAUCA,270.0,53.0,8.0,37.0,6640.0,2.0,92.0,,,,,,,2924.2653333333333,103.65246301661134,False,False,True,False,True,False,False
2016-09-01,2016,9,3,2,CESAR,138.0,34.0,8.0,26.0,18265.0,2.0,195.0,,,,,,,2924.2653333333333,103.65246301661134,False,False,True,False,True,False,False
2016-09-01,2016,9,3,2,CHOCO,167.0,44.0,9.0,31.0,18394.0,4.0,0.0,,,,,,,2924.2653333333333,103.65246301661134,False,False,True,False,True,False,False
2016-09-01,2016,9,3,2,CORDOBA,118.0,37.0,16.0,22.0,39364.0,1.0,330.0,,,,,,,2924.2653333333333,103.65246301661134,False,False,True,False,True,False,False
2016-09-01,2016,9,3,2,CUNDINAMARCA,774.0,269.0,50.0,47.0,0.0,0.0,0.0,,,,,,,2924.2653333333333,103.65246301661134,False,False,True,False,True,False,False
2016-09-01,2016,9,3,2,GUAINIA,14.0,3.0,1.0,3.0,1214.0,2.0,0.0,,,,,,,2924.2653333333333,103.65246301661134,False,False,True,False,True,False,False
2016-09-01,2016,9,3,2,GUAVIARE,3.0,2.0,1.0,2.0,946.0,2.0,0.0,,,,,,,2924.2653333333333,103.65246301661134,False,False,True,False,True,False,False
2016-09-01,2016,9,3,2,HUILA,219.0,55.0,9.0,29.0,13314.0,2.0,187.0,,,,,,,2924.2653333333333,103.65246301661134,False,False,True,False,True,False,False
2016-09-01,2016,9,3,2,LA GUAJIRA,153.0,46.0,8.0,32.0,8610.0,3.0,37.0,,,,,,,2924.2653333333333,103.65246301661134,False,False,True,False,True,False,False
2016-09-01,2016,9,3,2,MAGDALENA,1558.0,84.0,14.0,59.0,63369.0,1.0,533.0,,,,,,,2924.2653333333333,103.65246301661134,False,False,True,False,True,False,False
2016-09-01,2016,9,3,2,META,303.0,45.0,11.0,30.0,4473.0,2.0,31.0,,,,,,,2924.2653333333333,103.65246301661134,False,False,True,False,True,False,False
2016-09-01,2016,9,3,2,NARINO,1196.0,91.0,15.0,43.0,17855.0,3.0,230.0,,,,,,,2924.2653333333333,103.65246301661134,False,False,True,False,True,False,False
2016-09-01,2016,9,3,2,NORTE DE SANTANDER,893.0,67.0,13.0,42.0,41647.0,1.0,1654.0,,,,,,,2924.2653333333333,103.65246301661134,False,False,True,False,True,False,False
2016-09-01,2016,9,3,2,PUTUMAYO,41.0,22.0,6.0,15.0,3597.0,3.0,0.0,,,,,,,2924.2653333333333,103.65246301661134,False,False,True,False,True,False,False
2016-09-01,2016,9,3,2,QUINDIO,832.0,93.0,9.0,39.0,15016.0,1.0,3401.0,,,,,,,2924.2653333333333,103.65246301661134,False,False,True,False,True,False,False
2016-09-01,2016,9,3,2,RISARALDA,1321.0,85.0,8.0,53.0,51937.0,1.0,6958.0,,,,,,,2924.2653333333333,103.65246301661134,False,False,True,False,True,False,False
2016-09-01,2016,9,3,2,"SAN ANDRES, PROVIDENCIA Y SANTA CATALINA",3426.685,76.0,2.0,57.0,65893.0,2.0,4214.0,,,,,,,2924.2653333333333,103.65246301661134,False,False,True,False,True,False,False
2016-09-01,2016,9,3,2,SANTANDER,1364.0,136.0,17.0,62.0,75364.0,2.0,3711.0,,,,,,,2924.2653333333333,103.65246301661134,False,False,True,False,True,False,False
2016-09-01,2016,9,3,2,SUCRE,58.0,28.0,4.0,22.0,3458.0,2.0,0.0,,,,,,,2924.2653333333333,103.65246301661134,False,False,True,False,True,False,False
2016-09-01,2016,9,3,2,TOLIMA,328.0,63.0,13.0,36.0,7040.0,2.0,115.0,,,,,,,2924.2653333333333,103.65246301661134,False,False,True,False,True,False,False
2016-09-01,2016,9,3,2,VALLE DEL CAUCA,7863.822,348.0,35.0,105.0,178229.0,2.0,36860.0,,,,,,,2924.2653333333333,103.65246301661134,False,False,True,False,True,False,False
2016-09-01,2016,9,3,2,VAUPES,2.0,2.0,1.0,2.0,1089.0,4.0,0.0,,,,,,,2924.2653333333333,103.65246301661134,False,False,True,False,True,False,False
2016-09-01,2016,9,3,2,VICHADA,4.0,3.0,1.0,3.0,1239.0,1.0,0.0,,,,,,,2924.2653333333333,103.65246301661134,False,False,True,False,True,False,False
2016-10-01,2016,10,4,2,AMAZONAS,353.0,43.0,4.0,36.0,11676.0,4.0,16.0,,,,,,,2929.3887096774192,102.50955901470245,False,False,True,False,True,False,False
2016-10-01,2016,10,4,2,ANTIOQUIA,9836.704,358.0,56.0,104.0,312652.0,5.0,64082.0,,,,,,,2929.3887096774192,102.50955901470245,False,False,True,False,True,False,False
2016-10-01,2016,10,4,2,ARAUCA,17.0,9.0,4.0,7.0,6134.0,2.0,0.0,,,,,,,2929.3887096774192,102.50955901470245,False,False,True,False,True,False,False
2016-10-01,2016,10,4,2,ATLANTICO,2503.213,105.0,13.0,76.0,115064.0,1.0,12115.0,,,,,,,2929.3887096774192,102.50955901470245,False,False,True,False,True,False,False
2016-10-01,2016,10,4,2,BOGOTA D.C.,13185.458,163.0,1.0,163.0,748880.0,1.0,338625.0,,,,,,,2929.3887096774192,102.50955901470245,False,False,True,False,True,False,False
2016-10-01,2016,10,4,2,BOLIVAR,8053.04,149.0,18.0,106.0,156330.0,1.0,25346.0,,,,,,,2929.3887096774192,102.50955901470245,False,False,True,False,True,False,False
2016-10-01,2016,10,4,2,BOYACA,631.0,117.0,25.0,37.0,0.0,0.0,0.0,,,,,,,2929.3887096774192,102.50955901470245,False,False,True,False,True,False,False
2016-10-01,2016,10,4,2,CALDAS,568.0,71.0,15.0,41.0,7995.0,1.0,335.0,,,,,,,2929.3887096774192,102.50955901470245,False,False,True,False,True,False,False
2016-10-01,2016,10,4,2,CAQUETA,35.0,10.0,2.0,9.0,4021.0,1.0,11.0,,,,,,,2929.3887096774192,102.50955901470245,False,False,True,False,True,False,False
2016-10-01,2016,10,4,2,CASANARE,63.0,20.0,2.0,19.0,15661.0,2.0,37.0,,,,,,,2929.3887096774192,102.50955901470245,False,False,True,False,True,False,False
2016-10-01,2016,10,4,2,CAUCA,231.0,55.0,10.0,34.0,6810.0,2.0,90.0,,,,,,,2929.3887096774192,102.50955901470245,False,False,True,False,True,False,False
2016-10-01,2016,10,4,2,CESAR,134.0,40.0,6.0,30.0,19192.0,2.0,205.0,,,,,,,2929.3887096774192,102.50955901470245,False,False,True,False,True,False,False
2016-10-01,2016,10,4,2,CHOCO,123.0,34.0,6.0,26.0,18562.0,3.0,0.0,,,,,,,2929.3887096774192,102.50955901470245,False,False,True,False,True,False,False
2016-10-01,2016,10,4,2,CORDOBA,192.0,45.0,9.0,30.0,41428.0,1.0,373.0,,,,,,,2929.3887096774192,102.50955901470245,False,False,True,False,True,False,False
2016-10-01,2016,10,4,2,CUNDINAMARCA,773.0,288.0,61.0,49.0,0.0,0.0,0.0,,,,,,,2929.3887096774192,102.50955901470245,False,False,True,False,True,False,False
2016-10-01,2016,10,4,2,GUAINIA,12.0,4.0,1.0,4.0,1566.0,2.0,0.0,,,,,,,2929.3887096774192,102.50955901470245,False,False,True,False,True,False,False
2016-10-01,2016,10,4,2,GUAVIARE,1.0,1.0,1.0,1.0,1279.0,2.0,0.0,,,,,,,2929.3887096774192,102.50955901470245,False,False,True,False,True,False,False
2016-10-01,2016,10,4,2,HUILA,301.0,72.0,15.0,35.0,12825.0,2.0,248.0,,,,,,,2929.3887096774192,102.50955901470245,False,False,True,False,True,False,False
2016-10-01,2016,10,4,2,LA GUAJIRA,119.0,50.0,9.0,26.0,9317.0,3.0,63.0,,,,,,,2929.3887096774192,102.50955901470245,False,False,True,False,True,False,False
2016-10-01,2016,10,4,2,MAGDALENA,1666.0,85.0,13.0,58.0,66277.0,1.0,684.0,,,,,,,2929.3887096774192,102.50955901470245,False,False,True,False,True,False,False
2016-10-01,2016,10,4,2,META,264.0,44.0,6.0,31.0,4357.0,2.0,38.0,,,,,,,2929.3887096774192,102.50955901470245,False,False,True,False,True,False,False
2016-10-01,2016,10,4,2,NARINO,1173.0,95.0,15.0,48.0,17785.0,3.0,282.0,,,,,,,2929.3887096774192,102.50955901470245,False,False,True,False,True,False,False
2016-10-01,2016,10,4,2,NORTE DE SANTANDER,1065.0,72.0,9.0,50.0,41571.0,1.0,1522.0,,,,,,,2929.3887096774192,102.50955901470245,False,False,True,False,True,False,False
2016-10-01,2016,10,4,2,PUTUMAYO,74.0,22.0,8.0,12.0,3455.0,3.0,0.0,,,,,,,2929.3887096774192,102.50955901470245,False,False,True,False,True,False,False
2016-10-01,2016,10,4,2,QUINDIO,903.0,91.0,10.0,44.0,15892.0,1.0,3764.0,,,,,,,2929.3887096774192,102.50955901470245,False,False,True,False,True,False,False
2016-10-01,2016,10,4,2,RISARALDA,1673.0,98.0,9.0,57.0,57579.0,1.0,8007.0,,,,,,,2929.3887096774192,102.50955901470245,False,False,True,False,True,False,False
2016-10-01,2016,10,4,2,"SAN ANDRES, PROVIDENCIA Y SANTA CATALINA",1818.724,66.0,2.0,47.0,68636.0,2.0,5658.0,,,,,,,2929.3887096774192,102.50955901470245,False,False,True,False,True,False,False
2016-10-01,2016,10,4,2,SANTANDER,1347.0,142.0,20.0,53.0,78873.0,2.0,3944.0,,,,,,,2929.3887096774192,102.50955901470245,False,False,True,False,True,False,False
2016-10-01,2016,10,4,2,SUCRE,53.0,23.0,6.0,19.0,4175.0,2.0,0.0,,,,,,,2929.3887096774192,102.50955901470245,False,False,True,False,True,False,False
2016-10-01,2016,10,4,2,TOLIMA,356.0,69.0,16.0,36.0,6433.0,1.0,158.0,,,,,,,2929.3887096774192,102.50955901470245,False,False,True,False,True,False,False
2016-10-01,2016,10,4,2,VALLE DEL CAUCA,7733.831,340.0,36.0,100.0,184466.0,2.0,37628.0,,,,,,,2929.3887096774192,102.50955901470245,False,False,True,False,True,False,False
2016-10-01,2016,10,4,2,VAUPES,1.0,1.0,1.0,1.0,1524.0,4.0,0.0,,,,,,,2929.3887096774192,102.50955901470245,False,False,True,False,True,False,False
2016-10-01,2016,10,4,2,VICHADA,3.0,2.0,1.0,2.0,1369.0,2.0,0.0,,,,,,,2929.3887096774192,102.50955901470245,False,False,True,False,True,False,False
2016-11-01,2016,11,4,2,AMAZONAS,339.0,48.0,4.0,44.0,12356.0,4.0,29.0,,,,,,,3110.2586666666666,103.12425995610988,False,False,True,False,True,False,False
2016-11-01,2016,11,4,2,ANTIOQUIA,9664.923,353.0,52.0,110.0,304454.0,5.0,61299.0,,,,,,,3110.2586666666666,103.12425995610988,False,False,True,False,True,False,False
2016-11-01,2016,11,4,2,ARAUCA,14.0,9.0,4.0,7.0,6060.0,2.0,0.0,,,,,,,3110.2586666666666,103.12425995610988,False,False,True,False,True,False,False
2016-11-01,2016,11,4,2,ATLANTICO,2830.507,102.0,8.0,78.0,110337.0,1.0,12412.0,,,,,,,3110.2586666666666,103.12425995610988,False,False,True,False,True,False,False
2016-11-01,2016,11,4,2,BOGOTA D.C.,11295.807,160.0,1.0,160.0,712130.0,1.0,319612.0,,,,,,,3110.2586666666666,103.12425995610988,False,False,True,False,True,False,False
2016-11-01,2016,11,4,2,BOLIVAR,8641.87,152.0,14.0,118.0,154266.0,1.0,26543.0,,,,,,,3110.2586666666666,103.12425995610988,False,False,True,False,True,False,False
2016-11-01,2016,11,4,2,BOYACA,357.0,100.0,23.0,34.0,0.0,0.0,0.0,,,,,,,3110.2586666666666,103.12425995610988,False,False,True,False,True,False,False
2016-11-01,2016,11,4,2,CALDAS,772.0,81.0,17.0,43.0,7137.0,1.0,472.0,,,,,,,3110.2586666666666,103.12425995610988,False,False,True,False,True,False,False
2016-11-01,2016,11,4,2,CAQUETA,49.0,21.0,6.0,17.0,3945.0,2.0,22.0,,,,,,,3110.2586666666666,103.12425995610988,False,False,True,False,True,False,False
2016-11-01,2016,11,4,2,CASANARE,79.0,20.0,5.0,16.0,15271.0,2.0,80.0,,,,,,,3110.2586666666666,103.12425995610988,False,False,True,False,True,False,False
2016-11-01,2016,11,4,2,CAUCA,299.0,60.0,11.0,37.0,6895.0,2.0,120.0,,,,,,,3110.2586666666666,103.12425995610988,False,False,True,False,True,False,False
2016-11-01,2016,11,4,2,CESAR,156.0,39.0,12.0,24.0,18109.0,2.0,216.0,,,,,,,3110.2586666666666,103.12425995610988,False,False,True,False,True,False,False
2016-11-01,2016,11,4,2,CHOCO,197.0,49.0,8.0,33.0,17855.0,4.0,0.0,,,,,,,3110.2586666666666,103.12425995610988,False,False,True,False,True,False,False
2016-11-01,2016,11,4,2,CORDOBA,196.0,51.0,14.0,29.0,41651.0,1.0,457.0,,,,,,,3110.2586666666666,103.12425995610988,False,False,True,False,True,False,False
2016-11-01,2016,11,4,2,CUNDINAMARCA,845.0,278.0,52.0,44.0,0.0,0.0,0.0,,,,,,,3110.2586666666666,103.12425995610988,False,False,True,False,True,False,False
2016-11-01,2016,11,4,2,GUAINIA,15.0,3.0,1.0,3.0,1526.0,2.0,0.0,,,,,,,3110.2586666666666,103.12425995610988,False,False,True,False,True,False,False
2016-11-01,2016,11,4,2,GUAVIARE,2.0,1.0,1.0,1.0,1370.0,2.0,0.0,,,,,,,3110.2586666666666,103.12425995610988,False,False,True,False,True,False,False
2016-11-01,2016,11,4,2,HUILA,300.0,71.0,18.0,32.0,13108.0,2.0,177.0,,,,,,,3110.2586666666666,103.12425995610988,False,False,True,False,True,False,False
2016-11-01,2016,11,4,2,LA GUAJIRA,100.0,49.0,7.0,28.0,9922.0,3.0,44.0,,,,,,,3110.2586666666666,103.12425995610988,False,False,True,False,True,False,False
2016-11-01,2016,11,4,2,MAGDALENA,1797.0,84.0,12.0,59.0,67524.0,1.0,838.0,,,,,,,3110.2586666666666,103.12425995610988,False,False,True,False,True,False,False
2016-11-01,2016,11,4,2,META,343.0,54.0,11.0,30.0,3782.0,4.0,23.0,,,,,,,3110.2586666666666,103.12425995610988,False,False,True,False,True,False,False
2016-11-01,2016,11,4,2,NARINO,1196.0,97.0,16.0,50.0,16715.0,3.0,158.0,,,,,,,3110.2586666666666,103.12425995610988,False,False,True,False,True,False,False
2016-11-01,2016,11,4,2,NORTE DE SANTANDER,848.0,83.0,11.0,50.0,37690.0,1.0,1213.0,,,,,,,3110.2586666666666,103.12425995610988,False,False,True,False,True,False,False
2016-11-01,2016,11,4,2,PUTUMAYO,96.0,27.0,8.0,17.0,3726.0,3.0,0.0,,,,,,,3110.2586666666666,103.12425995610988,False,False,True,False,True,False,False
2016-11-01,2016,11,4,2,QUINDIO,906.0,112.0,11.0,53.0,15340.0,1.0,3737.0,,,,,,,3110.2586666666666,103.12425995610988,False,False,True,False,True,False,False
2016-11-01,2016,11,4,2,RISARALDA,1703.0,105.0,12.0,55.0,47941.0,1.0,8407.0,,,,,,,3110.2586666666666,103.12425995610988,False,False,True,False,True,False,False
2016-11-01,2016,11,4,2,"SAN ANDRES, PROVIDENCIA Y SANTA CATALINA",1748.029,64.0,2.0,49.0,68256.0,2.0,5225.0,,,,,,,3110.2586666666666,103.12425995610988,False,False,True,False,True,False,False
2016-11-01,2016,11,4,2,SANTANDER,1290.0,148.0,19.0,63.0,76824.0,2.0,3892.0,,,,,,,3110.2586666666666,103.12425995610988,False,False,True,False,True,False,False
2016-11-01,2016,11,4,2,SUCRE,65.0,27.0,8.0,18.0,4131.0,2.0,0.0,,,,,,,3110.2586666666666,103.12425995610988,False,False,True,False,True,False,False
2016-11-01,2016,11,4,2,TOLIMA,358.0,74.0,15.0,43.0,5691.0,1.0,162.0,,,,,,,3110.2586666666666,103.12425995610988,False,False,True,False,True,False,False
2016-11-01,2016,11,4,2,VALLE DEL CAUCA,7088.755,371.0,38.0,97.0,183127.0,2.0,38528.0,,,,,,,3110.2586666666666,103.12425995610988,False,False,True,False,True,False,False
2016-11-01,2016,11,4,2,VAUPES,3.0,2.0,1.0,2.0,1419.0,4.0,0.0,,,,,,,3110.2586666666666,103.12425995610988,False,False,True,False,True,False,False
2016-11-01,2016,11,4,2,VICHADA,2.0,2.0,1.0,2.0,1443.0,2.0,0.0,,,,,,,3110.2586666666666,103.12425995610988,False,False,True,False,True,False,False
2016-12-01,2016,12,4,2,AMAZONAS,368.0,45.0,5.0,41.0,13580.0,4.0,20.0,,,,,,,3009.863870967742,103.85929454455271,False,False,True,False,True,False,False
2016-12-01,2016,12,4,2,ANTIOQUIA,11672.772,426.0,58.0,111.0,321628.0,5.0,81582.0,,,,,,,3009.863870967742,103.85929454455271,False,False,True,False,True,False,False
2016-12-01,2016,12,4,2,ARAUCA,23.0,14.0,3.0,10.0,5960.0,2.0,0.0,,,,,,,3009.863870967742,103.85929454455271,False,False,True,False,True,False,False
2016-12-01,2016,12,4,2,ATLANTICO,3356.243,122.0,14.0,80.0,121708.0,1.0,17174.0,,,,,,,3009.863870967742,103.85929454455271,False,False,True,False,True,False,False
2016-12-01,2016,12,4,2,BOGOTA D.C.,12748.88,143.0,1.0,143.0,683470.0,1.0,362212.0,,,,,,,3009.863870967742,103.85929454455271,False,False,True,False,True,False,False
2016-12-01,2016,12,4,2,BOLIVAR,9431.613,172.0,23.0,107.0,184917.0,1.0,30423.0,,,,,,,3009.863870967742,103.85929454455271,False,False,True,False,True,False,False
2016-12-01,2016,12,4,2,BOYACA,583.0,173.0,37.0,45.0,0.0,0.0,0.0,,,,,,,3009.863870967742,103.85929454455271,False,False,True,False,True,False,False
2016-12-01,2016,12,4,2,CALDAS,1325.0,121.0,21.0,42.0,8052.0,1.0,798.0,,,,,,,3009.863870967742,103.85929454455271,False,False,True,False,True,False,False
2016-12-01,2016,12,4,2,CAQUETA,64.0,20.0,4.0,17.0,3844.0,1.0,22.0,,,,,,,3009.863870967742,103.85929454455271,False,False,True,False,True,False,False
2016-12-01,2016,12,4,2,CASANARE,89.0,28.0,6.0,21.0,15387.0,2.0,72.0,,,,,,,3009.863870967742,103.85929454455271,False,False,True,False,True,False,False
2016-12-01,2016,12,4,2,CAUCA,597.0,89.0,20.0,37.0,7198.0,2.0,175.0,,,,,,,3009.863870967742,103.85929454455271,False,False,True,False,True,False,False
2016-12-01,2016,12,4,2,CESAR,316.0,60.0,12.0,35.0,17315.0,2.0,363.0,,,,,,,3009.863870967742,103.85929454455271,False,False,True,False,True,False,False
2016-12-01,2016,12,4,2,CHOCO,334.0,51.0,10.0,29.0,22857.0,5.0,0.0,,,,,,,3009.863870967742,103.85929454455271,False,False,True,False,True,False,False
2016-12-01,2016,12,4,2,CORDOBA,315.0,87.0,20.0,37.0,45280.0,1.0,615.0,,,,,,,3009.863870967742,103.85929454455271,False,False,True,False,True,False,False
2016-12-01,2016,12,4,2,CUNDINAMARCA,1311.0,370.0,60.0,54.0,0.0,0.0,0.0,,,,,,,3009.863870967742,103.85929454455271,False,False,True,False,True,False,False
2016-12-01,2016,12,4,2,GUAINIA,17.0,3.0,1.0,3.0,1640.0,2.0,0.0,,,,,,,3009.863870967742,103.85929454455271,False,False,True,False,True,False,False
2016-12-01,2016,12,4,2,GUAVIARE,4.0,4.0,1.0,4.0,1370.0,2.0,0.0,,,,,,,3009.863870967742,103.85929454455271,False,False,True,False,True,False,False
2016-12-01,2016,12,4,2,HUILA,535.0,103.0,19.0,40.0,13369.0,2.0,373.0,,,,,,,3009.863870967742,103.85929454455271,False,False,True,False,True,False,False
2016-12-01,2016,12,4,2,LA GUAJIRA,126.0,46.0,10.0,23.0,9627.0,3.0,42.0,,,,,,,3009.863870967742,103.85929454455271,False,False,True,False,True,False,False
2016-12-01,2016,12,4,2,MAGDALENA,2378.0,101.0,14.0,63.0,74473.0,1.0,1015.0,,,,,,,3009.863870967742,103.85929454455271,False,False,True,False,True,False,False
2016-12-01,2016,12,4,2,META,558.0,78.0,13.0,41.0,4288.0,3.0,43.0,,,,,,,3009.863870967742,103.85929454455271,False,False,True,False,True,False,False
2016-12-01,2016,12,4,2,NARINO,1242.0,105.0,20.0,49.0,17317.0,3.0,311.0,,,,,,,3009.863870967742,103.85929454455271,False,False,True,False,True,False,False
2016-12-01,2016,12,4,2,NORTE DE SANTANDER,1265.0,116.0,18.0,52.0,42977.0,1.0,1859.0,,,,,,,3009.863870967742,103.85929454455271,False,False,True,False,True,False,False
2016-12-01,2016,12,4,2,PUTUMAYO,84.0,34.0,9.0,20.0,3972.0,3.0,0.0,,,,,,,3009.863870967742,103.85929454455271,False,False,True,False,True,False,False
2016-12-01,2016,12,4,2,QUINDIO,1629.0,119.0,11.0,48.0,15440.0,1.0,5034.0,,,,,,,3009.863870967742,103.85929454455271,False,False,True,False,True,False,False
2016-12-01,2016,12,4,2,RISARALDA,2298.135,146.0,15.0,66.0,53929.0,1.0,14286.0,,,,,,,3009.863870967742,103.85929454455271,False,False,True,False,True,False,False
2016-12-01,2016,12,4,2,"SAN ANDRES, PROVIDENCIA Y SANTA CATALINA",2779.349,79.0,2.0,52.0,81008.0,2.0,4801.0,,,,,,,3009.863870967742,103.85929454455271,False,False,True,False,True,False,False
2016-12-01,2016,12,4,2,SANTANDER,2377.0,203.0,30.0,70.0,79664.0,2.0,5128.0,,,,,,,3009.863870967742,103.85929454455271,False,False,True,False,True,False,False
2016-12-01,2016,12,4,2,SUCRE,167.0,57.0,13.0,34.0,5797.0,3.0,0.0,,,,,,,3009.863870967742,103.85929454455271,False,False,True,False,True,False,False
2016-12-01,2016,12,4,2,TOLIMA,822.0,100.0,23.0,48.0,6204.0,1.0,223.0,,,,,,,3009.863870967742,103.85929454455271,False,False,True,False,True,False,False
2016-12-01,2016,12,4,2,VALLE DEL CAUCA,11324.727,534.0,40.0,104.0,195969.0,2.0,57740.0,,,,,,,3009.863870967742,103.85929454455271,False,False,True,False,True,False,False
2016-12-01,2016,12,4,2,VAUPES,4.0,4.0,3.0,4.0,1564.0,4.0,0.0,,,,,,,3009.863870967742,103.85929454455271,False,False,True,False,True,False,False
2016-12-01,2016,12,4,2,VICHADA,1.0,1.0,1.0,1.0,1635.0,2.0,0.0,,,,,,,3009.863870967742,103.85929454455271,False,False,True,False,True,False,False
2017-01-01,2017,1,1,1,AMAZONAS,458.0,48.0,3.0,46.0,13697.0,4.0,26.0,,,,,,,2941.3993548387098,102.4556870146442,False,False,True,False,True,False,False
2017-01-01,2017,1,1,1,ANTIOQUIA,10685.118,351.0,59.0,103.0,307108.0,5.0,69996.0,,,,,,,2941.3993548387098,102.4556870146442,False,False,True,False,True,False,False
2017-01-01,2017,1,1,1,ARAUCA,23.0,14.0,3.0,12.0,5075.0,2.0,0.0,,,,,,,2941.3993548387098,102.4556870146442,False,False,True,False,True,False,False
2017-01-01,2017,1,1,1,ATLANTICO,2779.253,110.0,12.0,78.0,101640.0,1.0,14268.0,,,,,,,2941.3993548387098,102.4556870146442,False,False,True,False,True,False,False
2017-01-01,2017,1,1,1,BOGOTA D.C.,13174.059,156.0,1.0,156.0,747101.0,1.0,360157.0,,,,,,,2941.3993548387098,102.4556870146442,False,False,True,False,True,False,False
2017-01-01,2017,1,1,1,BOLIVAR,9420.571,152.0,18.0,110.0,178264.0,1.0,33508.0,,,,,,,2941.3993548387098,102.4556870146442,False,False,True,False,True,False,False
2017-01-01,2017,1,1,1,BOYACA,383.0,115.0,25.0,35.0,0.0,0.0,0.0,,,,,,,2941.3993548387098,102.4556870146442,False,False,True,False,True,False,False
2017-01-01,2017,1,1,1,CALDAS,836.0,97.0,18.0,47.0,6985.0,1.0,568.0,,,,,,,2941.3993548387098,102.4556870146442,False,False,True,False,True,False,False
2017-01-01,2017,1,1,1,CAQUETA,22.0,10.0,1.0,10.0,3028.0,1.0,8.0,,,,,,,2941.3993548387098,102.4556870146442,False,False,True,False,True,False,False
2017-01-01,2017,1,1,1,CASANARE,47.0,19.0,4.0,15.0,11320.0,2.0,52.0,,,,,,,2941.3993548387098,102.4556870146442,False,False,True,False,True,False,False
2017-01-01,2017,1,1,1,CAUCA,335.0,60.0,16.0,36.0,5438.0,2.0,103.0,,,,,,,2941.3993548387098,102.4556870146442,False,False,True,False,True,False,False
2017-01-01,2017,1,1,1,CESAR,169.0,45.0,11.0,28.0,14353.0,2.0,260.0,,,,,,,2941.3993548387098,102.4556870146442,False,False,True,False,True,False,False
2017-01-01,2017,1,1,1,CHOCO,289.0,53.0,9.0,34.0,16378.0,5.0,0.0,,,,,,,2941.3993548387098,102.4556870146442,False,False,True,False,True,False,False
2017-01-01,2017,1,1,1,CORDOBA,301.0,56.0,12.0,31.0,37435.0,1.0,536.0,,,,,,,2941.3993548387098,102.4556870146442,False,False,True,False,True,False,False
2017-01-01,2017,1,1,1,CUNDINAMARCA,907.0,327.0,56.0,49.0,0.0,0.0,0.0,,,,,,,2941.3993548387098,102.4556870146442,False,False,True,False,True,False,False
2017-01-01,2017,1,1,1,GUAINIA,12.0,5.0,1.0,5.0,2016.0,2.0,0.0,,,,,,,2941.3993548387098,102.4556870146442,False,False,True,False,True,False,False
2017-01-01,2017,1,1,1,GUAVIARE,6.0,5.0,2.0,4.0,1024.0,2.0,0.0,,,,,,,2941.3993548387098,102.4556870146442,False,False,True,False,True,False,False
2017-01-01,2017,1,1,1,HUILA,309.0,78.0,13.0,32.0,10560.0,2.0,243.0,,,,,,,2941.3993548387098,102.4556870146442,False,False,True,False,True,False,False
2017-01-01,2017,1,1,1,LA GUAJIRA,163.0,54.0,11.0,26.0,9023.0,3.0,81.0,,,,,,,2941.3993548387098,102.4556870146442,False,False,True,False,True,False,False
2017-01-01,2017,1,1,1,MAGDALENA,2495.0,89.0,14.0,57.0,74706.0,1.0,1014.0,,,,,,,2941.3993548387098,102.4556870146442,False,False,True,False,True,False,False
2017-01-01,2017,1,1,1,META,395.0,74.0,12.0,38.0,3371.0,2.0,53.0,,,,,,,2941.3993548387098,102.4556870146442,False,False,True,False,True,False,False
2017-01-01,2017,1,1,1,NARINO,1347.0,103.0,19.0,51.0,14982.0,3.0,265.0,,,,,,,2941.3993548387098,102.4556870146442,False,False,True,False,True,False,False
2017-01-01,2017,1,1,1,NORTE DE SANTANDER,930.0,81.0,14.0,47.0,38433.0,1.0,1819.0,,,,,,,2941.3993548387098,102.4556870146442,False,False,True,False,True,False,False
2017-01-01,2017,1,1,1,PUTUMAYO,120.0,31.0,9.0,19.0,3299.0,3.0,0.0,,,,,,,2941.3993548387098,102.4556870146442,False,False,True,False,True,False,False
2017-01-01,2017,1,1,1,QUINDIO,878.0,100.0,10.0,46.0,14590.0,1.0,3634.0,,,,,,,2941.3993548387098,102.4556870146442,False,False,True,False,True,False,False
2017-01-01,2017,1,1,1,RISARALDA,1648.0,104.0,10.0,57.0,48488.0,1.0,9239.0,,,,,,,2941.3993548387098,102.4556870146442,False,False,True,False,True,False,False
2017-01-01,2017,1,1,1,"SAN ANDRES, PROVIDENCIA Y SANTA CATALINA",3503.279,73.0,2.0,52.0,82564.0,2.0,6275.0,,,,,,,2941.3993548387098,102.4556870146442,False,False,True,False,True,False,False
2017-01-01,2017,1,1,1,SANTANDER,1389.0,161.0,25.0,59.0,64505.0,2.0,4216.0,,,,,,,2941.3993548387098,102.4556870146442,False,False,True,False,True,False,False
2017-01-01,2017,1,1,1,SUCRE,128.0,45.0,9.0,27.0,4480.0,2.0,0.0,,,,,,,2941.3993548387098,102.4556870146442,False,False,True,False,True,False,False
2017-01-01,2017,1,1,1,TOLIMA,488.0,88.0,22.0,39.0,5527.0,1.0,150.0,,,,,,,2941.3993548387098,102.4556870146442,False,False,True,False,True,False,False
2017-01-01,2017,1,1,1,VALLE DEL CAUCA,9162.039,421.0,39.0,102.0,176973.0,2.0,41949.0,,,,,,,2941.3993548387098,102.4556870146442,False,False,True,False,True,False,False
2017-01-01,2017,1,1,1,VAUPES,1.0,1.0,1.0,1.0,1459.0,4.0,0.0,,,,,,,2941.3993548387098,102.4556870146442,False,False,True,False,True,False,False
2017-01-01,2017,1,1,1,VICHADA,8.0,6.0,3.0,5.0,1850.0,3.0,0.0,,,,,,,2941.3993548387098,102.4556870146442,False,False,True,False,True,False,False
2017-02-01,2017,2,1,1,AMAZONAS,465.0,47.0,5.0,41.0,10544.0,4.0,14.0,,,,,,,2879.5667857142857,103.37998832481365,False,False,True,False,True,False,False
2017-02-01,2017,2,1,1,ANTIOQUIA,9665.851,341.0,50.0,112.0,271091.0,5.0,50142.0,,,,,,,2879.5667857142857,103.37998832481365,False,False,True,False,True,False,False
2017-02-01,2017,2,1,1,ARAUCA,27.0,14.0,3.0,13.0,4930.0,2.0,0.0,,,,,,,2879.5667857142857,103.37998832481365,False,False,True,False,True,False,False
2017-02-01,2017,2,1,1,ATLANTICO,3780.505,145.0,14.0,96.0,92149.0,1.0,11950.0,,,,,,,2879.5667857142857,103.37998832481365,False,False,True,False,True,False,False
2017-02-01,2017,2,1,1,BOGOTA D.C.,13643.932999999999,153.0,1.0,153.0,622122.0,1.0,280301.0,,,,,,,2879.5667857142857,103.37998832481365,False,False,True,False,True,False,False
2017-02-01,2017,2,1,1,BOLIVAR,10652.188,172.0,20.0,120.0,146202.0,1.0,31230.0,,,,,,,2879.5667857142857,103.37998832481365,False,False,True,False,True,False,False
2017-02-01,2017,2,1,1,BOYACA,312.0,109.0,22.0,37.0,0.0,0.0,0.0,,,,,,,2879.5667857142857,103.37998832481365,False,False,True,False,True,False,False
2017-02-01,2017,2,1,1,CALDAS,491.0,80.0,17.0,37.0,8290.0,1.0,371.0,,,,,,,2879.5667857142857,103.37998832481365,False,False,True,False,True,False,False
2017-02-01,2017,2,1,1,CAQUETA,25.0,13.0,3.0,12.0,3319.0,1.0,15.0,,,,,,,2879.5667857142857,103.37998832481365,False,False,True,False,True,False,False
2017-02-01,2017,2,1,1,CASANARE,57.0,20.0,4.0,16.0,12732.0,2.0,43.0,,,,,,,2879.5667857142857,103.37998832481365,False,False,True,False,True,False,False
2017-02-01,2017,2,1,1,CAUCA,277.0,57.0,13.0,36.0,6217.0,2.0,87.0,,,,,,,2879.5667857142857,103.37998832481365,False,False,True,False,True,False,False
2017-02-01,2017,2,1,1,CESAR,162.0,37.0,10.0,26.0,14038.0,1.0,207.0,,,,,,,2879.5667857142857,103.37998832481365,False,False,True,False,True,False,False
2017-02-01,2017,2,1,1,CHOCO,290.0,44.0,8.0,32.0,14514.0,5.0,0.0,,,,,,,2879.5667857142857,103.37998832481365,False,False,True,False,True,False,False
2017-02-01,2017,2,1,1,CORDOBA,216.0,49.0,10.0,29.0,32008.0,1.0,330.0,,,,,,,2879.5667857142857,103.37998832481365,False,False,True,False,True,False,False
2017-02-01,2017,2,1,1,CUNDINAMARCA,746.0,262.0,55.0,52.0,0.0,0.0,0.0,,,,,,,2879.5667857142857,103.37998832481365,False,False,True,False,True,False,False
2017-02-01,2017,2,1,1,GUAINIA,12.0,3.0,1.0,3.0,2008.0,2.0,0.0,,,,,,,2879.5667857142857,103.37998832481365,False,False,True,False,True,False,False
2017-02-01,2017,2,1,1,GUAVIARE,1.0,1.0,1.0,1.0,938.0,2.0,0.0,,,,,,,2879.5667857142857,103.37998832481365,False,False,True,False,True,False,False
2017-02-01,2017,2,1,1,HUILA,276.0,59.0,15.0,28.0,11640.0,2.0,149.0,,,,,,,2879.5667857142857,103.37998832481365,False,False,True,False,True,False,False
2017-02-01,2017,2,1,1,LA GUAJIRA,174.0,56.0,10.0,31.0,5505.0,3.0,73.0,,,,,,,2879.5667857142857,103.37998832481365,False,False,True,False,True,False,False
2017-02-01,2017,2,1,1,MAGDALENA,2909.0,101.0,13.0,68.0,56087.0,1.0,1235.0,,,,,,,2879.5667857142857,103.37998832481365,False,False,True,False,True,False,False
2017-02-01,2017,2,1,1,META,302.0,56.0,10.0,33.0,3358.0,2.0,36.0,,,,,,,2879.5667857142857,103.37998832481365,False,False,True,False,True,False,False
2017-02-01,2017,2,1,1,NARINO,1329.0,99.0,15.0,48.0,15428.0,3.0,166.0,,,,,,,2879.5667857142857,103.37998832481365,False,False,True,False,True,False,False
2017-02-01,2017,2,1,1,NORTE DE SANTANDER,764.0,73.0,11.0,53.0,31660.0,1.0,1181.0,,,,,,,2879.5667857142857,103.37998832481365,False,False,True,False,True,False,False
2017-02-01,2017,2,1,1,PUTUMAYO,105.0,38.0,9.0,19.0,3427.0,3.0,0.0,,,,,,,2879.5667857142857,103.37998832481365,False,False,True,False,True,False,False
2017-02-01,2017,2,1,1,QUINDIO,1047.0,102.0,11.0,41.0,15867.0,1.0,2889.0,,,,,,,2879.5667857142857,103.37998832481365,False,False,True,False,True,False,False
2017-02-01,2017,2,1,1,RISARALDA,1641.0,103.0,11.0,56.0,47080.0,1.0,6452.0,,,,,,,2879.5667857142857,103.37998832481365,False,False,True,False,True,False,False
2017-02-01,2017,2,1,1,"SAN ANDRES, PROVIDENCIA Y SANTA CATALINA",2664.849,72.0,2.0,51.0,66695.0,2.0,6760.0,,,,,,,2879.5667857142857,103.37998832481365,False,False,True,False,True,False,False
2017-02-01,2017,2,1,1,SANTANDER,1146.0,157.0,19.0,54.0,62587.0,2.0,2538.0,,,,,,,2879.5667857142857,103.37998832481365,False,False,True,False,True,False,False
2017-02-01,2017,2,1,1,SUCRE,76.0,32.0,7.0,23.0,3310.0,2.0,0.0,,,,,,,2879.5667857142857,103.37998832481365,False,False,True,False,True,False,False
2017-02-01,2017,2,1,1,TOLIMA,365.0,67.0,12.0,39.0,6356.0,1.0,137.0,,,,,,,2879.5667857142857,103.37998832481365,False,False,True,False,True,False,False
2017-02-01,2017,2,1,1,VALLE DEL CAUCA,8838.574,383.0,36.0,101.0,161748.0,2.0,33166.0,,,,,,,2879.5667857142857,103.37998832481365,False,False,True,False,True,False,False
2017-02-01,2017,2,1,1,VAUPES,1.0,1.0,1.0,1.0,1234.0,4.0,0.0,,,,,,,2879.5667857142857,103.37998832481365,False,False,True,False,True,False,False
2017-02-01,2017,2,1,1,VICHADA,10.0,3.0,1.0,3.0,1585.0,2.0,0.0,,,,,,,2879.5667857142857,103.37998832481365,False,False,True,False,True,False,False
2017-03-01,2017,3,1,1,AMAZONAS,550.0,41.0,3.0,38.0,11079.0,4.0,25.0,,,,,,,2942.286129032258,102.5523785009166,False,False,True,False,True,False,False
2017-03-01,2017,3,1,1,ANTIOQUIA,11068.34,342.0,52.0,112.0,302760.0,5.0,51549.0,,,,,,,2942.286129032258,102.5523785009166,False,False,True,False,True,False,False
2017-03-01,2017,3,1,1,ARAUCA,22.0,12.0,5.0,10.0,5464.0,2.0,0.0,,,,,,,2942.286129032258,102.5523785009166,False,False,True,False,True,False,False
2017-03-01,2017,3,1,1,ATLANTICO,2286.443,108.0,15.0,77.0,97051.0,1.0,10807.0,,,,,,,2942.286129032258,102.5523785009166,False,False,True,False,True,False,False
2017-03-01,2017,3,1,1,BOGOTA D.C.,12730.307,157.0,1.0,157.0,699193.0,1.0,295523.0,,,,,,,2942.286129032258,102.5523785009166,False,False,True,False,True,False,False
2017-03-01,2017,3,1,1,BOLIVAR,9122.441,166.0,16.0,119.0,159662.0,1.0,30314.0,,,,,,,2942.286129032258,102.5523785009166,False,False,True,False,True,False,False
2017-03-01,2017,3,1,1,BOYACA,623.0,115.0,26.0,35.0,0.0,0.0,0.0,,,,,,,2942.286129032258,102.5523785009166,False,False,True,False,True,False,False
2017-03-01,2017,3,1,1,CALDAS,485.0,71.0,15.0,37.0,7868.0,1.0,324.0,,,,,,,2942.286129032258,102.5523785009166,False,False,True,False,True,False,False
2017-03-01,2017,3,1,1,CAQUETA,28.0,13.0,3.0,11.0,3994.0,1.0,10.0,,,,,,,2942.286129032258,102.5523785009166,False,False,True,False,True,False,False
2017-03-01,2017,3,1,1,CASANARE,51.0,26.0,7.0,18.0,13975.0,2.0,39.0,,,,,,,2942.286129032258,102.5523785009166,False,False,True,False,True,False,False
2017-03-01,2017,3,1,1,CAUCA,233.0,52.0,12.0,35.0,6530.0,2.0,71.0,,,,,,,2942.286129032258,102.5523785009166,False,False,True,False,True,False,False
2017-03-01,2017,3,1,1,CESAR,139.0,36.0,10.0,25.0,15116.0,1.0,225.0,,,,,,,2942.286129032258,102.5523785009166,False,False,True,False,True,False,False
2017-03-01,2017,3,1,1,CHOCO,343.0,46.0,6.0,33.0,16230.0,5.0,0.0,,,,,,,2942.286129032258,102.5523785009166,False,False,True,False,True,False,False
2017-03-01,2017,3,1,1,CORDOBA,187.0,43.0,14.0,23.0,36232.0,1.0,349.0,,,,,,,2942.286129032258,102.5523785009166,False,False,True,False,True,False,False
2017-03-01,2017,3,1,1,CUNDINAMARCA,808.0,291.0,61.0,51.0,0.0,0.0,0.0,,,,,,,2942.286129032258,102.5523785009166,False,False,True,False,True,False,False
2017-03-01,2017,3,1,1,GUAINIA,35.0,6.0,2.0,5.0,1849.0,2.0,0.0,,,,,,,2942.286129032258,102.5523785009166,False,False,True,False,True,False,False
2017-03-01,2017,3,1,1,GUAVIARE,2.0,2.0,2.0,2.0,1100.0,2.0,0.0,,,,,,,2942.286129032258,102.5523785009166,False,False,True,False,True,False,False
2017-03-01,2017,3,1,1,HUILA,285.0,72.0,16.0,35.0,13043.0,2.0,203.0,,,,,,,2942.286129032258,102.5523785009166,False,False,True,False,True,False,False
2017-03-01,2017,3,1,1,LA GUAJIRA,249.0,55.0,9.0,27.0,6098.0,1.0,58.0,,,,,,,2942.286129032258,102.5523785009166,False,False,True,False,True,False,False
2017-03-01,2017,3,1,1,MAGDALENA,2341.0,83.0,12.0,62.0,62905.0,1.0,982.0,,,,,,,2942.286129032258,102.5523785009166,False,False,True,False,True,False,False
2017-03-01,2017,3,1,1,META,356.0,64.0,11.0,39.0,3787.0,2.0,29.0,,,,,,,2942.286129032258,102.5523785009166,False,False,True,False,True,False,False
2017-03-01,2017,3,1,1,NARINO,1094.0,94.0,14.0,48.0,17140.0,3.0,184.0,,,,,,,2942.286129032258,102.5523785009166,False,False,True,False,True,False,False
2017-03-01,2017,3,1,1,NORTE DE SANTANDER,830.0,80.0,14.0,48.0,33956.0,1.0,1221.0,,,,,,,2942.286129032258,102.5523785009166,False,False,True,False,True,False,False
2017-03-01,2017,3,1,1,PUTUMAYO,105.0,31.0,7.0,20.0,3593.0,3.0,0.0,,,,,,,2942.286129032258,102.5523785009166,False,False,True,False,True,False,False
2017-03-01,2017,3,1,1,QUINDIO,892.0,99.0,10.0,49.0,15378.0,1.0,2623.0,,,,,,,2942.286129032258,102.5523785009166,False,False,True,False,True,False,False
2017-03-01,2017,3,1,1,RISARALDA,1634.0,106.0,12.0,59.0,54809.0,1.0,6492.0,,,,,,,2942.286129032258,102.5523785009166,False,False,True,False,True,False,False
2017-03-01,2017,3,1,1,"SAN ANDRES, PROVIDENCIA Y SANTA CATALINA",3040.499,77.0,2.0,56.0,75240.0,2.0,5544.0,,,,,,,2942.286129032258,102.5523785009166,False,False,True,False,True,False,False
2017-03-01,2017,3,1,1,SANTANDER,1193.0,143.0,21.0,58.0,69134.0,2.0,2840.0,,,,,,,2942.286129032258,102.5523785009166,False,False,True,False,True,False,False
2017-03-01,2017,3,1,1,SUCRE,113.0,39.0,9.0,27.0,3649.0,2.0,0.0,,,,,,,2942.286129032258,102.5523785009166,False,False,True,False,True,False,False
2017-03-01,2017,3,1,1,TOLIMA,385.0,80.0,21.0,40.0,6541.0,1.0,162.0,,,,,,,2942.286129032258,102.5523785009166,False,False,True,False,True,False,False
2017-03-01,2017,3,1,1,VALLE DEL CAUCA,7593.742,371.0,35.0,102.0,180227.0,2.0,35673.0,,,,,,,2942.286129032258,102.5523785009166,False,False,True,False,True,False,False
2017-03-01,2017,3,1,1,VAUPES,5.0,3.0,2.0,3.0,1093.0,3.0,0.0,,,,,,,2942.286129032258,102.5523785009166,False,False,True,False,True,False,False
2017-03-01,2017,3,1,1,VICHADA,6.0,5.0,2.0,5.0,1658.0,2.0,0.0,,,,,,,2942.286129032258,102.5523785009166,False,False,True,False,True,False,False
2017-04-01,2017,4,2,1,AMAZONAS,580.0,42.0,2.0,41.0,10870.0,4.0,16.0,,,,,,,2877.8216666666663,102.6440122535011,False,False,True,False,True,False,False
2017-04-01,2017,4,2,1,ANTIOQUIA,10977.922,394.0,61.0,112.0,292988.0,5.0,62298.0,,,,,,,2877.8216666666663,102.6440122535011,False,False,True,False,True,False,False
2017-04-01,2017,4,2,1,ARAUCA,31.0,14.0,4.0,14.0,5040.0,2.0,0.0,,,,,,,2877.8216666666663,102.6440122535011,False,False,True,False,True,False,False
2017-04-01,2017,4,2,1,ATLANTICO,2483.621,117.0,11.0,79.0,93199.0,1.0,12077.0,,,,,,,2877.8216666666663,102.6440122535011,False,False,True,False,True,False,False
2017-04-01,2017,4,2,1,BOGOTA D.C.,10928.773,142.0,1.0,142.0,664035.0,1.0,325623.0,,,,,,,2877.8216666666663,102.6440122535011,False,False,True,False,True,False,False
2017-04-01,2017,4,2,1,BOLIVAR,10245.530999999999,152.0,11.0,114.0,152747.0,1.0,28923.0,,,,,,,2877.8216666666663,102.6440122535011,False,False,True,False,True,False,False
2017-04-01,2017,4,2,1,BOYACA,535.0,117.0,26.0,35.0,0.0,0.0,0.0,,,,,,,2877.8216666666663,102.6440122535011,False,False,True,False,True,False,False
2017-04-01,2017,4,2,1,CALDAS,605.0,90.0,20.0,47.0,7726.0,1.0,497.0,,,,,,,2877.8216666666663,102.6440122535011,False,False,True,False,True,False,False
2017-04-01,2017,4,2,1,CAQUETA,24.0,9.0,1.0,9.0,3441.0,1.0,6.0,,,,,,,2877.8216666666663,102.6440122535011,False,False,True,False,True,False,False
2017-04-01,2017,4,2,1,CASANARE,48.0,21.0,5.0,17.0,12490.0,2.0,48.0,,,,,,,2877.8216666666663,102.6440122535011,False,False,True,False,True,False,False
2017-04-01,2017,4,2,1,CAUCA,560.0,69.0,17.0,38.0,6204.0,2.0,150.0,,,,,,,2877.8216666666663,102.6440122535011,False,False,True,False,True,False,False
2017-04-01,2017,4,2,1,CESAR,485.0,52.0,13.0,34.0,17407.0,1.0,337.0,,,,,,,2877.8216666666663,102.6440122535011,False,False,True,False,True,False,False
2017-04-01,2017,4,2,1,CHOCO,284.0,53.0,6.0,38.0,16675.0,5.0,0.0,,,,,,,2877.8216666666663,102.6440122535011,False,False,True,False,True,False,False
2017-04-01,2017,4,2,1,CORDOBA,191.0,64.0,14.0,32.0,39053.0,1.0,462.0,,,,,,,2877.8216666666663,102.6440122535011,False,False,True,False,True,False,False
2017-04-01,2017,4,2,1,CUNDINAMARCA,914.0,304.0,51.0,55.0,0.0,0.0,0.0,,,,,,,2877.8216666666663,102.6440122535011,False,False,True,False,True,False,False
2017-04-01,2017,4,2,1,GUAINIA,23.0,1.0,1.0,1.0,1812.0,2.0,0.0,,,,,,,2877.8216666666663,102.6440122535011,False,False,True,False,True,False,False
2017-04-01,2017,4,2,1,GUAVIARE,5.0,2.0,1.0,2.0,936.0,2.0,0.0,,,,,,,2877.8216666666663,102.6440122535011,False,False,True,False,True,False,False
2017-04-01,2017,4,2,1,HUILA,285.0,74.0,16.0,35.0,11698.0,2.0,274.0,,,,,,,2877.8216666666663,102.6440122535011,False,False,True,False,True,False,False
2017-04-01,2017,4,2,1,LA GUAJIRA,227.0,55.0,8.0,37.0,6165.0,1.0,37.0,,,,,,,2877.8216666666663,102.6440122535011,False,False,True,False,True,False,False
2017-04-01,2017,4,2,1,MAGDALENA,2219.0,98.0,15.0,59.0,69907.0,1.0,809.0,,,,,,,2877.8216666666663,102.6440122535011,False,False,True,False,True,False,False
2017-04-01,2017,4,2,1,META,271.0,56.0,9.0,34.0,3876.0,2.0,17.0,,,,,,,2877.8216666666663,102.6440122535011,False,False,True,False,True,False,False
2017-04-01,2017,4,2,1,NARINO,1276.0,79.0,12.0,49.0,16886.0,3.0,244.0,,,,,,,2877.8216666666663,102.6440122535011,False,False,True,False,True,False,False
2017-04-01,2017,4,2,1,NORTE DE SANTANDER,801.0,71.0,12.0,44.0,34869.0,1.0,1301.0,,,,,,,2877.8216666666663,102.6440122535011,False,False,True,False,True,False,False
2017-04-01,2017,4,2,1,PUTUMAYO,142.0,30.0,7.0,17.0,3401.0,3.0,0.0,,,,,,,2877.8216666666663,102.6440122535011,False,False,True,False,True,False,False
2017-04-01,2017,4,2,1,QUINDIO,1031.0,102.0,9.0,44.0,14300.0,1.0,3005.0,,,,,,,2877.8216666666663,102.6440122535011,False,False,True,False,True,False,False
2017-04-01,2017,4,2,1,RISARALDA,1770.0,98.0,11.0,52.0,50508.0,1.0,7261.0,,,,,,,2877.8216666666663,102.6440122535011,False,False,True,False,True,False,False
2017-04-01,2017,4,2,1,"SAN ANDRES, PROVIDENCIA Y SANTA CATALINA",2422.0969999999998,81.0,2.0,57.0,77916.0,2.0,3960.0,,,,,,,2877.8216666666663,102.6440122535011,False,False,True,False,True,False,False
2017-04-01,2017,4,2,1,SANTANDER,1259.0,141.0,23.0,60.0,64991.0,2.0,3564.0,,,,,,,2877.8216666666663,102.6440122535011,False,False,True,False,True,False,False
2017-04-01,2017,4,2,1,SUCRE,88.0,32.0,6.0,23.0,4007.0,2.0,0.0,,,,,,,2877.8216666666663,102.6440122535011,False,False,True,False,True,False,False
2017-04-01,2017,4,2,1,TOLIMA,342.0,66.0,17.0,30.0,6053.0,1.0,102.0,,,,,,,2877.8216666666663,102.6440122535011,False,False,True,False,True,False,False
2017-04-01,2017,4,2,1,VALLE DEL CAUCA,8283.632,357.0,38.0,89.0,167997.0,2.0,37413.0,,,,,,,2877.8216666666663,102.6440122535011,False,False,True,False,True,False,False
2017-04-01,2017,4,2,1,VAUPES,0.0,0.0,0.0,0.0,1017.0,3.0,0.0,,,,,,,2877.8216666666663,102.6440122535011,False,False,True,False,True,False,False
2017-04-01,2017,4,2,1,VICHADA,4.0,4.0,2.0,4.0,1404.0,3.0,0.0,,,,,,,2877.8216666666663,102.6440122535011,False,False,True,False,True,False,False
2017-05-01,2017,5,2,1,AMAZONAS,567.0,51.0,2.0,49.0,9851.0,4.0,30.0,,,,,,,2923.6129032258063,103.21534535305477,False,False,True,False,True,False,False
2017-05-01,2017,5,2,1,ANTIOQUIA,11167.601999999999,335.0,51.0,107.0,296094.0,5.0,60318.0,,,,,,,2923.6129032258063,103.21534535305477,False,False,True,False,True,False,False
2017-05-01,2017,5,2,1,ARAUCA,33.0,17.0,4.0,12.0,5854.0,2.0,0.0,,,,,,,2923.6129032258063,103.21534535305477,False,False,True,False,True,False,False
2017-05-01,2017,5,2,1,ATLANTICO,1938.531,110.0,11.0,81.0,88409.0,1.0,11003.0,,,,,,,2923.6129032258063,103.21534535305477,False,False,True,False,True,False,False
2017-05-01,2017,5,2,1,BOGOTA D.C.,11032.667,150.0,1.0,150.0,697699.0,1.0,312898.0,,,,,,,2923.6129032258063,103.21534535305477,False,False,True,False,True,False,False
2017-05-01,2017,5,2,1,BOLIVAR,8183.524,145.0,15.0,117.0,140353.0,1.0,25845.0,,,,,,,2923.6129032258063,103.21534535305477,False,False,True,False,True,False,False
2017-05-01,2017,5,2,1,BOYACA,289.0,101.0,23.0,33.0,0.0,0.0,0.0,,,,,,,2923.6129032258063,103.21534535305477,False,False,True,False,True,False,False
2017-05-01,2017,5,2,1,CALDAS,489.0,65.0,16.0,34.0,8349.0,1.0,484.0,,,,,,,2923.6129032258063,103.21534535305477,False,False,True,False,True,False,False
2017-05-01,2017,5,2,1,CAQUETA,24.0,11.0,2.0,10.0,3930.0,1.0,19.0,,,,,,,2923.6129032258063,103.21534535305477,False,False,True,False,True,False,False
2017-05-01,2017,5,2,1,CASANARE,42.0,22.0,2.0,20.0,14654.0,2.0,53.0,,,,,,,2923.6129032258063,103.21534535305477,False,False,True,False,True,False,False
2017-05-01,2017,5,2,1,CAUCA,242.0,57.0,14.0,35.0,6942.0,2.0,72.0,,,,,,,2923.6129032258063,103.21534535305477,False,False,True,False,True,False,False
2017-05-01,2017,5,2,1,CESAR,137.0,41.0,8.0,29.0,15842.0,2.0,260.0,,,,,,,2923.6129032258063,103.21534535305477,False,False,True,False,True,False,False
2017-05-01,2017,5,2,1,CHOCO,193.0,38.0,7.0,28.0,14187.0,5.0,0.0,,,,,,,2923.6129032258063,103.21534535305477,False,False,True,False,True,False,False
2017-05-01,2017,5,2,1,CORDOBA,218.0,52.0,12.0,29.0,39516.0,1.0,409.0,,,,,,,2923.6129032258063,103.21534535305477,False,False,True,False,True,False,False
2017-05-01,2017,5,2,1,CUNDINAMARCA,804.0,264.0,51.0,44.0,0.0,0.0,0.0,,,,,,,2923.6129032258063,103.21534535305477,False,False,True,False,True,False,False
2017-05-01,2017,5,2,1,GUAINIA,6.0,1.0,1.0,1.0,1635.0,2.0,0.0,,,,,,,2923.6129032258063,103.21534535305477,False,False,True,False,True,False,False
2017-05-01,2017,5,2,1,GUAVIARE,1.0,1.0,1.0,1.0,982.0,2.0,0.0,,,,,,,2923.6129032258063,103.21534535305477,False,False,True,False,True,False,False
2017-05-01,2017,5,2,1,HUILA,297.0,59.0,11.0,29.0,14007.0,2.0,284.0,,,,,,,2923.6129032258063,103.21534535305477,False,False,True,False,True,False,False
2017-05-01,2017,5,2,1,LA GUAJIRA,229.0,57.0,9.0,36.0,6278.0,1.0,47.0,,,,,,,2923.6129032258063,103.21534535305477,False,False,True,False,True,False,False
2017-05-01,2017,5,2,1,MAGDALENA,1902.0,71.0,12.0,54.0,59275.0,1.0,780.0,,,,,,,2923.6129032258063,103.21534535305477,False,False,True,False,True,False,False
2017-05-01,2017,5,2,1,META,247.0,47.0,11.0,32.0,4165.0,2.0,24.0,,,,,,,2923.6129032258063,103.21534535305477,False,False,True,False,True,False,False
2017-05-01,2017,5,2,1,NARINO,1549.0,105.0,18.0,53.0,17671.0,3.0,241.0,,,,,,,2923.6129032258063,103.21534535305477,False,False,True,False,True,False,False
2017-05-01,2017,5,2,1,NORTE DE SANTANDER,801.0,70.0,11.0,48.0,35786.0,1.0,1349.0,,,,,,,2923.6129032258063,103.21534535305477,False,False,True,False,True,False,False
2017-05-01,2017,5,2,1,PUTUMAYO,187.0,29.0,10.0,14.0,4137.0,3.0,0.0,,,,,,,2923.6129032258063,103.21534535305477,False,False,True,False,True,False,False
2017-05-01,2017,5,2,1,QUINDIO,834.0,95.0,10.0,44.0,15321.0,1.0,3434.0,,,,,,,2923.6129032258063,103.21534535305477,False,False,True,False,True,False,False
2017-05-01,2017,5,2,1,RISARALDA,1520.0,113.0,11.0,72.0,52336.0,1.0,7439.0,,,,,,,2923.6129032258063,103.21534535305477,False,False,True,False,True,False,False
2017-05-01,2017,5,2,1,"SAN ANDRES, PROVIDENCIA Y SANTA CATALINA",2066.345,71.0,2.0,49.0,70865.0,2.0,3594.0,,,,,,,2923.6129032258063,103.21534535305477,False,False,True,False,True,False,False
2017-05-01,2017,5,2,1,SANTANDER,1085.0,134.0,17.0,57.0,69299.0,2.0,3315.0,,,,,,,2923.6129032258063,103.21534535305477,False,False,True,False,True,False,False
2017-05-01,2017,5,2,1,SUCRE,91.0,29.0,7.0,21.0,3440.0,2.0,0.0,,,,,,,2923.6129032258063,103.21534535305477,False,False,True,False,True,False,False
2017-05-01,2017,5,2,1,TOLIMA,336.0,64.0,11.0,39.0,6782.0,1.0,218.0,,,,,,,2923.6129032258063,103.21534535305477,False,False,True,False,True,False,False
2017-05-01,2017,5,2,1,VALLE DEL CAUCA,7099.63,362.0,38.0,96.0,169299.0,2.0,34712.0,,,,,,,2923.6129032258063,103.21534535305477,False,False,True,False,True,False,False
2017-05-01,2017,5,2,1,VAUPES,3.0,3.0,3.0,2.0,1193.0,4.0,0.0,,,,,,,2923.6129032258063,103.21534535305477,False,False,True,False,True,False,False
2017-05-01,2017,5,2,1,VICHADA,2.0,2.0,1.0,2.0,1475.0,3.0,0.0,,,,,,,2923.6129032258063,103.21534535305477,False,False,True,False,True,False,False
2017-06-01,2017,6,2,1,AMAZONAS,689.0,46.0,2.0,45.0,10853.0,4.0,46.0,,,,,,,2957.0983333333334,104.48346769646875,False,False,True,False,True,False,False
2017-06-01,2017,6,2,1,ANTIOQUIA,9596.322,351.0,62.0,110.0,303348.0,5.0,66994.0,,,,,,,2957.0983333333334,104.48346769646875,False,False,True,False,True,False,False
2017-06-01,2017,6,2,1,ARAUCA,19.0,12.0,3.0,9.0,5844.0,2.0,0.0,,,,,,,2957.0983333333334,104.48346769646875,False,False,True,False,True,False,False
2017-06-01,2017,6,2,1,ATLANTICO,2509.6,109.0,17.0,74.0,98349.0,1.0,12213.0,,,,,,,2957.0983333333334,104.48346769646875,False,False,True,False,True,False,False
2017-06-01,2017,6,2,1,BOGOTA D.C.,13491.012,154.0,1.0,154.0,707788.0,1.0,329472.0,,,,,,,2957.0983333333334,104.48346769646875,False,False,True,False,True,False,False
2017-06-01,2017,6,2,1,BOLIVAR,7374.331,155.0,17.0,112.0,166568.0,1.0,26523.0,,,,,,,2957.0983333333334,104.48346769646875,False,False,True,False,True,False,False
2017-06-01,2017,6,2,1,BOYACA,416.0,106.0,25.0,35.0,0.0,0.0,0.0,,,,,,,2957.0983333333334,104.48346769646875,False,False,True,False,True,False,False
2017-06-01,2017,6,2,1,CALDAS,1047.0,99.0,16.0,51.0,8522.0,1.0,573.0,,,,,,,2957.0983333333334,104.48346769646875,False,False,True,False,True,False,False
2017-06-01,2017,6,2,1,CAQUETA,32.0,16.0,2.0,15.0,3986.0,1.0,29.0,,,,,,,2957.0983333333334,104.48346769646875,False,False,True,False,True,False,False
2017-06-01,2017,6,2,1,CASANARE,64.0,19.0,4.0,16.0,14349.0,2.0,40.0,,,,,,,2957.0983333333334,104.48346769646875,False,False,True,False,True,False,False
2017-06-01,2017,6,2,1,CAUCA,356.0,61.0,12.0,36.0,8023.0,2.0,133.0,,,,,,,2957.0983333333334,104.48346769646875,False,False,True,False,True,False,False
2017-06-01,2017,6,2,1,CESAR,188.0,42.0,8.0,30.0,17610.0,2.0,243.0,,,,,,,2957.0983333333334,104.48346769646875,False,False,True,False,True,False,False
2017-06-01,2017,6,2,1,CHOCO,181.0,41.0,11.0,29.0,17745.0,5.0,0.0,,,,,,,2957.0983333333334,104.48346769646875,False,False,True,False,True,False,False
2017-06-01,2017,6,2,1,CORDOBA,300.0,62.0,16.0,31.0,44803.0,1.0,471.0,,,,,,,2957.0983333333334,104.48346769646875,False,False,True,False,True,False,False
2017-06-01,2017,6,2,1,CUNDINAMARCA,1400.0,351.0,64.0,58.0,0.0,0.0,0.0,,,,,,,2957.0983333333334,104.48346769646875,False,False,True,False,True,False,False
2017-06-01,2017,6,2,1,GUAINIA,1.0,1.0,1.0,1.0,2072.0,2.0,0.0,,,,,,,2957.0983333333334,104.48346769646875,False,False,True,False,True,False,False
2017-06-01,2017,6,2,1,GUAVIARE,7.0,6.0,1.0,6.0,926.0,2.0,0.0,,,,,,,2957.0983333333334,104.48346769646875,False,False,True,False,True,False,False
2017-06-01,2017,6,2,1,HUILA,623.0,83.0,16.0,36.0,13247.0,2.0,376.0,,,,,,,2957.0983333333334,104.48346769646875,False,False,True,False,True,False,False
2017-06-01,2017,6,2,1,LA GUAJIRA,183.0,61.0,10.0,35.0,6932.0,1.0,81.0,,,,,,,2957.0983333333334,104.48346769646875,False,False,True,False,True,False,False
2017-06-01,2017,6,2,1,MAGDALENA,2008.0,88.0,12.0,59.0,72007.0,1.0,732.0,,,,,,,2957.0983333333334,104.48346769646875,False,False,True,False,True,False,False
2017-06-01,2017,6,2,1,META,447.0,65.0,13.0,38.0,4535.0,2.0,41.0,,,,,,,2957.0983333333334,104.48346769646875,False,False,True,False,True,False,False
2017-06-01,2017,6,2,1,NARINO,1536.0,110.0,22.0,47.0,18496.0,3.0,310.0,,,,,,,2957.0983333333334,104.48346769646875,False,False,True,False,True,False,False
2017-06-01,2017,6,2,1,NORTE DE SANTANDER,822.0,71.0,10.0,46.0,38356.0,1.0,1373.0,,,,,,,2957.0983333333334,104.48346769646875,False,False,True,False,True,False,False
2017-06-01,2017,6,2,1,PUTUMAYO,209.0,33.0,11.0,13.0,4566.0,3.0,0.0,,,,,,,2957.0983333333334,104.48346769646875,False,False,True,False,True,False,False
2017-06-01,2017,6,2,1,QUINDIO,1473.0,110.0,10.0,46.0,15584.0,1.0,4694.0,,,,,,,2957.0983333333334,104.48346769646875,False,False,True,False,True,False,False
2017-06-01,2017,6,2,1,RISARALDA,1502.191,107.0,12.0,54.0,55276.0,1.0,8142.0,,,,,,,2957.0983333333334,104.48346769646875,False,False,True,False,True,False,False
2017-06-01,2017,6,2,1,"SAN ANDRES, PROVIDENCIA Y SANTA CATALINA",2312.059,64.0,2.0,44.0,82339.0,2.0,2905.0,,,,,,,2957.0983333333334,104.48346769646875,False,False,True,False,True,False,False
2017-06-01,2017,6,2,1,SANTANDER,1754.0,158.0,25.0,63.0,69945.0,2.0,3694.0,,,,,,,2957.0983333333334,104.48346769646875,False,False,True,False,True,False,False
2017-06-01,2017,6,2,1,SUCRE,88.0,28.0,6.0,21.0,4084.0,2.0,0.0,,,,,,,2957.0983333333334,104.48346769646875,False,False,True,False,True,False,False
2017-06-01,2017,6,2,1,TOLIMA,682.0,86.0,19.0,47.0,6820.0,1.0,233.0,,,,,,,2957.0983333333334,104.48346769646875,False,False,True,False,True,False,False
2017-06-01,2017,6,2,1,VALLE DEL CAUCA,8696.032,381.0,38.0,102.0,171163.0,2.0,36990.0,,,,,,,2957.0983333333334,104.48346769646875,False,False,True,False,True,False,False
2017-06-01,2017,6,2,1,VAUPES,0.0,0.0,0.0,0.0,1524.0,4.0,0.0,,,,,,,2957.0983333333334,104.48346769646875,False,False,True,False,True,False,False
2017-06-01,2017,6,2,1,VICHADA,4.0,3.0,1.0,3.0,1592.0,2.0,0.0,,,,,,,2957.0983333333334,104.48346769646875,False,False,True,False,True,False,False
2017-07-01,2017,7,3,2,AMAZONAS,906.0,49.0,4.0,43.0,12551.0,4.0,45.0,,,,,,,3036.5838709677423,103.08185580783682,False,False,True,False,True,False,False
2017-07-01,2017,7,3,2,ANTIOQUIA,10147.25,380.0,60.0,119.0,308050.0,5.0,76760.0,,,,,,,3036.5838709677423,103.08185580783682,False,False,True,False,True,False,False
2017-07-01,2017,7,3,2,ARAUCA,48.0,16.0,4.0,13.0,5906.0,2.0,0.0,,,,,,,3036.5838709677423,103.08185580783682,False,False,True,False,True,False,False
2017-07-01,2017,7,3,2,ATLANTICO,3139.172,130.0,12.0,85.0,102358.0,1.0,16118.0,,,,,,,3036.5838709677423,103.08185580783682,False,False,True,False,True,False,False
2017-07-01,2017,7,3,2,BOGOTA D.C.,13049.172,162.0,1.0,162.0,757479.0,1.0,400526.0,,,,,,,3036.5838709677423,103.08185580783682,False,False,True,False,True,False,False
2017-07-01,2017,7,3,2,BOLIVAR,10312.243,169.0,19.0,126.0,179411.0,1.0,31721.0,,,,,,,3036.5838709677423,103.08185580783682,False,False,True,False,True,False,False
2017-07-01,2017,7,3,2,BOYACA,649.0,137.0,32.0,42.0,0.0,0.0,0.0,,,,,,,3036.5838709677423,103.08185580783682,False,False,True,False,True,False,False
2017-07-01,2017,7,3,2,CALDAS,810.0,94.0,18.0,46.0,11366.0,1.0,603.0,,,,,,,3036.5838709677423,103.08185580783682,False,False,True,False,True,False,False
2017-07-01,2017,7,3,2,CAQUETA,70.0,21.0,2.0,20.0,4005.0,1.0,24.0,,,,,,,3036.5838709677423,103.08185580783682,False,False,True,False,True,False,False
2017-07-01,2017,7,3,2,CASANARE,57.0,21.0,6.0,15.0,14192.0,2.0,41.0,,,,,,,3036.5838709677423,103.08185580783682,False,False,True,False,True,False,False
2017-07-01,2017,7,3,2,CAUCA,422.0,72.0,19.0,40.0,7746.0,2.0,133.0,,,,,,,3036.5838709677423,103.08185580783682,False,False,True,False,True,False,False
2017-07-01,2017,7,3,2,CESAR,260.0,47.0,12.0,29.0,17831.0,2.0,308.0,,,,,,,3036.5838709677423,103.08185580783682,False,False,True,False,True,False,False
2017-07-01,2017,7,3,2,CHOCO,254.0,45.0,10.0,29.0,17240.0,5.0,0.0,,,,,,,3036.5838709677423,103.08185580783682,False,False,True,False,True,False,False
2017-07-01,2017,7,3,2,CORDOBA,245.0,57.0,12.0,30.0,44087.0,1.0,588.0,,,,,,,3036.5838709677423,103.08185580783682,False,False,True,False,True,False,False
2017-07-01,2017,7,3,2,CUNDINAMARCA,1341.0,330.0,57.0,54.0,0.0,0.0,0.0,,,,,,,3036.5838709677423,103.08185580783682,False,False,True,False,True,False,False
2017-07-01,2017,7,3,2,GUAINIA,12.0,2.0,1.0,2.0,2395.0,2.0,0.0,,,,,,,3036.5838709677423,103.08185580783682,False,False,True,False,True,False,False
2017-07-01,2017,7,3,2,GUAVIARE,3.0,3.0,1.0,3.0,1481.0,2.0,0.0,,,,,,,3036.5838709677423,103.08185580783682,False,False,True,False,True,False,False
2017-07-01,2017,7,3,2,HUILA,502.0,68.0,14.0,32.0,13345.0,2.0,469.0,,,,,,,3036.5838709677423,103.08185580783682,False,False,True,False,True,False,False
2017-07-01,2017,7,3,2,LA GUAJIRA,279.0,66.0,10.0,33.0,7432.0,1.0,91.0,,,,,,,3036.5838709677423,103.08185580783682,False,False,True,False,True,False,False
2017-07-01,2017,7,3,2,MAGDALENA,2855.0,91.0,14.0,60.0,74622.0,1.0,1164.0,,,,,,,3036.5838709677423,103.08185580783682,False,False,True,False,True,False,False
2017-07-01,2017,7,3,2,META,544.0,59.0,13.0,34.0,5024.0,2.0,32.0,,,,,,,3036.5838709677423,103.08185580783682,False,False,True,False,True,False,False
2017-07-01,2017,7,3,2,NARINO,1924.0,120.0,20.0,55.0,19810.0,3.0,371.0,,,,,,,3036.5838709677423,103.08185580783682,False,False,True,False,True,False,False
2017-07-01,2017,7,3,2,NORTE DE SANTANDER,841.0,73.0,11.0,43.0,39288.0,1.0,1482.0,,,,,,,3036.5838709677423,103.08185580783682,False,False,True,False,True,False,False
2017-07-01,2017,7,3,2,PUTUMAYO,166.0,37.0,11.0,21.0,4856.0,3.0,0.0,,,,,,,3036.5838709677423,103.08185580783682,False,False,True,False,True,False,False
2017-07-01,2017,7,3,2,QUINDIO,1400.0,113.0,10.0,49.0,15626.0,1.0,4512.0,,,,,,,3036.5838709677423,103.08185580783682,False,False,True,False,True,False,False
2017-07-01,2017,7,3,2,RISARALDA,2482.0,112.0,10.0,61.0,56333.0,1.0,9195.0,,,,,,,3036.5838709677423,103.08185580783682,False,False,True,False,True,False,False
2017-07-01,2017,7,3,2,"SAN ANDRES, PROVIDENCIA Y SANTA CATALINA",1789.783,79.0,2.0,53.0,84571.0,2.0,4359.0,,,,,,,3036.5838709677423,103.08185580783682,False,False,True,False,True,False,False
2017-07-01,2017,7,3,2,SANTANDER,1941.0,161.0,23.0,65.0,72848.0,2.0,4261.0,,,,,,,3036.5838709677423,103.08185580783682,False,False,True,False,True,False,False
2017-07-01,2017,7,3,2,SUCRE,78.0,40.0,9.0,28.0,4015.0,2.0,0.0,,,,,,,3036.5838709677423,103.08185580783682,False,False,True,False,True,False,False
2017-07-01,2017,7,3,2,TOLIMA,634.0,89.0,20.0,38.0,7021.0,1.0,189.0,,,,,,,3036.5838709677423,103.08185580783682,False,False,True,False,True,False,False
2017-07-01,2017,7,3,2,VALLE DEL CAUCA,9488.233,420.0,38.0,94.0,180925.0,2.0,43583.0,,,,,,,3036.5838709677423,103.08185580783682,False,False,True,False,True,False,False
2017-07-01,2017,7,3,2,VAUPES,0.0,0.0,0.0,0.0,1431.0,3.0,0.0,,,,,,,3036.5838709677423,103.08185580783682,False,False,True,False,True,False,False
2017-07-01,2017,7,3,2,VICHADA,4.0,4.0,1.0,4.0,1686.0,2.0,0.0,,,,,,,3036.5838709677423,103.08185580783682,False,False,True,False,True,False,False
2017-08-01,2017,8,3,2,AMAZONAS,518.0,41.0,2.0,40.0,11499.0,4.0,33.0,,,,,,,2973.2048387096775,104.15686810923732,False,False,True,False,True,False,False
2017-08-01,2017,8,3,2,ANTIOQUIA,10399.585,369.0,53.0,112.0,313376.0,5.0,67510.0,,,,,,,2973.2048387096775,104.15686810923732,False,False,True,False,True,False,False
2017-08-01,2017,8,3,2,ARAUCA,33.0,17.0,4.0,14.0,5920.0,2.0,0.0,,,,,,,2973.2048387096775,104.15686810923732,False,False,True,False,True,False,False
2017-08-01,2017,8,3,2,ATLANTICO,2506.758,110.0,11.0,79.0,99586.0,1.0,13083.0,,,,,,,2973.2048387096775,104.15686810923732,False,False,True,False,True,False,False
2017-08-01,2017,8,3,2,BOGOTA D.C.,13838.75,155.0,1.0,155.0,739510.0,1.0,361551.0,,,,,,,2973.2048387096775,104.15686810923732,False,False,True,False,True,False,False
2017-08-01,2017,8,3,2,BOLIVAR,9547.003,153.0,15.0,124.0,177273.0,1.0,30177.0,,,,,,,2973.2048387096775,104.15686810923732,False,False,True,False,True,False,False
2017-08-01,2017,8,3,2,BOYACA,602.0,140.0,35.0,41.0,0.0,0.0,0.0,,,,,,,2973.2048387096775,104.15686810923732,False,False,True,False,True,False,False
2017-08-01,2017,8,3,2,CALDAS,756.0,84.0,19.0,36.0,11048.0,1.0,620.0,,,,,,,2973.2048387096775,104.15686810923732,False,False,True,False,True,False,False
2017-08-01,2017,8,3,2,CAQUETA,26.0,12.0,2.0,11.0,3980.0,1.0,15.0,,,,,,,2973.2048387096775,104.15686810923732,False,False,True,False,True,False,False
2017-08-01,2017,8,3,2,CASANARE,62.0,29.0,6.0,19.0,14809.0,2.0,38.0,,,,,,,2973.2048387096775,104.15686810923732,False,False,True,False,True,False,False
2017-08-01,2017,8,3,2,CAUCA,487.0,69.0,18.0,41.0,7693.0,2.0,114.0,,,,,,,2973.2048387096775,104.15686810923732,False,False,True,False,True,False,False
2017-08-01,2017,8,3,2,CESAR,196.0,43.0,10.0,29.0,16466.0,2.0,248.0,,,,,,,2973.2048387096775,104.15686810923732,False,False,True,False,True,False,False
2017-08-01,2017,8,3,2,CHOCO,305.0,48.0,10.0,28.0,18347.0,5.0,0.0,,,,,,,2973.2048387096775,104.15686810923732,False,False,True,False,True,False,False
2017-08-01,2017,8,3,2,CORDOBA,207.0,42.0,12.0,24.0,43333.0,1.0,429.0,,,,,,,2973.2048387096775,104.15686810923732,False,False,True,False,True,False,False
2017-08-01,2017,8,3,2,CUNDINAMARCA,1240.0,360.0,62.0,54.0,0.0,0.0,0.0,,,,,,,2973.2048387096775,104.15686810923732,False,False,True,False,True,False,False
2017-08-01,2017,8,3,2,GUAINIA,10.0,3.0,1.0,3.0,2157.0,2.0,0.0,,,,,,,2973.2048387096775,104.15686810923732,False,False,True,False,True,False,False
2017-08-01,2017,8,3,2,GUAVIARE,2.0,2.0,2.0,2.0,1205.0,2.0,0.0,,,,,,,2973.2048387096775,104.15686810923732,False,False,True,False,True,False,False
2017-08-01,2017,8,3,2,HUILA,475.0,76.0,18.0,33.0,14445.0,2.0,281.0,,,,,,,2973.2048387096775,104.15686810923732,False,False,True,False,True,False,False
2017-08-01,2017,8,3,2,LA GUAJIRA,220.0,54.0,7.0,28.0,7174.0,1.0,139.0,,,,,,,2973.2048387096775,104.15686810923732,False,False,True,False,True,False,False
2017-08-01,2017,8,3,2,MAGDALENA,2319.0,90.0,13.0,60.0,75605.0,1.0,898.0,,,,,,,2973.2048387096775,104.15686810923732,False,False,True,False,True,False,False
2017-08-01,2017,8,3,2,META,442.0,72.0,10.0,39.0,4979.0,2.0,32.0,,,,,,,2973.2048387096775,104.15686810923732,False,False,True,False,True,False,False
2017-08-01,2017,8,3,2,NARINO,2019.0,117.0,20.0,53.0,19423.0,3.0,390.0,,,,,,,2973.2048387096775,104.15686810923732,False,False,True,False,True,False,False
2017-08-01,2017,8,3,2,NORTE DE SANTANDER,1089.0,80.0,11.0,48.0,36876.0,1.0,1932.0,,,,,,,2973.2048387096775,104.15686810923732,False,False,True,False,True,False,False
2017-08-01,2017,8,3,2,PUTUMAYO,136.0,33.0,10.0,15.0,4684.0,3.0,0.0,,,,,,,2973.2048387096775,104.15686810923732,False,False,True,False,True,False,False
2017-08-01,2017,8,3,2,QUINDIO,1576.0,113.0,11.0,54.0,15220.0,1.0,4307.0,,,,,,,2973.2048387096775,104.15686810923732,False,False,True,False,True,False,False
2017-08-01,2017,8,3,2,RISARALDA,2572.0,109.0,11.0,57.0,55572.0,1.0,8599.0,,,,,,,2973.2048387096775,104.15686810923732,False,False,True,False,True,False,False
2017-08-01,2017,8,3,2,"SAN ANDRES, PROVIDENCIA Y SANTA CATALINA",2075.007,70.0,2.0,49.0,88080.0,2.0,4485.0,,,,,,,2973.2048387096775,104.15686810923732,False,False,True,False,True,False,False
2017-08-01,2017,8,3,2,SANTANDER,1693.0,143.0,23.0,54.0,71382.0,3.0,3599.0,,,,,,,2973.2048387096775,104.15686810923732,False,False,True,False,True,False,False
2017-08-01,2017,8,3,2,SUCRE,91.0,36.0,9.0,28.0,3798.0,2.0,0.0,,,,,,,2973.2048387096775,104.15686810923732,False,False,True,False,True,False,False
2017-08-01,2017,8,3,2,TOLIMA,509.0,78.0,16.0,39.0,6926.0,1.0,145.0,,,,,,,2973.2048387096775,104.15686810923732,False,False,True,False,True,False,False
2017-08-01,2017,8,3,2,VALLE DEL CAUCA,9009.423999999999,391.0,41.0,104.0,185523.0,2.0,46113.0,,,,,,,2973.2048387096775,104.15686810923732,False,False,True,False,True,False,False
2017-08-01,2017,8,3,2,VAUPES,2.0,2.0,2.0,2.0,1333.0,4.0,0.0,,,,,,,2973.2048387096775,104.15686810923732,False,False,True,False,True,False,False
2017-08-01,2017,8,3,2,VICHADA,9.0,5.0,2.0,5.0,1335.0,3.0,0.0,,,,,,,2973.2048387096775,104.15686810923732,False,False,True,False,True,False,False
2017-09-01,2017,9,3,2,AMAZONAS,401.0,42.0,6.0,37.0,10620.0,4.0,14.0,,,,,,,2917.085,104.21726254610422,False,False,True,False,True,False,False
2017-09-01,2017,9,3,2,ANTIOQUIA,10917.59,382.0,65.0,120.0,266158.0,5.0,56923.0,,,,,,,2917.085,104.21726254610422,False,False,True,False,True,False,False
2017-09-01,2017,9,3,2,ARAUCA,31.0,15.0,2.0,13.0,5596.0,2.0,0.0,,,,,,,2917.085,104.21726254610422,False,False,True,False,True,False,False
2017-09-01,2017,9,3,2,ATLANTICO,2749.294,105.0,11.0,77.0,74042.0,1.0,9862.0,,,,,,,2917.085,104.21726254610422,False,False,True,False,True,False,False
2017-09-01,2017,9,3,2,BOGOTA D.C.,13467.335,152.0,1.0,152.0,637837.0,1.0,317279.0,,,,,,,2917.085,104.21726254610422,False,False,True,False,True,False,False
2017-09-01,2017,9,3,2,BOLIVAR,8350.53,139.0,15.0,114.0,143556.0,1.0,27777.0,,,,,,,2917.085,104.21726254610422,False,False,True,False,True,False,False
2017-09-01,2017,9,3,2,BOYACA,411.0,124.0,30.0,40.0,0.0,0.0,0.0,,,,,,,2917.085,104.21726254610422,False,False,True,False,True,False,False
2017-09-01,2017,9,3,2,CALDAS,801.0,86.0,20.0,41.0,9030.0,1.0,422.0,,,,,,,2917.085,104.21726254610422,False,False,True,False,True,False,False
2017-09-01,2017,9,3,2,CAQUETA,32.0,16.0,5.0,13.0,3813.0,1.0,7.0,,,,,,,2917.085,104.21726254610422,False,False,True,False,True,False,False
2017-09-01,2017,9,3,2,CASANARE,40.0,22.0,6.0,20.0,14596.0,2.0,31.0,,,,,,,2917.085,104.21726254610422,False,False,True,False,True,False,False
2017-09-01,2017,9,3,2,CAUCA,255.0,52.0,13.0,34.0,7459.0,2.0,110.0,,,,,,,2917.085,104.21726254610422,False,False,True,False,True,False,False
2017-09-01,2017,9,3,2,CESAR,170.0,40.0,5.0,33.0,13777.0,2.0,162.0,,,,,,,2917.085,104.21726254610422,False,False,True,False,True,False,False
2017-09-01,2017,9,3,2,CHOCO,197.0,42.0,10.0,24.0,17366.0,5.0,0.0,,,,,,,2917.085,104.21726254610422,False,False,True,False,True,False,False
2017-09-01,2017,9,3,2,CORDOBA,198.0,51.0,13.0,29.0,36214.0,1.0,288.0,,,,,,,2917.085,104.21726254610422,False,False,True,False,True,False,False
2017-09-01,2017,9,3,2,CUNDINAMARCA,925.0,308.0,61.0,56.0,0.0,0.0,0.0,,,,,,,2917.085,104.21726254610422,False,False,True,False,True,False,False
2017-09-01,2017,9,3,2,GUAINIA,5.0,2.0,1.0,2.0,1998.0,2.0,0.0,,,,,,,2917.085,104.21726254610422,False,False,True,False,True,False,False
2017-09-01,2017,9,3,2,GUAVIARE,5.0,4.0,1.0,4.0,1297.0,2.0,0.0,,,,,,,2917.085,104.21726254610422,False,False,True,False,True,False,False
2017-09-01,2017,9,3,2,HUILA,270.0,53.0,10.0,31.0,12282.0,2.0,184.0,,,,,,,2917.085,104.21726254610422,False,False,True,False,True,False,False
2017-09-01,2017,9,3,2,LA GUAJIRA,213.0,64.0,12.0,33.0,5674.0,1.0,95.0,,,,,,,2917.085,104.21726254610422,False,False,True,False,True,False,False
2017-09-01,2017,9,3,2,MAGDALENA,1838.0,83.0,9.0,64.0,64220.0,1.0,695.0,,,,,,,2917.085,104.21726254610422,False,False,True,False,True,False,False
2017-09-01,2017,9,3,2,META,346.0,55.0,10.0,34.0,4018.0,2.0,24.0,,,,,,,2917.085,104.21726254610422,False,False,True,False,True,False,False
2017-09-01,2017,9,3,2,NARINO,1563.0,92.0,18.0,47.0,15406.0,3.0,197.0,,,,,,,2917.085,104.21726254610422,False,False,True,False,True,False,False
2017-09-01,2017,9,3,2,NORTE DE SANTANDER,959.0,71.0,8.0,47.0,29634.0,1.0,1544.0,,,,,,,2917.085,104.21726254610422,False,False,True,False,True,False,False
2017-09-01,2017,9,3,2,PUTUMAYO,184.0,30.0,9.0,15.0,4650.0,3.0,0.0,,,,,,,2917.085,104.21726254610422,False,False,True,False,True,False,False
2017-09-01,2017,9,3,2,QUINDIO,956.0,115.0,9.0,55.0,12549.0,1.0,3057.0,,,,,,,2917.085,104.21726254610422,False,False,True,False,True,False,False
2017-09-01,2017,9,3,2,RISARALDA,1424.0,98.0,10.0,54.0,49773.0,1.0,7085.0,,,,,,,2917.085,104.21726254610422,False,False,True,False,True,False,False
2017-09-01,2017,9,3,2,"SAN ANDRES, PROVIDENCIA Y SANTA CATALINA",2465.955,81.0,2.0,54.0,79780.0,2.0,3437.0,,,,,,,2917.085,104.21726254610422,False,False,True,False,True,False,False
2017-09-01,2017,9,3,2,SANTANDER,1198.0,141.0,22.0,60.0,61570.0,2.0,3052.0,,,,,,,2917.085,104.21726254610422,False,False,True,False,True,False,False
2017-09-01,2017,9,3,2,SUCRE,104.0,35.0,9.0,24.0,3968.0,2.0,0.0,,,,,,,2917.085,104.21726254610422,False,False,True,False,True,False,False
2017-09-01,2017,9,3,2,TOLIMA,396.0,65.0,14.0,40.0,5304.0,1.0,113.0,,,,,,,2917.085,104.21726254610422,False,False,True,False,True,False,False
2017-09-01,2017,9,3,2,VALLE DEL CAUCA,6595.604,345.0,33.0,93.0,131890.0,2.0,33801.0,,,,,,,2917.085,104.21726254610422,False,False,True,False,True,False,False
2017-09-01,2017,9,3,2,VAUPES,0.0,0.0,0.0,0.0,1201.0,4.0,0.0,,,,,,,2917.085,104.21726254610422,False,False,True,False,True,False,False
2017-09-01,2017,9,3,2,VICHADA,4.0,4.0,2.0,4.0,1251.0,3.0,0.0,,,,,,,2917.085,104.21726254610422,False,False,True,False,True,False,False
2017-10-01,2017,10,4,2,AMAZONAS,363.0,41.0,2.0,40.0,11644.0,4.0,5.0,,,,,,,2953.7558064516134,103.6151707637491,False,False,True,False,True,False,False
2017-10-01,2017,10,4,2,ANTIOQUIA,10736.389,383.0,58.0,119.0,239466.0,5.0,64796.0,,,,,,,2953.7558064516134,103.6151707637491,False,False,True,False,True,False,False
2017-10-01,2017,10,4,2,ARAUCA,19.0,10.0,4.0,8.0,5983.0,2.0,0.0,,,,,,,2953.7558064516134,103.6151707637491,False,False,True,False,True,False,False
2017-10-01,2017,10,4,2,ATLANTICO,2314.29,118.0,13.0,87.0,63675.0,1.0,11938.0,,,,,,,2953.7558064516134,103.6151707637491,False,False,True,False,True,False,False
2017-10-01,2017,10,4,2,BOGOTA D.C.,14872.061,194.0,1.0,194.0,580934.0,1.0,357997.0,,,,,,,2953.7558064516134,103.6151707637491,False,False,True,False,True,False,False
2017-10-01,2017,10,4,2,BOLIVAR,8816.902,156.0,15.0,126.0,133093.0,1.0,27162.0,,,,,,,2953.7558064516134,103.6151707637491,False,False,True,False,True,False,False
2017-10-01,2017,10,4,2,BOYACA,345.0,119.0,29.0,40.0,0.0,0.0,0.0,,,,,,,2953.7558064516134,103.6151707637491,False,False,True,False,True,False,False
2017-10-01,2017,10,4,2,CALDAS,624.0,77.0,18.0,39.0,10090.0,1.0,187.0,,,,,,,2953.7558064516134,103.6151707637491,False,False,True,False,True,False,False
2017-10-01,2017,10,4,2,CAQUETA,44.0,14.0,3.0,12.0,4277.0,1.0,4.0,,,,,,,2953.7558064516134,103.6151707637491,False,False,True,False,True,False,False
2017-10-01,2017,10,4,2,CASANARE,52.0,23.0,4.0,20.0,13534.0,3.0,22.0,,,,,,,2953.7558064516134,103.6151707637491,False,False,True,False,True,False,False
2017-10-01,2017,10,4,2,CAUCA,275.0,49.0,11.0,31.0,6135.0,2.0,108.0,,,,,,,2953.7558064516134,103.6151707637491,False,False,True,False,True,False,False
2017-10-01,2017,10,4,2,CESAR,164.0,35.0,7.0,24.0,11930.0,2.0,55.0,,,,,,,2953.7558064516134,103.6151707637491,False,False,True,False,True,False,False
2017-10-01,2017,10,4,2,CHOCO,227.0,45.0,9.0,25.0,17101.0,5.0,0.0,,,,,,,2953.7558064516134,103.6151707637491,False,False,True,False,True,False,False
2017-10-01,2017,10,4,2,CORDOBA,187.0,56.0,12.0,30.0,31509.0,1.0,86.0,,,,,,,2953.7558064516134,103.6151707637491,False,False,True,False,True,False,False
2017-10-01,2017,10,4,2,CUNDINAMARCA,988.0,327.0,62.0,50.0,0.0,0.0,0.0,,,,,,,2953.7558064516134,103.6151707637491,False,False,True,False,True,False,False
2017-10-01,2017,10,4,2,GUAINIA,8.0,2.0,1.0,2.0,2334.0,2.0,0.0,,,,,,,2953.7558064516134,103.6151707637491,False,False,True,False,True,False,False
2017-10-01,2017,10,4,2,GUAVIARE,2.0,2.0,1.0,2.0,1326.0,2.0,0.0,,,,,,,2953.7558064516134,103.6151707637491,False,False,True,False,True,False,False
2017-10-01,2017,10,4,2,HUILA,348.0,70.0,14.0,35.0,10192.0,2.0,92.0,,,,,,,2953.7558064516134,103.6151707637491,False,False,True,False,True,False,False
2017-10-01,2017,10,4,2,LA GUAJIRA,126.0,51.0,9.0,29.0,4060.0,1.0,41.0,,,,,,,2953.7558064516134,103.6151707637491,False,False,True,False,True,False,False
2017-10-01,2017,10,4,2,MAGDALENA,1657.0,76.0,8.0,59.0,60320.0,1.0,426.0,,,,,,,2953.7558064516134,103.6151707637491,False,False,True,False,True,False,False
2017-10-01,2017,10,4,2,META,312.0,68.0,11.0,37.0,3523.0,2.0,12.0,,,,,,,2953.7558064516134,103.6151707637491,False,False,True,False,True,False,False
2017-10-01,2017,10,4,2,NARINO,1738.0,92.0,11.0,51.0,14502.0,3.0,126.0,,,,,,,2953.7558064516134,103.6151707637491,False,False,True,False,True,False,False
2017-10-01,2017,10,4,2,NORTE DE SANTANDER,955.0,70.0,10.0,41.0,18976.0,1.0,1159.0,,,,,,,2953.7558064516134,103.6151707637491,False,False,True,False,True,False,False
2017-10-01,2017,10,4,2,PUTUMAYO,205.0,30.0,9.0,16.0,4884.0,3.0,0.0,,,,,,,2953.7558064516134,103.6151707637491,False,False,True,False,True,False,False
2017-10-01,2017,10,4,2,QUINDIO,915.0,106.0,11.0,45.0,9301.0,1.0,3610.0,,,,,,,2953.7558064516134,103.6151707637491,False,False,True,False,True,False,False
2017-10-01,2017,10,4,2,RISARALDA,1438.0,90.0,6.0,54.0,42611.0,1.0,6475.0,,,,,,,2953.7558064516134,103.6151707637491,False,False,True,False,True,False,False
2017-10-01,2017,10,4,2,"SAN ANDRES, PROVIDENCIA Y SANTA CATALINA",1319.85,68.0,2.0,50.0,80607.0,2.0,3515.0,,,,,,,2953.7558064516134,103.6151707637491,False,False,True,False,True,False,False
2017-10-01,2017,10,4,2,SANTANDER,1273.0,135.0,20.0,49.0,52838.0,2.0,2901.0,,,,,,,2953.7558064516134,103.6151707637491,False,False,True,False,True,False,False
2017-10-01,2017,10,4,2,SUCRE,82.0,31.0,8.0,20.0,4498.0,2.0,0.0,,,,,,,2953.7558064516134,103.6151707637491,False,False,True,False,True,False,False
2017-10-01,2017,10,4,2,TOLIMA,342.0,73.0,18.0,40.0,3948.0,1.0,77.0,,,,,,,2953.7558064516134,103.6151707637491,False,False,True,False,True,False,False
2017-10-01,2017,10,4,2,VALLE DEL CAUCA,7923.6720000000005,354.0,35.0,93.0,105199.0,2.0,33847.0,,,,,,,2953.7558064516134,103.6151707637491,False,False,True,False,True,False,False
2017-10-01,2017,10,4,2,VAUPES,0.0,0.0,0.0,0.0,1372.0,4.0,0.0,,,,,,,2953.7558064516134,103.6151707637491,False,False,True,False,True,False,False
2017-10-01,2017,10,4,2,VICHADA,2.0,2.0,1.0,2.0,1495.0,3.0,0.0,,,,,,,2953.7558064516134,103.6151707637491,False,False,True,False,True,False,False
2017-11-01,2017,11,4,2,AMAZONAS,465.0,46.0,4.0,42.0,10440.0,4.0,35.0,,,,,,,3013.4666666666667,104.01656462423503,False,False,True,False,True,False,False
2017-11-01,2017,11,4,2,ANTIOQUIA,11017.948,402.0,66.0,118.0,267094.0,5.0,68280.0,,,,,,,3013.4666666666667,104.01656462423503,False,False,True,False,True,False,False
2017-11-01,2017,11,4,2,ARAUCA,40.0,15.0,5.0,12.0,5901.0,2.0,0.0,,,,,,,3013.4666666666667,104.01656462423503,False,False,True,False,True,False,False
2017-11-01,2017,11,4,2,ATLANTICO,2663.4610000000002,113.0,11.0,81.0,78580.0,1.0,12694.0,,,,,,,3013.4666666666667,104.01656462423503,False,False,True,False,True,False,False
2017-11-01,2017,11,4,2,BOGOTA D.C.,14555.461,157.0,1.0,157.0,654722.0,1.0,349532.0,,,,,,,3013.4666666666667,104.01656462423503,False,False,True,False,True,False,False
2017-11-01,2017,11,4,2,BOLIVAR,8054.642,142.0,12.0,113.0,150600.0,1.0,28770.0,,,,,,,3013.4666666666667,104.01656462423503,False,False,True,False,True,False,False
2017-11-01,2017,11,4,2,BOYACA,318.0,117.0,26.0,35.0,0.0,0.0,0.0,,,,,,,3013.4666666666667,104.01656462423503,False,False,True,False,True,False,False
2017-11-01,2017,11,4,2,CALDAS,598.0,84.0,17.0,35.0,8939.0,1.0,259.0,,,,,,,3013.4666666666667,104.01656462423503,False,False,True,False,True,False,False
2017-11-01,2017,11,4,2,CAQUETA,102.0,23.0,5.0,19.0,4439.0,2.0,9.0,,,,,,,3013.4666666666667,104.01656462423503,False,False,True,False,True,False,False
2017-11-01,2017,11,4,2,CASANARE,76.0,25.0,4.0,19.0,13858.0,2.0,28.0,,,,,,,3013.4666666666667,104.01656462423503,False,False,True,False,True,False,False
2017-11-01,2017,11,4,2,CAUCA,384.0,59.0,13.0,37.0,5789.0,2.0,134.0,,,,,,,3013.4666666666667,104.01656462423503,False,False,True,False,True,False,False
2017-11-01,2017,11,4,2,CESAR,137.0,32.0,5.0,26.0,14286.0,2.0,147.0,,,,,,,3013.4666666666667,104.01656462423503,False,False,True,False,True,False,False
2017-11-01,2017,11,4,2,CHOCO,203.0,45.0,7.0,33.0,17034.0,5.0,0.0,,,,,,,3013.4666666666667,104.01656462423503,False,False,True,False,True,False,False
2017-11-01,2017,11,4,2,CORDOBA,236.0,45.0,11.0,26.0,35410.0,1.0,171.0,,,,,,,3013.4666666666667,104.01656462423503,False,False,True,False,True,False,False
2017-11-01,2017,11,4,2,CUNDINAMARCA,998.0,325.0,60.0,45.0,0.0,0.0,0.0,,,,,,,3013.4666666666667,104.01656462423503,False,False,True,False,True,False,False
2017-11-01,2017,11,4,2,GUAINIA,12.0,5.0,2.0,4.0,2340.0,2.0,0.0,,,,,,,3013.4666666666667,104.01656462423503,False,False,True,False,True,False,False
2017-11-01,2017,11,4,2,GUAVIARE,4.0,2.0,1.0,2.0,1510.0,2.0,0.0,,,,,,,3013.4666666666667,104.01656462423503,False,False,True,False,True,False,False
2017-11-01,2017,11,4,2,HUILA,351.0,75.0,16.0,39.0,11939.0,2.0,251.0,,,,,,,3013.4666666666667,104.01656462423503,False,False,True,False,True,False,False
2017-11-01,2017,11,4,2,LA GUAJIRA,171.0,59.0,9.0,38.0,4177.0,1.0,53.0,,,,,,,3013.4666666666667,104.01656462423503,False,False,True,False,True,False,False
2017-11-01,2017,11,4,2,MAGDALENA,4981.0,117.0,13.0,69.0,69617.0,1.0,814.0,,,,,,,3013.4666666666667,104.01656462423503,False,False,True,False,True,False,False
2017-11-01,2017,11,4,2,META,357.0,66.0,14.0,33.0,3465.0,2.0,26.0,,,,,,,3013.4666666666667,104.01656462423503,False,False,True,False,True,False,False
2017-11-01,2017,11,4,2,NARINO,1736.0,103.0,16.0,53.0,16749.0,3.0,274.0,,,,,,,3013.4666666666667,104.01656462423503,False,False,True,False,True,False,False
2017-11-01,2017,11,4,2,NORTE DE SANTANDER,1003.0,82.0,13.0,50.0,24874.0,1.0,1436.0,,,,,,,3013.4666666666667,104.01656462423503,False,False,True,False,True,False,False
2017-11-01,2017,11,4,2,PUTUMAYO,145.0,38.0,12.0,18.0,4868.0,3.0,0.0,,,,,,,3013.4666666666667,104.01656462423503,False,False,True,False,True,False,False
2017-11-01,2017,11,4,2,QUINDIO,1139.0,118.0,11.0,48.0,13494.0,1.0,2967.0,,,,,,,3013.4666666666667,104.01656462423503,False,False,True,False,True,False,False
2017-11-01,2017,11,4,2,RISARALDA,1912.0,111.0,12.0,55.0,56707.0,1.0,7586.0,,,,,,,3013.4666666666667,104.01656462423503,False,False,True,False,True,False,False
2017-11-01,2017,11,4,2,"SAN ANDRES, PROVIDENCIA Y SANTA CATALINA",2958.584,78.0,2.0,55.0,84071.0,2.0,3970.0,,,,,,,3013.4666666666667,104.01656462423503,False,False,True,False,True,False,False
2017-11-01,2017,11,4,2,SANTANDER,1403.0,136.0,19.0,58.0,54570.0,2.0,3261.0,,,,,,,3013.4666666666667,104.01656462423503,False,False,True,False,True,False,False
2017-11-01,2017,11,4,2,SUCRE,78.0,36.0,9.0,22.0,4149.0,2.0,0.0,,,,,,,3013.4666666666667,104.01656462423503,False,False,True,False,True,False,False
2017-11-01,2017,11,4,2,TOLIMA,442.0,68.0,11.0,37.0,3796.0,2.0,93.0,,,,,,,3013.4666666666667,104.01656462423503,False,False,True,False,True,False,False
2017-11-01,2017,11,4,2,VALLE DEL CAUCA,7447.814,393.0,36.0,99.0,125928.0,2.0,37620.0,,,,,,,3013.4666666666667,104.01656462423503,False,False,True,False,True,False,False
2017-11-01,2017,11,4,2,VAUPES,0.0,0.0,0.0,0.0,1385.0,4.0,0.0,,,,,,,3013.4666666666667,104.01656462423503,False,False,True,False,True,False,False
2017-11-01,2017,11,4,2,VICHADA,4.0,2.0,2.0,2.0,1427.0,2.0,0.0,,,,,,,3013.4666666666667,104.01656462423503,False,False,True,False,True,False,False
2017-12-01,2017,12,4,2,AMAZONAS,447.0,42.0,3.0,38.0,10832.0,4.0,39.0,,,,,,,2991.7619354838707,105.4347051078852,False,False,True,False,True,False,False
2017-12-01,2017,12,4,2,ANTIOQUIA,12178.373,500.0,71.0,120.0,281200.0,5.0,82427.0,,,,,,,2991.7619354838707,105.4347051078852,False,False,True,False,True,False,False
2017-12-01,2017,12,4,2,ARAUCA,56.0,19.0,4.0,14.0,5987.0,2.0,0.0,,,,,,,2991.7619354838707,105.4347051078852,False,False,True,False,True,False,False
2017-12-01,2017,12,4,2,ATLANTICO,3310.342,146.0,18.0,79.0,92944.0,1.0,15707.0,,,,,,,2991.7619354838707,105.4347051078852,False,False,True,False,True,False,False
2017-12-01,2017,12,4,2,BOGOTA D.C.,11926.747,153.0,1.0,153.0,671891.0,1.0,387510.0,,,,,,,2991.7619354838707,105.4347051078852,False,False,True,False,True,False,False
2017-12-01,2017,12,4,2,BOLIVAR,10352.52,162.0,20.0,117.0,174057.0,1.0,39874.0,,,,,,,2991.7619354838707,105.4347051078852,False,False,True,False,True,False,False
2017-12-01,2017,12,4,2,BOYACA,666.0,167.0,42.0,42.0,0.0,0.0,0.0,,,,,,,2991.7619354838707,105.4347051078852,False,False,True,False,True,False,False
2017-12-01,2017,12,4,2,CALDAS,1425.0,140.0,20.0,52.0,8458.0,1.0,558.0,,,,,,,2991.7619354838707,105.4347051078852,False,False,True,False,True,False,False
2017-12-01,2017,12,4,2,CAQUETA,87.0,21.0,5.0,18.0,4448.0,2.0,26.0,,,,,,,2991.7619354838707,105.4347051078852,False,False,True,False,True,False,False
2017-12-01,2017,12,4,2,CASANARE,118.0,31.0,7.0,24.0,13027.0,2.0,75.0,,,,,,,2991.7619354838707,105.4347051078852,False,False,True,False,True,False,False
2017-12-01,2017,12,4,2,CAUCA,517.0,85.0,18.0,43.0,6481.0,2.0,198.0,,,,,,,2991.7619354838707,105.4347051078852,False,False,True,False,True,False,False
2017-12-01,2017,12,4,2,CESAR,311.0,62.0,14.0,39.0,18723.0,2.0,374.0,,,,,,,2991.7619354838707,105.4347051078852,False,False,True,False,True,False,False
2017-12-01,2017,12,4,2,CHOCO,254.0,48.0,10.0,32.0,20629.0,5.0,0.0,,,,,,,2991.7619354838707,105.4347051078852,False,False,True,False,True,False,False
2017-12-01,2017,12,4,2,CORDOBA,401.0,86.0,18.0,39.0,38686.0,1.0,682.0,,,,,,,2991.7619354838707,105.4347051078852,False,False,True,False,True,False,False
2017-12-01,2017,12,4,2,CUNDINAMARCA,1645.0,452.0,71.0,57.0,0.0,0.0,0.0,,,,,,,2991.7619354838707,105.4347051078852,False,False,True,False,True,False,False
2017-12-01,2017,12,4,2,GUAINIA,5.0,4.0,2.0,4.0,2908.0,2.0,0.0,,,,,,,2991.7619354838707,105.4347051078852,False,False,True,False,True,False,False
2017-12-01,2017,12,4,2,GUAVIARE,11.0,6.0,1.0,6.0,1676.0,2.0,0.0,,,,,,,2991.7619354838707,105.4347051078852,False,False,True,False,True,False,False
2017-12-01,2017,12,4,2,HUILA,625.0,106.0,18.0,42.0,10414.0,2.0,395.0,,,,,,,2991.7619354838707,105.4347051078852,False,False,True,False,True,False,False
2017-12-01,2017,12,4,2,LA GUAJIRA,239.0,66.0,9.0,35.0,7501.0,1.0,94.0,,,,,,,2991.7619354838707,105.4347051078852,False,False,True,False,True,False,False
2017-12-01,2017,12,4,2,MAGDALENA,3143.0,134.0,15.0,84.0,80775.0,1.0,922.0,,,,,,,2991.7619354838707,105.4347051078852,False,False,True,False,True,False,False
2017-12-01,2017,12,4,2,META,648.0,85.0,16.0,40.0,4911.0,2.0,49.0,,,,,,,2991.7619354838707,105.4347051078852,False,False,True,False,True,False,False
2017-12-01,2017,12,4,2,NARINO,2241.0,123.0,22.0,58.0,20437.0,3.0,447.0,,,,,,,2991.7619354838707,105.4347051078852,False,False,True,False,True,False,False
2017-12-01,2017,12,4,2,NORTE DE SANTANDER,1729.0,114.0,16.0,59.0,32394.0,1.0,2233.0,,,,,,,2991.7619354838707,105.4347051078852,False,False,True,False,True,False,False
2017-12-01,2017,12,4,2,PUTUMAYO,119.0,31.0,8.0,21.0,5063.0,3.0,0.0,,,,,,,2991.7619354838707,105.4347051078852,False,False,True,False,True,False,False
2017-12-01,2017,12,4,2,QUINDIO,1604.0,133.0,10.0,51.0,10971.0,1.0,4469.0,,,,,,,2991.7619354838707,105.4347051078852,False,False,True,False,True,False,False
2017-12-01,2017,12,4,2,RISARALDA,2385.17,143.0,13.0,59.0,66972.0,1.0,12420.0,,,,,,,2991.7619354838707,105.4347051078852,False,False,True,False,True,False,False
2017-12-01,2017,12,4,2,"SAN ANDRES, PROVIDENCIA Y SANTA CATALINA",3821.809,66.0,2.0,47.0,88118.0,2.0,3812.0,,,,,,,2991.7619354838707,105.4347051078852,False,False,True,False,True,False,False
2017-12-01,2017,12,4,2,SANTANDER,2680.0,231.0,34.0,69.0,67475.0,2.0,4550.0,,,,,,,2991.7619354838707,105.4347051078852,False,False,True,False,True,False,False
2017-12-01,2017,12,4,2,SUCRE,186.0,60.0,12.0,32.0,5070.0,2.0,0.0,,,,,,,2991.7619354838707,105.4347051078852,False,False,True,False,True,False,False
2017-12-01,2017,12,4,2,TOLIMA,1019.0,128.0,25.0,44.0,5038.0,2.0,204.0,,,,,,,2991.7619354838707,105.4347051078852,False,False,True,False,True,False,False
2017-12-01,2017,12,4,2,VALLE DEL CAUCA,11169.01,542.0,41.0,107.0,146034.0,2.0,51634.0,,,,,,,2991.7619354838707,105.4347051078852,False,False,True,False,True,False,False
2017-12-01,2017,12,4,2,VAUPES,0.0,0.0,0.0,0.0,1729.0,3.0,0.0,,,,,,,2991.7619354838707,105.4347051078852,False,False,True,False,True,False,False
2017-12-01,2017,12,4,2,VICHADA,7.0,6.0,1.0,6.0,1844.0,3.0,0.0,,,,,,,2991.7619354838707,105.4347051078852,False,False,True,False,True,False,False
2018-01-01,2018,1,1,1,AMAZONAS,592.0,45.0,3.0,42.0,10705.0,4.0,29.0,,,,,,,2868.5722580645165,104.09439679195,False,False,True,False,True,False,False
2018-01-01,2018,1,1,1,ANTIOQUIA,12015.878,416.0,65.0,116.0,277642.0,5.0,75024.0,,,,,,,2868.5722580645165,104.09439679195,False,False,True,False,True,False,False
2018-01-01,2018,1,1,1,ARAUCA,28.0,17.0,3.0,14.0,5369.0,2.0,0.0,,,,,,,2868.5722580645165,104.09439679195,False,False,True,False,True,False,False
2018-01-01,2018,1,1,1,ATLANTICO,3156.522,118.0,13.0,77.0,89192.0,1.0,14284.0,,,,,,,2868.5722580645165,104.09439679195,False,False,True,False,True,False,False
2018-01-01,2018,1,1,1,BOGOTA D.C.,13392.461,152.0,1.0,152.0,736577.0,1.0,381177.0,,,,,,,2868.5722580645165,104.09439679195,False,False,True,False,True,False,False
2018-01-01,2018,1,1,1,BOLIVAR,10887.25,153.0,16.0,115.0,171462.0,1.0,40684.0,,,,,,,2868.5722580645165,104.09439679195,False,False,True,False,True,False,False
2018-01-01,2018,1,1,1,BOYACA,491.0,137.0,30.0,39.0,0.0,0.0,0.0,,,,,,,2868.5722580645165,104.09439679195,False,False,True,False,True,False,False
2018-01-01,2018,1,1,1,CALDAS,791.0,97.0,18.0,43.0,7854.0,1.0,381.0,,,,,,,2868.5722580645165,104.09439679195,False,False,True,False,True,False,False
2018-01-01,2018,1,1,1,CAQUETA,42.0,18.0,5.0,14.0,3781.0,2.0,13.0,,,,,,,2868.5722580645165,104.09439679195,False,False,True,False,True,False,False
2018-01-01,2018,1,1,1,CASANARE,70.0,28.0,5.0,21.0,12595.0,2.0,29.0,,,,,,,2868.5722580645165,104.09439679195,False,False,True,False,True,False,False
2018-01-01,2018,1,1,1,CAUCA,361.0,66.0,16.0,36.0,5585.0,2.0,104.0,,,,,,,2868.5722580645165,104.09439679195,False,False,True,False,True,False,False
2018-01-01,2018,1,1,1,CESAR,261.0,52.0,11.0,34.0,15269.0,2.0,284.0,,,,,,,2868.5722580645165,104.09439679195,False,False,True,False,True,False,False
2018-01-01,2018,1,1,1,CHOCO,305.0,50.0,7.0,32.0,14588.0,5.0,0.0,,,,,,,2868.5722580645165,104.09439679195,False,False,True,False,True,False,False
2018-01-01,2018,1,1,1,CORDOBA,207.0,53.0,12.0,30.0,35826.0,1.0,447.0,,,,,,,2868.5722580645165,104.09439679195,False,False,True,False,True,False,False
2018-01-01,2018,1,1,1,CUNDINAMARCA,1102.0,358.0,60.0,65.0,0.0,0.0,0.0,,,,,,,2868.5722580645165,104.09439679195,False,False,True,False,True,False,False
2018-01-01,2018,1,1,1,GUAINIA,23.0,10.0,3.0,8.0,2785.0,2.0,0.0,,,,,,,2868.5722580645165,104.09439679195,False,False,True,False,True,False,False
2018-01-01,2018,1,1,1,GUAVIARE,6.0,6.0,3.0,6.0,1293.0,2.0,0.0,,,,,,,2868.5722580645165,104.09439679195,False,False,True,False,True,False,False
2018-01-01,2018,1,1,1,HUILA,295.0,65.0,12.0,30.0,9511.0,2.0,304.0,,,,,,,2868.5722580645165,104.09439679195,False,False,True,False,True,False,False
2018-01-01,2018,1,1,1,LA GUAJIRA,196.0,60.0,9.0,32.0,6944.0,1.0,121.0,,,,,,,2868.5722580645165,104.09439679195,False,False,True,False,True,False,False
2018-01-01,2018,1,1,1,MAGDALENA,3224.0,92.0,10.0,65.0,77546.0,1.0,879.0,,,,,,,2868.5722580645165,104.09439679195,False,False,True,False,True,False,False
2018-01-01,2018,1,1,1,META,403.0,76.0,12.0,42.0,4064.0,2.0,48.0,,,,,,,2868.5722580645165,104.09439679195,False,False,True,False,True,False,False
2018-01-01,2018,1,1,1,NARINO,1740.0,112.0,14.0,56.0,18298.0,3.0,350.0,,,,,,,2868.5722580645165,104.09439679195,False,False,True,False,True,False,False
2018-01-01,2018,1,1,1,NORTE DE SANTANDER,1661.0,89.0,17.0,50.0,34393.0,1.0,2531.0,,,,,,,2868.5722580645165,104.09439679195,False,False,True,False,True,False,False
2018-01-01,2018,1,1,1,PUTUMAYO,218.0,52.0,10.0,29.0,4668.0,3.0,0.0,,,,,,,2868.5722580645165,104.09439679195,False,False,True,False,True,False,False
2018-01-01,2018,1,1,1,QUINDIO,928.0,105.0,11.0,45.0,9448.0,1.0,3110.0,,,,,,,2868.5722580645165,104.09439679195,False,False,True,False,True,False,False
2018-01-01,2018,1,1,1,RISARALDA,1906.0,108.0,11.0,60.0,60691.0,1.0,9197.0,,,,,,,2868.5722580645165,104.09439679195,False,False,True,False,True,False,False
2018-01-01,2018,1,1,1,"SAN ANDRES, PROVIDENCIA Y SANTA CATALINA",2961.714,69.0,2.0,48.0,88254.0,2.0,3933.0,,,,,,,2868.5722580645165,104.09439679195,False,False,True,False,True,False,False
2018-01-01,2018,1,1,1,SANTANDER,1518.0,156.0,23.0,58.0,57836.0,2.0,3800.0,,,,,,,2868.5722580645165,104.09439679195,False,False,True,False,True,False,False
2018-01-01,2018,1,1,1,SUCRE,135.0,48.0,10.0,26.0,3975.0,2.0,0.0,,,,,,,2868.5722580645165,104.09439679195,False,False,True,False,True,False,False
2018-01-01,2018,1,1,1,TOLIMA,445.0,78.0,15.0,39.0,4509.0,1.0,123.0,,,,,,,2868.5722580645165,104.09439679195,False,False,True,False,True,False,False
2018-01-01,2018,1,1,1,VALLE DEL CAUCA,9034.193,425.0,38.0,98.0,134086.0,2.0,40850.0,,,,,,,2868.5722580645165,104.09439679195,False,False,True,False,True,False,False
2018-01-01,2018,1,1,1,VAUPES,0.0,0.0,0.0,0.0,1711.0,4.0,0.0,,,,,,,2868.5722580645165,104.09439679195,False,False,True,False,True,False,False
2018-01-01,2018,1,1,1,VICHADA,32.0,17.0,1.0,17.0,2009.0,2.0,0.0,,,,,,,2868.5722580645165,104.09439679195,False,False,True,False,True,False,False
2018-02-01,2018,2,1,1,AMAZONAS,513.0,46.0,2.0,44.0,8967.0,4.0,29.0,,,,,,,2860.252857142857,105.02472755256905,False,False,True,False,True,False,False
2018-02-01,2018,2,1,1,ANTIOQUIA,11780.241,393.0,63.0,112.0,252393.0,5.0,55835.0,,,,,,,2860.252857142857,105.02472755256905,False,False,True,False,True,False,False
2018-02-01,2018,2,1,1,ARAUCA,27.0,13.0,5.0,9.0,5015.0,2.0,0.0,,,,,,,2860.252857142857,105.02472755256905,False,False,True,False,True,False,False
2018-02-01,2018,2,1,1,ATLANTICO,4233.55,148.0,14.0,84.0,72886.0,1.0,12398.0,,,,,,,2860.252857142857,105.02472755256905,False,False,True,False,True,False,False
2018-02-01,2018,2,1,1,BOGOTA D.C.,12403.153,153.0,1.0,153.0,623720.0,1.0,298362.0,,,,,,,2860.252857142857,105.02472755256905,False,False,True,False,True,False,False
2018-02-01,2018,2,1,1,BOLIVAR,9845.062,162.0,15.0,117.0,145550.0,1.0,40746.0,,,,,,,2860.252857142857,105.02472755256905,False,False,True,False,True,False,False
2018-02-01,2018,2,1,1,BOYACA,382.0,127.0,26.0,39.0,0.0,0.0,0.0,,,,,,,2860.252857142857,105.02472755256905,False,False,True,False,True,False,False
2018-02-01,2018,2,1,1,CALDAS,550.0,88.0,15.0,38.0,8626.0,1.0,311.0,,,,,,,2860.252857142857,105.02472755256905,False,False,True,False,True,False,False
2018-02-01,2018,2,1,1,CAQUETA,25.0,14.0,3.0,13.0,4020.0,2.0,10.0,,,,,,,2860.252857142857,105.02472755256905,False,False,True,False,True,False,False
2018-02-01,2018,2,1,1,CASANARE,80.0,26.0,6.0,16.0,13218.0,2.0,32.0,,,,,,,2860.252857142857,105.02472755256905,False,False,True,False,True,False,False
2018-02-01,2018,2,1,1,CAUCA,273.0,47.0,11.0,29.0,6015.0,2.0,87.0,,,,,,,2860.252857142857,105.02472755256905,False,False,True,False,True,False,False
2018-02-01,2018,2,1,1,CESAR,153.0,35.0,6.0,25.0,14909.0,1.0,172.0,,,,,,,2860.252857142857,105.02472755256905,False,False,True,False,True,False,False
2018-02-01,2018,2,1,1,CHOCO,226.0,40.0,8.0,28.0,13838.0,5.0,0.0,,,,,,,2860.252857142857,105.02472755256905,False,False,True,False,True,False,False
2018-02-01,2018,2,1,1,CORDOBA,197.0,51.0,10.0,29.0,30644.0,1.0,212.0,,,,,,,2860.252857142857,105.02472755256905,False,False,True,False,True,False,False
2018-02-01,2018,2,1,1,CUNDINAMARCA,927.0,319.0,58.0,50.0,0.0,0.0,0.0,,,,,,,2860.252857142857,105.02472755256905,False,False,True,False,True,False,False
2018-02-01,2018,2,1,1,GUAINIA,15.0,5.0,2.0,5.0,2253.0,2.0,0.0,,,,,,,2860.252857142857,105.02472755256905,False,False,True,False,True,False,False
2018-02-01,2018,2,1,1,GUAVIARE,3.0,3.0,1.0,3.0,1074.0,2.0,0.0,,,,,,,2860.252857142857,105.02472755256905,False,False,True,False,True,False,False
2018-02-01,2018,2,1,1,HUILA,296.0,64.0,13.0,29.0,11094.0,2.0,134.0,,,,,,,2860.252857142857,105.02472755256905,False,False,True,False,True,False,False
2018-02-01,2018,2,1,1,LA GUAJIRA,173.0,58.0,9.0,29.0,5792.0,1.0,65.0,,,,,,,2860.252857142857,105.02472755256905,False,False,True,False,True,False,False
2018-02-01,2018,2,1,1,MAGDALENA,3009.0,98.0,15.0,67.0,59470.0,1.0,764.0,,,,,,,2860.252857142857,105.02472755256905,False,False,True,False,True,False,False
2018-02-01,2018,2,1,1,META,298.0,55.0,14.0,29.0,4505.0,2.0,34.0,,,,,,,2860.252857142857,105.02472755256905,False,False,True,False,True,False,False
2018-02-01,2018,2,1,1,NARINO,1609.0,92.0,14.0,49.0,16273.0,3.0,203.0,,,,,,,2860.252857142857,105.02472755256905,False,False,True,False,True,False,False
2018-02-01,2018,2,1,1,NORTE DE SANTANDER,952.0,71.0,10.0,46.0,30098.0,1.0,1482.0,,,,,,,2860.252857142857,105.02472755256905,False,False,True,False,True,False,False
2018-02-01,2018,2,1,1,PUTUMAYO,164.0,36.0,9.0,23.0,4580.0,3.0,0.0,,,,,,,2860.252857142857,105.02472755256905,False,False,True,False,True,False,False
2018-02-01,2018,2,1,1,QUINDIO,1046.0,107.0,11.0,47.0,11510.0,1.0,2513.0,,,,,,,2860.252857142857,105.02472755256905,False,False,True,False,True,False,False
2018-02-01,2018,2,1,1,RISARALDA,2048.0,105.0,12.0,54.0,56988.0,1.0,6405.0,,,,,,,2860.252857142857,105.02472755256905,False,False,True,False,True,False,False
2018-02-01,2018,2,1,1,"SAN ANDRES, PROVIDENCIA Y SANTA CATALINA",2309.2,80.0,2.0,53.0,75710.0,2.0,4598.0,,,,,,,2860.252857142857,105.02472755256905,False,False,True,False,True,False,False
2018-02-01,2018,2,1,1,SANTANDER,1396.0,156.0,19.0,54.0,58485.0,2.0,2620.0,,,,,,,2860.252857142857,105.02472755256905,False,False,True,False,True,False,False
2018-02-01,2018,2,1,1,SUCRE,65.0,31.0,10.0,21.0,3192.0,2.0,0.0,,,,,,,2860.252857142857,105.02472755256905,False,False,True,False,True,False,False
2018-02-01,2018,2,1,1,TOLIMA,305.0,72.0,14.0,40.0,4652.0,1.0,104.0,,,,,,,2860.252857142857,105.02472755256905,False,False,True,False,True,False,False
2018-02-01,2018,2,1,1,VALLE DEL CAUCA,8198.56,398.0,37.0,98.0,122490.0,3.0,33981.0,,,,,,,2860.252857142857,105.02472755256905,False,False,True,False,True,False,False
2018-02-01,2018,2,1,1,VAUPES,1.0,1.0,1.0,1.0,1324.0,4.0,0.0,,,,,,,2860.252857142857,105.02472755256905,False,False,True,False,True,False,False
2018-02-01,2018,2,1,1,VICHADA,13.0,7.0,1.0,7.0,1642.0,3.0,0.0,,,,,,,2860.252857142857,105.02472755256905,False,False,True,False,True,False,False
2018-03-01,2018,3,1,1,AMAZONAS,503.0,44.0,4.0,38.0,10371.0,4.0,37.0,,,,,,,2847.9306451612906,105.80990798872627,False,False,True,False,True,False,False
2018-03-01,2018,3,1,1,ANTIOQUIA,12031.968,464.0,65.0,141.0,270199.0,5.0,64337.0,,,,,,,2847.9306451612906,105.80990798872627,False,False,True,False,True,False,False
2018-03-01,2018,3,1,1,ARAUCA,43.0,17.0,3.0,14.0,5254.0,2.0,0.0,,,,,,,2847.9306451612906,105.80990798872627,False,False,True,False,True,False,False
2018-03-01,2018,3,1,1,ATLANTICO,3148.27,124.0,16.0,82.0,78690.0,1.0,12234.0,,,,,,,2847.9306451612906,105.80990798872627,False,False,True,False,True,False,False
2018-03-01,2018,3,1,1,BOGOTA D.C.,13585.32,163.0,1.0,163.0,671698.0,1.0,344829.0,,,,,,,2847.9306451612906,105.80990798872627,False,False,True,False,True,False,False
2018-03-01,2018,3,1,1,BOLIVAR,10329.923,177.0,18.0,125.0,172002.0,1.0,43456.0,,,,,,,2847.9306451612906,105.80990798872627,False,False,True,False,True,False,False
2018-03-01,2018,3,1,1,BOYACA,404.0,124.0,36.0,38.0,0.0,0.0,0.0,,,,,,,2847.9306451612906,105.80990798872627,False,False,True,False,True,False,False
2018-03-01,2018,3,1,1,CALDAS,853.0,93.0,18.0,44.0,8616.0,1.0,320.0,,,,,,,2847.9306451612906,105.80990798872627,False,False,True,False,True,False,False
2018-03-01,2018,3,1,1,CAQUETA,29.0,11.0,2.0,10.0,4153.0,2.0,43.0,,,,,,,2847.9306451612906,105.80990798872627,False,False,True,False,True,False,False
2018-03-01,2018,3,1,1,CASANARE,56.0,23.0,7.0,16.0,13340.0,2.0,39.0,,,,,,,2847.9306451612906,105.80990798872627,False,False,True,False,True,False,False
2018-03-01,2018,3,1,1,CAUCA,398.0,60.0,14.0,37.0,5605.0,2.0,89.0,,,,,,,2847.9306451612906,105.80990798872627,False,False,True,False,True,False,False
2018-03-01,2018,3,1,1,CESAR,170.0,38.0,9.0,27.0,16200.0,1.0,213.0,,,,,,,2847.9306451612906,105.80990798872627,False,False,True,False,True,False,False
2018-03-01,2018,3,1,1,CHOCO,313.0,50.0,6.0,32.0,14894.0,5.0,0.0,,,,,,,2847.9306451612906,105.80990798872627,False,False,True,False,True,False,False
2018-03-01,2018,3,1,1,CORDOBA,202.0,54.0,12.0,29.0,33581.0,1.0,294.0,,,,,,,2847.9306451612906,105.80990798872627,False,False,True,False,True,False,False
2018-03-01,2018,3,1,1,CUNDINAMARCA,1181.0,331.0,58.0,50.0,0.0,0.0,0.0,,,,,,,2847.9306451612906,105.80990798872627,False,False,True,False,True,False,False
2018-03-01,2018,3,1,1,GUAINIA,23.0,9.0,3.0,6.0,2389.0,2.0,0.0,,,,,,,2847.9306451612906,105.80990798872627,False,False,True,False,True,False,False
2018-03-01,2018,3,1,1,GUAVIARE,1.0,1.0,1.0,1.0,1370.0,2.0,0.0,,,,,,,2847.9306451612906,105.80990798872627,False,False,True,False,True,False,False
2018-03-01,2018,3,1,1,HUILA,280.0,55.0,11.0,30.0,11868.0,2.0,215.0,,,,,,,2847.9306451612906,105.80990798872627,False,False,True,False,True,False,False
2018-03-01,2018,3,1,1,LA GUAJIRA,188.0,59.0,9.0,31.0,6534.0,1.0,77.0,,,,,,,2847.9306451612906,105.80990798872627,False,False,True,False,True,False,False
2018-03-01,2018,3,1,1,MAGDALENA,3183.0,102.0,13.0,68.0,69523.0,1.0,819.0,,,,,,,2847.9306451612906,105.80990798872627,False,False,True,False,True,False,False
2018-03-01,2018,3,1,1,META,327.0,60.0,15.0,34.0,4347.0,2.0,41.0,,,,,,,2847.9306451612906,105.80990798872627,False,False,True,False,True,False,False
2018-03-01,2018,3,1,1,NARINO,1468.0,104.0,17.0,52.0,18516.0,3.0,225.0,,,,,,,2847.9306451612906,105.80990798872627,False,False,True,False,True,False,False
2018-03-01,2018,3,1,1,NORTE DE SANTANDER,996.0,86.0,14.0,47.0,30609.0,1.0,1637.0,,,,,,,2847.9306451612906,105.80990798872627,False,False,True,False,True,False,False
2018-03-01,2018,3,1,1,PUTUMAYO,176.0,35.0,10.0,18.0,4812.0,3.0,0.0,,,,,,,2847.9306451612906,105.80990798872627,False,False,True,False,True,False,False
2018-03-01,2018,3,1,1,QUINDIO,1152.0,105.0,11.0,41.0,13371.0,1.0,2799.0,,,,,,,2847.9306451612906,105.80990798872627,False,False,True,False,True,False,False
2018-03-01,2018,3,1,1,RISARALDA,1949.0,119.0,14.0,58.0,64031.0,1.0,7566.0,,,,,,,2847.9306451612906,105.80990798872627,False,False,True,False,True,False,False
2018-03-01,2018,3,1,1,"SAN ANDRES, PROVIDENCIA Y SANTA CATALINA",2817.285,80.0,2.0,55.0,78935.0,2.0,4852.0,,,,,,,2847.9306451612906,105.80990798872627,False,False,True,False,True,False,False
2018-03-01,2018,3,1,1,SANTANDER,1633.0,160.0,21.0,62.0,61180.0,2.0,3337.0,,,,,,,2847.9306451612906,105.80990798872627,False,False,True,False,True,False,False
2018-03-01,2018,3,1,1,SUCRE,134.0,46.0,11.0,32.0,3736.0,2.0,0.0,,,,,,,2847.9306451612906,105.80990798872627,False,False,True,False,True,False,False
2018-03-01,2018,3,1,1,TOLIMA,408.0,72.0,18.0,34.0,4789.0,1.0,144.0,,,,,,,2847.9306451612906,105.80990798872627,False,False,True,False,True,False,False
2018-03-01,2018,3,1,1,VALLE DEL CAUCA,7984.473,371.0,36.0,100.0,133024.0,2.0,38899.0,,,,,,,2847.9306451612906,105.80990798872627,False,False,True,False,True,False,False
2018-03-01,2018,3,1,1,VAUPES,1.0,1.0,1.0,1.0,1352.0,3.0,0.0,,,,,,,2847.9306451612906,105.80990798872627,False,False,True,False,True,False,False
2018-03-01,2018,3,1,1,VICHADA,23.0,11.0,3.0,10.0,1699.0,3.0,0.0,,,,,,,2847.9306451612906,105.80990798872627,False,False,True,False,True,False,False
2018-04-01,2018,4,2,1,AMAZONAS,522.0,41.0,3.0,39.0,9340.0,4.0,28.0,,,,,,,2766.2850000000003,105.03599280262645,False,False,True,False,True,False,False
2018-04-01,2018,4,2,1,ANTIOQUIA,12173.681,379.0,58.0,110.0,272851.0,5.0,65914.0,,,,,,,2766.2850000000003,105.03599280262645,False,False,True,False,True,False,False
2018-04-01,2018,4,2,1,ARAUCA,40.0,15.0,4.0,12.0,5793.0,2.0,0.0,,,,,,,2766.2850000000003,105.03599280262645,False,False,True,False,True,False,False
2018-04-01,2018,4,2,1,ATLANTICO,2710.625,118.0,10.0,84.0,85308.0,1.0,11161.0,,,,,,,2766.2850000000003,105.03599280262645,False,False,True,False,True,False,False
2018-04-01,2018,4,2,1,BOGOTA D.C.,12548.828,155.0,1.0,155.0,695697.0,1.0,343007.0,,,,,,,2766.2850000000003,105.03599280262645,False,False,True,False,True,False,False
2018-04-01,2018,4,2,1,BOLIVAR,10594.633,162.0,16.0,114.0,156027.0,1.0,38670.0,,,,,,,2766.2850000000003,105.03599280262645,False,False,True,False,True,False,False
2018-04-01,2018,4,2,1,BOYACA,344.0,118.0,25.0,35.0,0.0,0.0,0.0,,,,,,,2766.2850000000003,105.03599280262645,False,False,True,False,True,False,False
2018-04-01,2018,4,2,1,CALDAS,527.0,74.0,16.0,34.0,7814.0,1.0,289.0,,,,,,,2766.2850000000003,105.03599280262645,False,False,True,False,True,False,False
2018-04-01,2018,4,2,1,CAQUETA,27.0,17.0,3.0,16.0,4513.0,2.0,9.0,,,,,,,2766.2850000000003,105.03599280262645,False,False,True,False,True,False,False
2018-04-01,2018,4,2,1,CASANARE,45.0,17.0,3.0,15.0,12883.0,2.0,35.0,,,,,,,2766.2850000000003,105.03599280262645,False,False,True,False,True,False,False
2018-04-01,2018,4,2,1,CAUCA,284.0,49.0,13.0,30.0,5740.0,2.0,101.0,,,,,,,2766.2850000000003,105.03599280262645,False,False,True,False,True,False,False
2018-04-01,2018,4,2,1,CESAR,441.0,40.0,6.0,29.0,17265.0,1.0,299.0,,,,,,,2766.2850000000003,105.03599280262645,False,False,True,False,True,False,False
2018-04-01,2018,4,2,1,CHOCO,241.0,40.0,7.0,26.0,15272.0,4.0,0.0,,,,,,,2766.2850000000003,105.03599280262645,False,False,True,False,True,False,False
2018-04-01,2018,4,2,1,CORDOBA,197.0,46.0,10.0,25.0,33589.0,1.0,311.0,,,,,,,2766.2850000000003,105.03599280262645,False,False,True,False,True,False,False
2018-04-01,2018,4,2,1,CUNDINAMARCA,1082.0,338.0,61.0,49.0,0.0,0.0,0.0,,,,,,,2766.2850000000003,105.03599280262645,False,False,True,False,True,False,False
2018-04-01,2018,4,2,1,GUAINIA,14.0,3.0,1.0,3.0,2375.0,2.0,0.0,,,,,,,2766.2850000000003,105.03599280262645,False,False,True,False,True,False,False
2018-04-01,2018,4,2,1,GUAVIARE,3.0,3.0,1.0,3.0,1323.0,2.0,0.0,,,,,,,2766.2850000000003,105.03599280262645,False,False,True,False,True,False,False
2018-04-01,2018,4,2,1,HUILA,254.0,54.0,13.0,28.0,11563.0,2.0,165.0,,,,,,,2766.2850000000003,105.03599280262645,False,False,True,False,True,False,False
2018-04-01,2018,4,2,1,LA GUAJIRA,156.0,60.0,9.0,32.0,6837.0,1.0,90.0,,,,,,,2766.2850000000003,105.03599280262645,False,False,True,False,True,False,False
2018-04-01,2018,4,2,1,MAGDALENA,2670.0,92.0,11.0,58.0,65287.0,1.0,983.0,,,,,,,2766.2850000000003,105.03599280262645,False,False,True,False,True,False,False
2018-04-01,2018,4,2,1,META,289.0,57.0,12.0,35.0,4110.0,2.0,45.0,,,,,,,2766.2850000000003,105.03599280262645,False,False,True,False,True,False,False
2018-04-01,2018,4,2,1,NARINO,1238.0,85.0,14.0,42.0,18853.0,3.0,312.0,,,,,,,2766.2850000000003,105.03599280262645,False,False,True,False,True,False,False
2018-04-01,2018,4,2,1,NORTE DE SANTANDER,1016.0,72.0,11.0,47.0,31110.0,1.0,1763.0,,,,,,,2766.2850000000003,105.03599280262645,False,False,True,False,True,False,False
2018-04-01,2018,4,2,1,PUTUMAYO,129.0,33.0,8.0,22.0,5118.0,3.0,0.0,,,,,,,2766.2850000000003,105.03599280262645,False,False,True,False,True,False,False
2018-04-01,2018,4,2,1,QUINDIO,837.0,113.0,10.0,47.0,11949.0,1.0,2806.0,,,,,,,2766.2850000000003,105.03599280262645,False,False,True,False,True,False,False
2018-04-01,2018,4,2,1,RISARALDA,1834.0,110.0,13.0,52.0,57273.0,1.0,7118.0,,,,,,,2766.2850000000003,105.03599280262645,False,False,True,False,True,False,False
2018-04-01,2018,4,2,1,"SAN ANDRES, PROVIDENCIA Y SANTA CATALINA",1650.324,74.0,2.0,48.0,71187.0,2.0,3943.0,,,,,,,2766.2850000000003,105.03599280262645,False,False,True,False,True,False,False
2018-04-01,2018,4,2,1,SANTANDER,1273.0,148.0,21.0,59.0,61503.0,2.0,3095.0,,,,,,,2766.2850000000003,105.03599280262645,False,False,True,False,True,False,False
2018-04-01,2018,4,2,1,SUCRE,60.0,26.0,7.0,19.0,3351.0,2.0,0.0,,,,,,,2766.2850000000003,105.03599280262645,False,False,True,False,True,False,False
2018-04-01,2018,4,2,1,TOLIMA,276.0,62.0,16.0,32.0,4808.0,1.0,150.0,,,,,,,2766.2850000000003,105.03599280262645,False,False,True,False,True,False,False
2018-04-01,2018,4,2,1,VALLE DEL CAUCA,6780.606,351.0,38.0,104.0,141662.0,2.0,36101.0,,,,,,,2766.2850000000003,105.03599280262645,False,False,True,False,True,False,False
2018-04-01,2018,4,2,1,VAUPES,1.0,1.0,1.0,1.0,1524.0,4.0,0.0,,,,,,,2766.2850000000003,105.03599280262645,False,False,True,False,True,False,False
2018-04-01,2018,4,2,1,VICHADA,9.0,8.0,2.0,8.0,1585.0,3.0,0.0,,,,,,,2766.2850000000003,105.03599280262645,False,False,True,False,True,False,False
2018-05-01,2018,5,2,1,AMAZONAS,461.0,45.0,4.0,41.0,9599.0,4.0,32.0,,,,,,,2861.825806451613,105.59608997553799,False,False,True,False,True,False,False
2018-05-01,2018,5,2,1,ANTIOQUIA,10437.678,400.0,66.0,120.0,284101.0,5.0,68641.0,,,,,,,2861.825806451613,105.59608997553799,False,False,True,False,True,False,False
2018-05-01,2018,5,2,1,ARAUCA,25.0,15.0,4.0,12.0,6425.0,2.0,0.0,,,,,,,2861.825806451613,105.59608997553799,False,False,True,False,True,False,False
2018-05-01,2018,5,2,1,ATLANTICO,2598.888,110.0,13.0,77.0,81811.0,1.0,11857.0,,,,,,,2861.825806451613,105.59608997553799,False,False,True,False,True,False,False
2018-05-01,2018,5,2,1,BOGOTA D.C.,12255.715,153.0,1.0,153.0,681204.0,1.0,348320.0,,,,,,,2861.825806451613,105.59608997553799,False,False,True,False,True,False,False
2018-05-01,2018,5,2,1,BOLIVAR,9439.528,161.0,16.0,128.0,150098.0,1.0,35581.0,,,,,,,2861.825806451613,105.59608997553799,False,False,True,False,True,False,False
2018-05-01,2018,5,2,1,BOYACA,447.0,107.0,29.0,33.0,0.0,0.0,0.0,,,,,,,2861.825806451613,105.59608997553799,False,False,True,False,True,False,False
2018-05-01,2018,5,2,1,CALDAS,609.0,79.0,17.0,39.0,8244.0,1.0,434.0,,,,,,,2861.825806451613,105.59608997553799,False,False,True,False,True,False,False
2018-05-01,2018,5,2,1,CAQUETA,31.0,11.0,1.0,11.0,4653.0,2.0,8.0,,,,,,,2861.825806451613,105.59608997553799,False,False,True,False,True,False,False
2018-05-01,2018,5,2,1,CASANARE,33.0,17.0,3.0,15.0,13573.0,2.0,23.0,,,,,,,2861.825806451613,105.59608997553799,False,False,True,False,True,False,False
2018-05-01,2018,5,2,1,CAUCA,314.0,70.0,20.0,40.0,5907.0,2.0,65.0,,,,,,,2861.825806451613,105.59608997553799,False,False,True,False,True,False,False
2018-05-01,2018,5,2,1,CESAR,158.0,44.0,11.0,27.0,15721.0,2.0,256.0,,,,,,,2861.825806451613,105.59608997553799,False,False,True,False,True,False,False
2018-05-01,2018,5,2,1,CHOCO,273.0,48.0,8.0,32.0,15350.0,4.0,0.0,,,,,,,2861.825806451613,105.59608997553799,False,False,True,False,True,False,False
2018-05-01,2018,5,2,1,CORDOBA,273.0,52.0,11.0,28.0,34752.0,1.0,416.0,,,,,,,2861.825806451613,105.59608997553799,False,False,True,False,True,False,False
2018-05-01,2018,5,2,1,CUNDINAMARCA,998.0,305.0,61.0,50.0,0.0,0.0,0.0,,,,,,,2861.825806451613,105.59608997553799,False,False,True,False,True,False,False
2018-05-01,2018,5,2,1,GUAINIA,12.0,3.0,2.0,3.0,2360.0,2.0,0.0,,,,,,,2861.825806451613,105.59608997553799,False,False,True,False,True,False,False
2018-05-01,2018,5,2,1,GUAVIARE,1.0,1.0,1.0,1.0,1428.0,2.0,0.0,,,,,,,2861.825806451613,105.59608997553799,False,False,True,False,True,False,False
2018-05-01,2018,5,2,1,HUILA,350.0,71.0,15.0,36.0,12350.0,2.0,224.0,,,,,,,2861.825806451613,105.59608997553799,False,False,True,False,True,False,False
2018-05-01,2018,5,2,1,LA GUAJIRA,149.0,57.0,6.0,29.0,6205.0,1.0,61.0,,,,,,,2861.825806451613,105.59608997553799,False,False,True,False,True,False,False
2018-05-01,2018,5,2,1,MAGDALENA,2233.0,81.0,9.0,61.0,65808.0,1.0,695.0,,,,,,,2861.825806451613,105.59608997553799,False,False,True,False,True,False,False
2018-05-01,2018,5,2,1,META,321.0,64.0,11.0,34.0,4352.0,2.0,54.0,,,,,,,2861.825806451613,105.59608997553799,False,False,True,False,True,False,False
2018-05-01,2018,5,2,1,NARINO,1050.0,86.0,11.0,46.0,18576.0,3.0,268.0,,,,,,,2861.825806451613,105.59608997553799,False,False,True,False,True,False,False
2018-05-01,2018,5,2,1,NORTE DE SANTANDER,792.0,64.0,11.0,40.0,31454.0,1.0,1763.0,,,,,,,2861.825806451613,105.59608997553799,False,False,True,False,True,False,False
2018-05-01,2018,5,2,1,PUTUMAYO,128.0,27.0,7.0,16.0,5091.0,3.0,0.0,,,,,,,2861.825806451613,105.59608997553799,False,False,True,False,True,False,False
2018-05-01,2018,5,2,1,QUINDIO,1025.0,108.0,10.0,48.0,12200.0,1.0,3417.0,,,,,,,2861.825806451613,105.59608997553799,False,False,True,False,True,False,False
2018-05-01,2018,5,2,1,RISARALDA,1824.0,100.0,12.0,54.0,59992.0,1.0,8095.0,,,,,,,2861.825806451613,105.59608997553799,False,False,True,False,True,False,False
2018-05-01,2018,5,2,1,"SAN ANDRES, PROVIDENCIA Y SANTA CATALINA",1752.69,71.0,2.0,46.0,69470.0,2.0,3453.0,,,,,,,2861.825806451613,105.59608997553799,False,False,True,False,True,False,False
2018-05-01,2018,5,2,1,SANTANDER,1172.0,148.0,22.0,61.0,65006.0,2.0,3337.0,,,,,,,2861.825806451613,105.59608997553799,False,False,True,False,True,False,False
2018-05-01,2018,5,2,1,SUCRE,88.0,30.0,8.0,21.0,3722.0,2.0,0.0,,,,,,,2861.825806451613,105.59608997553799,False,False,True,False,True,False,False
2018-05-01,2018,5,2,1,TOLIMA,382.0,76.0,21.0,38.0,4922.0,1.0,146.0,,,,,,,2861.825806451613,105.59608997553799,False,False,True,False,True,False,False
2018-05-01,2018,5,2,1,VALLE DEL CAUCA,7269.425,382.0,38.0,108.0,143624.0,2.0,37808.0,,,,,,,2861.825806451613,105.59608997553799,False,False,True,False,True,False,False
2018-05-01,2018,5,2,1,VAUPES,2.0,2.0,2.0,2.0,1461.0,4.0,0.0,,,,,,,2861.825806451613,105.59608997553799,False,False,True,False,True,False,False
2018-05-01,2018,5,2,1,VICHADA,6.0,5.0,2.0,5.0,1651.0,3.0,0.0,,,,,,,2861.825806451613,105.59608997553799,False,False,True,False,True,False,False
2018-06-01,2018,6,2,1,AMAZONAS,538.0,49.0,2.0,46.0,10482.0,4.0,75.0,,,,,,,2889.689,106.21530166184327,False,False,True,False,True,False,False
2018-06-01,2018,6,2,1,ANTIOQUIA,10662.155999999999,436.0,74.0,113.0,280767.0,5.0,74665.0,,,,,,,2889.689,106.21530166184327,False,False,True,False,True,False,False
2018-06-01,2018,6,2,1,ARAUCA,43.0,20.0,4.0,17.0,5714.0,2.0,0.0,,,,,,,2889.689,106.21530166184327,False,False,True,False,True,False,False
2018-06-01,2018,6,2,1,ATLANTICO,2356.071,125.0,19.0,83.0,91371.0,1.0,13213.0,,,,,,,2889.689,106.21530166184327,False,False,True,False,True,False,False
2018-06-01,2018,6,2,1,BOGOTA D.C.,14314.151,170.0,1.0,170.0,696280.0,1.0,364701.0,,,,,,,2889.689,106.21530166184327,False,False,True,False,True,False,False
2018-06-01,2018,6,2,1,BOLIVAR,8303.278,150.0,14.0,119.0,170539.0,1.0,37731.0,,,,,,,2889.689,106.21530166184327,False,False,True,False,True,False,False
2018-06-01,2018,6,2,1,BOYACA,438.0,145.0,29.0,43.0,0.0,0.0,0.0,,,,,,,2889.689,106.21530166184327,False,False,True,False,True,False,False
2018-06-01,2018,6,2,1,CALDAS,947.0,100.0,22.0,43.0,8579.0,1.0,484.0,,,,,,,2889.689,106.21530166184327,False,False,True,False,True,False,False
2018-06-01,2018,6,2,1,CAQUETA,42.0,19.0,3.0,17.0,4795.0,2.0,5.0,,,,,,,2889.689,106.21530166184327,False,False,True,False,True,False,False
2018-06-01,2018,6,2,1,CASANARE,67.0,18.0,5.0,15.0,12472.0,2.0,45.0,,,,,,,2889.689,106.21530166184327,False,False,True,False,True,False,False
2018-06-01,2018,6,2,1,CAUCA,400.0,72.0,16.0,35.0,5483.0,2.0,103.0,,,,,,,2889.689,106.21530166184327,False,False,True,False,True,False,False
2018-06-01,2018,6,2,1,CESAR,205.0,49.0,12.0,30.0,15695.0,2.0,243.0,,,,,,,2889.689,106.21530166184327,False,False,True,False,True,False,False
2018-06-01,2018,6,2,1,CHOCO,238.0,43.0,6.0,29.0,15769.0,4.0,0.0,,,,,,,2889.689,106.21530166184327,False,False,True,False,True,False,False
2018-06-01,2018,6,2,1,CORDOBA,352.0,62.0,14.0,30.0,38861.0,1.0,429.0,,,,,,,2889.689,106.21530166184327,False,False,True,False,True,False,False
2018-06-01,2018,6,2,1,CUNDINAMARCA,1261.0,331.0,68.0,51.0,0.0,0.0,0.0,,,,,,,2889.689,106.21530166184327,False,False,True,False,True,False,False
2018-06-01,2018,6,2,1,GUAINIA,7.0,3.0,2.0,3.0,2300.0,2.0,0.0,,,,,,,2889.689,106.21530166184327,False,False,True,False,True,False,False
2018-06-01,2018,6,2,1,GUAVIARE,2.0,2.0,1.0,2.0,1455.0,2.0,0.0,,,,,,,2889.689,106.21530166184327,False,False,True,False,True,False,False
2018-06-01,2018,6,2,1,HUILA,619.0,92.0,18.0,38.0,11966.0,2.0,397.0,,,,,,,2889.689,106.21530166184327,False,False,True,False,True,False,False
2018-06-01,2018,6,2,1,LA GUAJIRA,181.0,56.0,8.0,29.0,6781.0,1.0,77.0,,,,,,,2889.689,106.21530166184327,False,False,True,False,True,False,False
2018-06-01,2018,6,2,1,MAGDALENA,2103.0,85.0,12.0,62.0,79938.0,1.0,875.0,,,,,,,2889.689,106.21530166184327,False,False,True,False,True,False,False
2018-06-01,2018,6,2,1,META,466.0,60.0,13.0,32.0,4349.0,2.0,42.0,,,,,,,2889.689,106.21530166184327,False,False,True,False,True,False,False
2018-06-01,2018,6,2,1,NARINO,1063.0,92.0,14.0,46.0,19186.0,3.0,313.0,,,,,,,2889.689,106.21530166184327,False,False,True,False,True,False,False
2018-06-01,2018,6,2,1,NORTE DE SANTANDER,942.0,87.0,13.0,47.0,33397.0,2.0,1766.0,,,,,,,2889.689,106.21530166184327,False,False,True,False,True,False,False
2018-06-01,2018,6,2,1,PUTUMAYO,114.0,37.0,11.0,17.0,5237.0,3.0,0.0,,,,,,,2889.689,106.21530166184327,False,False,True,False,True,False,False
2018-06-01,2018,6,2,1,QUINDIO,1382.0,120.0,10.0,49.0,12578.0,1.0,4064.0,,,,,,,2889.689,106.21530166184327,False,False,True,False,True,False,False
2018-06-01,2018,6,2,1,RISARALDA,1516.188,116.0,13.0,57.0,60690.0,1.0,9542.0,,,,,,,2889.689,106.21530166184327,False,False,True,False,True,False,False
2018-06-01,2018,6,2,1,"SAN ANDRES, PROVIDENCIA Y SANTA CATALINA",2391.39,71.0,2.0,47.0,76043.0,2.0,3486.0,,,,,,,2889.689,106.21530166184327,False,False,True,False,True,False,False
2018-06-01,2018,6,2,1,SANTANDER,1876.0,169.0,23.0,58.0,65109.0,2.0,3971.0,,,,,,,2889.689,106.21530166184327,False,False,True,False,True,False,False
2018-06-01,2018,6,2,1,SUCRE,126.0,41.0,9.0,25.0,4319.0,2.0,0.0,,,,,,,2889.689,106.21530166184327,False,False,True,False,True,False,False
2018-06-01,2018,6,2,1,TOLIMA,789.0,91.0,22.0,43.0,4825.0,1.0,257.0,,,,,,,2889.689,106.21530166184327,False,False,True,False,True,False,False
2018-06-01,2018,6,2,1,VALLE DEL CAUCA,7648.452,412.0,41.0,100.0,142631.0,2.0,41145.0,,,,,,,2889.689,106.21530166184327,False,False,True,False,True,False,False
2018-06-01,2018,6,2,1,VAUPES,1.0,1.0,1.0,1.0,1449.0,4.0,0.0,,,,,,,2889.689,106.21530166184327,False,False,True,False,True,False,False
2018-06-01,2018,6,2,1,VICHADA,11.0,6.0,3.0,4.0,1428.0,2.0,0.0,,,,,,,2889.689,106.21530166184327,False,False,True,False,True,False,False
2018-07-01,2018,7,3,2,AMAZONAS,821.0,46.0,3.0,39.0,11599.0,4.0,90.0,,,,,,,2885.3219354838707,105.99133102400612,False,False,True,False,True,False,False
2018-07-01,2018,7,3,2,ANTIOQUIA,11743.841,479.0,72.0,120.0,321543.0,5.0,83567.0,,,,,,,2885.3219354838707,105.99133102400612,False,False,True,False,True,False,False
2018-07-01,2018,7,3,2,ARAUCA,26.0,16.0,6.0,10.0,5684.0,2.0,0.0,,,,,,,2885.3219354838707,105.99133102400612,False,False,True,False,True,False,False
2018-07-01,2018,7,3,2,ATLANTICO,7515.602,146.0,15.0,92.0,97645.0,1.0,18726.0,,,,,,,2885.3219354838707,105.99133102400612,False,False,True,False,True,False,False
2018-07-01,2018,7,3,2,BOGOTA D.C.,11257.318,162.0,1.0,162.0,738864.0,1.0,435058.0,,,,,,,2885.3219354838707,105.99133102400612,False,False,True,False,True,False,False
2018-07-01,2018,7,3,2,BOLIVAR,9552.658,144.0,15.0,114.0,196486.0,1.0,43866.0,,,,,,,2885.3219354838707,105.99133102400612,False,False,True,False,True,False,False
2018-07-01,2018,7,3,2,BOYACA,614.0,146.0,35.0,43.0,0.0,0.0,0.0,,,,,,,2885.3219354838707,105.99133102400612,False,False,True,False,True,False,False
2018-07-01,2018,7,3,2,CALDAS,1145.0,111.0,19.0,51.0,8358.0,1.0,432.0,,,,,,,2885.3219354838707,105.99133102400612,False,False,True,False,True,False,False
2018-07-01,2018,7,3,2,CAQUETA,40.0,18.0,3.0,14.0,5517.0,2.0,16.0,,,,,,,2885.3219354838707,105.99133102400612,False,False,True,False,True,False,False
2018-07-01,2018,7,3,2,CASANARE,68.0,25.0,6.0,18.0,13540.0,2.0,53.0,,,,,,,2885.3219354838707,105.99133102400612,False,False,True,False,True,False,False
2018-07-01,2018,7,3,2,CAUCA,496.0,67.0,15.0,40.0,5871.0,2.0,103.0,,,,,,,2885.3219354838707,105.99133102400612,False,False,True,False,True,False,False
2018-07-01,2018,7,3,2,CESAR,338.0,52.0,13.0,31.0,15983.0,1.0,309.0,,,,,,,2885.3219354838707,105.99133102400612,False,False,True,False,True,False,False
2018-07-01,2018,7,3,2,CHOCO,217.0,45.0,9.0,31.0,16110.0,4.0,0.0,,,,,,,2885.3219354838707,105.99133102400612,False,False,True,False,True,False,False
2018-07-01,2018,7,3,2,CORDOBA,243.0,63.0,13.0,35.0,43152.0,1.0,439.0,,,,,,,2885.3219354838707,105.99133102400612,False,False,True,False,True,False,False
2018-07-01,2018,7,3,2,CUNDINAMARCA,1318.0,363.0,63.0,63.0,0.0,0.0,0.0,,,,,,,2885.3219354838707,105.99133102400612,False,False,True,False,True,False,False
2018-07-01,2018,7,3,2,GUAINIA,10.0,3.0,1.0,3.0,2382.0,2.0,0.0,,,,,,,2885.3219354838707,105.99133102400612,False,False,True,False,True,False,False
2018-07-01,2018,7,3,2,GUAVIARE,4.0,3.0,1.0,3.0,1624.0,2.0,0.0,,,,,,,2885.3219354838707,105.99133102400612,False,False,True,False,True,False,False
2018-07-01,2018,7,3,2,HUILA,396.0,83.0,14.0,33.0,11958.0,2.0,239.0,,,,,,,2885.3219354838707,105.99133102400612,False,False,True,False,True,False,False
2018-07-01,2018,7,3,2,LA GUAJIRA,207.0,70.0,12.0,31.0,7054.0,1.0,79.0,,,,,,,2885.3219354838707,105.99133102400612,False,False,True,False,True,False,False
2018-07-01,2018,7,3,2,MAGDALENA,2677.0,91.0,14.0,65.0,85528.0,1.0,1112.0,,,,,,,2885.3219354838707,105.99133102400612,False,False,True,False,True,False,False
2018-07-01,2018,7,3,2,META,527.0,75.0,11.0,40.0,5227.0,2.0,45.0,,,,,,,2885.3219354838707,105.99133102400612,False,False,True,False,True,False,False
2018-07-01,2018,7,3,2,NARINO,1162.0,107.0,15.0,54.0,20585.0,3.0,445.0,,,,,,,2885.3219354838707,105.99133102400612,False,False,True,False,True,False,False
2018-07-01,2018,7,3,2,NORTE DE SANTANDER,1071.0,82.0,11.0,48.0,36847.0,1.0,1721.0,,,,,,,2885.3219354838707,105.99133102400612,False,False,True,False,True,False,False
2018-07-01,2018,7,3,2,PUTUMAYO,153.0,43.0,13.0,20.0,5469.0,3.0,0.0,,,,,,,2885.3219354838707,105.99133102400612,False,False,True,False,True,False,False
2018-07-01,2018,7,3,2,QUINDIO,1614.0,122.0,11.0,46.0,13129.0,1.0,4346.0,,,,,,,2885.3219354838707,105.99133102400612,False,False,True,False,True,False,False
2018-07-01,2018,7,3,2,RISARALDA,1664.079,104.0,11.0,54.0,63006.0,1.0,10078.0,,,,,,,2885.3219354838707,105.99133102400612,False,False,True,False,True,False,False
2018-07-01,2018,7,3,2,"SAN ANDRES, PROVIDENCIA Y SANTA CATALINA",1858.267,70.0,2.0,46.0,82653.0,2.0,3587.0,,,,,,,2885.3219354838707,105.99133102400612,False,False,True,False,True,False,False
2018-07-01,2018,7,3,2,SANTANDER,1956.0,186.0,28.0,66.0,67956.0,2.0,4380.0,,,,,,,2885.3219354838707,105.99133102400612,False,False,True,False,True,False,False
2018-07-01,2018,7,3,2,SUCRE,137.0,36.0,5.0,27.0,3892.0,2.0,0.0,,,,,,,2885.3219354838707,105.99133102400612,False,False,True,False,True,False,False
2018-07-01,2018,7,3,2,TOLIMA,561.0,82.0,20.0,39.0,4678.0,1.0,199.0,,,,,,,2885.3219354838707,105.99133102400612,False,False,True,False,True,False,False
2018-07-01,2018,7,3,2,VALLE DEL CAUCA,9690.082,439.0,37.0,113.0,163838.0,2.0,50295.0,,,,,,,2885.3219354838707,105.99133102400612,False,False,True,False,True,False,False
2018-07-01,2018,7,3,2,VAUPES,0.0,0.0,0.0,0.0,1566.0,4.0,0.0,,,,,,,2885.3219354838707,105.99133102400612,False,False,True,False,True,False,False
2018-07-01,2018,7,3,2,VICHADA,15.0,8.0,3.0,7.0,1339.0,3.0,0.0,,,,,,,2885.3219354838707,105.99133102400612,False,False,True,False,True,False,False
2018-08-01,2018,8,3,2,AMAZONAS,542.0,48.0,2.0,44.0,11632.0,4.0,30.0,,,,,,,2958.6667741935485,107.53365298480095,False,False,True,False,True,False,False
2018-08-01,2018,8,3,2,ANTIOQUIA,12268.828,500.0,74.0,112.0,322342.0,5.0,74191.0,,,,,,,2958.6667741935485,107.53365298480095,False,False,True,False,True,False,False
2018-08-01,2018,8,3,2,ARAUCA,20.0,14.0,3.0,12.0,5994.0,1.0,0.0,,,,,,,2958.6667741935485,107.53365298480095,False,False,True,False,True,False,False
2018-08-01,2018,8,3,2,ATLANTICO,2915.175,118.0,14.0,80.0,86966.0,1.0,12817.0,,,,,,,2958.6667741935485,107.53365298480095,False,False,True,False,True,False,False
2018-08-01,2018,8,3,2,BOGOTA D.C.,14274.673,157.0,1.0,157.0,758522.0,1.0,398892.0,,,,,,,2958.6667741935485,107.53365298480095,False,False,True,False,True,False,False
2018-08-01,2018,8,3,2,BOLIVAR,8509.094000000001,167.0,22.0,120.0,190696.0,2.0,41405.0,,,,,,,2958.6667741935485,107.53365298480095,False,False,True,False,True,False,False
2018-08-01,2018,8,3,2,BOYACA,644.0,147.0,38.0,42.0,0.0,0.0,0.0,,,,,,,2958.6667741935485,107.53365298480095,False,False,True,False,True,False,False
2018-08-01,2018,8,3,2,CALDAS,804.0,108.0,21.0,43.0,8726.0,1.0,386.0,,,,,,,2958.6667741935485,107.53365298480095,False,False,True,False,True,False,False
2018-08-01,2018,8,3,2,CAQUETA,41.0,13.0,2.0,13.0,5283.0,2.0,12.0,,,,,,,2958.6667741935485,107.53365298480095,False,False,True,False,True,False,False
2018-08-01,2018,8,3,2,CASANARE,63.0,23.0,5.0,17.0,13901.0,2.0,47.0,,,,,,,2958.6667741935485,107.53365298480095,False,False,True,False,True,False,False
2018-08-01,2018,8,3,2,CAUCA,501.0,71.0,12.0,38.0,5903.0,2.0,159.0,,,,,,,2958.6667741935485,107.53365298480095,False,False,True,False,True,False,False
2018-08-01,2018,8,3,2,CESAR,191.0,41.0,9.0,26.0,14803.0,1.0,266.0,,,,,,,2958.6667741935485,107.53365298480095,False,False,True,False,True,False,False
2018-08-01,2018,8,3,2,CHOCO,171.0,42.0,7.0,25.0,15074.0,4.0,0.0,,,,,,,2958.6667741935485,107.53365298480095,False,False,True,False,True,False,False
2018-08-01,2018,8,3,2,CORDOBA,274.0,63.0,15.0,35.0,39399.0,1.0,407.0,,,,,,,2958.6667741935485,107.53365298480095,False,False,True,False,True,False,False
2018-08-01,2018,8,3,2,CUNDINAMARCA,1295.0,375.0,67.0,51.0,0.0,0.0,0.0,,,,,,,2958.6667741935485,107.53365298480095,False,False,True,False,True,False,False
2018-08-01,2018,8,3,2,GUAINIA,6.0,4.0,2.0,4.0,2351.0,2.0,0.0,,,,,,,2958.6667741935485,107.53365298480095,False,False,True,False,True,False,False
2018-08-01,2018,8,3,2,GUAVIARE,4.0,4.0,2.0,4.0,1406.0,2.0,0.0,,,,,,,2958.6667741935485,107.53365298480095,False,False,True,False,True,False,False
2018-08-01,2018,8,3,2,HUILA,361.0,69.0,14.0,30.0,12613.0,2.0,248.0,,,,,,,2958.6667741935485,107.53365298480095,False,False,True,False,True,False,False
2018-08-01,2018,8,3,2,LA GUAJIRA,209.0,66.0,8.0,36.0,6254.0,1.0,148.0,,,,,,,2958.6667741935485,107.53365298480095,False,False,True,False,True,False,False
2018-08-01,2018,8,3,2,MAGDALENA,2506.0,93.0,15.0,66.0,84349.0,1.0,758.0,,,,,,,2958.6667741935485,107.53365298480095,False,False,True,False,True,False,False
2018-08-01,2018,8,3,2,META,370.0,65.0,11.0,36.0,6122.0,2.0,47.0,,,,,,,2958.6667741935485,107.53365298480095,False,False,True,False,True,False,False
2018-08-01,2018,8,3,2,NARINO,1418.0,103.0,15.0,48.0,18967.0,3.0,334.0,,,,,,,2958.6667741935485,107.53365298480095,False,False,True,False,True,False,False
2018-08-01,2018,8,3,2,NORTE DE SANTANDER,1239.0,88.0,13.0,47.0,33817.0,1.0,1638.0,,,,,,,2958.6667741935485,107.53365298480095,False,False,True,False,True,False,False
2018-08-01,2018,8,3,2,PUTUMAYO,143.0,41.0,11.0,20.0,5339.0,3.0,0.0,,,,,,,2958.6667741935485,107.53365298480095,False,False,True,False,True,False,False
2018-08-01,2018,8,3,2,QUINDIO,1725.0,143.0,12.0,53.0,13018.0,1.0,3853.0,,,,,,,2958.6667741935485,107.53365298480095,False,False,True,False,True,False,False
2018-08-01,2018,8,3,2,RISARALDA,2519.0,125.0,11.0,64.0,62216.0,1.0,9375.0,,,,,,,2958.6667741935485,107.53365298480095,False,False,True,False,True,False,False
2018-08-01,2018,8,3,2,"SAN ANDRES, PROVIDENCIA Y SANTA CATALINA",1988.021,81.0,3.0,54.0,80217.0,2.0,3788.0,,,,,,,2958.6667741935485,107.53365298480095,False,False,True,False,True,False,False
2018-08-01,2018,8,3,2,SANTANDER,1768.0,184.0,32.0,66.0,68551.0,2.0,3754.0,,,,,,,2958.6667741935485,107.53365298480095,False,False,True,False,True,False,False
2018-08-01,2018,8,3,2,SUCRE,99.0,39.0,8.0,24.0,3883.0,2.0,0.0,,,,,,,2958.6667741935485,107.53365298480095,False,False,True,False,True,False,False
2018-08-01,2018,8,3,2,TOLIMA,497.0,89.0,15.0,44.0,5068.0,1.0,153.0,,,,,,,2958.6667741935485,107.53365298480095,False,False,True,False,True,False,False
2018-08-01,2018,8,3,2,VALLE DEL CAUCA,7645.825,441.0,39.0,112.0,159538.0,2.0,48603.0,,,,,,,2958.6667741935485,107.53365298480095,False,False,True,False,True,False,False
2018-08-01,2018,8,3,2,VAUPES,3.0,3.0,2.0,3.0,1513.0,4.0,0.0,,,,,,,2958.6667741935485,107.53365298480095,False,False,True,False,True,False,False
2018-08-01,2018,8,3,2,VICHADA,9.0,6.0,2.0,5.0,1624.0,2.0,0.0,,,,,,,2958.6667741935485,107.53365298480095,False,False,True,False,True,False,False
2018-09-01,2018,9,3,2,AMAZONAS,340.0,40.0,4.0,33.0,10560.0,4.0,28.0,,,,,,,3033.7679999999996,107.12968762641944,False,False,True,False,True,False,False
2018-09-01,2018,9,3,2,ANTIOQUIA,11333.27,436.0,73.0,117.0,311405.0,5.0,65740.0,,,,,,,3033.7679999999996,107.12968762641944,False,False,True,False,True,False,False
2018-09-01,2018,9,3,2,ARAUCA,23.0,13.0,5.0,10.0,5972.0,1.0,0.0,,,,,,,3033.7679999999996,107.12968762641944,False,False,True,False,True,False,False
2018-09-01,2018,9,3,2,ATLANTICO,2448.451,107.0,11.0,75.0,89103.0,1.0,10629.0,,,,,,,3033.7679999999996,107.12968762641944,False,False,True,False,True,False,False
2018-09-01,2018,9,3,2,BOGOTA D.C.,12435.695,158.0,2.0,157.0,711455.0,1.0,357425.0,,,,,,,3033.7679999999996,107.12968762641944,False,False,True,False,True,False,False
2018-09-01,2018,9,3,2,BOLIVAR,9553.315,164.0,17.0,123.0,174331.0,1.0,36023.0,,,,,,,3033.7679999999996,107.12968762641944,False,False,True,False,True,False,False
2018-09-01,2018,9,3,2,BOYACA,289.0,124.0,26.0,40.0,0.0,0.0,0.0,,,,,,,3033.7679999999996,107.12968762641944,False,False,True,False,True,False,False
2018-09-01,2018,9,3,2,CALDAS,692.0,94.0,17.0,44.0,8362.0,1.0,387.0,,,,,,,3033.7679999999996,107.12968762641944,False,False,True,False,True,False,False
2018-09-01,2018,9,3,2,CAQUETA,28.0,12.0,3.0,10.0,5164.0,2.0,14.0,,,,,,,3033.7679999999996,107.12968762641944,False,False,True,False,True,False,False
2018-09-01,2018,9,3,2,CASANARE,67.0,20.0,5.0,17.0,14489.0,2.0,71.0,,,,,,,3033.7679999999996,107.12968762641944,False,False,True,False,True,False,False
2018-09-01,2018,9,3,2,CAUCA,290.0,53.0,12.0,30.0,5598.0,2.0,118.0,,,,,,,3033.7679999999996,107.12968762641944,False,False,True,False,True,False,False
2018-09-01,2018,9,3,2,CESAR,252.0,45.0,10.0,30.0,15503.0,1.0,269.0,,,,,,,3033.7679999999996,107.12968762641944,False,False,True,False,True,False,False
2018-09-01,2018,9,3,2,CHOCO,105.0,34.0,6.0,22.0,15586.0,4.0,0.0,,,,,,,3033.7679999999996,107.12968762641944,False,False,True,False,True,False,False
2018-09-01,2018,9,3,2,CORDOBA,190.0,52.0,11.0,29.0,40242.0,1.0,344.0,,,,,,,3033.7679999999996,107.12968762641944,False,False,True,False,True,False,False
2018-09-01,2018,9,3,2,CUNDINAMARCA,1234.0,356.0,64.0,52.0,0.0,0.0,0.0,,,,,,,3033.7679999999996,107.12968762641944,False,False,True,False,True,False,False
2018-09-01,2018,9,3,2,GUAINIA,5.0,3.0,2.0,2.0,2174.0,2.0,0.0,,,,,,,3033.7679999999996,107.12968762641944,False,False,True,False,True,False,False
2018-09-01,2018,9,3,2,GUAVIARE,2.0,2.0,1.0,2.0,1511.0,2.0,0.0,,,,,,,3033.7679999999996,107.12968762641944,False,False,True,False,True,False,False
2018-09-01,2018,9,3,2,HUILA,247.0,63.0,11.0,29.0,12001.0,2.0,314.0,,,,,,,3033.7679999999996,107.12968762641944,False,False,True,False,True,False,False
2018-09-01,2018,9,3,2,LA GUAJIRA,176.0,64.0,10.0,33.0,6210.0,1.0,82.0,,,,,,,3033.7679999999996,107.12968762641944,False,False,True,False,True,False,False
2018-09-01,2018,9,3,2,MAGDALENA,1985.0,92.0,13.0,63.0,79683.0,1.0,792.0,,,,,,,3033.7679999999996,107.12968762641944,False,False,True,False,True,False,False
2018-09-01,2018,9,3,2,META,284.0,72.0,13.0,42.0,5816.0,3.0,34.0,,,,,,,3033.7679999999996,107.12968762641944,False,False,True,False,True,False,False
2018-09-01,2018,9,3,2,NARINO,1380.0,94.0,16.0,46.0,19748.0,3.0,396.0,,,,,,,3033.7679999999996,107.12968762641944,False,False,True,False,True,False,False
2018-09-01,2018,9,3,2,NORTE DE SANTANDER,1020.0,88.0,15.0,51.0,35654.0,1.0,2216.0,,,,,,,3033.7679999999996,107.12968762641944,False,False,True,False,True,False,False
2018-09-01,2018,9,3,2,PUTUMAYO,117.0,24.0,8.0,16.0,5258.0,3.0,0.0,,,,,,,3033.7679999999996,107.12968762641944,False,False,True,False,True,False,False
2018-09-01,2018,9,3,2,QUINDIO,1097.0,119.0,11.0,54.0,11908.0,1.0,3366.0,,,,,,,3033.7679999999996,107.12968762641944,False,False,True,False,True,False,False
2018-09-01,2018,9,3,2,RISARALDA,1604.0,107.0,11.0,58.0,60092.0,1.0,8594.0,,,,,,,3033.7679999999996,107.12968762641944,False,False,True,False,True,False,False
2018-09-01,2018,9,3,2,"SAN ANDRES, PROVIDENCIA Y SANTA CATALINA",2706.6620000000003,64.0,2.0,45.0,74344.0,2.0,3417.0,,,,,,,3033.7679999999996,107.12968762641944,False,False,True,False,True,False,False
2018-09-01,2018,9,3,2,SANTANDER,1570.0,148.0,19.0,61.0,69067.0,2.0,3764.0,,,,,,,3033.7679999999996,107.12968762641944,False,False,True,False,True,False,False
2018-09-01,2018,9,3,2,SUCRE,103.0,35.0,6.0,25.0,3438.0,2.0,0.0,,,,,,,3033.7679999999996,107.12968762641944,False,False,True,False,True,False,False
2018-09-01,2018,9,3,2,TOLIMA,371.0,74.0,20.0,34.0,5128.0,1.0,153.0,,,,,,,3033.7679999999996,107.12968762641944,False,False,True,False,True,False,False
2018-09-01,2018,9,3,2,VALLE DEL CAUCA,7568.208,384.0,36.0,98.0,152603.0,2.0,41733.0,,,,,,,3033.7679999999996,107.12968762641944,False,False,True,False,True,False,False
2018-09-01,2018,9,3,2,VAUPES,1.0,1.0,1.0,1.0,1433.0,3.0,0.0,,,,,,,3033.7679999999996,107.12968762641944,False,False,True,False,True,False,False
2018-09-01,2018,9,3,2,VICHADA,11.0,5.0,1.0,5.0,1506.0,2.0,0.0,,,,,,,3033.7679999999996,107.12968762641944,False,False,True,False,True,False,False
2018-10-01,2018,10,4,2,AMAZONAS,345.0,27.0,1.0,27.0,10795.0,4.0,37.0,,,,,,,3084.830967741935,107.26557240906548,False,False,True,False,True,False,False
2018-10-01,2018,10,4,2,ANTIOQUIA,10074.497,464.0,66.0,128.0,331447.0,5.0,73792.0,,,,,,,3084.830967741935,107.26557240906548,False,False,True,False,True,False,False
2018-10-01,2018,10,4,2,ARAUCA,20.0,15.0,4.0,10.0,6751.0,1.0,0.0,,,,,,,3084.830967741935,107.26557240906548,False,False,True,False,True,False,False
2018-10-01,2018,10,4,2,ATLANTICO,4078.726,134.0,17.0,83.0,94697.0,1.0,13593.0,,,,,,,3084.830967741935,107.26557240906548,False,False,True,False,True,False,False
2018-10-01,2018,10,4,2,BOGOTA D.C.,12308.197,153.0,1.0,153.0,762065.0,1.0,387069.0,,,,,,,3084.830967741935,107.26557240906548,False,False,True,False,True,False,False
2018-10-01,2018,10,4,2,BOLIVAR,9249.56,168.0,17.0,123.0,190304.0,1.0,36254.0,,,,,,,3084.830967741935,107.26557240906548,False,False,True,False,True,False,False
2018-10-01,2018,10,4,2,BOYACA,517.0,134.0,24.0,44.0,0.0,0.0,0.0,,,,,,,3084.830967741935,107.26557240906548,False,False,True,False,True,False,False
2018-10-01,2018,10,4,2,CALDAS,935.0,92.0,18.0,43.0,8616.0,1.0,407.0,,,,,,,3084.830967741935,107.26557240906548,False,False,True,False,True,False,False
2018-10-01,2018,10,4,2,CAQUETA,37.0,16.0,2.0,15.0,5349.0,2.0,28.0,,,,,,,3084.830967741935,107.26557240906548,False,False,True,False,True,False,False
2018-10-01,2018,10,4,2,CASANARE,73.0,27.0,5.0,25.0,14751.0,2.0,25.0,,,,,,,3084.830967741935,107.26557240906548,False,False,True,False,True,False,False
2018-10-01,2018,10,4,2,CAUCA,388.0,54.0,11.0,34.0,5627.0,2.0,109.0,,,,,,,3084.830967741935,107.26557240906548,False,False,True,False,True,False,False
2018-10-01,2018,10,4,2,CESAR,195.0,44.0,13.0,28.0,15929.0,1.0,340.0,,,,,,,3084.830967741935,107.26557240906548,False,False,True,False,True,False,False
2018-10-01,2018,10,4,2,CHOCO,201.0,38.0,7.0,26.0,15440.0,4.0,0.0,,,,,,,3084.830967741935,107.26557240906548,False,False,True,False,True,False,False
2018-10-01,2018,10,4,2,CORDOBA,280.0,66.0,14.0,34.0,40202.0,1.0,499.0,,,,,,,3084.830967741935,107.26557240906548,False,False,True,False,True,False,False
2018-10-01,2018,10,4,2,CUNDINAMARCA,1328.0,391.0,65.0,53.0,0.0,0.0,0.0,,,,,,,3084.830967741935,107.26557240906548,False,False,True,False,True,False,False
2018-10-01,2018,10,4,2,GUAINIA,13.0,6.0,3.0,6.0,2445.0,2.0,0.0,,,,,,,3084.830967741935,107.26557240906548,False,False,True,False,True,False,False
2018-10-01,2018,10,4,2,GUAVIARE,8.0,4.0,1.0,4.0,1588.0,2.0,0.0,,,,,,,3084.830967741935,107.26557240906548,False,False,True,False,True,False,False
2018-10-01,2018,10,4,2,HUILA,381.0,72.0,13.0,31.0,13074.0,2.0,303.0,,,,,,,3084.830967741935,107.26557240906548,False,False,True,False,True,False,False
2018-10-01,2018,10,4,2,LA GUAJIRA,141.0,50.0,7.0,28.0,7002.0,1.0,107.0,,,,,,,3084.830967741935,107.26557240906548,False,False,True,False,True,False,False
2018-10-01,2018,10,4,2,MAGDALENA,2038.0,86.0,13.0,60.0,86648.0,1.0,820.0,,,,,,,3084.830967741935,107.26557240906548,False,False,True,False,True,False,False
2018-10-01,2018,10,4,2,META,405.0,66.0,15.0,35.0,5609.0,2.0,72.0,,,,,,,3084.830967741935,107.26557240906548,False,False,True,False,True,False,False
2018-10-01,2018,10,4,2,NARINO,1032.0,91.0,12.0,48.0,20641.0,3.0,351.0,,,,,,,3084.830967741935,107.26557240906548,False,False,True,False,True,False,False
2018-10-01,2018,10,4,2,NORTE DE SANTANDER,1076.0,82.0,14.0,45.0,37534.0,1.0,2475.0,,,,,,,3084.830967741935,107.26557240906548,False,False,True,False,True,False,False
2018-10-01,2018,10,4,2,PUTUMAYO,150.0,42.0,11.0,22.0,5559.0,3.0,0.0,,,,,,,3084.830967741935,107.26557240906548,False,False,True,False,True,False,False
2018-10-01,2018,10,4,2,QUINDIO,894.0,114.0,10.0,50.0,13187.0,1.0,3380.0,,,,,,,3084.830967741935,107.26557240906548,False,False,True,False,True,False,False
2018-10-01,2018,10,4,2,RISARALDA,1696.0,124.0,11.0,62.0,64649.0,1.0,9225.0,,,,,,,3084.830967741935,107.26557240906548,False,False,True,False,True,False,False
2018-10-01,2018,10,4,2,"SAN ANDRES, PROVIDENCIA Y SANTA CATALINA",1320.703,67.0,2.0,46.0,76283.0,2.0,3407.0,,,,,,,3084.830967741935,107.26557240906548,False,False,True,False,True,False,False
2018-10-01,2018,10,4,2,SANTANDER,1626.0,170.0,19.0,69.0,72965.0,2.0,4380.0,,,,,,,3084.830967741935,107.26557240906548,False,False,True,False,True,False,False
2018-10-01,2018,10,4,2,SUCRE,94.0,33.0,8.0,23.0,5682.0,2.0,2.0,,,,,,,3084.830967741935,107.26557240906548,False,False,True,False,True,False,False
2018-10-01,2018,10,4,2,TOLIMA,654.0,84.0,21.0,42.0,4982.0,1.0,180.0,,,,,,,3084.830967741935,107.26557240906548,False,False,True,False,True,False,False
2018-10-01,2018,10,4,2,VALLE DEL CAUCA,7654.622,397.0,38.0,107.0,162478.0,2.0,40106.0,,,,,,,3084.830967741935,107.26557240906548,False,False,True,False,True,False,False
2018-10-01,2018,10,4,2,VAUPES,4.0,3.0,2.0,3.0,1574.0,4.0,0.0,,,,,,,3084.830967741935,107.26557240906548,False,False,True,False,True,False,False
2018-10-01,2018,10,4,2,VICHADA,8.0,5.0,2.0,4.0,1985.0,2.0,0.0,,,,,,,3084.830967741935,107.26557240906548,False,False,True,False,True,False,False
2018-11-01,2018,11,4,2,AMAZONAS,370.0,45.0,3.0,40.0,11732.0,4.0,32.0,,,,,,,3194.0343333333335,107.55321514308855,False,False,True,False,True,False,False
2018-11-01,2018,11,4,2,ANTIOQUIA,12670.494999999999,476.0,62.0,127.0,327900.0,5.0,76905.0,,,,,,,3194.0343333333335,107.55321514308855,False,False,True,False,True,False,False
2018-11-01,2018,11,4,2,ARAUCA,34.0,17.0,3.0,15.0,6115.0,1.0,0.0,,,,,,,3194.0343333333335,107.55321514308855,False,False,True,False,True,False,False
2018-11-01,2018,11,4,2,ATLANTICO,2643.041,128.0,15.0,82.0,96836.0,1.0,14073.0,,,,,,,3194.0343333333335,107.55321514308855,False,False,True,False,True,False,False
2018-11-01,2018,11,4,2,BOGOTA D.C.,13509.866,156.0,1.0,156.0,731467.0,1.0,379442.0,,,,,,,3194.0343333333335,107.55321514308855,False,False,True,False,True,False,False
2018-11-01,2018,11,4,2,BOLIVAR,11538.488,183.0,19.0,127.0,193590.0,1.0,42276.0,,,,,,,3194.0343333333335,107.55321514308855,False,False,True,False,True,False,False
2018-11-01,2018,11,4,2,BOYACA,437.0,142.0,27.0,42.0,0.0,0.0,0.0,,,,,,,3194.0343333333335,107.55321514308855,False,False,True,False,True,False,False
2018-11-01,2018,11,4,2,CALDAS,626.0,88.0,18.0,41.0,8299.0,1.0,341.0,,,,,,,3194.0343333333335,107.55321514308855,False,False,True,False,True,False,False
2018-11-01,2018,11,4,2,CAQUETA,49.0,19.0,2.0,18.0,4979.0,2.0,17.0,,,,,,,3194.0343333333335,107.55321514308855,False,False,True,False,True,False,False
2018-11-01,2018,11,4,2,CASANARE,52.0,19.0,5.0,16.0,13349.0,2.0,57.0,,,,,,,3194.0343333333335,107.55321514308855,False,False,True,False,True,False,False
2018-11-01,2018,11,4,2,CAUCA,400.0,77.0,22.0,43.0,5565.0,2.0,143.0,,,,,,,3194.0343333333335,107.55321514308855,False,False,True,False,True,False,False
2018-11-01,2018,11,4,2,CESAR,391.0,48.0,7.0,33.0,15768.0,1.0,322.0,,,,,,,3194.0343333333335,107.55321514308855,False,False,True,False,True,False,False
2018-11-01,2018,11,4,2,CHOCO,52.0,23.0,7.0,17.0,15517.0,4.0,0.0,,,,,,,3194.0343333333335,107.55321514308855,False,False,True,False,True,False,False
2018-11-01,2018,11,4,2,CORDOBA,246.0,66.0,14.0,32.0,40890.0,1.0,573.0,,,,,,,3194.0343333333335,107.55321514308855,False,False,True,False,True,False,False
2018-11-01,2018,11,4,2,CUNDINAMARCA,1155.0,370.0,62.0,54.0,0.0,0.0,0.0,,,,,,,3194.0343333333335,107.55321514308855,False,False,True,False,True,False,False
2018-11-01,2018,11,4,2,GUAINIA,9.0,6.0,2.0,5.0,2521.0,2.0,0.0,,,,,,,3194.0343333333335,107.55321514308855,False,False,True,False,True,False,False
2018-11-01,2018,11,4,2,GUAVIARE,4.0,4.0,2.0,4.0,1611.0,2.0,0.0,,,,,,,3194.0343333333335,107.55321514308855,False,False,True,False,True,False,False
2018-11-01,2018,11,4,2,HUILA,292.0,65.0,13.0,29.0,11648.0,2.0,250.0,,,,,,,3194.0343333333335,107.55321514308855,False,False,True,False,True,False,False
2018-11-01,2018,11,4,2,LA GUAJIRA,201.0,62.0,10.0,35.0,7315.0,1.0,146.0,,,,,,,3194.0343333333335,107.55321514308855,False,False,True,False,True,False,False
2018-11-01,2018,11,4,2,MAGDALENA,2378.0,105.0,11.0,70.0,102581.0,1.0,1094.0,,,,,,,3194.0343333333335,107.55321514308855,False,False,True,False,True,False,False
2018-11-01,2018,11,4,2,META,403.0,65.0,11.0,33.0,5053.0,2.0,71.0,,,,,,,3194.0343333333335,107.55321514308855,False,False,True,False,True,False,False
2018-11-01,2018,11,4,2,NARINO,1320.0,100.0,16.0,49.0,19242.0,3.0,458.0,,,,,,,3194.0343333333335,107.55321514308855,False,False,True,False,True,False,False
2018-11-01,2018,11,4,2,NORTE DE SANTANDER,1237.0,102.0,16.0,58.0,36421.0,1.0,2432.0,,,,,,,3194.0343333333335,107.55321514308855,False,False,True,False,True,False,False
2018-11-01,2018,11,4,2,PUTUMAYO,151.0,38.0,10.0,21.0,5239.0,3.0,0.0,,,,,,,3194.0343333333335,107.55321514308855,False,False,True,False,True,False,False
2018-11-01,2018,11,4,2,QUINDIO,1226.0,127.0,12.0,49.0,13302.0,1.0,3502.0,,,,,,,3194.0343333333335,107.55321514308855,False,False,True,False,True,False,False
2018-11-01,2018,11,4,2,RISARALDA,2170.0,123.0,11.0,63.0,66897.0,1.0,9850.0,,,,,,,3194.0343333333335,107.55321514308855,False,False,True,False,True,False,False
2018-11-01,2018,11,4,2,"SAN ANDRES, PROVIDENCIA Y SANTA CATALINA",2458.283,77.0,2.0,55.0,84057.0,2.0,3656.0,,,,,,,3194.0343333333335,107.55321514308855,False,False,True,False,True,False,False
2018-11-01,2018,11,4,2,SANTANDER,1824.0,171.0,25.0,62.0,74920.0,2.0,4718.0,,,,,,,3194.0343333333335,107.55321514308855,False,False,True,False,True,False,False
2018-11-01,2018,11,4,2,SUCRE,75.0,38.0,8.0,24.0,5466.0,2.0,15.0,,,,,,,3194.0343333333335,107.55321514308855,False,False,True,False,True,False,False
2018-11-01,2018,11,4,2,TOLIMA,424.0,87.0,22.0,40.0,5382.0,1.0,182.0,,,,,,,3194.0343333333335,107.55321514308855,False,False,True,False,True,False,False
2018-11-01,2018,11,4,2,VALLE DEL CAUCA,8283.449,421.0,38.0,97.0,165749.0,2.0,43243.0,,,,,,,3194.0343333333335,107.55321514308855,False,False,True,False,True,False,False
2018-11-01,2018,11,4,2,VAUPES,6.0,5.0,2.0,4.0,1791.0,4.0,0.0,,,,,,,3194.0343333333335,107.55321514308855,False,False,True,False,True,False,False
2018-11-01,2018,11,4,2,VICHADA,11.0,7.0,2.0,6.0,1585.0,3.0,0.0,,,,,,,3194.0343333333335,107.55321514308855,False,False,True,False,True,False,False
2018-12-01,2018,12,4,2,AMAZONAS,415.0,45.0,3.0,38.0,12597.0,4.0,41.0,,,,,,,3218.5509677419354,107.26729825087746,False,False,True,False,True,False,False
2018-12-01,2018,12,4,2,ANTIOQUIA,12515.173,612.0,86.0,120.0,354895.0,5.0,93971.0,,,,,,,3218.5509677419354,107.26729825087746,False,False,True,False,True,False,False
2018-12-01,2018,12,4,2,ARAUCA,73.0,24.0,5.0,19.0,6206.0,1.0,0.0,,,,,,,3218.5509677419354,107.26729825087746,False,False,True,False,True,False,False
2018-12-01,2018,12,4,2,ATLANTICO,3871.381,163.0,18.0,86.0,103286.0,1.0,17376.0,,,,,,,3218.5509677419354,107.26729825087746,False,False,True,False,True,False,False
2018-12-01,2018,12,4,2,BOGOTA D.C.,11519.577,163.0,1.0,163.0,697229.0,1.0,427459.0,,,,,,,3218.5509677419354,107.26729825087746,False,False,True,False,True,False,False
2018-12-01,2018,12,4,2,BOLIVAR,11697.011,200.0,24.0,123.0,222030.0,1.0,48772.0,,,,,,,3218.5509677419354,107.26729825087746,False,False,True,False,True,False,False
2018-12-01,2018,12,4,2,BOYACA,837.0,216.0,53.0,50.0,0.0,0.0,0.0,,,,,,,3218.5509677419354,107.26729825087746,False,False,True,False,True,False,False
2018-12-01,2018,12,4,2,CALDAS,1459.0,148.0,21.0,45.0,8985.0,1.0,888.0,,,,,,,3218.5509677419354,107.26729825087746,False,False,True,False,True,False,False
2018-12-01,2018,12,4,2,CAQUETA,87.0,19.0,6.0,14.0,5697.0,2.0,36.0,,,,,,,3218.5509677419354,107.26729825087746,False,False,True,False,True,False,False
2018-12-01,2018,12,4,2,CASANARE,132.0,35.0,8.0,22.0,11909.0,2.0,51.0,,,,,,,3218.5509677419354,107.26729825087746,False,False,True,False,True,False,False
2018-12-01,2018,12,4,2,CAUCA,618.0,82.0,17.0,43.0,6098.0,2.0,194.0,,,,,,,3218.5509677419354,107.26729825087746,False,False,True,False,True,False,False
2018-12-01,2018,12,4,2,CESAR,409.0,61.0,14.0,38.0,17609.0,1.0,516.0,,,,,,,3218.5509677419354,107.26729825087746,False,False,True,False,True,False,False
2018-12-01,2018,12,4,2,CHOCO,87.0,38.0,13.0,22.0,19335.0,4.0,0.0,,,,,,,3218.5509677419354,107.26729825087746,False,False,True,False,True,False,False
2018-12-01,2018,12,4,2,CORDOBA,431.0,115.0,22.0,41.0,45585.0,1.0,832.0,,,,,,,3218.5509677419354,107.26729825087746,False,False,True,False,True,False,False
2018-12-01,2018,12,4,2,CUNDINAMARCA,1972.0,482.0,71.0,70.0,0.0,0.0,0.0,,,,,,,3218.5509677419354,107.26729825087746,False,False,True,False,True,False,False
2018-12-01,2018,12,4,2,GUAINIA,16.0,3.0,1.0,3.0,2841.0,2.0,0.0,,,,,,,3218.5509677419354,107.26729825087746,False,False,True,False,True,False,False
2018-12-01,2018,12,4,2,GUAVIARE,8.0,5.0,1.0,5.0,1681.0,2.0,0.0,,,,,,,3218.5509677419354,107.26729825087746,False,False,True,False,True,False,False
2018-12-01,2018,12,4,2,HUILA,716.0,116.0,24.0,43.0,10166.0,2.0,363.0,,,,,,,3218.5509677419354,107.26729825087746,False,False,True,False,True,False,False
2018-12-01,2018,12,4,2,LA GUAJIRA,271.0,78.0,11.0,39.0,9297.0,1.0,144.0,,,,,,,3218.5509677419354,107.26729825087746,False,False,True,False,True,False,False
2018-12-01,2018,12,4,2,MAGDALENA,2961.0,124.0,20.0,70.0,121201.0,1.0,1855.0,,,,,,,3218.5509677419354,107.26729825087746,False,False,True,False,True,False,False
2018-12-01,2018,12,4,2,META,607.0,89.0,13.0,48.0,5374.0,2.0,84.0,,,,,,,3218.5509677419354,107.26729825087746,False,False,True,False,True,False,False
2018-12-01,2018,12,4,2,NARINO,1431.0,122.0,21.0,57.0,21723.0,3.0,613.0,,,,,,,3218.5509677419354,107.26729825087746,False,False,True,False,True,False,False
2018-12-01,2018,12,4,2,NORTE DE SANTANDER,2033.0,130.0,16.0,60.0,37092.0,1.0,3287.0,,,,,,,3218.5509677419354,107.26729825087746,False,False,True,False,True,False,False
2018-12-01,2018,12,4,2,PUTUMAYO,157.0,32.0,8.0,17.0,5645.0,3.0,0.0,,,,,,,3218.5509677419354,107.26729825087746,False,False,True,False,True,False,False
2018-12-01,2018,12,4,2,QUINDIO,2015.0,153.0,12.0,57.0,14268.0,1.0,4727.0,,,,,,,3218.5509677419354,107.26729825087746,False,False,True,False,True,False,False
2018-12-01,2018,12,4,2,RISARALDA,2613.421,155.0,13.0,68.0,70468.0,1.0,16629.0,,,,,,,3218.5509677419354,107.26729825087746,False,False,True,False,True,False,False
2018-12-01,2018,12,4,2,"SAN ANDRES, PROVIDENCIA Y SANTA CATALINA",4328.478,78.0,2.0,51.0,99977.0,2.0,3474.0,,,,,,,3218.5509677419354,107.26729825087746,False,False,True,False,True,False,False
2018-12-01,2018,12,4,2,SANTANDER,2870.0,238.0,38.0,74.0,77566.0,2.0,5946.0,,,,,,,3218.5509677419354,107.26729825087746,False,False,True,False,True,False,False
2018-12-01,2018,12,4,2,SUCRE,203.0,73.0,16.0,32.0,6280.0,2.0,33.0,,,,,,,3218.5509677419354,107.26729825087746,False,False,True,False,True,False,False
2018-12-01,2018,12,4,2,TOLIMA,982.0,121.0,24.0,51.0,5488.0,2.0,359.0,,,,,,,3218.5509677419354,107.26729825087746,False,False,True,False,True,False,False
2018-12-01,2018,12,4,2,VALLE DEL CAUCA,11668.132,592.0,41.0,108.0,183473.0,2.0,61968.0,,,,,,,3218.5509677419354,107.26729825087746,False,False,True,False,True,False,False
2018-12-01,2018,12,4,2,VAUPES,3.0,3.0,2.0,2.0,1712.0,3.0,0.0,,,,,,,3218.5509677419354,107.26729825087746,False,False,True,False,True,False,False
2018-12-01,2018,12,4,2,VICHADA,14.0,12.0,3.0,10.0,1889.0,3.0,0.0,,,,,,,3218.5509677419354,107.26729825087746,False,False,True,False,True,False,False
2019-01-01,2019,1,1,1,AMAZONAS,578.0,44.0,3.0,40.0,12007.0,3.0,25.0,262.0,3.0,9.0,1296.0,3102.0,819.0,3165.188064516129,107.91044111623897,False,False,False,False,False,False,False
2019-01-01,2019,1,1,1,ANTIOQUIA,11469.785,519.0,74.0,110.0,335765.0,5.0,85175.0,5611.0,112.0,16.0,49157.0,80378.0,24131.0,3165.188064516129,107.91044111623897,False,False,False,False,False,False,False
2019-01-01,2019,1,1,1,ARAUCA,25.0,16.0,4.0,13.0,5684.0,2.0,0.0,87.0,7.0,6.0,1183.0,1679.0,300.0,3165.188064516129,107.91044111623897,False,False,False,False,False,False,False
2019-01-01,2019,1,1,1,ATLANTICO,2975.622,131.0,16.0,80.0,92515.0,1.0,15444.0,773.0,17.0,13.0,11592.0,16200.0,8789.0,3165.188064516129,107.91044111623897,False,False,False,False,False,False,False
2019-01-01,2019,1,1,1,BOGOTA D.C.,14063.356,161.0,1.0,161.0,799279.0,1.0,420271.0,5219.0,7.0,15.0,32037.0,47151.0,39823.0,3165.188064516129,107.91044111623897,False,False,False,False,False,False,False
2019-01-01,2019,1,1,1,BOLIVAR,10952.214,164.0,20.0,111.0,212473.0,1.0,49570.0,5010.0,19.0,13.0,25549.0,45526.0,20950.0,3165.188064516129,107.91044111623897,False,False,False,False,False,False,False
2019-01-01,2019,1,1,1,BOYACA,589.0,156.0,42.0,39.0,0.0,0.0,0.0,1698.0,89.0,14.0,14792.0,26405.0,3839.0,3165.188064516129,107.91044111623897,False,False,False,False,False,False,False
2019-01-01,2019,1,1,1,CALDAS,919.0,96.0,22.0,44.0,8179.0,1.0,588.0,958.0,27.0,12.0,7738.0,14815.0,3486.0,3165.188064516129,107.91044111623897,False,False,False,False,False,False,False
2019-01-01,2019,1,1,1,CAQUETA,44.0,20.0,5.0,16.0,5042.0,3.0,21.0,207.0,10.0,11.0,2202.0,2824.0,642.0,3165.188064516129,107.91044111623897,False,False,False,False,False,False,False
2019-01-01,2019,1,1,1,CASANARE,64.0,24.0,5.0,18.0,10368.0,1.0,26.0,536.0,16.0,11.0,7515.0,10280.0,1362.0,3165.188064516129,107.91044111623897,False,False,False,False,False,False,False
2019-01-01,2019,1,1,1,CAUCA,363.0,60.0,12.0,33.0,4890.0,2.0,120.0,374.0,22.0,11.0,3817.0,5638.0,1939.0,3165.188064516129,107.91044111623897,False,False,False,False,False,False,False
2019-01-01,2019,1,1,1,CESAR,333.0,59.0,12.0,35.0,15766.0,1.0,429.0,394.0,20.0,11.0,6371.0,9658.0,1530.0,3165.188064516129,107.91044111623897,False,False,False,False,False,False,False
2019-01-01,2019,1,1,1,CHOCO,50.0,25.0,8.0,13.0,12828.0,3.0,0.0,338.0,12.0,6.0,3342.0,5721.0,873.0,3165.188064516129,107.91044111623897,False,False,False,False,False,False,False
2019-01-01,2019,1,1,1,CORDOBA,237.0,61.0,15.0,33.0,40364.0,1.0,603.0,375.0,21.0,12.0,5795.0,8828.0,1882.0,3165.188064516129,107.91044111623897,False,False,False,False,False,False,False
2019-01-01,2019,1,1,1,CUNDINAMARCA,1459.0,434.0,64.0,68.0,0.0,0.0,0.0,2403.0,103.0,15.0,21011.0,39655.0,8545.0,3165.188064516129,107.91044111623897,False,False,False,False,False,False,False
2019-01-01,2019,1,1,1,GUAINIA,32.0,8.0,2.0,7.0,2781.0,3.0,0.0,31.0,1.0,3.0,215.0,304.0,58.0,3165.188064516129,107.91044111623897,False,False,False,False,False,False,False
2019-01-01,2019,1,1,1,GUAVIARE,5.0,4.0,1.0,4.0,1202.0,2.0,0.0,50.0,1.0,7.0,427.0,608.0,187.0,3165.188064516129,107.91044111623897,False,False,False,False,False,False,False
2019-01-01,2019,1,1,1,HUILA,306.0,81.0,15.0,34.0,9919.0,2.0,274.0,870.0,32.0,12.0,7704.0,12552.0,2532.0,3165.188064516129,107.91044111623897,False,False,False,False,False,False,False
2019-01-01,2019,1,1,1,LA GUAJIRA,196.0,72.0,11.0,38.0,10126.0,1.0,154.0,558.0,11.0,12.0,5032.0,9138.0,1637.0,3165.188064516129,107.91044111623897,False,False,False,False,False,False,False
2019-01-01,2019,1,1,1,MAGDALENA,3269.0,109.0,15.0,67.0,111611.0,1.0,2411.0,3421.0,15.0,12.0,18385.0,37954.0,9134.0,3165.188064516129,107.91044111623897,False,False,False,False,False,False,False
2019-01-01,2019,1,1,1,META,434.0,81.0,13.0,42.0,4670.0,2.0,37.0,1274.0,27.0,12.0,15135.0,24786.0,4592.0,3165.188064516129,107.91044111623897,False,False,False,False,False,False,False
2019-01-01,2019,1,1,1,NARINO,1198.0,108.0,17.0,56.0,17250.0,3.0,355.0,731.0,26.0,11.0,10013.0,14339.0,2725.0,3165.188064516129,107.91044111623897,False,False,False,False,False,False,False
2019-01-01,2019,1,1,1,NORTE DE SANTANDER,1299.0,107.0,18.0,50.0,37289.0,1.0,3399.0,827.0,23.0,12.0,9096.0,13542.0,2109.0,3165.188064516129,107.91044111623897,False,False,False,False,False,False,False
2019-01-01,2019,1,1,1,PUTUMAYO,151.0,45.0,11.0,21.0,5885.0,3.0,0.0,299.0,11.0,8.0,3513.0,4254.0,786.0,3165.188064516129,107.91044111623897,False,False,False,False,False,False,False
2019-01-01,2019,1,1,1,QUINDIO,1135.0,120.0,10.0,49.0,15101.0,1.0,3504.0,1987.0,12.0,12.0,13250.0,27073.0,5363.0,3165.188064516129,107.91044111623897,False,False,False,False,False,False,False
2019-01-01,2019,1,1,1,RISARALDA,2039.0,122.0,13.0,65.0,57801.0,1.0,11497.0,1018.0,14.0,14.0,7683.0,14078.0,4174.0,3165.188064516129,107.91044111623897,False,False,False,False,False,False,False
2019-01-01,2019,1,1,1,"SAN ANDRES, PROVIDENCIA Y SANTA CATALINA",2203.992,74.0,2.0,50.0,98094.0,2.0,3893.0,1539.0,2.0,11.0,8777.0,18449.0,6348.0,3165.188064516129,107.91044111623897,False,False,False,False,False,False,False
2019-01-01,2019,1,1,1,SANTANDER,1678.0,175.0,23.0,63.0,67074.0,2.0,5123.0,2013.0,69.0,14.0,20260.0,32827.0,6966.0,3165.188064516129,107.91044111623897,False,False,False,False,False,False,False
2019-01-01,2019,1,1,1,SUCRE,122.0,47.0,10.0,29.0,5000.0,2.0,27.0,561.0,14.0,7.0,6807.0,16510.0,1487.0,3165.188064516129,107.91044111623897,False,False,False,False,False,False,False
2019-01-01,2019,1,1,1,TOLIMA,498.0,83.0,20.0,43.0,4775.0,2.0,212.0,1276.0,43.0,13.0,15003.0,28118.0,4824.0,3165.188064516129,107.91044111623897,False,False,False,False,False,False,False
2019-01-01,2019,1,1,1,VALLE DEL CAUCA,9444.046,470.0,39.0,99.0,162011.0,2.0,50892.0,2434.0,40.0,14.0,22636.0,36534.0,12979.0,3165.188064516129,107.91044111623897,False,False,False,False,False,False,False
2019-01-01,2019,1,1,1,VAUPES,5.0,4.0,2.0,4.0,1614.0,3.0,0.0,10.0,1.0,3.0,91.0,106.0,22.0,3165.188064516129,107.91044111623897,False,False,False,False,False,False,False
2019-01-01,2019,1,1,1,VICHADA,12.0,9.0,2.0,8.0,2077.0,2.0,0.0,65.0,4.0,4.0,597.0,764.0,166.0,3165.188064516129,107.91044111623897,False,False,False,False,False,False,False
2019-02-01,2019,2,1,1,AMAZONAS,587.0,44.0,3.0,36.0,9258.0,3.0,27.0,262.0,3.0,9.0,1296.0,3102.0,819.0,3115.8385714285714,108.8728535812209,False,False,False,False,False,False,False
2019-02-01,2019,2,1,1,ANTIOQUIA,12361.65,487.0,62.0,116.0,284519.0,5.0,62270.0,5611.0,112.0,16.0,49157.0,80378.0,24131.0,3115.8385714285714,108.8728535812209,False,False,False,False,False,False,False
2019-02-01,2019,2,1,1,ARAUCA,18.0,11.0,3.0,8.0,5445.0,2.0,0.0,87.0,7.0,6.0,1183.0,1679.0,300.0,3115.8385714285714,108.8728535812209,False,False,False,False,False,False,False
2019-02-01,2019,2,1,1,ATLANTICO,3524.748,159.0,17.0,84.0,81027.0,1.0,13551.0,773.0,17.0,13.0,11592.0,16200.0,8789.0,3115.8385714285714,108.8728535812209,False,False,False,False,False,False,False
2019-02-01,2019,2,1,1,BOGOTA D.C.,14086.89,155.0,1.0,155.0,643764.0,1.0,332054.0,5219.0,7.0,15.0,32037.0,47151.0,39823.0,3115.8385714285714,108.8728535812209,False,False,False,False,False,False,False
2019-02-01,2019,2,1,1,BOLIVAR,12203.025,205.0,18.0,146.0,165300.0,1.0,47654.0,5010.0,19.0,13.0,25549.0,45526.0,20950.0,3115.8385714285714,108.8728535812209,False,False,False,False,False,False,False
2019-02-01,2019,2,1,1,BOYACA,437.0,137.0,31.0,42.0,0.0,0.0,0.0,1698.0,89.0,14.0,14792.0,26405.0,3839.0,3115.8385714285714,108.8728535812209,False,False,False,False,False,False,False
2019-02-01,2019,2,1,1,CALDAS,646.0,91.0,16.0,42.0,8173.0,1.0,324.0,958.0,27.0,12.0,7738.0,14815.0,3486.0,3115.8385714285714,108.8728535812209,False,False,False,False,False,False,False
2019-02-01,2019,2,1,1,CAQUETA,16.0,9.0,1.0,9.0,4674.0,3.0,11.0,207.0,10.0,11.0,2202.0,2824.0,642.0,3115.8385714285714,108.8728535812209,False,False,False,False,False,False,False
2019-02-01,2019,2,1,1,CASANARE,84.0,24.0,6.0,19.0,11659.0,1.0,25.0,536.0,16.0,11.0,7515.0,10280.0,1362.0,3115.8385714285714,108.8728535812209,False,False,False,False,False,False,False
2019-02-01,2019,2,1,1,CAUCA,351.0,62.0,15.0,30.0,4856.0,2.0,68.0,374.0,22.0,11.0,3817.0,5638.0,1939.0,3115.8385714285714,108.8728535812209,False,False,False,False,False,False,False
2019-02-01,2019,2,1,1,CESAR,235.0,54.0,11.0,34.0,14405.0,2.0,280.0,394.0,20.0,11.0,6371.0,9658.0,1530.0,3115.8385714285714,108.8728535812209,False,False,False,False,False,False,False
2019-02-01,2019,2,1,1,CHOCO,58.0,27.0,7.0,19.0,12751.0,3.0,0.0,338.0,12.0,6.0,3342.0,5721.0,873.0,3115.8385714285714,108.8728535812209,False,False,False,False,False,False,False
2019-02-01,2019,2,1,1,CORDOBA,196.0,51.0,11.0,29.0,33219.0,1.0,351.0,375.0,21.0,12.0,5795.0,8828.0,1882.0,3115.8385714285714,108.8728535812209,False,False,False,False,False,False,False
2019-02-01,2019,2,1,1,CUNDINAMARCA,1261.0,360.0,60.0,49.0,0.0,0.0,0.0,2403.0,103.0,15.0,21011.0,39655.0,8545.0,3115.8385714285714,108.8728535812209,False,False,False,False,False,False,False
2019-02-01,2019,2,1,1,GUAINIA,23.0,11.0,3.0,8.0,2104.0,3.0,0.0,31.0,1.0,3.0,215.0,304.0,58.0,3115.8385714285714,108.8728535812209,False,False,False,False,False,False,False
2019-02-01,2019,2,1,1,GUAVIARE,2.0,2.0,1.0,2.0,1201.0,2.0,0.0,50.0,1.0,7.0,427.0,608.0,187.0,3115.8385714285714,108.8728535812209,False,False,False,False,False,False,False
2019-02-01,2019,2,1,1,HUILA,297.0,69.0,15.0,30.0,11828.0,2.0,177.0,870.0,32.0,12.0,7704.0,12552.0,2532.0,3115.8385714285714,108.8728535812209,False,False,False,False,False,False,False
2019-02-01,2019,2,1,1,LA GUAJIRA,201.0,72.0,14.0,39.0,8295.0,1.0,153.0,558.0,11.0,12.0,5032.0,9138.0,1637.0,3115.8385714285714,108.8728535812209,False,False,False,False,False,False,False
2019-02-01,2019,2,1,1,MAGDALENA,3447.0,116.0,13.0,72.0,85368.0,1.0,1799.0,3421.0,15.0,12.0,18385.0,37954.0,9134.0,3115.8385714285714,108.8728535812209,False,False,False,False,False,False,False
2019-02-01,2019,2,1,1,META,372.0,64.0,11.0,37.0,3876.0,2.0,48.0,1274.0,27.0,12.0,15135.0,24786.0,4592.0,3115.8385714285714,108.8728535812209,False,False,False,False,False,False,False
2019-02-01,2019,2,1,1,NARINO,1008.0,99.0,13.0,55.0,16394.0,3.0,271.0,731.0,26.0,11.0,10013.0,14339.0,2725.0,3115.8385714285714,108.8728535812209,False,False,False,False,False,False,False
2019-02-01,2019,2,1,1,NORTE DE SANTANDER,1616.0,101.0,12.0,58.0,32507.0,1.0,2508.0,827.0,23.0,12.0,9096.0,13542.0,2109.0,3115.8385714285714,108.8728535812209,False,False,False,False,False,False,False
2019-02-01,2019,2,1,1,PUTUMAYO,140.0,37.0,9.0,18.0,5683.0,3.0,0.0,299.0,11.0,8.0,3513.0,4254.0,786.0,3115.8385714285714,108.8728535812209,False,False,False,False,False,False,False
2019-02-01,2019,2,1,1,QUINDIO,1339.0,128.0,11.0,48.0,13206.0,1.0,2370.0,1987.0,12.0,12.0,13250.0,27073.0,5363.0,3115.8385714285714,108.8728535812209,False,False,False,False,False,False,False
2019-02-01,2019,2,1,1,RISARALDA,2054.0,124.0,10.0,65.0,53384.0,1.0,8612.0,1018.0,14.0,14.0,7683.0,14078.0,4174.0,3115.8385714285714,108.8728535812209,False,False,False,False,False,False,False
2019-02-01,2019,2,1,1,"SAN ANDRES, PROVIDENCIA Y SANTA CATALINA",2374.612,74.0,2.0,50.0,71000.0,2.0,4626.0,1539.0,2.0,11.0,8777.0,18449.0,6348.0,3115.8385714285714,108.8728535812209,False,False,False,False,False,False,False
2019-02-01,2019,2,1,1,SANTANDER,1520.0,186.0,24.0,59.0,62334.0,2.0,3443.0,2013.0,69.0,14.0,20260.0,32827.0,6966.0,3115.8385714285714,108.8728535812209,False,False,False,False,False,False,False
2019-02-01,2019,2,1,1,SUCRE,104.0,40.0,10.0,24.0,3809.0,2.0,20.0,561.0,14.0,7.0,6807.0,16510.0,1487.0,3115.8385714285714,108.8728535812209,False,False,False,False,False,False,False
2019-02-01,2019,2,1,1,TOLIMA,342.0,83.0,19.0,41.0,5035.0,2.0,138.0,1276.0,43.0,13.0,15003.0,28118.0,4824.0,3115.8385714285714,108.8728535812209,False,False,False,False,False,False,False
2019-02-01,2019,2,1,1,VALLE DEL CAUCA,8326.665,433.0,37.0,106.0,137106.0,2.0,40268.0,2434.0,40.0,14.0,22636.0,36534.0,12979.0,3115.8385714285714,108.8728535812209,False,False,False,False,False,False,False
2019-02-01,2019,2,1,1,VAUPES,3.0,3.0,2.0,3.0,1386.0,3.0,0.0,10.0,1.0,3.0,91.0,106.0,22.0,3115.8385714285714,108.8728535812209,False,False,False,False,False,False,False
2019-02-01,2019,2,1,1,VICHADA,13.0,8.0,1.0,8.0,1569.0,2.0,0.0,65.0,4.0,4.0,597.0,764.0,166.0,3115.8385714285714,108.8728535812209,False,False,False,False,False,False,False
2019-03-01,2019,3,1,1,AMAZONAS,532.0,50.0,5.0,44.0,10335.0,3.0,53.0,262.0,3.0,9.0,1296.0,3102.0,819.0,3128.684193548387,107.50670669146002,False,False,False,False,False,False,False
2019-03-01,2019,3,1,1,ANTIOQUIA,12916.878,471.0,67.0,118.0,318740.0,5.0,67034.0,5611.0,112.0,16.0,49157.0,80378.0,24131.0,3128.684193548387,107.50670669146002,False,False,False,False,False,False,False
2019-03-01,2019,3,1,1,ARAUCA,54.0,22.0,4.0,16.0,6856.0,3.0,0.0,87.0,7.0,6.0,1183.0,1679.0,300.0,3128.684193548387,107.50670669146002,False,False,False,False,False,False,False
2019-03-01,2019,3,1,1,ATLANTICO,3416.0,148.0,16.0,85.0,88163.0,1.0,14233.0,773.0,17.0,13.0,11592.0,16200.0,8789.0,3128.684193548387,107.50670669146002,False,False,False,False,False,False,False
2019-03-01,2019,3,1,1,BOGOTA D.C.,14146.096,156.0,1.0,156.0,734200.0,1.0,346428.0,5219.0,7.0,15.0,32037.0,47151.0,39823.0,3128.684193548387,107.50670669146002,False,False,False,False,False,False,False
2019-03-01,2019,3,1,1,BOLIVAR,9762.343,181.0,18.0,131.0,182785.0,1.0,49224.0,5010.0,19.0,13.0,25549.0,45526.0,20950.0,3128.684193548387,107.50670669146002,False,False,False,False,False,False,False
2019-03-01,2019,3,1,1,BOYACA,440.0,119.0,23.0,35.0,0.0,0.0,0.0,1698.0,89.0,14.0,14792.0,26405.0,3839.0,3128.684193548387,107.50670669146002,False,False,False,False,False,False,False
2019-03-01,2019,3,1,1,CALDAS,704.0,93.0,20.0,40.0,8926.0,1.0,272.0,958.0,27.0,12.0,7738.0,14815.0,3486.0,3128.684193548387,107.50670669146002,False,False,False,False,False,False,False
2019-03-01,2019,3,1,1,CAQUETA,49.0,16.0,3.0,16.0,5934.0,3.0,14.0,207.0,10.0,11.0,2202.0,2824.0,642.0,3128.684193548387,107.50670669146002,False,False,False,False,False,False,False
2019-03-01,2019,3,1,1,CASANARE,77.0,27.0,8.0,17.0,12573.0,1.0,36.0,536.0,16.0,11.0,7515.0,10280.0,1362.0,3128.684193548387,107.50670669146002,False,False,False,False,False,False,False
2019-03-01,2019,3,1,1,CAUCA,365.0,77.0,15.0,44.0,6943.0,2.0,57.0,374.0,22.0,11.0,3817.0,5638.0,1939.0,3128.684193548387,107.50670669146002,False,False,False,False,False,False,False
2019-03-01,2019,3,1,1,CESAR,213.0,49.0,11.0,27.0,16057.0,1.0,288.0,394.0,20.0,11.0,6371.0,9658.0,1530.0,3128.684193548387,107.50670669146002,False,False,False,False,False,False,False
2019-03-01,2019,3,1,1,CHOCO,247.0,55.0,8.0,33.0,14795.0,3.0,0.0,338.0,12.0,6.0,3342.0,5721.0,873.0,3128.684193548387,107.50670669146002,False,False,False,False,False,False,False
2019-03-01,2019,3,1,1,CORDOBA,219.0,62.0,13.0,32.0,36493.0,1.0,404.0,375.0,21.0,12.0,5795.0,8828.0,1882.0,3128.684193548387,107.50670669146002,False,False,False,False,False,False,False
2019-03-01,2019,3,1,1,CUNDINAMARCA,1203.0,376.0,66.0,55.0,0.0,0.0,0.0,2403.0,103.0,15.0,21011.0,39655.0,8545.0,3128.684193548387,107.50670669146002,False,False,False,False,False,False,False
2019-03-01,2019,3,1,1,GUAINIA,11.0,7.0,1.0,7.0,2104.0,3.0,0.0,31.0,1.0,3.0,215.0,304.0,58.0,3128.684193548387,107.50670669146002,False,False,False,False,False,False,False
2019-03-01,2019,3,1,1,GUAVIARE,6.0,5.0,2.0,5.0,1119.0,2.0,0.0,50.0,1.0,7.0,427.0,608.0,187.0,3128.684193548387,107.50670669146002,False,False,False,False,False,False,False
2019-03-01,2019,3,1,1,HUILA,292.0,69.0,15.0,33.0,13472.0,2.0,226.0,870.0,32.0,12.0,7704.0,12552.0,2532.0,3128.684193548387,107.50670669146002,False,False,False,False,False,False,False
2019-03-01,2019,3,1,1,LA GUAJIRA,224.0,68.0,11.0,34.0,8566.0,1.0,173.0,558.0,11.0,12.0,5032.0,9138.0,1637.0,3128.684193548387,107.50670669146002,False,False,False,False,False,False,False
2019-03-01,2019,3,1,1,MAGDALENA,3283.0,101.0,11.0,67.0,94001.0,1.0,1688.0,3421.0,15.0,12.0,18385.0,37954.0,9134.0,3128.684193548387,107.50670669146002,False,False,False,False,False,False,False
2019-03-01,2019,3,1,1,META,383.0,71.0,14.0,34.0,4436.0,3.0,44.0,1274.0,27.0,12.0,15135.0,24786.0,4592.0,3128.684193548387,107.50670669146002,False,False,False,False,False,False,False
2019-03-01,2019,3,1,1,NARINO,1006.0,102.0,14.0,55.0,19799.0,3.0,345.0,731.0,26.0,11.0,10013.0,14339.0,2725.0,3128.684193548387,107.50670669146002,False,False,False,False,False,False,False
2019-03-01,2019,3,1,1,NORTE DE SANTANDER,1043.0,90.0,12.0,51.0,32604.0,1.0,2043.0,827.0,23.0,12.0,9096.0,13542.0,2109.0,3128.684193548387,107.50670669146002,False,False,False,False,False,False,False
2019-03-01,2019,3,1,1,PUTUMAYO,139.0,36.0,9.0,19.0,7152.0,3.0,0.0,299.0,11.0,8.0,3513.0,4254.0,786.0,3128.684193548387,107.50670669146002,False,False,False,False,False,False,False
2019-03-01,2019,3,1,1,QUINDIO,1351.0,119.0,11.0,50.0,13604.0,1.0,2517.0,1987.0,12.0,12.0,13250.0,27073.0,5363.0,3128.684193548387,107.50670669146002,False,False,False,False,False,False,False
2019-03-01,2019,3,1,1,RISARALDA,2108.0,105.0,11.0,58.0,63496.0,1.0,9281.0,1018.0,14.0,14.0,7683.0,14078.0,4174.0,3128.684193548387,107.50670669146002,False,False,False,False,False,False,False
2019-03-01,2019,3,1,1,"SAN ANDRES, PROVIDENCIA Y SANTA CATALINA",2624.53,77.0,2.0,52.0,81949.0,2.0,5103.0,1539.0,2.0,11.0,8777.0,18449.0,6348.0,3128.684193548387,107.50670669146002,False,False,False,False,False,False,False
2019-03-01,2019,3,1,1,SANTANDER,1537.0,155.0,23.0,54.0,66592.0,2.0,3321.0,2013.0,69.0,14.0,20260.0,32827.0,6966.0,3128.684193548387,107.50670669146002,False,False,False,False,False,False,False
2019-03-01,2019,3,1,1,SUCRE,109.0,39.0,10.0,22.0,4202.0,2.0,28.0,561.0,14.0,7.0,6807.0,16510.0,1487.0,3128.684193548387,107.50670669146002,False,False,False,False,False,False,False
2019-03-01,2019,3,1,1,TOLIMA,493.0,72.0,12.0,40.0,5282.0,1.0,149.0,1276.0,43.0,13.0,15003.0,28118.0,4824.0,3128.684193548387,107.50670669146002,False,False,False,False,False,False,False
2019-03-01,2019,3,1,1,VALLE DEL CAUCA,8281.665,420.0,40.0,112.0,155744.0,2.0,44920.0,2434.0,40.0,14.0,22636.0,36534.0,12979.0,3128.684193548387,107.50670669146002,False,False,False,False,False,False,False
2019-03-01,2019,3,1,1,VAUPES,3.0,2.0,2.0,1.0,1552.0,3.0,0.0,10.0,1.0,3.0,91.0,106.0,22.0,3128.684193548387,107.50670669146002,False,False,False,False,False,False,False
2019-03-01,2019,3,1,1,VICHADA,17.0,7.0,2.0,5.0,2099.0,2.0,0.0,65.0,4.0,4.0,597.0,764.0,166.0,3128.684193548387,107.50670669146002,False,False,False,False,False,False,False
2019-04-01,2019,4,2,1,AMAZONAS,587.0,50.0,3.0,46.0,11287.0,3.0,33.0,262.0,3.0,9.0,1296.0,3102.0,819.0,3155.765,108.97382426509658,False,False,False,False,False,False,False
2019-04-01,2019,4,2,1,ANTIOQUIA,13183.006,473.0,72.0,114.0,297996.0,3.0,71295.0,5611.0,112.0,16.0,49157.0,80378.0,24131.0,3155.765,108.97382426509658,False,False,False,False,False,False,False
2019-04-01,2019,4,2,1,ARAUCA,42.0,19.0,3.0,15.0,6525.0,3.0,0.0,87.0,7.0,6.0,1183.0,1679.0,300.0,3155.765,108.97382426509658,False,False,False,False,False,False,False
2019-04-01,2019,4,2,1,ATLANTICO,2456.891,127.0,15.0,79.0,85640.0,1.0,12537.0,773.0,17.0,13.0,11592.0,16200.0,8789.0,3155.765,108.97382426509658,False,False,False,False,False,False,False
2019-04-01,2019,4,2,1,BOGOTA D.C.,13430.415,151.0,1.0,151.0,719788.0,1.0,356612.0,5219.0,7.0,15.0,32037.0,47151.0,39823.0,3155.765,108.97382426509658,False,False,False,False,False,False,False
2019-04-01,2019,4,2,1,BOLIVAR,11012.886,170.0,13.0,124.0,174330.0,1.0,40676.0,5010.0,19.0,13.0,25549.0,45526.0,20950.0,3155.765,108.97382426509658,False,False,False,False,False,False,False
2019-04-01,2019,4,2,1,BOYACA,313.0,118.0,30.0,35.0,0.0,0.0,0.0,1698.0,89.0,14.0,14792.0,26405.0,3839.0,3155.765,108.97382426509658,False,False,False,False,False,False,False
2019-04-01,2019,4,2,1,CALDAS,634.0,97.0,18.0,40.0,9191.0,1.0,214.0,958.0,27.0,12.0,7738.0,14815.0,3486.0,3155.765,108.97382426509658,False,False,False,False,False,False,False
2019-04-01,2019,4,2,1,CAQUETA,129.0,21.0,4.0,19.0,5285.0,3.0,58.0,207.0,10.0,11.0,2202.0,2824.0,642.0,3155.765,108.97382426509658,False,False,False,False,False,False,False
2019-04-01,2019,4,2,1,CASANARE,69.0,25.0,6.0,17.0,11978.0,1.0,27.0,536.0,16.0,11.0,7515.0,10280.0,1362.0,3155.765,108.97382426509658,False,False,False,False,False,False,False
2019-04-01,2019,4,2,1,CAUCA,387.0,73.0,20.0,37.0,7133.0,2.0,12.0,374.0,22.0,11.0,3817.0,5638.0,1939.0,3155.765,108.97382426509658,False,False,False,False,False,False,False
2019-04-01,2019,4,2,1,CESAR,404.0,59.0,12.0,32.0,16850.0,1.0,440.0,394.0,20.0,11.0,6371.0,9658.0,1530.0,3155.765,108.97382426509658,False,False,False,False,False,False,False
2019-04-01,2019,4,2,1,CHOCO,321.0,51.0,7.0,35.0,13855.0,2.0,0.0,338.0,12.0,6.0,3342.0,5721.0,873.0,3155.765,108.97382426509658,False,False,False,False,False,False,False
2019-04-01,2019,4,2,1,CORDOBA,231.0,64.0,11.0,34.0,39285.0,1.0,570.0,375.0,21.0,12.0,5795.0,8828.0,1882.0,3155.765,108.97382426509658,False,False,False,False,False,False,False
2019-04-01,2019,4,2,1,CUNDINAMARCA,1292.0,376.0,65.0,56.0,0.0,0.0,0.0,2403.0,103.0,15.0,21011.0,39655.0,8545.0,3155.765,108.97382426509658,False,False,False,False,False,False,False
2019-04-01,2019,4,2,1,GUAINIA,5.0,2.0,1.0,2.0,2071.0,3.0,0.0,31.0,1.0,3.0,215.0,304.0,58.0,3155.765,108.97382426509658,False,False,False,False,False,False,False
2019-04-01,2019,4,2,1,GUAVIARE,8.0,3.0,1.0,3.0,1365.0,2.0,0.0,50.0,1.0,7.0,427.0,608.0,187.0,3155.765,108.97382426509658,False,False,False,False,False,False,False
2019-04-01,2019,4,2,1,HUILA,312.0,65.0,14.0,32.0,13272.0,2.0,211.0,870.0,32.0,12.0,7704.0,12552.0,2532.0,3155.765,108.97382426509658,False,False,False,False,False,False,False
2019-04-01,2019,4,2,1,LA GUAJIRA,190.0,59.0,10.0,30.0,9693.0,1.0,151.0,558.0,11.0,12.0,5032.0,9138.0,1637.0,3155.765,108.97382426509658,False,False,False,False,False,False,False
2019-04-01,2019,4,2,1,MAGDALENA,2547.0,100.0,12.0,67.0,91584.0,1.0,1572.0,3421.0,15.0,12.0,18385.0,37954.0,9134.0,3155.765,108.97382426509658,False,False,False,False,False,False,False
2019-04-01,2019,4,2,1,META,401.0,61.0,9.0,35.0,3868.0,1.0,51.0,1274.0,27.0,12.0,15135.0,24786.0,4592.0,3155.765,108.97382426509658,False,False,False,False,False,False,False
2019-04-01,2019,4,2,1,NARINO,1144.0,104.0,12.0,53.0,19205.0,3.0,320.0,731.0,26.0,11.0,10013.0,14339.0,2725.0,3155.765,108.97382426509658,False,False,False,False,False,False,False
2019-04-01,2019,4,2,1,NORTE DE SANTANDER,1250.0,80.0,14.0,52.0,35480.0,2.0,2291.0,827.0,23.0,12.0,9096.0,13542.0,2109.0,3155.765,108.97382426509658,False,False,False,False,False,False,False
2019-04-01,2019,4,2,1,PUTUMAYO,269.0,46.0,10.0,28.0,6511.0,3.0,0.0,299.0,11.0,8.0,3513.0,4254.0,786.0,3155.765,108.97382426509658,False,False,False,False,False,False,False
2019-04-01,2019,4,2,1,QUINDIO,1117.0,116.0,12.0,44.0,13458.0,1.0,2538.0,1987.0,12.0,12.0,13250.0,27073.0,5363.0,3155.765,108.97382426509658,False,False,False,False,False,False,False
2019-04-01,2019,4,2,1,RISARALDA,1790.0,114.0,12.0,58.0,64116.0,1.0,8178.0,1018.0,14.0,14.0,7683.0,14078.0,4174.0,3155.765,108.97382426509658,False,False,False,False,False,False,False
2019-04-01,2019,4,2,1,"SAN ANDRES, PROVIDENCIA Y SANTA CATALINA",1797.865,74.0,2.0,53.0,79119.0,2.0,3658.0,1539.0,2.0,11.0,8777.0,18449.0,6348.0,3155.765,108.97382426509658,False,False,False,False,False,False,False
2019-04-01,2019,4,2,1,SANTANDER,1528.0,171.0,24.0,69.0,69561.0,2.0,3738.0,2013.0,69.0,14.0,20260.0,32827.0,6966.0,3155.765,108.97382426509658,False,False,False,False,False,False,False
2019-04-01,2019,4,2,1,SUCRE,102.0,38.0,10.0,27.0,3521.0,1.0,25.0,561.0,14.0,7.0,6807.0,16510.0,1487.0,3155.765,108.97382426509658,False,False,False,False,False,False,False
2019-04-01,2019,4,2,1,TOLIMA,463.0,83.0,19.0,39.0,4701.0,1.0,181.0,1276.0,43.0,13.0,15003.0,28118.0,4824.0,3155.765,108.97382426509658,False,False,False,False,False,False,False
2019-04-01,2019,4,2,1,VALLE DEL CAUCA,8040.006,404.0,37.0,100.0,151636.0,2.0,43972.0,2434.0,40.0,14.0,22636.0,36534.0,12979.0,3155.765,108.97382426509658,False,False,False,False,False,False,False
2019-04-01,2019,4,2,1,VAUPES,3.0,2.0,2.0,2.0,1321.0,3.0,0.0,10.0,1.0,3.0,91.0,106.0,22.0,3155.765,108.97382426509658,False,False,False,False,False,False,False
2019-04-01,2019,4,2,1,VICHADA,10.0,4.0,2.0,4.0,1687.0,2.0,0.0,65.0,4.0,4.0,597.0,764.0,166.0,3155.765,108.97382426509658,False,False,False,False,False,False,False
2019-05-01,2019,5,2,1,AMAZONAS,650.0,48.0,3.0,42.0,10545.0,3.0,44.0,262.0,3.0,9.0,1296.0,3102.0,819.0,3304.4945161290325,110.02115187983689,False,False,False,False,False,False,False
2019-05-01,2019,5,2,1,ANTIOQUIA,13910.851,449.0,71.0,119.0,321335.0,3.0,75280.0,5611.0,112.0,16.0,49157.0,80378.0,24131.0,3304.4945161290325,110.02115187983689,False,False,False,False,False,False,False
2019-05-01,2019,5,2,1,ARAUCA,25.0,12.0,3.0,10.0,6997.0,3.0,0.0,87.0,7.0,6.0,1183.0,1679.0,300.0,3304.4945161290325,110.02115187983689,False,False,False,False,False,False,False
2019-05-01,2019,5,2,1,ATLANTICO,2478.962,119.0,11.0,80.0,89947.0,1.0,12518.0,773.0,17.0,13.0,11592.0,16200.0,8789.0,3304.4945161290325,110.02115187983689,False,False,False,False,False,False,False
2019-05-01,2019,5,2,1,BOGOTA D.C.,12742.054,161.0,1.0,161.0,765475.0,1.0,351443.0,5219.0,7.0,15.0,32037.0,47151.0,39823.0,3304.4945161290325,110.02115187983689,False,False,False,False,False,False,False
2019-05-01,2019,5,2,1,BOLIVAR,9781.708,169.0,16.0,122.0,163179.0,1.0,37328.0,5010.0,19.0,13.0,25549.0,45526.0,20950.0,3304.4945161290325,110.02115187983689,False,False,False,False,False,False,False
2019-05-01,2019,5,2,1,BOYACA,806.0,117.0,27.0,35.0,0.0,0.0,0.0,1698.0,89.0,14.0,14792.0,26405.0,3839.0,3304.4945161290325,110.02115187983689,False,False,False,False,False,False,False
2019-05-01,2019,5,2,1,CALDAS,609.0,102.0,22.0,36.0,10113.0,1.0,279.0,958.0,27.0,12.0,7738.0,14815.0,3486.0,3304.4945161290325,110.02115187983689,False,False,False,False,False,False,False
2019-05-01,2019,5,2,1,CAQUETA,44.0,17.0,1.0,17.0,5333.0,3.0,5.0,207.0,10.0,11.0,2202.0,2824.0,642.0,3304.4945161290325,110.02115187983689,False,False,False,False,False,False,False
2019-05-01,2019,5,2,1,CASANARE,38.0,18.0,4.0,13.0,14039.0,2.0,26.0,536.0,16.0,11.0,7515.0,10280.0,1362.0,3304.4945161290325,110.02115187983689,False,False,False,False,False,False,False
2019-05-01,2019,5,2,1,CAUCA,361.0,69.0,16.0,40.0,5570.0,2.0,42.0,374.0,22.0,11.0,3817.0,5638.0,1939.0,3304.4945161290325,110.02115187983689,False,False,False,False,False,False,False
2019-05-01,2019,5,2,1,CESAR,242.0,50.0,14.0,28.0,18642.0,1.0,355.0,394.0,20.0,11.0,6371.0,9658.0,1530.0,3304.4945161290325,110.02115187983689,False,False,False,False,False,False,False
2019-05-01,2019,5,2,1,CHOCO,288.0,52.0,10.0,34.0,14164.0,2.0,0.0,338.0,12.0,6.0,3342.0,5721.0,873.0,3304.4945161290325,110.02115187983689,False,False,False,False,False,False,False
2019-05-01,2019,5,2,1,CORDOBA,220.0,51.0,11.0,28.0,38412.0,1.0,483.0,375.0,21.0,12.0,5795.0,8828.0,1882.0,3304.4945161290325,110.02115187983689,False,False,False,False,False,False,False
2019-05-01,2019,5,2,1,CUNDINAMARCA,1040.0,318.0,66.0,50.0,0.0,0.0,0.0,2403.0,103.0,15.0,21011.0,39655.0,8545.0,3304.4945161290325,110.02115187983689,False,False,False,False,False,False,False
2019-05-01,2019,5,2,1,GUAINIA,9.0,4.0,1.0,4.0,2183.0,3.0,0.0,31.0,1.0,3.0,215.0,304.0,58.0,3304.4945161290325,110.02115187983689,False,False,False,False,False,False,False
2019-05-01,2019,5,2,1,GUAVIARE,5.0,2.0,1.0,2.0,1359.0,2.0,0.0,50.0,1.0,7.0,427.0,608.0,187.0,3304.4945161290325,110.02115187983689,False,False,False,False,False,False,False
2019-05-01,2019,5,2,1,HUILA,370.0,67.0,11.0,37.0,15596.0,2.0,245.0,870.0,32.0,12.0,7704.0,12552.0,2532.0,3304.4945161290325,110.02115187983689,False,False,False,False,False,False,False
2019-05-01,2019,5,2,1,LA GUAJIRA,255.0,76.0,11.0,37.0,9976.0,1.0,274.0,558.0,11.0,12.0,5032.0,9138.0,1637.0,3304.4945161290325,110.02115187983689,False,False,False,False,False,False,False
2019-05-01,2019,5,2,1,MAGDALENA,2076.0,102.0,12.0,67.0,85704.0,1.0,1112.0,3421.0,15.0,12.0,18385.0,37954.0,9134.0,3304.4945161290325,110.02115187983689,False,False,False,False,False,False,False
2019-05-01,2019,5,2,1,META,339.0,61.0,13.0,31.0,5320.0,3.0,30.0,1274.0,27.0,12.0,15135.0,24786.0,4592.0,3304.4945161290325,110.02115187983689,False,False,False,False,False,False,False
2019-05-01,2019,5,2,1,NARINO,1116.0,108.0,12.0,57.0,19959.0,3.0,367.0,731.0,26.0,11.0,10013.0,14339.0,2725.0,3304.4945161290325,110.02115187983689,False,False,False,False,False,False,False
2019-05-01,2019,5,2,1,NORTE DE SANTANDER,1046.0,82.0,11.0,47.0,37568.0,1.0,2533.0,827.0,23.0,12.0,9096.0,13542.0,2109.0,3304.4945161290325,110.02115187983689,False,False,False,False,False,False,False
2019-05-01,2019,5,2,1,PUTUMAYO,181.0,44.0,11.0,23.0,7423.0,3.0,0.0,299.0,11.0,8.0,3513.0,4254.0,786.0,3304.4945161290325,110.02115187983689,False,False,False,False,False,False,False
2019-05-01,2019,5,2,1,QUINDIO,1042.0,124.0,9.0,45.0,14138.0,1.0,3046.0,1987.0,12.0,12.0,13250.0,27073.0,5363.0,3304.4945161290325,110.02115187983689,False,False,False,False,False,False,False
2019-05-01,2019,5,2,1,RISARALDA,2135.0,107.0,10.0,57.0,60920.0,1.0,9335.0,1018.0,14.0,14.0,7683.0,14078.0,4174.0,3304.4945161290325,110.02115187983689,False,False,False,False,False,False,False
2019-05-01,2019,5,2,1,"SAN ANDRES, PROVIDENCIA Y SANTA CATALINA",1795.0049999999999,74.0,2.0,52.0,83833.0,2.0,3579.0,1539.0,2.0,11.0,8777.0,18449.0,6348.0,3304.4945161290325,110.02115187983689,False,False,False,False,False,False,False
2019-05-01,2019,5,2,1,SANTANDER,1449.0,157.0,25.0,58.0,74241.0,2.0,3658.0,2013.0,69.0,14.0,20260.0,32827.0,6966.0,3304.4945161290325,110.02115187983689,False,False,False,False,False,False,False
2019-05-01,2019,5,2,1,SUCRE,84.0,42.0,10.0,25.0,3453.0,1.0,35.0,561.0,14.0,7.0,6807.0,16510.0,1487.0,3304.4945161290325,110.02115187983689,False,False,False,False,False,False,False
2019-05-01,2019,5,2,1,TOLIMA,431.0,70.0,17.0,35.0,5198.0,1.0,136.0,1276.0,43.0,13.0,15003.0,28118.0,4824.0,3304.4945161290325,110.02115187983689,False,False,False,False,False,False,False
2019-05-01,2019,5,2,1,VALLE DEL CAUCA,8293.088,405.0,40.0,95.0,163163.0,2.0,43569.0,2434.0,40.0,14.0,22636.0,36534.0,12979.0,3304.4945161290325,110.02115187983689,False,False,False,False,False,False,False
2019-05-01,2019,5,2,1,VAUPES,3.0,3.0,2.0,3.0,1388.0,4.0,0.0,10.0,1.0,3.0,91.0,106.0,22.0,3304.4945161290325,110.02115187983689,False,False,False,False,False,False,False
2019-05-01,2019,5,2,1,VICHADA,8.0,3.0,2.0,2.0,2151.0,3.0,0.0,65.0,4.0,4.0,597.0,764.0,166.0,3304.4945161290325,110.02115187983689,False,False,False,False,False,False,False
2019-06-01,2019,6,2,1,AMAZONAS,553.0,48.0,4.0,44.0,12527.0,3.0,79.0,262.0,3.0,9.0,1296.0,3102.0,819.0,3260.517,108.83693482124966,False,False,False,False,False,False,False
2019-06-01,2019,6,2,1,ANTIOQUIA,13122.113,489.0,70.0,128.0,343518.0,3.0,90488.0,5611.0,112.0,16.0,49157.0,80378.0,24131.0,3260.517,108.83693482124966,False,False,False,False,False,False,False
2019-06-01,2019,6,2,1,ARAUCA,39.0,13.0,2.0,13.0,7298.0,3.0,0.0,87.0,7.0,6.0,1183.0,1679.0,300.0,3260.517,108.83693482124966,False,False,False,False,False,False,False
2019-06-01,2019,6,2,1,ATLANTICO,2695.962,139.0,17.0,84.0,100968.0,1.0,14176.0,773.0,17.0,13.0,11592.0,16200.0,8789.0,3260.517,108.83693482124966,False,False,False,False,False,False,False
2019-06-01,2019,6,2,1,BOGOTA D.C.,13165.758,165.0,1.0,165.0,795712.0,1.0,365193.0,5219.0,7.0,15.0,32037.0,47151.0,39823.0,3260.517,108.83693482124966,False,False,False,False,False,False,False
2019-06-01,2019,6,2,1,BOLIVAR,8574.513,158.0,18.0,117.0,187736.0,1.0,38148.0,5010.0,19.0,13.0,25549.0,45526.0,20950.0,3260.517,108.83693482124966,False,False,False,False,False,False,False
2019-06-01,2019,6,2,1,BOYACA,459.0,132.0,30.0,37.0,0.0,0.0,0.0,1698.0,89.0,14.0,14792.0,26405.0,3839.0,3260.517,108.83693482124966,False,False,False,False,False,False,False
2019-06-01,2019,6,2,1,CALDAS,1040.0,117.0,20.0,50.0,11595.0,1.0,388.0,958.0,27.0,12.0,7738.0,14815.0,3486.0,3260.517,108.83693482124966,False,False,False,False,False,False,False
2019-06-01,2019,6,2,1,CAQUETA,40.0,17.0,5.0,13.0,5428.0,3.0,4.0,207.0,10.0,11.0,2202.0,2824.0,642.0,3260.517,108.83693482124966,False,False,False,False,False,False,False
2019-06-01,2019,6,2,1,CASANARE,47.0,22.0,5.0,17.0,13166.0,1.0,18.0,536.0,16.0,11.0,7515.0,10280.0,1362.0,3260.517,108.83693482124966,False,False,False,False,False,False,False
2019-06-01,2019,6,2,1,CAUCA,441.0,57.0,12.0,33.0,5171.0,2.0,60.0,374.0,22.0,11.0,3817.0,5638.0,1939.0,3260.517,108.83693482124966,False,False,False,False,False,False,False
2019-06-01,2019,6,2,1,CESAR,264.0,51.0,10.0,33.0,18688.0,1.0,363.0,394.0,20.0,11.0,6371.0,9658.0,1530.0,3260.517,108.83693482124966,False,False,False,False,False,False,False
2019-06-01,2019,6,2,1,CHOCO,213.0,46.0,7.0,30.0,15728.0,2.0,0.0,338.0,12.0,6.0,3342.0,5721.0,873.0,3260.517,108.83693482124966,False,False,False,False,False,False,False
2019-06-01,2019,6,2,1,CORDOBA,336.0,72.0,16.0,35.0,42303.0,1.0,553.0,375.0,21.0,12.0,5795.0,8828.0,1882.0,3260.517,108.83693482124966,False,False,False,False,False,False,False
2019-06-01,2019,6,2,1,CUNDINAMARCA,1491.0,365.0,62.0,60.0,0.0,0.0,0.0,2403.0,103.0,15.0,21011.0,39655.0,8545.0,3260.517,108.83693482124966,False,False,False,False,False,False,False
2019-06-01,2019,6,2,1,GUAINIA,8.0,2.0,2.0,2.0,2161.0,3.0,0.0,31.0,1.0,3.0,215.0,304.0,58.0,3260.517,108.83693482124966,False,False,False,False,False,False,False
2019-06-01,2019,6,2,1,GUAVIARE,12.0,5.0,3.0,5.0,1513.0,2.0,0.0,50.0,1.0,7.0,427.0,608.0,187.0,3260.517,108.83693482124966,False,False,False,False,False,False,False
2019-06-01,2019,6,2,1,HUILA,643.0,93.0,15.0,42.0,14665.0,2.0,397.0,870.0,32.0,12.0,7704.0,12552.0,2532.0,3260.517,108.83693482124966,False,False,False,False,False,False,False
2019-06-01,2019,6,2,1,LA GUAJIRA,242.0,77.0,11.0,35.0,10943.0,1.0,290.0,558.0,11.0,12.0,5032.0,9138.0,1637.0,3260.517,108.83693482124966,False,False,False,False,False,False,False
2019-06-01,2019,6,2,1,MAGDALENA,2318.0,106.0,13.0,71.0,98507.0,1.0,1309.0,3421.0,15.0,12.0,18385.0,37954.0,9134.0,3260.517,108.83693482124966,False,False,False,False,False,False,False
2019-06-01,2019,6,2,1,META,332.0,62.0,11.0,36.0,7338.0,2.0,41.0,1274.0,27.0,12.0,15135.0,24786.0,4592.0,3260.517,108.83693482124966,False,False,False,False,False,False,False
2019-06-01,2019,6,2,1,NARINO,1347.0,97.0,14.0,46.0,20650.0,3.0,425.0,731.0,26.0,11.0,10013.0,14339.0,2725.0,3260.517,108.83693482124966,False,False,False,False,False,False,False
2019-06-01,2019,6,2,1,NORTE DE SANTANDER,1119.0,93.0,13.0,54.0,40250.0,1.0,2748.0,827.0,23.0,12.0,9096.0,13542.0,2109.0,3260.517,108.83693482124966,False,False,False,False,False,False,False
2019-06-01,2019,6,2,1,PUTUMAYO,193.0,36.0,11.0,16.0,6972.0,3.0,0.0,299.0,11.0,8.0,3513.0,4254.0,786.0,3260.517,108.83693482124966,False,False,False,False,False,False,False
2019-06-01,2019,6,2,1,QUINDIO,1626.0,143.0,11.0,53.0,14600.0,1.0,4087.0,1987.0,12.0,12.0,13250.0,27073.0,5363.0,3260.517,108.83693482124966,False,False,False,False,False,False,False
2019-06-01,2019,6,2,1,RISARALDA,1387.23,112.0,12.0,59.0,59929.0,1.0,10000.0,1018.0,14.0,14.0,7683.0,14078.0,4174.0,3260.517,108.83693482124966,False,False,False,False,False,False,False
2019-06-01,2019,6,2,1,"SAN ANDRES, PROVIDENCIA Y SANTA CATALINA",3223.973,70.0,2.0,49.0,96177.0,2.0,3106.0,1539.0,2.0,11.0,8777.0,18449.0,6348.0,3260.517,108.83693482124966,False,False,False,False,False,False,False
2019-06-01,2019,6,2,1,SANTANDER,1953.0,173.0,25.0,65.0,76316.0,2.0,4582.0,2013.0,69.0,14.0,20260.0,32827.0,6966.0,3260.517,108.83693482124966,False,False,False,False,False,False,False
2019-06-01,2019,6,2,1,SUCRE,145.0,39.0,13.0,23.0,3975.0,1.0,25.0,561.0,14.0,7.0,6807.0,16510.0,1487.0,3260.517,108.83693482124966,False,False,False,False,False,False,False
2019-06-01,2019,6,2,1,TOLIMA,775.0,88.0,22.0,43.0,5948.0,1.0,45.0,1276.0,43.0,13.0,15003.0,28118.0,4824.0,3260.517,108.83693482124966,False,False,False,False,False,False,False
2019-06-01,2019,6,2,1,VALLE DEL CAUCA,8904.078,437.0,39.0,105.0,172071.0,3.0,46238.0,2434.0,40.0,14.0,22636.0,36534.0,12979.0,3260.517,108.83693482124966,False,False,False,False,False,False,False
2019-06-01,2019,6,2,1,VAUPES,3.0,3.0,2.0,3.0,1587.0,4.0,0.0,10.0,1.0,3.0,91.0,106.0,22.0,3260.517,108.83693482124966,False,False,False,False,False,False,False
2019-06-01,2019,6,2,1,VICHADA,9.0,5.0,2.0,5.0,1980.0,2.0,0.0,65.0,4.0,4.0,597.0,764.0,166.0,3260.517,108.83693482124966,False,False,False,False,False,False,False
2019-07-01,2019,7,3,2,AMAZONAS,952.0,53.0,4.0,42.0,16488.0,3.0,77.0,262.0,3.0,9.0,1296.0,3102.0,819.0,3206.6003225806453,110.46975860361437,False,False,False,False,False,False,False
2019-07-01,2019,7,3,2,ANTIOQUIA,14063.651,534.0,73.0,137.0,366934.0,3.0,93995.0,5611.0,112.0,16.0,49157.0,80378.0,24131.0,3206.6003225806453,110.46975860361437,False,False,False,False,False,False,False
2019-07-01,2019,7,3,2,ARAUCA,42.0,21.0,6.0,14.0,7936.0,3.0,0.0,87.0,7.0,6.0,1183.0,1679.0,300.0,3206.6003225806453,110.46975860361437,False,False,False,False,False,False,False
2019-07-01,2019,7,3,2,ATLANTICO,2973.441,120.0,15.0,72.0,109078.0,1.0,15065.0,773.0,17.0,13.0,11592.0,16200.0,8789.0,3206.6003225806453,110.46975860361437,False,False,False,False,False,False,False
2019-07-01,2019,7,3,2,BOGOTA D.C.,12709.009,172.0,1.0,172.0,876580.0,1.0,425646.0,5219.0,7.0,15.0,32037.0,47151.0,39823.0,3206.6003225806453,110.46975860361437,False,False,False,False,False,False,False
2019-07-01,2019,7,3,2,BOLIVAR,10813.632,179.0,19.0,120.0,196494.0,1.0,43854.0,5010.0,19.0,13.0,25549.0,45526.0,20950.0,3206.6003225806453,110.46975860361437,False,False,False,False,False,False,False
2019-07-01,2019,7,3,2,BOYACA,702.0,139.0,32.0,40.0,0.0,0.0,0.0,1698.0,89.0,14.0,14792.0,26405.0,3839.0,3206.6003225806453,110.46975860361437,False,False,False,False,False,False,False
2019-07-01,2019,7,3,2,CALDAS,1001.0,100.0,19.0,48.0,10985.0,1.0,349.0,958.0,27.0,12.0,7738.0,14815.0,3486.0,3206.6003225806453,110.46975860361437,False,False,False,False,False,False,False
2019-07-01,2019,7,3,2,CAQUETA,49.0,20.0,6.0,16.0,5603.0,3.0,8.0,207.0,10.0,11.0,2202.0,2824.0,642.0,3206.6003225806453,110.46975860361437,False,False,False,False,False,False,False
2019-07-01,2019,7,3,2,CASANARE,51.0,20.0,4.0,16.0,14496.0,1.0,24.0,536.0,16.0,11.0,7515.0,10280.0,1362.0,3206.6003225806453,110.46975860361437,False,False,False,False,False,False,False
2019-07-01,2019,7,3,2,CAUCA,551.0,69.0,14.0,37.0,6273.0,2.0,109.0,374.0,22.0,11.0,3817.0,5638.0,1939.0,3206.6003225806453,110.46975860361437,False,False,False,False,False,False,False
2019-07-01,2019,7,3,2,CESAR,283.0,59.0,11.0,35.0,18575.0,2.0,400.0,394.0,20.0,11.0,6371.0,9658.0,1530.0,3206.6003225806453,110.46975860361437,False,False,False,False,False,False,False
2019-07-01,2019,7,3,2,CHOCO,336.0,46.0,7.0,32.0,16290.0,2.0,0.0,338.0,12.0,6.0,3342.0,5721.0,873.0,3206.6003225806453,110.46975860361437,False,False,False,False,False,False,False
2019-07-01,2019,7,3,2,CORDOBA,257.0,58.0,13.0,28.0,44394.0,1.0,583.0,375.0,21.0,12.0,5795.0,8828.0,1882.0,3206.6003225806453,110.46975860361437,False,False,False,False,False,False,False
2019-07-01,2019,7,3,2,CUNDINAMARCA,1558.0,381.0,60.0,61.0,0.0,0.0,0.0,2403.0,103.0,15.0,21011.0,39655.0,8545.0,3206.6003225806453,110.46975860361437,False,False,False,False,False,False,False
2019-07-01,2019,7,3,2,GUAINIA,6.0,2.0,1.0,2.0,2588.0,3.0,0.0,31.0,1.0,3.0,215.0,304.0,58.0,3206.6003225806453,110.46975860361437,False,False,False,False,False,False,False
2019-07-01,2019,7,3,2,GUAVIARE,5.0,4.0,2.0,4.0,1962.0,2.0,0.0,50.0,1.0,7.0,427.0,608.0,187.0,3206.6003225806453,110.46975860361437,False,False,False,False,False,False,False
2019-07-01,2019,7,3,2,HUILA,382.0,75.0,16.0,35.0,15392.0,2.0,227.0,870.0,32.0,12.0,7704.0,12552.0,2532.0,3206.6003225806453,110.46975860361437,False,False,False,False,False,False,False
2019-07-01,2019,7,3,2,LA GUAJIRA,310.0,68.0,11.0,30.0,11790.0,1.0,218.0,558.0,11.0,12.0,5032.0,9138.0,1637.0,3206.6003225806453,110.46975860361437,False,False,False,False,False,False,False
2019-07-01,2019,7,3,2,MAGDALENA,2679.0,107.0,13.0,71.0,103876.0,1.0,1231.0,3421.0,15.0,12.0,18385.0,37954.0,9134.0,3206.6003225806453,110.46975860361437,False,False,False,False,False,False,False
2019-07-01,2019,7,3,2,META,387.0,63.0,12.0,32.0,9304.0,2.0,107.0,1274.0,27.0,12.0,15135.0,24786.0,4592.0,3206.6003225806453,110.46975860361437,False,False,False,False,False,False,False
2019-07-01,2019,7,3,2,NARINO,1440.0,120.0,14.0,53.0,21524.0,3.0,519.0,731.0,26.0,11.0,10013.0,14339.0,2725.0,3206.6003225806453,110.46975860361437,False,False,False,False,False,False,False
2019-07-01,2019,7,3,2,NORTE DE SANTANDER,1327.0,86.0,12.0,50.0,42144.0,1.0,2770.0,827.0,23.0,12.0,9096.0,13542.0,2109.0,3206.6003225806453,110.46975860361437,False,False,False,False,False,False,False
2019-07-01,2019,7,3,2,PUTUMAYO,200.0,33.0,8.0,21.0,7173.0,3.0,0.0,299.0,11.0,8.0,3513.0,4254.0,786.0,3206.6003225806453,110.46975860361437,False,False,False,False,False,False,False
2019-07-01,2019,7,3,2,QUINDIO,1980.0,115.0,10.0,46.0,15017.0,1.0,4053.0,1987.0,12.0,12.0,13250.0,27073.0,5363.0,3206.6003225806453,110.46975860361437,False,False,False,False,False,False,False
2019-07-01,2019,7,3,2,RISARALDA,2077.204,130.0,11.0,60.0,72930.0,1.0,11535.0,1018.0,14.0,14.0,7683.0,14078.0,4174.0,3206.6003225806453,110.46975860361437,False,False,False,False,False,False,False
2019-07-01,2019,7,3,2,"SAN ANDRES, PROVIDENCIA Y SANTA CATALINA",3124.595,74.0,2.0,54.0,98827.0,2.0,3376.0,1539.0,2.0,11.0,8777.0,18449.0,6348.0,3206.6003225806453,110.46975860361437,False,False,False,False,False,False,False
2019-07-01,2019,7,3,2,SANTANDER,2046.0,192.0,27.0,68.0,85171.0,2.0,4519.0,2013.0,69.0,14.0,20260.0,32827.0,6966.0,3206.6003225806453,110.46975860361437,False,False,False,False,False,False,False
2019-07-01,2019,7,3,2,SUCRE,125.0,40.0,9.0,27.0,4243.0,1.0,35.0,561.0,14.0,7.0,6807.0,16510.0,1487.0,3206.6003225806453,110.46975860361437,False,False,False,False,False,False,False
2019-07-01,2019,7,3,2,TOLIMA,651.0,91.0,18.0,45.0,6661.0,1.0,182.0,1276.0,43.0,13.0,15003.0,28118.0,4824.0,3206.6003225806453,110.46975860361437,False,False,False,False,False,False,False
2019-07-01,2019,7,3,2,VALLE DEL CAUCA,10456.535,479.0,40.0,110.0,200878.0,2.0,53566.0,2434.0,40.0,14.0,22636.0,36534.0,12979.0,3206.6003225806453,110.46975860361437,False,False,False,False,False,False,False
2019-07-01,2019,7,3,2,VAUPES,8.0,6.0,2.0,5.0,1583.0,4.0,0.0,10.0,1.0,3.0,91.0,106.0,22.0,3206.6003225806453,110.46975860361437,False,False,False,False,False,False,False
2019-07-01,2019,7,3,2,VICHADA,5.0,4.0,3.0,3.0,2199.0,1.0,0.0,65.0,4.0,4.0,597.0,764.0,166.0,3206.6003225806453,110.46975860361437,False,False,False,False,False,False,False
2019-08-01,2019,8,3,2,AMAZONAS,660.0,43.0,4.0,39.0,15397.0,3.0,44.0,262.0,3.0,9.0,1296.0,3102.0,819.0,3410.7290322580648,110.46033307448869,False,False,False,False,False,False,False
2019-08-01,2019,8,3,2,ANTIOQUIA,13009.818,476.0,71.0,120.0,373379.0,4.0,85758.0,5611.0,112.0,16.0,49157.0,80378.0,24131.0,3410.7290322580648,110.46033307448869,False,False,False,False,False,False,False
2019-08-01,2019,8,3,2,ARAUCA,28.0,15.0,4.0,12.0,7287.0,3.0,0.0,87.0,7.0,6.0,1183.0,1679.0,300.0,3410.7290322580648,110.46033307448869,False,False,False,False,False,False,False
2019-08-01,2019,8,3,2,ATLANTICO,3014.0389999999998,130.0,17.0,77.0,106907.0,1.0,13292.0,773.0,17.0,13.0,11592.0,16200.0,8789.0,3410.7290322580648,110.46033307448869,False,False,False,False,False,False,False
2019-08-01,2019,8,3,2,BOGOTA D.C.,13251.627,159.0,2.0,158.0,892204.0,1.0,396771.0,5219.0,7.0,15.0,32037.0,47151.0,39823.0,3410.7290322580648,110.46033307448869,False,False,False,False,False,False,False
2019-08-01,2019,8,3,2,BOLIVAR,9043.706,167.0,17.0,119.0,192505.0,1.0,42944.0,5010.0,19.0,13.0,25549.0,45526.0,20950.0,3410.7290322580648,110.46033307448869,False,False,False,False,False,False,False
2019-08-01,2019,8,3,2,BOYACA,566.0,136.0,33.0,45.0,0.0,0.0,0.0,1698.0,89.0,14.0,14792.0,26405.0,3839.0,3410.7290322580648,110.46033307448869,False,False,False,False,False,False,False
2019-08-01,2019,8,3,2,CALDAS,766.0,104.0,18.0,43.0,12102.0,1.0,18.0,958.0,27.0,12.0,7738.0,14815.0,3486.0,3410.7290322580648,110.46033307448869,False,False,False,False,False,False,False
2019-08-01,2019,8,3,2,CAQUETA,81.0,24.0,3.0,22.0,6144.0,3.0,2.0,207.0,10.0,11.0,2202.0,2824.0,642.0,3410.7290322580648,110.46033307448869,False,False,False,False,False,False,False
2019-08-01,2019,8,3,2,CASANARE,94.0,29.0,3.0,22.0,13934.0,5.0,18.0,536.0,16.0,11.0,7515.0,10280.0,1362.0,3410.7290322580648,110.46033307448869,False,False,False,False,False,False,False
2019-08-01,2019,8,3,2,CAUCA,447.0,71.0,17.0,41.0,7055.0,3.0,13.0,374.0,22.0,11.0,3817.0,5638.0,1939.0,3410.7290322580648,110.46033307448869,False,False,False,False,False,False,False
2019-08-01,2019,8,3,2,CESAR,211.0,42.0,11.0,26.0,17624.0,3.0,292.0,394.0,20.0,11.0,6371.0,9658.0,1530.0,3410.7290322580648,110.46033307448869,False,False,False,False,False,False,False
2019-08-01,2019,8,3,2,CHOCO,340.0,55.0,8.0,36.0,15198.0,3.0,0.0,338.0,12.0,6.0,3342.0,5721.0,873.0,3410.7290322580648,110.46033307448869,False,False,False,False,False,False,False
2019-08-01,2019,8,3,2,CORDOBA,217.0,56.0,13.0,31.0,42387.0,1.0,470.0,375.0,21.0,12.0,5795.0,8828.0,1882.0,3410.7290322580648,110.46033307448869,False,False,False,False,False,False,False
2019-08-01,2019,8,3,2,CUNDINAMARCA,1314.0,394.0,61.0,63.0,0.0,0.0,0.0,2403.0,103.0,15.0,21011.0,39655.0,8545.0,3410.7290322580648,110.46033307448869,False,False,False,False,False,False,False
2019-08-01,2019,8,3,2,GUAINIA,5.0,2.0,1.0,2.0,2166.0,3.0,0.0,31.0,1.0,3.0,215.0,304.0,58.0,3410.7290322580648,110.46033307448869,False,False,False,False,False,False,False
2019-08-01,2019,8,3,2,GUAVIARE,2.0,2.0,1.0,2.0,1946.0,2.0,0.0,50.0,1.0,7.0,427.0,608.0,187.0,3410.7290322580648,110.46033307448869,False,False,False,False,False,False,False
2019-08-01,2019,8,3,2,HUILA,513.0,86.0,16.0,39.0,15015.0,2.0,86.0,870.0,32.0,12.0,7704.0,12552.0,2532.0,3410.7290322580648,110.46033307448869,False,False,False,False,False,False,False
2019-08-01,2019,8,3,2,LA GUAJIRA,246.0,58.0,8.0,27.0,11251.0,1.0,336.0,558.0,11.0,12.0,5032.0,9138.0,1637.0,3410.7290322580648,110.46033307448869,False,False,False,False,False,False,False
2019-08-01,2019,8,3,2,MAGDALENA,2766.0,107.0,13.0,66.0,95711.0,2.0,1185.0,3421.0,15.0,12.0,18385.0,37954.0,9134.0,3410.7290322580648,110.46033307448869,False,False,False,False,False,False,False
2019-08-01,2019,8,3,2,META,433.0,63.0,13.0,33.0,32131.0,2.0,82.0,1274.0,27.0,12.0,15135.0,24786.0,4592.0,3410.7290322580648,110.46033307448869,False,False,False,False,False,False,False
2019-08-01,2019,8,3,2,NARINO,1508.0,114.0,18.0,52.0,22366.0,3.0,368.0,731.0,26.0,11.0,10013.0,14339.0,2725.0,3410.7290322580648,110.46033307448869,False,False,False,False,False,False,False
2019-08-01,2019,8,3,2,NORTE DE SANTANDER,1487.0,105.0,16.0,54.0,40440.0,1.0,2964.0,827.0,23.0,12.0,9096.0,13542.0,2109.0,3410.7290322580648,110.46033307448869,False,False,False,False,False,False,False
2019-08-01,2019,8,3,2,PUTUMAYO,290.0,44.0,10.0,23.0,6973.0,3.0,0.0,299.0,11.0,8.0,3513.0,4254.0,786.0,3410.7290322580648,110.46033307448869,False,False,False,False,False,False,False
2019-08-01,2019,8,3,2,QUINDIO,1829.0,135.0,10.0,54.0,14969.0,1.0,3455.0,1987.0,12.0,12.0,13250.0,27073.0,5363.0,3410.7290322580648,110.46033307448869,False,False,False,False,False,False,False
2019-08-01,2019,8,3,2,RISARALDA,3046.0,135.0,12.0,69.0,71376.0,1.0,10624.0,1018.0,14.0,14.0,7683.0,14078.0,4174.0,3410.7290322580648,110.46033307448869,False,False,False,False,False,False,False
2019-08-01,2019,8,3,2,"SAN ANDRES, PROVIDENCIA Y SANTA CATALINA",2355.025,79.0,2.0,58.0,96697.0,2.0,3751.0,1539.0,2.0,11.0,8777.0,18449.0,6348.0,3410.7290322580648,110.46033307448869,False,False,False,False,False,False,False
2019-08-01,2019,8,3,2,SANTANDER,1903.0,178.0,24.0,65.0,86829.0,2.0,3842.0,2013.0,69.0,14.0,20260.0,32827.0,6966.0,3410.7290322580648,110.46033307448869,False,False,False,False,False,False,False
2019-08-01,2019,8,3,2,SUCRE,115.0,43.0,12.0,27.0,3827.0,1.0,33.0,561.0,14.0,7.0,6807.0,16510.0,1487.0,3410.7290322580648,110.46033307448869,False,False,False,False,False,False,False
2019-08-01,2019,8,3,2,TOLIMA,674.0,100.0,22.0,46.0,7285.0,4.0,0.0,1276.0,43.0,13.0,15003.0,28118.0,4824.0,3410.7290322580648,110.46033307448869,False,False,False,False,False,False,False
2019-08-01,2019,8,3,2,VALLE DEL CAUCA,8983.938,417.0,39.0,105.0,199880.0,2.0,51384.0,2434.0,40.0,14.0,22636.0,36534.0,12979.0,3410.7290322580648,110.46033307448869,False,False,False,False,False,False,False
2019-08-01,2019,8,3,2,VAUPES,2.0,2.0,2.0,1.0,1535.0,3.0,0.0,10.0,1.0,3.0,91.0,106.0,22.0,3410.7290322580648,110.46033307448869,False,False,False,False,False,False,False
2019-08-01,2019,8,3,2,VICHADA,6.0,5.0,2.0,5.0,2000.0,2.0,0.0,65.0,4.0,4.0,597.0,764.0,166.0,3410.7290322580648,110.46033307448869,False,False,False,False,False,False,False
2019-09-01,2019,9,3,2,AMAZONAS,548.0,55.0,4.0,43.0,13469.0,3.0,38.0,262.0,3.0,9.0,1296.0,3102.0,819.0,3399.4570000000003,109.52167082277262,False,False,False,False,False,False,False
2019-09-01,2019,9,3,2,ANTIOQUIA,12885.268,462.0,68.0,125.0,345723.0,4.0,75305.0,5611.0,112.0,16.0,49157.0,80378.0,24131.0,3399.4570000000003,109.52167082277262,False,False,False,False,False,False,False
2019-09-01,2019,9,3,2,ARAUCA,19.0,13.0,5.0,8.0,6851.0,3.0,0.0,87.0,7.0,6.0,1183.0,1679.0,300.0,3399.4570000000003,109.52167082277262,False,False,False,False,False,False,False
2019-09-01,2019,9,3,2,ATLANTICO,2805.513,121.0,14.0,75.0,101024.0,1.0,11641.0,773.0,17.0,13.0,11592.0,16200.0,8789.0,3399.4570000000003,109.52167082277262,False,False,False,False,False,False,False
2019-09-01,2019,9,3,2,BOGOTA D.C.,13819.319,170.0,1.0,170.0,847760.0,1.0,353814.0,5219.0,7.0,15.0,32037.0,47151.0,39823.0,3399.4570000000003,109.52167082277262,False,False,False,False,False,False,False
2019-09-01,2019,9,3,2,BOLIVAR,9075.753,173.0,18.0,123.0,172144.0,1.0,34690.0,5010.0,19.0,13.0,25549.0,45526.0,20950.0,3399.4570000000003,109.52167082277262,False,False,False,False,False,False,False
2019-09-01,2019,9,3,2,BOYACA,500.0,121.0,27.0,37.0,0.0,0.0,0.0,1698.0,89.0,14.0,14792.0,26405.0,3839.0,3399.4570000000003,109.52167082277262,False,False,False,False,False,False,False
2019-09-01,2019,9,3,2,CALDAS,595.0,94.0,21.0,44.0,11189.0,1.0,0.0,958.0,27.0,12.0,7738.0,14815.0,3486.0,3399.4570000000003,109.52167082277262,False,False,False,False,False,False,False
2019-09-01,2019,9,3,2,CAQUETA,32.0,18.0,3.0,14.0,5861.0,3.0,0.0,207.0,10.0,11.0,2202.0,2824.0,642.0,3399.4570000000003,109.52167082277262,False,False,False,False,False,False,False
2019-09-01,2019,9,3,2,CASANARE,56.0,25.0,6.0,17.0,13874.0,3.0,2.0,536.0,16.0,11.0,7515.0,10280.0,1362.0,3399.4570000000003,109.52167082277262,False,False,False,False,False,False,False
2019-09-01,2019,9,3,2,CAUCA,350.0,56.0,14.0,33.0,6886.0,3.0,0.0,374.0,22.0,11.0,3817.0,5638.0,1939.0,3399.4570000000003,109.52167082277262,False,False,False,False,False,False,False
2019-09-01,2019,9,3,2,CESAR,250.0,55.0,11.0,38.0,18730.0,3.0,279.0,394.0,20.0,11.0,6371.0,9658.0,1530.0,3399.4570000000003,109.52167082277262,False,False,False,False,False,False,False
2019-09-01,2019,9,3,2,CHOCO,231.0,45.0,10.0,28.0,16045.0,3.0,0.0,338.0,12.0,6.0,3342.0,5721.0,873.0,3399.4570000000003,109.52167082277262,False,False,False,False,False,False,False
2019-09-01,2019,9,3,2,CORDOBA,199.0,59.0,12.0,35.0,41895.0,1.0,384.0,375.0,21.0,12.0,5795.0,8828.0,1882.0,3399.4570000000003,109.52167082277262,False,False,False,False,False,False,False
2019-09-01,2019,9,3,2,CUNDINAMARCA,1140.0,376.0,64.0,54.0,0.0,0.0,0.0,2403.0,103.0,15.0,21011.0,39655.0,8545.0,3399.4570000000003,109.52167082277262,False,False,False,False,False,False,False
2019-09-01,2019,9,3,2,GUAINIA,8.0,5.0,4.0,4.0,2301.0,3.0,0.0,31.0,1.0,3.0,215.0,304.0,58.0,3399.4570000000003,109.52167082277262,False,False,False,False,False,False,False
2019-09-01,2019,9,3,2,GUAVIARE,5.0,5.0,2.0,5.0,1834.0,2.0,0.0,50.0,1.0,7.0,427.0,608.0,187.0,3399.4570000000003,109.52167082277262,False,False,False,False,False,False,False
2019-09-01,2019,9,3,2,HUILA,278.0,65.0,10.0,33.0,14239.0,2.0,70.0,870.0,32.0,12.0,7704.0,12552.0,2532.0,3399.4570000000003,109.52167082277262,False,False,False,False,False,False,False
2019-09-01,2019,9,3,2,LA GUAJIRA,276.0,70.0,11.0,36.0,10454.0,1.0,558.0,558.0,11.0,12.0,5032.0,9138.0,1637.0,3399.4570000000003,109.52167082277262,False,False,False,False,False,False,False
2019-09-01,2019,9,3,2,MAGDALENA,2043.0,88.0,7.0,70.0,83597.0,1.0,987.0,3421.0,15.0,12.0,18385.0,37954.0,9134.0,3399.4570000000003,109.52167082277262,False,False,False,False,False,False,False
2019-09-01,2019,9,3,2,META,343.0,60.0,13.0,31.0,30803.0,3.0,101.0,1274.0,27.0,12.0,15135.0,24786.0,4592.0,3399.4570000000003,109.52167082277262,False,False,False,False,False,False,False
2019-09-01,2019,9,3,2,NARINO,945.0,91.0,12.0,47.0,20147.0,3.0,307.0,731.0,26.0,11.0,10013.0,14339.0,2725.0,3399.4570000000003,109.52167082277262,False,False,False,False,False,False,False
2019-09-01,2019,9,3,2,NORTE DE SANTANDER,1373.0,86.0,11.0,51.0,41755.0,1.0,3641.0,827.0,23.0,12.0,9096.0,13542.0,2109.0,3399.4570000000003,109.52167082277262,False,False,False,False,False,False,False
2019-09-01,2019,9,3,2,PUTUMAYO,252.0,41.0,11.0,20.0,7206.0,3.0,0.0,299.0,11.0,8.0,3513.0,4254.0,786.0,3399.4570000000003,109.52167082277262,False,False,False,False,False,False,False
2019-09-01,2019,9,3,2,QUINDIO,1014.0,109.0,8.0,44.0,14392.0,1.0,3007.0,1987.0,12.0,12.0,13250.0,27073.0,5363.0,3399.4570000000003,109.52167082277262,False,False,False,False,False,False,False
2019-09-01,2019,9,3,2,RISARALDA,1963.0,130.0,12.0,72.0,61226.0,1.0,8628.0,1018.0,14.0,14.0,7683.0,14078.0,4174.0,3399.4570000000003,109.52167082277262,False,False,False,False,False,False,False
2019-09-01,2019,9,3,2,"SAN ANDRES, PROVIDENCIA Y SANTA CATALINA",2756.323,61.0,2.0,43.0,90478.0,2.0,3401.0,1539.0,2.0,11.0,8777.0,18449.0,6348.0,3399.4570000000003,109.52167082277262,False,False,False,False,False,False,False
2019-09-01,2019,9,3,2,SANTANDER,1485.0,164.0,19.0,63.0,84176.0,2.0,3675.0,2013.0,69.0,14.0,20260.0,32827.0,6966.0,3399.4570000000003,109.52167082277262,False,False,False,False,False,False,False
2019-09-01,2019,9,3,2,SUCRE,113.0,30.0,7.0,19.0,3688.0,1.0,13.0,561.0,14.0,7.0,6807.0,16510.0,1487.0,3399.4570000000003,109.52167082277262,False,False,False,False,False,False,False
2019-09-01,2019,9,3,2,TOLIMA,452.0,85.0,15.0,47.0,6766.0,3.0,0.0,1276.0,43.0,13.0,15003.0,28118.0,4824.0,3399.4570000000003,109.52167082277262,False,False,False,False,False,False,False
2019-09-01,2019,9,3,2,VALLE DEL CAUCA,8282.548,414.0,37.0,113.0,183890.0,3.0,42206.0,2434.0,40.0,14.0,22636.0,36534.0,12979.0,3399.4570000000003,109.52167082277262,False,False,False,False,False,False,False
2019-09-01,2019,9,3,2,VAUPES,2.0,2.0,2.0,2.0,1507.0,4.0,0.0,10.0,1.0,3.0,91.0,106.0,22.0,3399.4570000000003,109.52167082277262,False,False,False,False,False,False,False
2019-09-01,2019,9,3,2,VICHADA,7.0,5.0,1.0,5.0,2211.0,3.0,0.0,65.0,4.0,4.0,597.0,764.0,166.0,3399.4570000000003,109.52167082277262,False,False,False,False,False,False,False
2019-10-01,2019,10,4,2,AMAZONAS,373.0,41.0,3.0,36.0,14346.0,3.0,21.0,262.0,3.0,9.0,1296.0,3102.0,819.0,3433.311612903226,110.54012570246216,False,False,False,False,False,False,False
2019-10-01,2019,10,4,2,ANTIOQUIA,13766.965,482.0,65.0,127.0,355347.0,4.0,83038.0,5611.0,112.0,16.0,49157.0,80378.0,24131.0,3433.311612903226,110.54012570246216,False,False,False,False,False,False,False
2019-10-01,2019,10,4,2,ARAUCA,26.0,13.0,3.0,11.0,7522.0,3.0,0.0,87.0,7.0,6.0,1183.0,1679.0,300.0,3433.311612903226,110.54012570246216,False,False,False,False,False,False,False
2019-10-01,2019,10,4,2,ATLANTICO,2921.628,132.0,16.0,73.0,99118.0,1.0,12945.0,773.0,17.0,13.0,11592.0,16200.0,8789.0,3433.311612903226,110.54012570246216,False,False,False,False,False,False,False
2019-10-01,2019,10,4,2,BOGOTA D.C.,13776.848,171.0,1.0,171.0,852003.0,1.0,364145.0,5219.0,7.0,15.0,32037.0,47151.0,39823.0,3433.311612903226,110.54012570246216,False,False,False,False,False,False,False
2019-10-01,2019,10,4,2,BOLIVAR,9302.044,159.0,18.0,113.0,177961.0,1.0,37560.0,5010.0,19.0,13.0,25549.0,45526.0,20950.0,3433.311612903226,110.54012570246216,False,False,False,False,False,False,False
2019-10-01,2019,10,4,2,BOYACA,434.0,128.0,31.0,31.0,0.0,0.0,0.0,1698.0,89.0,14.0,14792.0,26405.0,3839.0,3433.311612903226,110.54012570246216,False,False,False,False,False,False,False
2019-10-01,2019,10,4,2,CALDAS,667.0,90.0,17.0,41.0,9334.0,1.0,0.0,958.0,27.0,12.0,7738.0,14815.0,3486.0,3433.311612903226,110.54012570246216,False,False,False,False,False,False,False
2019-10-01,2019,10,4,2,CAQUETA,48.0,19.0,4.0,14.0,6728.0,3.0,0.0,207.0,10.0,11.0,2202.0,2824.0,642.0,3433.311612903226,110.54012570246216,False,False,False,False,False,False,False
2019-10-01,2019,10,4,2,CASANARE,67.0,23.0,3.0,19.0,13621.0,4.0,36.0,536.0,16.0,11.0,7515.0,10280.0,1362.0,3433.311612903226,110.54012570246216,False,False,False,False,False,False,False
2019-10-01,2019,10,4,2,CAUCA,296.0,60.0,18.0,30.0,6341.0,3.0,0.0,374.0,22.0,11.0,3817.0,5638.0,1939.0,3433.311612903226,110.54012570246216,False,False,False,False,False,False,False
2019-10-01,2019,10,4,2,CESAR,265.0,49.0,10.0,30.0,19566.0,3.0,338.0,394.0,20.0,11.0,6371.0,9658.0,1530.0,3433.311612903226,110.54012570246216,False,False,False,False,False,False,False
2019-10-01,2019,10,4,2,CHOCO,222.0,42.0,9.0,31.0,15684.0,3.0,0.0,338.0,12.0,6.0,3342.0,5721.0,873.0,3433.311612903226,110.54012570246216,False,False,False,False,False,False,False
2019-10-01,2019,10,4,2,CORDOBA,290.0,58.0,11.0,32.0,43517.0,1.0,577.0,375.0,21.0,12.0,5795.0,8828.0,1882.0,3433.311612903226,110.54012570246216,False,False,False,False,False,False,False
2019-10-01,2019,10,4,2,CUNDINAMARCA,1164.0,363.0,66.0,59.0,0.0,0.0,0.0,2403.0,103.0,15.0,21011.0,39655.0,8545.0,3433.311612903226,110.54012570246216,False,False,False,False,False,False,False
2019-10-01,2019,10,4,2,GUAINIA,5.0,2.0,1.0,2.0,2214.0,3.0,0.0,31.0,1.0,3.0,215.0,304.0,58.0,3433.311612903226,110.54012570246216,False,False,False,False,False,False,False
2019-10-01,2019,10,4,2,GUAVIARE,4.0,4.0,1.0,4.0,1730.0,2.0,0.0,50.0,1.0,7.0,427.0,608.0,187.0,3433.311612903226,110.54012570246216,False,False,False,False,False,False,False
2019-10-01,2019,10,4,2,HUILA,347.0,76.0,16.0,35.0,12801.0,2.0,0.0,870.0,32.0,12.0,7704.0,12552.0,2532.0,3433.311612903226,110.54012570246216,False,False,False,False,False,False,False
2019-10-01,2019,10,4,2,LA GUAJIRA,255.0,58.0,11.0,31.0,9685.0,1.0,427.0,558.0,11.0,12.0,5032.0,9138.0,1637.0,3433.311612903226,110.54012570246216,False,False,False,False,False,False,False
2019-10-01,2019,10,4,2,MAGDALENA,1939.0,92.0,9.0,63.0,82427.0,1.0,1070.0,3421.0,15.0,12.0,18385.0,37954.0,9134.0,3433.311612903226,110.54012570246216,False,False,False,False,False,False,False
2019-10-01,2019,10,4,2,META,354.0,61.0,12.0,34.0,20746.0,3.0,94.0,1274.0,27.0,12.0,15135.0,24786.0,4592.0,3433.311612903226,110.54012570246216,False,False,False,False,False,False,False
2019-10-01,2019,10,4,2,NARINO,980.0,96.0,16.0,48.0,20137.0,3.0,380.0,731.0,26.0,11.0,10013.0,14339.0,2725.0,3433.311612903226,110.54012570246216,False,False,False,False,False,False,False
2019-10-01,2019,10,4,2,NORTE DE SANTANDER,1405.0,97.0,11.0,53.0,42162.0,1.0,3775.0,827.0,23.0,12.0,9096.0,13542.0,2109.0,3433.311612903226,110.54012570246216,False,False,False,False,False,False,False
2019-10-01,2019,10,4,2,PUTUMAYO,168.0,40.0,9.0,22.0,7304.0,3.0,0.0,299.0,11.0,8.0,3513.0,4254.0,786.0,3433.311612903226,110.54012570246216,False,False,False,False,False,False,False
2019-10-01,2019,10,4,2,QUINDIO,1132.0,124.0,9.0,53.0,14705.0,1.0,3434.0,1987.0,12.0,12.0,13250.0,27073.0,5363.0,3433.311612903226,110.54012570246216,False,False,False,False,False,False,False
2019-10-01,2019,10,4,2,RISARALDA,2074.0,111.0,11.0,58.0,66607.0,1.0,9514.0,1018.0,14.0,14.0,7683.0,14078.0,4174.0,3433.311612903226,110.54012570246216,False,False,False,False,False,False,False
2019-10-01,2019,10,4,2,"SAN ANDRES, PROVIDENCIA Y SANTA CATALINA",2176.64,69.0,2.0,52.0,91079.0,2.0,3134.0,1539.0,2.0,11.0,8777.0,18449.0,6348.0,3433.311612903226,110.54012570246216,False,False,False,False,False,False,False
2019-10-01,2019,10,4,2,SANTANDER,2032.0,190.0,27.0,65.0,88534.0,3.0,4210.0,2013.0,69.0,14.0,20260.0,32827.0,6966.0,3433.311612903226,110.54012570246216,False,False,False,False,False,False,False
2019-10-01,2019,10,4,2,SUCRE,99.0,39.0,9.0,22.0,3372.0,1.0,25.0,561.0,14.0,7.0,6807.0,16510.0,1487.0,3433.311612903226,110.54012570246216,False,False,False,False,False,False,False
2019-10-01,2019,10,4,2,TOLIMA,396.0,81.0,14.0,45.0,5379.0,3.0,41.0,1276.0,43.0,13.0,15003.0,28118.0,4824.0,3433.311612903226,110.54012570246216,False,False,False,False,False,False,False
2019-10-01,2019,10,4,2,VALLE DEL CAUCA,7896.977,390.0,38.0,103.0,179667.0,2.0,42012.0,2434.0,40.0,14.0,22636.0,36534.0,12979.0,3433.311612903226,110.54012570246216,False,False,False,False,False,False,False
2019-10-01,2019,10,4,2,VAUPES,3.0,3.0,1.0,3.0,1948.0,3.0,0.0,10.0,1.0,3.0,91.0,106.0,22.0,3433.311612903226,110.54012570246216,False,False,False,False,False,False,False
2019-10-01,2019,10,4,2,VICHADA,14.0,9.0,2.0,8.0,2150.0,2.0,0.0,65.0,4.0,4.0,597.0,764.0,166.0,3433.311612903226,110.54012570246216,False,False,False,False,False,False,False
2019-11-01,2019,11,4,2,AMAZONAS,479.0,44.0,3.0,38.0,13221.0,4.0,73.0,262.0,3.0,9.0,1296.0,3102.0,819.0,3401.473,110.04587487213469,False,False,False,False,False,False,False
2019-11-01,2019,11,4,2,ANTIOQUIA,13419.414,503.0,67.0,131.0,356402.0,4.0,82604.0,5611.0,112.0,16.0,49157.0,80378.0,24131.0,3401.473,110.04587487213469,False,False,False,False,False,False,False
2019-11-01,2019,11,4,2,ARAUCA,15.0,14.0,3.0,12.0,7444.0,3.0,0.0,87.0,7.0,6.0,1183.0,1679.0,300.0,3401.473,110.04587487213469,False,False,False,False,False,False,False
2019-11-01,2019,11,4,2,ATLANTICO,3041.876,136.0,15.0,82.0,98018.0,1.0,12754.0,773.0,17.0,13.0,11592.0,16200.0,8789.0,3401.473,110.04587487213469,False,False,False,False,False,False,False
2019-11-01,2019,11,4,2,BOGOTA D.C.,14053.897,159.0,1.0,159.0,825572.0,1.0,358155.0,5219.0,7.0,15.0,32037.0,47151.0,39823.0,3401.473,110.04587487213469,False,False,False,False,False,False,False
2019-11-01,2019,11,4,2,BOLIVAR,10234.123,170.0,10.0,128.0,187542.0,1.0,45894.0,5010.0,19.0,13.0,25549.0,45526.0,20950.0,3401.473,110.04587487213469,False,False,False,False,False,False,False
2019-11-01,2019,11,4,2,BOYACA,397.0,118.0,30.0,38.0,0.0,0.0,0.0,1698.0,89.0,14.0,14792.0,26405.0,3839.0,3401.473,110.04587487213469,False,False,False,False,False,False,False
2019-11-01,2019,11,4,2,CALDAS,617.0,87.0,18.0,40.0,8004.0,1.0,0.0,958.0,27.0,12.0,7738.0,14815.0,3486.0,3401.473,110.04587487213469,False,False,False,False,False,False,False
2019-11-01,2019,11,4,2,CAQUETA,90.0,16.0,2.0,15.0,6260.0,3.0,0.0,207.0,10.0,11.0,2202.0,2824.0,642.0,3401.473,110.04587487213469,False,False,False,False,False,False,False
2019-11-01,2019,11,4,2,CASANARE,89.0,30.0,5.0,21.0,13345.0,3.0,0.0,536.0,16.0,11.0,7515.0,10280.0,1362.0,3401.473,110.04587487213469,False,False,False,False,False,False,False
2019-11-01,2019,11,4,2,CAUCA,337.0,60.0,16.0,33.0,5779.0,3.0,0.0,374.0,22.0,11.0,3817.0,5638.0,1939.0,3401.473,110.04587487213469,False,False,False,False,False,False,False
2019-11-01,2019,11,4,2,CESAR,262.0,47.0,12.0,26.0,19686.0,3.0,382.0,394.0,20.0,11.0,6371.0,9658.0,1530.0,3401.473,110.04587487213469,False,False,False,False,False,False,False
2019-11-01,2019,11,4,2,CHOCO,198.0,41.0,8.0,32.0,15464.0,3.0,0.0,338.0,12.0,6.0,3342.0,5721.0,873.0,3401.473,110.04587487213469,False,False,False,False,False,False,False
2019-11-01,2019,11,4,2,CORDOBA,269.0,74.0,15.0,38.0,45441.0,1.0,601.0,375.0,21.0,12.0,5795.0,8828.0,1882.0,3401.473,110.04587487213469,False,False,False,False,False,False,False
2019-11-01,2019,11,4,2,CUNDINAMARCA,1251.0,389.0,58.0,58.0,0.0,0.0,0.0,2403.0,103.0,15.0,21011.0,39655.0,8545.0,3401.473,110.04587487213469,False,False,False,False,False,False,False
2019-11-01,2019,11,4,2,GUAINIA,8.0,5.0,1.0,5.0,2293.0,3.0,0.0,31.0,1.0,3.0,215.0,304.0,58.0,3401.473,110.04587487213469,False,False,False,False,False,False,False
2019-11-01,2019,11,4,2,GUAVIARE,7.0,6.0,2.0,6.0,1646.0,2.0,0.0,50.0,1.0,7.0,427.0,608.0,187.0,3401.473,110.04587487213469,False,False,False,False,False,False,False
2019-11-01,2019,11,4,2,HUILA,306.0,85.0,15.0,38.0,12709.0,2.0,0.0,870.0,32.0,12.0,7704.0,12552.0,2532.0,3401.473,110.04587487213469,False,False,False,False,False,False,False
2019-11-01,2019,11,4,2,LA GUAJIRA,255.0,57.0,8.0,30.0,9855.0,1.0,290.0,558.0,11.0,12.0,5032.0,9138.0,1637.0,3401.473,110.04587487213469,False,False,False,False,False,False,False
2019-11-01,2019,11,4,2,MAGDALENA,2410.0,102.0,10.0,72.0,93400.0,1.0,1065.0,3421.0,15.0,12.0,18385.0,37954.0,9134.0,3401.473,110.04587487213469,False,False,False,False,False,False,False
2019-11-01,2019,11,4,2,META,359.0,65.0,13.0,34.0,13321.0,3.0,8.0,1274.0,27.0,12.0,15135.0,24786.0,4592.0,3401.473,110.04587487213469,False,False,False,False,False,False,False
2019-11-01,2019,11,4,2,NARINO,1215.0,100.0,15.0,51.0,19722.0,3.0,369.0,731.0,26.0,11.0,10013.0,14339.0,2725.0,3401.473,110.04587487213469,False,False,False,False,False,False,False
2019-11-01,2019,11,4,2,NORTE DE SANTANDER,1659.0,110.0,13.0,58.0,42846.0,1.0,3651.0,827.0,23.0,12.0,9096.0,13542.0,2109.0,3401.473,110.04587487213469,False,False,False,False,False,False,False
2019-11-01,2019,11,4,2,PUTUMAYO,264.0,34.0,9.0,22.0,7264.0,3.0,0.0,299.0,11.0,8.0,3513.0,4254.0,786.0,3401.473,110.04587487213469,False,False,False,False,False,False,False
2019-11-01,2019,11,4,2,QUINDIO,1169.0,125.0,10.0,49.0,16086.0,1.0,3230.0,1987.0,12.0,12.0,13250.0,27073.0,5363.0,3401.473,110.04587487213469,False,False,False,False,False,False,False
2019-11-01,2019,11,4,2,RISARALDA,2372.0,123.0,10.0,59.0,67336.0,1.0,10144.0,1018.0,14.0,14.0,7683.0,14078.0,4174.0,3401.473,110.04587487213469,False,False,False,False,False,False,False
2019-11-01,2019,11,4,2,"SAN ANDRES, PROVIDENCIA Y SANTA CATALINA",2317.376,81.0,2.0,58.0,94972.0,2.0,3105.0,1539.0,2.0,11.0,8777.0,18449.0,6348.0,3401.473,110.04587487213469,False,False,False,False,False,False,False
2019-11-01,2019,11,4,2,SANTANDER,1616.0,179.0,24.0,61.0,85585.0,2.0,3870.0,2013.0,69.0,14.0,20260.0,32827.0,6966.0,3401.473,110.04587487213469,False,False,False,False,False,False,False
2019-11-01,2019,11,4,2,SUCRE,126.0,50.0,10.0,32.0,2607.0,2.0,15.0,561.0,14.0,7.0,6807.0,16510.0,1487.0,3401.473,110.04587487213469,False,False,False,False,False,False,False
2019-11-01,2019,11,4,2,TOLIMA,406.0,71.0,16.0,37.0,4851.0,3.0,0.0,1276.0,43.0,13.0,15003.0,28118.0,4824.0,3401.473,110.04587487213469,False,False,False,False,False,False,False
2019-11-01,2019,11,4,2,VALLE DEL CAUCA,7610.7970000000005,418.0,39.0,100.0,178464.0,2.0,42849.0,2434.0,40.0,14.0,22636.0,36534.0,12979.0,3401.473,110.04587487213469,False,False,False,False,False,False,False
2019-11-01,2019,11,4,2,VAUPES,3.0,3.0,2.0,2.0,1597.0,3.0,0.0,10.0,1.0,3.0,91.0,106.0,22.0,3401.473,110.04587487213469,False,False,False,False,False,False,False
2019-11-01,2019,11,4,2,VICHADA,7.0,5.0,1.0,5.0,2062.0,2.0,0.0,65.0,4.0,4.0,597.0,764.0,166.0,3401.473,110.04587487213469,False,False,False,False,False,False,False
2019-12-01,2019,12,4,2,AMAZONAS,451.0,50.0,4.0,41.0,16049.0,3.0,20.0,262.0,3.0,9.0,1296.0,3102.0,819.0,3378.0506451612905,110.46156247054736,False,False,False,False,False,False,False
2019-12-01,2019,12,4,2,ANTIOQUIA,14908.393,622.0,86.0,130.0,393614.0,4.0,95888.0,5611.0,112.0,16.0,49157.0,80378.0,24131.0,3378.0506451612905,110.46156247054736,False,False,False,False,False,False,False
2019-12-01,2019,12,4,2,ARAUCA,60.0,28.0,4.0,19.0,7684.0,3.0,0.0,87.0,7.0,6.0,1183.0,1679.0,300.0,3378.0506451612905,110.46156247054736,False,False,False,False,False,False,False
2019-12-01,2019,12,4,2,ATLANTICO,3575.649,163.0,17.0,80.0,105380.0,1.0,16070.0,773.0,17.0,13.0,11592.0,16200.0,8789.0,3378.0506451612905,110.46156247054736,False,False,False,False,False,False,False
2019-12-01,2019,12,4,2,BOGOTA D.C.,13930.066,184.0,1.0,184.0,837173.0,1.0,404315.0,5219.0,7.0,15.0,32037.0,47151.0,39823.0,3378.0506451612905,110.46156247054736,False,False,False,False,False,False,False
2019-12-01,2019,12,4,2,BOLIVAR,12448.433,223.0,27.0,132.0,217776.0,1.0,51590.0,5010.0,19.0,13.0,25549.0,45526.0,20950.0,3378.0506451612905,110.46156247054736,False,False,False,False,False,False,False
2019-12-01,2019,12,4,2,BOYACA,869.0,203.0,48.0,45.0,0.0,0.0,0.0,1698.0,89.0,14.0,14792.0,26405.0,3839.0,3378.0506451612905,110.46156247054736,False,False,False,False,False,False,False
2019-12-01,2019,12,4,2,CALDAS,1411.0,149.0,22.0,55.0,9460.0,1.0,0.0,958.0,27.0,12.0,7738.0,14815.0,3486.0,3378.0506451612905,110.46156247054736,False,False,False,False,False,False,False
2019-12-01,2019,12,4,2,CAQUETA,85.0,27.0,5.0,18.0,6574.0,3.0,0.0,207.0,10.0,11.0,2202.0,2824.0,642.0,3378.0506451612905,110.46156247054736,False,False,False,False,False,False,False
2019-12-01,2019,12,4,2,CASANARE,136.0,28.0,4.0,21.0,13840.0,3.0,0.0,536.0,16.0,11.0,7515.0,10280.0,1362.0,3378.0506451612905,110.46156247054736,False,False,False,False,False,False,False
2019-12-01,2019,12,4,2,CAUCA,628.0,85.0,22.0,40.0,6971.0,3.0,0.0,374.0,22.0,11.0,3817.0,5638.0,1939.0,3378.0506451612905,110.46156247054736,False,False,False,False,False,False,False
2019-12-01,2019,12,4,2,CESAR,457.0,66.0,16.0,39.0,22724.0,4.0,646.0,394.0,20.0,11.0,6371.0,9658.0,1530.0,3378.0506451612905,110.46156247054736,False,False,False,False,False,False,False
2019-12-01,2019,12,4,2,CHOCO,299.0,60.0,11.0,36.0,20116.0,3.0,0.0,338.0,12.0,6.0,3342.0,5721.0,873.0,3378.0506451612905,110.46156247054736,False,False,False,False,False,False,False
2019-12-01,2019,12,4,2,CORDOBA,447.0,92.0,21.0,35.0,57895.0,2.0,842.0,375.0,21.0,12.0,5795.0,8828.0,1882.0,3378.0506451612905,110.46156247054736,False,False,False,False,False,False,False
2019-12-01,2019,12,4,2,CUNDINAMARCA,2039.0,487.0,67.0,65.0,0.0,0.0,0.0,2403.0,103.0,15.0,21011.0,39655.0,8545.0,3378.0506451612905,110.46156247054736,False,False,False,False,False,False,False
2019-12-01,2019,12,4,2,GUAINIA,8.0,2.0,1.0,2.0,2459.0,2.0,0.0,31.0,1.0,3.0,215.0,304.0,58.0,3378.0506451612905,110.46156247054736,False,False,False,False,False,False,False
2019-12-01,2019,12,4,2,GUAVIARE,2.0,2.0,1.0,2.0,1710.0,2.0,0.0,50.0,1.0,7.0,427.0,608.0,187.0,3378.0506451612905,110.46156247054736,False,False,False,False,False,False,False
2019-12-01,2019,12,4,2,HUILA,665.0,100.0,19.0,38.0,12583.0,3.0,0.0,870.0,32.0,12.0,7704.0,12552.0,2532.0,3378.0506451612905,110.46156247054736,False,False,False,False,False,False,False
2019-12-01,2019,12,4,2,LA GUAJIRA,365.0,75.0,12.0,31.0,12587.0,1.0,316.0,558.0,11.0,12.0,5032.0,9138.0,1637.0,3378.0506451612905,110.46156247054736,False,False,False,False,False,False,False
2019-12-01,2019,12,4,2,MAGDALENA,2841.0,117.0,13.0,71.0,109138.0,1.0,1388.0,3421.0,15.0,12.0,18385.0,37954.0,9134.0,3378.0506451612905,110.46156247054736,False,False,False,False,False,False,False
2019-12-01,2019,12,4,2,META,574.0,89.0,16.0,40.0,9753.0,2.0,0.0,1274.0,27.0,12.0,15135.0,24786.0,4592.0,3378.0506451612905,110.46156247054736,False,False,False,False,False,False,False
2019-12-01,2019,12,4,2,NARINO,1434.0,123.0,26.0,50.0,26278.0,3.0,609.0,731.0,26.0,11.0,10013.0,14339.0,2725.0,3378.0506451612905,110.46156247054736,False,False,False,False,False,False,False
2019-12-01,2019,12,4,2,NORTE DE SANTANDER,3371.0,148.0,19.0,66.0,51010.0,2.0,4737.0,827.0,23.0,12.0,9096.0,13542.0,2109.0,3378.0506451612905,110.46156247054736,False,False,False,False,False,False,False
2019-12-01,2019,12,4,2,PUTUMAYO,256.0,48.0,11.0,23.0,7783.0,3.0,0.0,299.0,11.0,8.0,3513.0,4254.0,786.0,3378.0506451612905,110.46156247054736,False,False,False,False,False,False,False
2019-12-01,2019,12,4,2,QUINDIO,2057.0,159.0,10.0,59.0,21329.0,1.0,4915.0,1987.0,12.0,12.0,13250.0,27073.0,5363.0,3378.0506451612905,110.46156247054736,False,False,False,False,False,False,False
2019-12-01,2019,12,4,2,RISARALDA,2674.248,167.0,13.0,64.0,73898.0,1.0,14661.0,1018.0,14.0,14.0,7683.0,14078.0,4174.0,3378.0506451612905,110.46156247054736,False,False,False,False,False,False,False
2019-12-01,2019,12,4,2,"SAN ANDRES, PROVIDENCIA Y SANTA CATALINA",4636.348,86.0,2.0,61.0,105567.0,2.0,3453.0,1539.0,2.0,11.0,8777.0,18449.0,6348.0,3378.0506451612905,110.46156247054736,False,False,False,False,False,False,False
2019-12-01,2019,12,4,2,SANTANDER,2908.0,232.0,33.0,68.0,89918.0,2.0,5362.0,2013.0,69.0,14.0,20260.0,32827.0,6966.0,3378.0506451612905,110.46156247054736,False,False,False,False,False,False,False
2019-12-01,2019,12,4,2,SUCRE,252.0,76.0,15.0,34.0,3521.0,2.0,29.0,561.0,14.0,7.0,6807.0,16510.0,1487.0,3378.0506451612905,110.46156247054736,False,False,False,False,False,False,False
2019-12-01,2019,12,4,2,TOLIMA,1005.0,139.0,25.0,52.0,5712.0,3.0,0.0,1276.0,43.0,13.0,15003.0,28118.0,4824.0,3378.0506451612905,110.46156247054736,False,False,False,False,False,False,False
2019-12-01,2019,12,4,2,VALLE DEL CAUCA,10881.197,610.0,42.0,102.0,197025.0,3.0,55844.0,2434.0,40.0,14.0,22636.0,36534.0,12979.0,3378.0506451612905,110.46156247054736,False,False,False,False,False,False,False
2019-12-01,2019,12,4,2,VAUPES,0.0,0.0,0.0,0.0,1623.0,3.0,0.0,10.0,1.0,3.0,91.0,106.0,22.0,3378.0506451612905,110.46156247054736,False,False,False,False,False,False,False
2019-12-01,2019,12,4,2,VICHADA,8.0,6.0,1.0,6.0,2035.0,3.0,0.0,65.0,4.0,4.0,597.0,764.0,166.0,3378.0506451612905,110.46156247054736,False,False,False,False,False,False,False
2020-01-01,2020,1,1,1,AMAZONAS,582.0,56.0,5.0,43.0,16046.0,3.0,34.0,241.0,2.0,9.0,1211.0,2718.0,717.0,3311.1893548387097,111.566809096874,False,False,False,False,False,False,False
2020-01-01,2020,1,1,1,ANTIOQUIA,13359.91,569.0,79.0,126.0,364381.0,4.0,86579.0,5559.0,111.0,16.0,49603.0,80643.0,25819.0,3311.1893548387097,111.566809096874,False,False,False,False,False,False,False
2020-01-01,2020,1,1,1,ARAUCA,244.0,27.0,4.0,18.0,7133.0,3.0,0.0,68.0,5.0,6.0,952.0,1377.0,255.0,3311.1893548387097,111.566809096874,False,False,False,False,False,False,False
2020-01-01,2020,1,1,1,ATLANTICO,3150.42,166.0,20.0,94.0,99784.0,1.0,13649.0,692.0,17.0,14.0,10554.0,14710.0,7267.0,3311.1893548387097,111.566809096874,False,False,False,False,False,False,False
2020-01-01,2020,1,1,1,BOGOTA D.C.,14942.501,167.0,1.0,167.0,855478.0,1.0,368694.0,4508.0,7.0,16.0,29843.0,42412.0,37459.0,3311.1893548387097,111.566809096874,False,False,False,False,False,False,False
2020-01-01,2020,1,1,1,BOLIVAR,11681.523,191.0,23.0,121.0,216292.0,1.0,46222.0,4716.0,18.0,14.0,24948.0,44411.0,21077.0,3311.1893548387097,111.566809096874,False,False,False,False,False,False,False
2020-01-01,2020,1,1,1,BOYACA,668.0,168.0,33.0,45.0,0.0,0.0,0.0,1558.0,91.0,15.0,13940.0,24592.0,3287.0,3311.1893548387097,111.566809096874,False,False,False,False,False,False,False
2020-01-01,2020,1,1,1,CALDAS,1033.0,127.0,20.0,51.0,8359.0,1.0,0.0,939.0,27.0,13.0,7547.0,14328.0,4528.0,3311.1893548387097,111.566809096874,False,False,False,False,False,False,False
2020-01-01,2020,1,1,1,CAQUETA,65.0,25.0,6.0,18.0,5089.0,3.0,0.0,186.0,11.0,11.0,2048.0,2643.0,634.0,3311.1893548387097,111.566809096874,False,False,False,False,False,False,False
2020-01-01,2020,1,1,1,CASANARE,108.0,28.0,6.0,19.0,11526.0,4.0,0.0,503.0,14.0,11.0,7081.0,9754.0,1519.0,3311.1893548387097,111.566809096874,False,False,False,False,False,False,False
2020-01-01,2020,1,1,1,CAUCA,424.0,73.0,16.0,33.0,4804.0,3.0,0.0,357.0,24.0,13.0,3701.0,5609.0,1787.0,3311.1893548387097,111.566809096874,False,False,False,False,False,False,False
2020-01-01,2020,1,1,1,CESAR,449.0,68.0,14.0,42.0,19524.0,4.0,311.0,367.0,21.0,11.0,6104.0,9402.0,1597.0,3311.1893548387097,111.566809096874,False,False,False,False,False,False,False
2020-01-01,2020,1,1,1,CHOCO,328.0,58.0,9.0,35.0,14326.0,3.0,0.0,311.0,15.0,7.0,3007.0,5280.0,790.0,3311.1893548387097,111.566809096874,False,False,False,False,False,False,False
2020-01-01,2020,1,1,1,CORDOBA,325.0,70.0,13.0,33.0,49682.0,1.0,620.0,378.0,21.0,11.0,5512.0,8575.0,1384.0,3311.1893548387097,111.566809096874,False,False,False,False,False,False,False
2020-01-01,2020,1,1,1,CUNDINAMARCA,1616.0,422.0,64.0,59.0,0.0,0.0,0.0,2655.0,104.0,14.0,22605.0,41495.0,10256.0,3311.1893548387097,111.566809096874,False,False,False,False,False,False,False
2020-01-01,2020,1,1,1,GUAINIA,33.0,6.0,2.0,5.0,2662.0,3.0,0.0,36.0,2.0,3.0,215.0,294.0,39.0,3311.1893548387097,111.566809096874,False,False,False,False,False,False,False
2020-01-01,2020,1,1,1,GUAVIARE,11.0,6.0,1.0,6.0,1419.0,2.0,0.0,72.0,1.0,8.0,498.0,776.0,230.0,3311.1893548387097,111.566809096874,False,False,False,False,False,False,False
2020-01-01,2020,1,1,1,HUILA,354.0,91.0,17.0,41.0,10754.0,2.0,0.0,881.0,34.0,12.0,7844.0,12790.0,2341.0,3311.1893548387097,111.566809096874,False,False,False,False,False,False,False
2020-01-01,2020,1,1,1,LA GUAJIRA,1076.286,98.0,13.0,45.0,11652.0,1.0,400.0,534.0,12.0,12.0,5075.0,9119.0,1757.0,3311.1893548387097,111.566809096874,False,False,False,False,False,False,False
2020-01-01,2020,1,1,1,MAGDALENA,3541.0,128.0,16.0,73.0,105231.0,3.0,1141.0,3181.0,15.0,12.0,16910.0,35209.0,16721.0,3311.1893548387097,111.566809096874,False,False,False,False,False,False,False
2020-01-01,2020,1,1,1,META,585.0,91.0,15.0,38.0,5999.0,2.0,0.0,1268.0,29.0,13.0,15179.0,24666.0,4078.0,3311.1893548387097,111.566809096874,False,False,False,False,False,False,False
2020-01-01,2020,1,1,1,NARINO,1328.266,130.0,26.0,59.0,18957.0,3.0,375.0,672.0,23.0,11.0,9418.0,13445.0,3172.0,3311.1893548387097,111.566809096874,False,False,False,False,False,False,False
2020-01-01,2020,1,1,1,NORTE DE SANTANDER,2384.306,145.0,20.0,60.0,44881.0,1.0,3865.0,716.0,25.0,12.0,8903.0,13312.0,2248.0,3311.1893548387097,111.566809096874,False,False,False,False,False,False,False
2020-01-01,2020,1,1,1,PUTUMAYO,335.0,69.0,13.0,29.0,7135.0,3.0,0.0,313.0,13.0,8.0,3469.0,4155.0,905.0,3311.1893548387097,111.566809096874,False,False,False,False,False,False,False
2020-01-01,2020,1,1,1,QUINDIO,1849.0,151.0,10.0,54.0,18974.0,1.0,3870.0,1942.0,12.0,12.0,12960.0,26268.0,7157.0,3311.1893548387097,111.566809096874,False,False,False,False,False,False,False
2020-01-01,2020,1,1,1,RISARALDA,2807.0,136.0,12.0,66.0,66758.0,1.0,9324.0,1020.0,14.0,13.0,7721.0,14100.0,4001.0,3311.1893548387097,111.566809096874,False,False,False,False,False,False,False
2020-01-01,2020,1,1,1,"SAN ANDRES, PROVIDENCIA Y SANTA CATALINA",2430.272,78.0,2.0,54.0,102808.0,2.0,3755.0,1365.0,2.0,11.0,8277.0,17370.0,8829.0,3311.1893548387097,111.566809096874,False,False,False,False,False,False,False
2020-01-01,2020,1,1,1,SANTANDER,2739.0,217.0,27.0,70.0,79783.0,2.0,4338.0,2008.0,67.0,14.0,20047.0,31815.0,6862.0,3311.1893548387097,111.566809096874,False,False,False,False,False,False,False
2020-01-01,2020,1,1,1,SUCRE,141.0,54.0,13.0,27.0,3035.0,3.0,0.0,639.0,14.0,6.0,7204.0,17026.0,1856.0,3311.1893548387097,111.566809096874,False,False,False,False,False,False,False
2020-01-01,2020,1,1,1,TOLIMA,497.0,97.0,22.0,40.0,4384.0,3.0,0.0,1332.0,43.0,13.0,15020.0,27646.0,5560.0,3311.1893548387097,111.566809096874,False,False,False,False,False,False,False
2020-01-01,2020,1,1,1,VALLE DEL CAUCA,10060.567,497.0,41.0,114.0,172760.0,2.0,41454.0,2194.0,38.0,14.0,21880.0,34292.0,12579.0,3311.1893548387097,111.566809096874,False,False,False,False,False,False,False
2020-01-01,2020,1,1,1,VAUPES,5.0,4.0,2.0,3.0,1756.0,4.0,0.0,14.0,1.0,3.0,164.0,199.0,21.0,3311.1893548387097,111.566809096874,False,False,False,False,False,False,False
2020-01-01,2020,1,1,1,VICHADA,92.0,17.0,4.0,16.0,2339.0,2.0,0.0,69.0,4.0,5.0,577.0,792.0,159.0,3311.1893548387097,111.566809096874,False,False,False,False,False,False,False
2020-02-01,2020,2,1,1,AMAZONAS,636.0,50.0,6.0,41.0,12079.0,3.0,42.0,241.0,2.0,9.0,1211.0,2718.0,717.0,3411.0527586206895,111.76581199979006,False,False,False,False,False,False,False
2020-02-01,2020,2,1,1,ANTIOQUIA,11971.607,539.0,73.0,126.0,337656.0,3.0,75282.0,5559.0,111.0,16.0,49603.0,80643.0,25819.0,3411.0527586206895,111.76581199979006,False,False,False,False,False,False,False
2020-02-01,2020,2,1,1,ARAUCA,217.0,19.0,5.0,13.0,6752.0,3.0,0.0,68.0,5.0,6.0,952.0,1377.0,255.0,3411.0527586206895,111.76581199979006,False,False,False,False,False,False,False
2020-02-01,2020,2,1,1,ATLANTICO,4855.783,191.0,19.0,94.0,97812.0,1.0,15835.0,692.0,17.0,14.0,10554.0,14710.0,7267.0,3411.0527586206895,111.76581199979006,False,False,False,False,False,False,False
2020-02-01,2020,2,1,1,BOGOTA D.C.,13735.027,164.0,1.0,164.0,770456.0,1.0,329174.0,4508.0,7.0,16.0,29843.0,42412.0,37459.0,3411.0527586206895,111.76581199979006,False,False,False,False,False,False,False
2020-02-01,2020,2,1,1,BOLIVAR,9776.202,189.0,21.0,128.0,175681.0,1.0,50240.0,4716.0,18.0,14.0,24948.0,44411.0,21077.0,3411.0527586206895,111.76581199979006,False,False,False,False,False,False,False
2020-02-01,2020,2,1,1,BOYACA,753.0,169.0,37.0,51.0,0.0,0.0,0.0,1558.0,91.0,15.0,13940.0,24592.0,3287.0,3411.0527586206895,111.76581199979006,False,False,False,False,False,False,False
2020-02-01,2020,2,1,1,CALDAS,675.0,94.0,21.0,37.0,8866.0,1.0,0.0,939.0,27.0,13.0,7547.0,14328.0,4528.0,3411.0527586206895,111.76581199979006,False,False,False,False,False,False,False
2020-02-01,2020,2,1,1,CAQUETA,30.0,15.0,3.0,14.0,5736.0,3.0,0.0,186.0,11.0,11.0,2048.0,2643.0,634.0,3411.0527586206895,111.76581199979006,False,False,False,False,False,False,False
2020-02-01,2020,2,1,1,CASANARE,102.0,28.0,8.0,18.0,12688.0,4.0,0.0,503.0,14.0,11.0,7081.0,9754.0,1519.0,3411.0527586206895,111.76581199979006,False,False,False,False,False,False,False
2020-02-01,2020,2,1,1,CAUCA,379.0,70.0,15.0,39.0,5647.0,3.0,0.0,357.0,24.0,13.0,3701.0,5609.0,1787.0,3411.0527586206895,111.76581199979006,False,False,False,False,False,False,False
2020-02-01,2020,2,1,1,CESAR,393.0,52.0,13.0,31.0,17754.0,2.0,329.0,367.0,21.0,11.0,6104.0,9402.0,1597.0,3411.0527586206895,111.76581199979006,False,False,False,False,False,False,False
2020-02-01,2020,2,1,1,CHOCO,316.0,56.0,9.0,36.0,13726.0,2.0,0.0,311.0,15.0,7.0,3007.0,5280.0,790.0,3411.0527586206895,111.76581199979006,False,False,False,False,False,False,False
2020-02-01,2020,2,1,1,CORDOBA,352.0,64.0,16.0,31.0,44173.0,1.0,596.0,378.0,21.0,11.0,5512.0,8575.0,1384.0,3411.0527586206895,111.76581199979006,False,False,False,False,False,False,False
2020-02-01,2020,2,1,1,CUNDINAMARCA,1424.0,432.0,67.0,58.0,0.0,0.0,0.0,2655.0,104.0,14.0,22605.0,41495.0,10256.0,3411.0527586206895,111.76581199979006,False,False,False,False,False,False,False
2020-02-01,2020,2,1,1,GUAINIA,36.0,6.0,1.0,6.0,2420.0,2.0,0.0,36.0,2.0,3.0,215.0,294.0,39.0,3411.0527586206895,111.76581199979006,False,False,False,False,False,False,False
2020-02-01,2020,2,1,1,GUAVIARE,1.0,1.0,1.0,1.0,1334.0,2.0,0.0,72.0,1.0,8.0,498.0,776.0,230.0,3411.0527586206895,111.76581199979006,False,False,False,False,False,False,False
2020-02-01,2020,2,1,1,HUILA,366.0,86.0,17.0,35.0,12420.0,2.0,13.0,881.0,34.0,12.0,7844.0,12790.0,2341.0,3411.0527586206895,111.76581199979006,False,False,False,False,False,False,False
2020-02-01,2020,2,1,1,LA GUAJIRA,1076.291,74.0,12.0,36.0,9443.0,1.0,276.0,534.0,12.0,12.0,5075.0,9119.0,1757.0,3411.0527586206895,111.76581199979006,False,False,False,False,False,False,False
2020-02-01,2020,2,1,1,MAGDALENA,4020.0,117.0,13.0,72.0,79971.0,2.0,1668.0,3181.0,15.0,12.0,16910.0,35209.0,16721.0,3411.0527586206895,111.76581199979006,False,False,False,False,False,False,False
2020-02-01,2020,2,1,1,META,456.0,77.0,16.0,38.0,6449.0,1.0,0.0,1268.0,29.0,13.0,15179.0,24666.0,4078.0,3411.0527586206895,111.76581199979006,False,False,False,False,False,False,False
2020-02-01,2020,2,1,1,NARINO,1428.0149999999999,122.0,17.0,57.0,21059.0,4.0,285.0,672.0,23.0,11.0,9418.0,13445.0,3172.0,3411.0527586206895,111.76581199979006,False,False,False,False,False,False,False
2020-02-01,2020,2,1,1,NORTE DE SANTANDER,2752.995,122.0,23.0,56.0,39951.0,1.0,3411.0,716.0,25.0,12.0,8903.0,13312.0,2248.0,3411.0527586206895,111.76581199979006,False,False,False,False,False,False,False
2020-02-01,2020,2,1,1,PUTUMAYO,263.0,49.0,9.0,25.0,6644.0,3.0,0.0,313.0,13.0,8.0,3469.0,4155.0,905.0,3411.0527586206895,111.76581199979006,False,False,False,False,False,False,False
2020-02-01,2020,2,1,1,QUINDIO,1588.0,142.0,11.0,57.0,19063.0,1.0,2919.0,1942.0,12.0,12.0,12960.0,26268.0,7157.0,3411.0527586206895,111.76581199979006,False,False,False,False,False,False,False
2020-02-01,2020,2,1,1,RISARALDA,2461.0,129.0,13.0,59.0,60514.0,1.0,8730.0,1020.0,14.0,13.0,7721.0,14100.0,4001.0,3411.0527586206895,111.76581199979006,False,False,False,False,False,False,False
2020-02-01,2020,2,1,1,"SAN ANDRES, PROVIDENCIA Y SANTA CATALINA",3092.352,87.0,2.0,60.0,91832.0,2.0,4950.0,1365.0,2.0,11.0,8277.0,17370.0,8829.0,3411.0527586206895,111.76581199979006,False,False,False,False,False,False,False
2020-02-01,2020,2,1,1,SANTANDER,2518.0,186.0,27.0,67.0,84116.0,2.0,3301.0,2008.0,67.0,14.0,20047.0,31815.0,6862.0,3411.0527586206895,111.76581199979006,False,False,False,False,False,False,False
2020-02-01,2020,2,1,1,SUCRE,131.0,49.0,10.0,24.0,2274.0,2.0,0.0,639.0,14.0,6.0,7204.0,17026.0,1856.0,3411.0527586206895,111.76581199979006,False,False,False,False,False,False,False
2020-02-01,2020,2,1,1,TOLIMA,721.0,91.0,19.0,43.0,4562.0,3.0,0.0,1332.0,43.0,13.0,15020.0,27646.0,5560.0,3411.0527586206895,111.76581199979006,False,False,False,False,False,False,False
2020-02-01,2020,2,1,1,VALLE DEL CAUCA,8212.311,453.0,41.0,107.0,176906.0,2.0,39347.0,2194.0,38.0,14.0,21880.0,34292.0,12579.0,3411.0527586206895,111.76581199979006,False,False,False,False,False,False,False
2020-02-01,2020,2,1,1,VAUPES,4.0,4.0,3.0,4.0,1548.0,4.0,0.0,14.0,1.0,3.0,164.0,199.0,21.0,3411.0527586206895,111.76581199979006,False,False,False,False,False,False,False
2020-02-01,2020,2,1,1,VICHADA,77.0,14.0,3.0,13.0,2044.0,2.0,0.0,69.0,4.0,5.0,577.0,792.0,159.0,3411.0527586206895,111.76581199979006,False,False,False,False,False,False,False
2020-03-01,2020,3,1,1,AMAZONAS,281.0,37.0,4.0,32.0,8115.0,3.0,17.0,241.0,2.0,9.0,1211.0,2718.0,717.0,3877.048387096774,100.72289550534622,False,False,False,False,False,False,False
2020-03-01,2020,3,1,1,ANTIOQUIA,9326.668,383.0,56.0,103.0,200205.0,4.0,42359.0,5559.0,111.0,16.0,49603.0,80643.0,25819.0,3877.048387096774,100.72289550534622,False,False,False,False,False,False,False
2020-03-01,2020,3,1,1,ARAUCA,102.0,16.0,5.0,8.0,4820.0,3.0,0.0,68.0,5.0,6.0,952.0,1377.0,255.0,3877.048387096774,100.72289550534622,False,False,False,False,False,False,False
2020-03-01,2020,3,1,1,ATLANTICO,2024.03,106.0,13.0,65.0,54284.0,1.0,7064.0,692.0,17.0,14.0,10554.0,14710.0,7267.0,3877.048387096774,100.72289550534622,False,False,False,False,False,False,False
2020-03-01,2020,3,1,1,BOGOTA D.C.,9671.459,139.0,1.0,139.0,455349.0,1.0,178938.0,4508.0,7.0,16.0,29843.0,42412.0,37459.0,3877.048387096774,100.72289550534622,False,False,False,False,False,False,False
2020-03-01,2020,3,1,1,BOLIVAR,6300.061,140.0,12.0,105.0,94656.0,2.0,22901.0,4716.0,18.0,14.0,24948.0,44411.0,21077.0,3877.048387096774,100.72289550534622,False,False,False,False,False,False,False
2020-03-01,2020,3,1,1,BOYACA,236.0,78.0,23.0,28.0,0.0,0.0,0.0,1558.0,91.0,15.0,13940.0,24592.0,3287.0,3877.048387096774,100.72289550534622,False,False,False,False,False,False,False
2020-03-01,2020,3,1,1,CALDAS,299.0,56.0,16.0,30.0,5432.0,1.0,0.0,939.0,27.0,13.0,7547.0,14328.0,4528.0,3877.048387096774,100.72289550534622,False,False,False,False,False,False,False
2020-03-01,2020,3,1,1,CAQUETA,17.0,9.0,4.0,8.0,3804.0,3.0,0.0,186.0,11.0,11.0,2048.0,2643.0,634.0,3877.048387096774,100.72289550534622,False,False,False,False,False,False,False
2020-03-01,2020,3,1,1,CASANARE,45.0,21.0,5.0,15.0,8827.0,4.0,0.0,503.0,14.0,11.0,7081.0,9754.0,1519.0,3877.048387096774,100.72289550534622,False,False,False,False,False,False,False
2020-03-01,2020,3,1,1,CAUCA,173.0,44.0,13.0,28.0,3849.0,3.0,0.0,357.0,24.0,13.0,3701.0,5609.0,1787.0,3877.048387096774,100.72289550534622,False,False,False,False,False,False,False
2020-03-01,2020,3,1,1,CESAR,272.0,33.0,11.0,21.0,11374.0,4.0,164.0,367.0,21.0,11.0,6104.0,9402.0,1597.0,3877.048387096774,100.72289550534622,False,False,False,False,False,False,False
2020-03-01,2020,3,1,1,CHOCO,120.0,33.0,9.0,24.0,11119.0,3.0,0.0,311.0,15.0,7.0,3007.0,5280.0,790.0,3877.048387096774,100.72289550534622,False,False,False,False,False,False,False
2020-03-01,2020,3,1,1,CORDOBA,133.0,39.0,9.0,23.0,28755.0,1.0,252.0,378.0,21.0,11.0,5512.0,8575.0,1384.0,3877.048387096774,100.72289550534622,False,False,False,False,False,False,False
2020-03-01,2020,3,1,1,CUNDINAMARCA,589.0,256.0,51.0,47.0,0.0,0.0,0.0,2655.0,104.0,14.0,22605.0,41495.0,10256.0,3877.048387096774,100.72289550534622,False,False,False,False,False,False,False
2020-03-01,2020,3,1,1,GUAINIA,15.0,4.0,1.0,4.0,1738.0,3.0,0.0,36.0,2.0,3.0,215.0,294.0,39.0,3877.048387096774,100.72289550534622,False,False,False,False,False,False,False
2020-03-01,2020,3,1,1,GUAVIARE,5.0,4.0,1.0,4.0,1143.0,2.0,0.0,72.0,1.0,8.0,498.0,776.0,230.0,3877.048387096774,100.72289550534622,False,False,False,False,False,False,False
2020-03-01,2020,3,1,1,HUILA,132.0,40.0,9.0,23.0,8526.0,3.0,0.0,881.0,34.0,12.0,7844.0,12790.0,2341.0,3877.048387096774,100.72289550534622,False,False,False,False,False,False,False
2020-03-01,2020,3,1,1,LA GUAJIRA,781.0,45.0,9.0,23.0,5835.0,1.0,141.0,534.0,12.0,12.0,5075.0,9119.0,1757.0,3877.048387096774,100.72289550534622,False,False,False,False,False,False,False
2020-03-01,2020,3,1,1,MAGDALENA,1658.0,83.0,9.0,61.0,44441.0,2.0,639.0,3181.0,15.0,12.0,16910.0,35209.0,16721.0,3877.048387096774,100.72289550534622,False,False,False,False,False,False,False
2020-03-01,2020,3,1,1,META,204.0,47.0,10.0,23.0,5046.0,2.0,0.0,1268.0,29.0,13.0,15179.0,24666.0,4078.0,3877.048387096774,100.72289550534622,False,False,False,False,False,False,False
2020-03-01,2020,3,1,1,NARINO,1601.0,81.0,15.0,41.0,15482.0,4.0,192.0,672.0,23.0,11.0,9418.0,13445.0,3172.0,3877.048387096774,100.72289550534622,False,False,False,False,False,False,False
2020-03-01,2020,3,1,1,NORTE DE SANTANDER,1415.956,91.0,18.0,43.0,25301.0,1.0,1925.0,716.0,25.0,12.0,8903.0,13312.0,2248.0,3877.048387096774,100.72289550534622,False,False,False,False,False,False,False
2020-03-01,2020,3,1,1,PUTUMAYO,136.0,31.0,8.0,17.0,4924.0,3.0,0.0,313.0,13.0,8.0,3469.0,4155.0,905.0,3877.048387096774,100.72289550534622,False,False,False,False,False,False,False
2020-03-01,2020,3,1,1,QUINDIO,579.0,83.0,10.0,39.0,11607.0,1.0,1578.0,1942.0,12.0,12.0,12960.0,26268.0,7157.0,3877.048387096774,100.72289550534622,False,False,False,False,False,False,False
2020-03-01,2020,3,1,1,RISARALDA,1109.0,101.0,11.0,52.0,37465.0,1.0,5377.0,1020.0,14.0,13.0,7721.0,14100.0,4001.0,3877.048387096774,100.72289550534622,False,False,False,False,False,False,False
2020-03-01,2020,3,1,1,"SAN ANDRES, PROVIDENCIA Y SANTA CATALINA",1890.074,71.0,2.0,51.0,52314.0,2.0,2906.0,1365.0,2.0,11.0,8277.0,17370.0,8829.0,3877.048387096774,100.72289550534622,False,False,False,False,False,False,False
2020-03-01,2020,3,1,1,SANTANDER,1019.0,119.0,21.0,49.0,50825.0,3.0,1952.0,2008.0,67.0,14.0,20047.0,31815.0,6862.0,3877.048387096774,100.72289550534622,False,False,False,False,False,False,False
2020-03-01,2020,3,1,1,SUCRE,48.0,26.0,10.0,14.0,1807.0,2.0,0.0,639.0,14.0,6.0,7204.0,17026.0,1856.0,3877.048387096774,100.72289550534622,False,False,False,False,False,False,False
2020-03-01,2020,3,1,1,TOLIMA,250.0,64.0,14.0,33.0,2885.0,4.0,0.0,1332.0,43.0,13.0,15020.0,27646.0,5560.0,3877.048387096774,100.72289550534622,False,False,False,False,False,False,False
2020-03-01,2020,3,1,1,VALLE DEL CAUCA,3890.129,304.0,34.0,84.0,108867.0,3.0,22978.0,2194.0,38.0,14.0,21880.0,34292.0,12579.0,3877.048387096774,100.72289550534622,False,False,False,False,False,False,False
2020-03-01,2020,3,1,1,VAUPES,0.0,0.0,0.0,0.0,866.0,4.0,0.0,14.0,1.0,3.0,164.0,199.0,21.0,3877.048387096774,100.72289550534622,False,False,False,False,False,False,False
2020-03-01,2020,3,1,1,VICHADA,37.0,7.0,2.0,7.0,1006.0,2.0,0.0,69.0,4.0,5.0,577.0,792.0,159.0,3877.048387096774,100.72289550534622,False,False,False,False,False,False,False
2020-04-01,2020,4,2,1,AMAZONAS,5.0,1.0,1.0,1.0,0.0,3.0,0.0,241.0,2.0,9.0,1211.0,2718.0,717.0,3977.3933333333334,86.8639942210713,False,False,False,False,False,False,False
2020-04-01,2020,4,2,1,ANTIOQUIA,6.0,2.0,2.0,1.0,0.0,1.0,0.0,5559.0,111.0,16.0,49603.0,80643.0,25819.0,3977.3933333333334,86.8639942210713,False,False,False,False,False,False,False
2020-04-01,2020,4,2,1,ARAUCA,0.0,0.0,0.0,0.0,0.0,0.0,0.0,68.0,5.0,6.0,952.0,1377.0,255.0,3977.3933333333334,86.8639942210713,False,False,False,False,False,False,False
2020-04-01,2020,4,2,1,ATLANTICO,5.0,2.0,1.0,2.0,0.0,1.0,0.0,692.0,17.0,14.0,10554.0,14710.0,7267.0,3977.3933333333334,86.8639942210713,False,False,False,False,False,False,False
2020-04-01,2020,4,2,1,BOGOTA D.C.,382.0,26.0,1.0,26.0,0.0,1.0,0.0,4508.0,7.0,16.0,29843.0,42412.0,37459.0,3977.3933333333334,86.8639942210713,False,False,False,False,False,False,False
2020-04-01,2020,4,2,1,BOLIVAR,3.0,3.0,1.0,3.0,0.0,0.0,0.0,4716.0,18.0,14.0,24948.0,44411.0,21077.0,3977.3933333333334,86.8639942210713,False,False,False,False,False,False,False
2020-04-01,2020,4,2,1,BOYACA,0.0,0.0,0.0,0.0,0.0,0.0,0.0,1558.0,91.0,15.0,13940.0,24592.0,3287.0,3977.3933333333334,86.8639942210713,False,False,False,False,False,False,False
2020-04-01,2020,4,2,1,CALDAS,2.0,1.0,1.0,1.0,0.0,0.0,0.0,939.0,27.0,13.0,7547.0,14328.0,4528.0,3977.3933333333334,86.8639942210713,False,False,False,False,False,False,False
2020-04-01,2020,4,2,1,CAQUETA,0.0,0.0,0.0,0.0,0.0,2.0,0.0,186.0,11.0,11.0,2048.0,2643.0,634.0,3977.3933333333334,86.8639942210713,False,False,False,False,False,False,False
2020-04-01,2020,4,2,1,CASANARE,0.0,0.0,0.0,0.0,0.0,0.0,0.0,503.0,14.0,11.0,7081.0,9754.0,1519.0,3977.3933333333334,86.8639942210713,False,False,False,False,False,False,False
2020-04-01,2020,4,2,1,CAUCA,0.0,0.0,0.0,0.0,0.0,0.0,0.0,357.0,24.0,13.0,3701.0,5609.0,1787.0,3977.3933333333334,86.8639942210713,False,False,False,False,False,False,False
2020-04-01,2020,4,2,1,CESAR,0.0,0.0,0.0,0.0,0.0,0.0,0.0,367.0,21.0,11.0,6104.0,9402.0,1597.0,3977.3933333333334,86.8639942210713,False,False,False,False,False,False,False
2020-04-01,2020,4,2,1,CHOCO,0.0,0.0,0.0,0.0,0.0,0.0,0.0,311.0,15.0,7.0,3007.0,5280.0,790.0,3977.3933333333334,86.8639942210713,False,False,False,False,False,False,False
2020-04-01,2020,4,2,1,CORDOBA,0.0,0.0,0.0,0.0,0.0,0.0,0.0,378.0,21.0,11.0,5512.0,8575.0,1384.0,3977.3933333333334,86.8639942210713,False,False,False,False,False,False,False
2020-04-01,2020,4,2,1,CUNDINAMARCA,1.0,1.0,1.0,1.0,0.0,0.0,0.0,2655.0,104.0,14.0,22605.0,41495.0,10256.0,3977.3933333333334,86.8639942210713,False,False,False,False,False,False,False
2020-04-01,2020,4,2,1,GUAINIA,0.0,0.0,0.0,0.0,0.0,2.0,0.0,36.0,2.0,3.0,215.0,294.0,39.0,3977.3933333333334,86.8639942210713,False,False,False,False,False,False,False
2020-04-01,2020,4,2,1,GUAVIARE,0.0,0.0,0.0,0.0,0.0,2.0,0.0,72.0,1.0,8.0,498.0,776.0,230.0,3977.3933333333334,86.8639942210713,False,False,False,False,False,False,False
2020-04-01,2020,4,2,1,HUILA,0.0,0.0,0.0,0.0,0.0,0.0,0.0,881.0,34.0,12.0,7844.0,12790.0,2341.0,3977.3933333333334,86.8639942210713,False,False,False,False,False,False,False
2020-04-01,2020,4,2,1,LA GUAJIRA,0.0,0.0,0.0,0.0,0.0,0.0,0.0,534.0,12.0,12.0,5075.0,9119.0,1757.0,3977.3933333333334,86.8639942210713,False,False,False,False,False,False,False
2020-04-01,2020,4,2,1,MAGDALENA,3.0,1.0,1.0,1.0,0.0,0.0,0.0,3181.0,15.0,12.0,16910.0,35209.0,16721.0,3977.3933333333334,86.8639942210713,False,False,False,False,False,False,False
2020-04-01,2020,4,2,1,META,0.0,0.0,0.0,0.0,0.0,1.0,0.0,1268.0,29.0,13.0,15179.0,24666.0,4078.0,3977.3933333333334,86.8639942210713,False,False,False,False,False,False,False
2020-04-01,2020,4,2,1,NARINO,0.0,0.0,0.0,0.0,0.0,0.0,0.0,672.0,23.0,11.0,9418.0,13445.0,3172.0,3977.3933333333334,86.8639942210713,False,False,False,False,False,False,False
2020-04-01,2020,4,2,1,NORTE DE SANTANDER,0.0,0.0,0.0,0.0,0.0,0.0,0.0,716.0,25.0,12.0,8903.0,13312.0,2248.0,3977.3933333333334,86.8639942210713,False,False,False,False,False,False,False
2020-04-01,2020,4,2,1,PUTUMAYO,0.0,0.0,0.0,0.0,0.0,1.0,0.0,313.0,13.0,8.0,3469.0,4155.0,905.0,3977.3933333333334,86.8639942210713,False,False,False,False,False,False,False
2020-04-01,2020,4,2,1,QUINDIO,0.0,0.0,0.0,0.0,0.0,0.0,0.0,1942.0,12.0,12.0,12960.0,26268.0,7157.0,3977.3933333333334,86.8639942210713,False,False,False,False,False,False,False
2020-04-01,2020,4,2,1,RISARALDA,0.0,0.0,0.0,0.0,0.0,0.0,0.0,1020.0,14.0,13.0,7721.0,14100.0,4001.0,3977.3933333333334,86.8639942210713,False,False,False,False,False,False,False
2020-04-01,2020,4,2,1,"SAN ANDRES, PROVIDENCIA Y SANTA CATALINA",0.0,0.0,0.0,0.0,0.0,1.0,0.0,1365.0,2.0,11.0,8277.0,17370.0,8829.0,3977.3933333333334,86.8639942210713,False,False,False,False,False,False,False
2020-04-01,2020,4,2,1,SANTANDER,0.0,0.0,0.0,0.0,0.0,0.0,0.0,2008.0,67.0,14.0,20047.0,31815.0,6862.0,3977.3933333333334,86.8639942210713,False,False,False,False,False,False,False
2020-04-01,2020,4,2,1,SUCRE,0.0,0.0,0.0,0.0,0.0,0.0,0.0,639.0,14.0,6.0,7204.0,17026.0,1856.0,3977.3933333333334,86.8639942210713,False,False,False,False,False,False,False
2020-04-01,2020,4,2,1,TOLIMA,0.0,0.0,0.0,0.0,0.0,0.0,0.0,1332.0,43.0,13.0,15020.0,27646.0,5560.0,3977.3933333333334,86.8639942210713,False,False,False,False,False,False,False
2020-04-01,2020,4,2,1,VALLE DEL CAUCA,1.0,1.0,1.0,1.0,0.0,1.0,0.0,2194.0,38.0,14.0,21880.0,34292.0,12579.0,3977.3933333333334,86.8639942210713,False,False,False,False,False,False,False
2020-04-01,2020,4,2,1,VAUPES,0.0,0.0,0.0,0.0,0.0,3.0,0.0,14.0,1.0,3.0,164.0,199.0,21.0,3977.3933333333334,86.8639942210713,False,False,False,False,False,False,False
2020-04-01,2020,4,2,1,VICHADA,0.0,0.0,0.0,0.0,0.0,3.0,0.0,69.0,4.0,5.0,577.0,792.0,159.0,3977.3933333333334,86.8639942210713,False,False,False,False,False,False,False
2020-05-01,2020,5,2,1,AMAZONAS,6.0,1.0,1.0,1.0,0.0,3.0,0.0,241.0,2.0,9.0,1211.0,2718.0,717.0,3858.191612903226,90.90201294320373,False,False,False,False,False,False,False
2020-05-01,2020,5,2,1,ANTIOQUIA,9.0,5.0,2.0,4.0,0.0,1.0,0.0,5559.0,111.0,16.0,49603.0,80643.0,25819.0,3858.191612903226,90.90201294320373,False,False,False,False,False,False,False
2020-05-01,2020,5,2,1,ARAUCA,0.0,0.0,0.0,0.0,0.0,0.0,0.0,68.0,5.0,6.0,952.0,1377.0,255.0,3858.191612903226,90.90201294320373,False,False,False,False,False,False,False
2020-05-01,2020,5,2,1,ATLANTICO,28.0,9.0,1.0,9.0,0.0,1.0,0.0,692.0,17.0,14.0,10554.0,14710.0,7267.0,3858.191612903226,90.90201294320373,False,False,False,False,False,False,False
2020-05-01,2020,5,2,1,BOGOTA D.C.,568.0,29.0,1.0,29.0,0.0,1.0,0.0,4508.0,7.0,16.0,29843.0,42412.0,37459.0,3858.191612903226,90.90201294320373,False,False,False,False,False,False,False
2020-05-01,2020,5,2,1,BOLIVAR,14.0,7.0,1.0,7.0,0.0,0.0,0.0,4716.0,18.0,14.0,24948.0,44411.0,21077.0,3858.191612903226,90.90201294320373,False,False,False,False,False,False,False
2020-05-01,2020,5,2,1,BOYACA,1.0,1.0,1.0,1.0,0.0,0.0,0.0,1558.0,91.0,15.0,13940.0,24592.0,3287.0,3858.191612903226,90.90201294320373,False,False,False,False,False,False,False
2020-05-01,2020,5,2,1,CALDAS,1.0,1.0,1.0,1.0,0.0,0.0,0.0,939.0,27.0,13.0,7547.0,14328.0,4528.0,3858.191612903226,90.90201294320373,False,False,False,False,False,False,False
2020-05-01,2020,5,2,1,CAQUETA,0.0,0.0,0.0,0.0,0.0,1.0,0.0,186.0,11.0,11.0,2048.0,2643.0,634.0,3858.191612903226,90.90201294320373,False,False,False,False,False,False,False
2020-05-01,2020,5,2,1,CASANARE,0.0,0.0,0.0,0.0,0.0,1.0,0.0,503.0,14.0,11.0,7081.0,9754.0,1519.0,3858.191612903226,90.90201294320373,False,False,False,False,False,False,False
2020-05-01,2020,5,2,1,CAUCA,0.0,0.0,0.0,0.0,0.0,0.0,0.0,357.0,24.0,13.0,3701.0,5609.0,1787.0,3858.191612903226,90.90201294320373,False,False,False,False,False,False,False
2020-05-01,2020,5,2,1,CESAR,0.0,0.0,0.0,0.0,0.0,0.0,0.0,367.0,21.0,11.0,6104.0,9402.0,1597.0,3858.191612903226,90.90201294320373,False,False,False,False,False,False,False
2020-05-01,2020,5,2,1,CHOCO,0.0,0.0,0.0,0.0,0.0,0.0,0.0,311.0,15.0,7.0,3007.0,5280.0,790.0,3858.191612903226,90.90201294320373,False,False,False,False,False,False,False
2020-05-01,2020,5,2,1,CORDOBA,0.0,0.0,0.0,0.0,0.0,0.0,0.0,378.0,21.0,11.0,5512.0,8575.0,1384.0,3858.191612903226,90.90201294320373,False,False,False,False,False,False,False
2020-05-01,2020,5,2,1,CUNDINAMARCA,3.0,3.0,3.0,3.0,0.0,0.0,0.0,2655.0,104.0,14.0,22605.0,41495.0,10256.0,3858.191612903226,90.90201294320373,False,False,False,False,False,False,False
2020-05-01,2020,5,2,1,GUAINIA,0.0,0.0,0.0,0.0,0.0,2.0,0.0,36.0,2.0,3.0,215.0,294.0,39.0,3858.191612903226,90.90201294320373,False,False,False,False,False,False,False
2020-05-01,2020,5,2,1,GUAVIARE,0.0,0.0,0.0,0.0,0.0,2.0,0.0,72.0,1.0,8.0,498.0,776.0,230.0,3858.191612903226,90.90201294320373,False,False,False,False,False,False,False
2020-05-01,2020,5,2,1,HUILA,0.0,0.0,0.0,0.0,0.0,0.0,0.0,881.0,34.0,12.0,7844.0,12790.0,2341.0,3858.191612903226,90.90201294320373,False,False,False,False,False,False,False
2020-05-01,2020,5,2,1,LA GUAJIRA,0.0,0.0,0.0,0.0,0.0,0.0,0.0,534.0,12.0,12.0,5075.0,9119.0,1757.0,3858.191612903226,90.90201294320373,False,False,False,False,False,False,False
2020-05-01,2020,5,2,1,MAGDALENA,2.0,2.0,1.0,2.0,0.0,0.0,0.0,3181.0,15.0,12.0,16910.0,35209.0,16721.0,3858.191612903226,90.90201294320373,False,False,False,False,False,False,False
2020-05-01,2020,5,2,1,META,0.0,0.0,0.0,0.0,0.0,1.0,0.0,1268.0,29.0,13.0,15179.0,24666.0,4078.0,3858.191612903226,90.90201294320373,False,False,False,False,False,False,False
2020-05-01,2020,5,2,1,NARINO,8.0,4.0,1.0,4.0,0.0,0.0,0.0,672.0,23.0,11.0,9418.0,13445.0,3172.0,3858.191612903226,90.90201294320373,False,False,False,False,False,False,False
2020-05-01,2020,5,2,1,NORTE DE SANTANDER,1.0,1.0,1.0,1.0,0.0,0.0,0.0,716.0,25.0,12.0,8903.0,13312.0,2248.0,3858.191612903226,90.90201294320373,False,False,False,False,False,False,False
2020-05-01,2020,5,2,1,PUTUMAYO,0.0,0.0,0.0,0.0,0.0,1.0,0.0,313.0,13.0,8.0,3469.0,4155.0,905.0,3858.191612903226,90.90201294320373,False,False,False,False,False,False,False
2020-05-01,2020,5,2,1,QUINDIO,1.0,1.0,1.0,1.0,0.0,0.0,0.0,1942.0,12.0,12.0,12960.0,26268.0,7157.0,3858.191612903226,90.90201294320373,False,False,False,False,False,False,False
2020-05-01,2020,5,2,1,RISARALDA,0.0,0.0,0.0,0.0,0.0,0.0,0.0,1020.0,14.0,13.0,7721.0,14100.0,4001.0,3858.191612903226,90.90201294320373,False,False,False,False,False,False,False
2020-05-01,2020,5,2,1,"SAN ANDRES, PROVIDENCIA Y SANTA CATALINA",1.0,1.0,1.0,1.0,0.0,1.0,0.0,1365.0,2.0,11.0,8277.0,17370.0,8829.0,3858.191612903226,90.90201294320373,False,False,False,False,False,False,False
2020-05-01,2020,5,2,1,SANTANDER,0.0,0.0,0.0,0.0,0.0,0.0,0.0,2008.0,67.0,14.0,20047.0,31815.0,6862.0,3858.191612903226,90.90201294320373,False,False,False,False,False,False,False
2020-05-01,2020,5,2,1,SUCRE,0.0,0.0,0.0,0.0,0.0,0.0,0.0,639.0,14.0,6.0,7204.0,17026.0,1856.0,3858.191612903226,90.90201294320373,False,False,False,False,False,False,False
2020-05-01,2020,5,2,1,TOLIMA,0.0,0.0,0.0,0.0,0.0,0.0,0.0,1332.0,43.0,13.0,15020.0,27646.0,5560.0,3858.191612903226,90.90201294320373,False,False,False,False,False,False,False
2020-05-01,2020,5,2,1,VALLE DEL CAUCA,9.0,6.0,2.0,5.0,0.0,1.0,0.0,2194.0,38.0,14.0,21880.0,34292.0,12579.0,3858.191612903226,90.90201294320373,False,False,False,False,False,False,False
2020-05-01,2020,5,2,1,VAUPES,0.0,0.0,0.0,0.0,0.0,4.0,0.0,14.0,1.0,3.0,164.0,199.0,21.0,3858.191612903226,90.90201294320373,False,False,False,False,False,False,False
2020-05-01,2020,5,2,1,VICHADA,0.0,0.0,0.0,0.0,0.0,2.0,0.0,69.0,4.0,5.0,577.0,792.0,159.0,3858.191612903226,90.90201294320373,False,False,False,False,False,False,False
2020-06-01,2020,6,2,1,AMAZONAS,5.0,1.0,1.0,1.0,0.0,3.0,0.0,241.0,2.0,9.0,1211.0,2718.0,717.0,3701.6043333333337,95.49319728407704,False,False,False,False,False,False,False
2020-06-01,2020,6,2,1,ANTIOQUIA,59.0,22.0,3.0,19.0,0.0,1.0,0.0,5559.0,111.0,16.0,49603.0,80643.0,25819.0,3701.6043333333337,95.49319728407704,False,False,False,False,False,False,False
2020-06-01,2020,6,2,1,ARAUCA,0.0,0.0,0.0,0.0,0.0,0.0,0.0,68.0,5.0,6.0,952.0,1377.0,255.0,3701.6043333333337,95.49319728407704,False,False,False,False,False,False,False
2020-06-01,2020,6,2,1,ATLANTICO,120.0,11.0,2.0,10.0,0.0,1.0,0.0,692.0,17.0,14.0,10554.0,14710.0,7267.0,3701.6043333333337,95.49319728407704,False,False,False,False,False,False,False
2020-06-01,2020,6,2,1,BOGOTA D.C.,1064.0,40.0,1.0,40.0,0.0,1.0,151.0,4508.0,7.0,16.0,29843.0,42412.0,37459.0,3701.6043333333337,95.49319728407704,False,False,False,False,False,False,False
2020-06-01,2020,6,2,1,BOLIVAR,26.0,14.0,2.0,13.0,0.0,0.0,0.0,4716.0,18.0,14.0,24948.0,44411.0,21077.0,3701.6043333333337,95.49319728407704,False,False,False,False,False,False,False
2020-06-01,2020,6,2,1,BOYACA,0.0,0.0,0.0,0.0,0.0,0.0,0.0,1558.0,91.0,15.0,13940.0,24592.0,3287.0,3701.6043333333337,95.49319728407704,False,False,False,False,False,False,False
2020-06-01,2020,6,2,1,CALDAS,4.0,4.0,2.0,4.0,0.0,0.0,0.0,939.0,27.0,13.0,7547.0,14328.0,4528.0,3701.6043333333337,95.49319728407704,False,False,False,False,False,False,False
2020-06-01,2020,6,2,1,CAQUETA,0.0,0.0,0.0,0.0,0.0,2.0,0.0,186.0,11.0,11.0,2048.0,2643.0,634.0,3701.6043333333337,95.49319728407704,False,False,False,False,False,False,False
2020-06-01,2020,6,2,1,CASANARE,4.0,4.0,3.0,4.0,0.0,0.0,0.0,503.0,14.0,11.0,7081.0,9754.0,1519.0,3701.6043333333337,95.49319728407704,False,False,False,False,False,False,False
2020-06-01,2020,6,2,1,CAUCA,0.0,0.0,0.0,0.0,0.0,0.0,0.0,357.0,24.0,13.0,3701.0,5609.0,1787.0,3701.6043333333337,95.49319728407704,False,False,False,False,False,False,False
2020-06-01,2020,6,2,1,CESAR,0.0,0.0,0.0,0.0,0.0,0.0,0.0,367.0,21.0,11.0,6104.0,9402.0,1597.0,3701.6043333333337,95.49319728407704,False,False,False,False,False,False,False
2020-06-01,2020,6,2,1,CHOCO,0.0,0.0,0.0,0.0,0.0,0.0,0.0,311.0,15.0,7.0,3007.0,5280.0,790.0,3701.6043333333337,95.49319728407704,False,False,False,False,False,False,False
2020-06-01,2020,6,2,1,CORDOBA,2.0,2.0,1.0,2.0,0.0,0.0,0.0,378.0,21.0,11.0,5512.0,8575.0,1384.0,3701.6043333333337,95.49319728407704,False,False,False,False,False,False,False
2020-06-01,2020,6,2,1,CUNDINAMARCA,8.0,8.0,4.0,7.0,0.0,0.0,0.0,2655.0,104.0,14.0,22605.0,41495.0,10256.0,3701.6043333333337,95.49319728407704,False,False,False,False,False,False,False
2020-06-01,2020,6,2,1,GUAINIA,0.0,0.0,0.0,0.0,0.0,2.0,0.0,36.0,2.0,3.0,215.0,294.0,39.0,3701.6043333333337,95.49319728407704,False,False,False,False,False,False,False
2020-06-01,2020,6,2,1,GUAVIARE,0.0,0.0,0.0,0.0,0.0,2.0,0.0,72.0,1.0,8.0,498.0,776.0,230.0,3701.6043333333337,95.49319728407704,False,False,False,False,False,False,False
2020-06-01,2020,6,2,1,HUILA,2.0,2.0,1.0,2.0,0.0,0.0,0.0,881.0,34.0,12.0,7844.0,12790.0,2341.0,3701.6043333333337,95.49319728407704,False,False,False,False,False,False,False
2020-06-01,2020,6,2,1,LA GUAJIRA,0.0,0.0,0.0,0.0,0.0,0.0,0.0,534.0,12.0,12.0,5075.0,9119.0,1757.0,3701.6043333333337,95.49319728407704,False,False,False,False,False,False,False
2020-06-01,2020,6,2,1,MAGDALENA,10.0,5.0,1.0,5.0,0.0,0.0,0.0,3181.0,15.0,12.0,16910.0,35209.0,16721.0,3701.6043333333337,95.49319728407704,False,False,False,False,False,False,False
2020-06-01,2020,6,2,1,META,4.0,4.0,3.0,3.0,0.0,1.0,0.0,1268.0,29.0,13.0,15179.0,24666.0,4078.0,3701.6043333333337,95.49319728407704,False,False,False,False,False,False,False
2020-06-01,2020,6,2,1,NARINO,22.0,6.0,2.0,6.0,0.0,0.0,0.0,672.0,23.0,11.0,9418.0,13445.0,3172.0,3701.6043333333337,95.49319728407704,False,False,False,False,False,False,False
2020-06-01,2020,6,2,1,NORTE DE SANTANDER,3.0,3.0,2.0,3.0,0.0,0.0,0.0,716.0,25.0,12.0,8903.0,13312.0,2248.0,3701.6043333333337,95.49319728407704,False,False,False,False,False,False,False
2020-06-01,2020,6,2,1,PUTUMAYO,0.0,0.0,0.0,0.0,0.0,1.0,0.0,313.0,13.0,8.0,3469.0,4155.0,905.0,3701.6043333333337,95.49319728407704,False,False,False,False,False,False,False
2020-06-01,2020,6,2,1,QUINDIO,4.0,1.0,1.0,1.0,0.0,0.0,0.0,1942.0,12.0,12.0,12960.0,26268.0,7157.0,3701.6043333333337,95.49319728407704,False,False,False,False,False,False,False
2020-06-01,2020,6,2,1,RISARALDA,5.0,4.0,1.0,4.0,0.0,0.0,0.0,1020.0,14.0,13.0,7721.0,14100.0,4001.0,3701.6043333333337,95.49319728407704,False,False,False,False,False,False,False
2020-06-01,2020,6,2,1,"SAN ANDRES, PROVIDENCIA Y SANTA CATALINA",0.0,0.0,0.0,0.0,0.0,1.0,0.0,1365.0,2.0,11.0,8277.0,17370.0,8829.0,3701.6043333333337,95.49319728407704,False,False,False,False,False,False,False
2020-06-01,2020,6,2,1,SANTANDER,12.0,6.0,3.0,5.0,0.0,0.0,0.0,2008.0,67.0,14.0,20047.0,31815.0,6862.0,3701.6043333333337,95.49319728407704,False,False,False,False,False,False,False
2020-06-01,2020,6,2,1,SUCRE,1.0,1.0,1.0,1.0,0.0,0.0,0.0,639.0,14.0,6.0,7204.0,17026.0,1856.0,3701.6043333333337,95.49319728407704,False,False,False,False,False,False,False
2020-06-01,2020,6,2,1,TOLIMA,1.0,1.0,1.0,1.0,0.0,0.0,0.0,1332.0,43.0,13.0,15020.0,27646.0,5560.0,3701.6043333333337,95.49319728407704,False,False,False,False,False,False,False
2020-06-01,2020,6,2,1,VALLE DEL CAUCA,48.0,14.0,2.0,13.0,0.0,1.0,0.0,2194.0,38.0,14.0,21880.0,34292.0,12579.0,3701.6043333333337,95.49319728407704,False,False,False,False,False,False,False
2020-06-01,2020,6,2,1,VAUPES,0.0,0.0,0.0,0.0,0.0,3.0,0.0,14.0,1.0,3.0,164.0,199.0,21.0,3701.6043333333337,95.49319728407704,False,False,False,False,False,False,False
2020-06-01,2020,6,2,1,VICHADA,1.0,1.0,1.0,1.0,0.0,3.0,0.0,69.0,4.0,5.0,577.0,792.0,159.0,3701.6043333333337,95.49319728407704,False,False,False,False,False,False,False
2020-07-01,2020,7,3,2,AMAZONAS,17.0,1.0,1.0,1.0,0.0,3.0,0.0,241.0,2.0,9.0,1211.0,2718.0,717.0,3657.8667741935483,98.84916555595854,False,False,False,False,False,False,False
2020-07-01,2020,7,3,2,ANTIOQUIA,46.0,20.0,6.0,14.0,0.0,1.0,0.0,5559.0,111.0,16.0,49603.0,80643.0,25819.0,3657.8667741935483,98.84916555595854,False,False,False,False,False,False,False
2020-07-01,2020,7,3,2,ARAUCA,9.0,2.0,2.0,1.0,0.0,0.0,0.0,68.0,5.0,6.0,952.0,1377.0,255.0,3657.8667741935483,98.84916555595854,False,False,False,False,False,False,False
2020-07-01,2020,7,3,2,ATLANTICO,100.0,15.0,2.0,15.0,0.0,1.0,0.0,692.0,17.0,14.0,10554.0,14710.0,7267.0,3657.8667741935483,98.84916555595854,False,False,False,False,False,False,False
2020-07-01,2020,7,3,2,BOGOTA D.C.,1116.0,42.0,1.0,42.0,0.0,1.0,0.0,4508.0,7.0,16.0,29843.0,42412.0,37459.0,3657.8667741935483,98.84916555595854,False,False,False,False,False,False,False
2020-07-01,2020,7,3,2,BOLIVAR,11.0,6.0,2.0,6.0,0.0,0.0,0.0,4716.0,18.0,14.0,24948.0,44411.0,21077.0,3657.8667741935483,98.84916555595854,False,False,False,False,False,False,False
2020-07-01,2020,7,3,2,BOYACA,2.0,2.0,2.0,2.0,0.0,0.0,0.0,1558.0,91.0,15.0,13940.0,24592.0,3287.0,3657.8667741935483,98.84916555595854,False,False,False,False,False,False,False
2020-07-01,2020,7,3,2,CALDAS,0.0,0.0,0.0,0.0,0.0,0.0,0.0,939.0,27.0,13.0,7547.0,14328.0,4528.0,3657.8667741935483,98.84916555595854,False,False,False,False,False,False,False
2020-07-01,2020,7,3,2,CAQUETA,0.0,0.0,0.0,0.0,0.0,2.0,0.0,186.0,11.0,11.0,2048.0,2643.0,634.0,3657.8667741935483,98.84916555595854,False,False,False,False,False,False,False
2020-07-01,2020,7,3,2,CASANARE,0.0,0.0,0.0,0.0,0.0,0.0,0.0,503.0,14.0,11.0,7081.0,9754.0,1519.0,3657.8667741935483,98.84916555595854,False,False,False,False,False,False,False
2020-07-01,2020,7,3,2,CAUCA,3.0,1.0,1.0,1.0,0.0,0.0,0.0,357.0,24.0,13.0,3701.0,5609.0,1787.0,3657.8667741935483,98.84916555595854,False,False,False,False,False,False,False
2020-07-01,2020,7,3,2,CESAR,6.0,4.0,3.0,3.0,0.0,0.0,0.0,367.0,21.0,11.0,6104.0,9402.0,1597.0,3657.8667741935483,98.84916555595854,False,False,False,False,False,False,False
2020-07-01,2020,7,3,2,CHOCO,0.0,0.0,0.0,0.0,0.0,0.0,0.0,311.0,15.0,7.0,3007.0,5280.0,790.0,3657.8667741935483,98.84916555595854,False,False,False,False,False,False,False
2020-07-01,2020,7,3,2,CORDOBA,0.0,0.0,0.0,0.0,0.0,0.0,0.0,378.0,21.0,11.0,5512.0,8575.0,1384.0,3657.8667741935483,98.84916555595854,False,False,False,False,False,False,False
2020-07-01,2020,7,3,2,CUNDINAMARCA,7.0,6.0,5.0,5.0,0.0,0.0,0.0,2655.0,104.0,14.0,22605.0,41495.0,10256.0,3657.8667741935483,98.84916555595854,False,False,False,False,False,False,False
2020-07-01,2020,7,3,2,GUAINIA,0.0,0.0,0.0,0.0,0.0,3.0,0.0,36.0,2.0,3.0,215.0,294.0,39.0,3657.8667741935483,98.84916555595854,False,False,False,False,False,False,False
2020-07-01,2020,7,3,2,GUAVIARE,0.0,0.0,0.0,0.0,0.0,2.0,0.0,72.0,1.0,8.0,498.0,776.0,230.0,3657.8667741935483,98.84916555595854,False,False,False,False,False,False,False
2020-07-01,2020,7,3,2,HUILA,4.0,3.0,3.0,1.0,0.0,0.0,0.0,881.0,34.0,12.0,7844.0,12790.0,2341.0,3657.8667741935483,98.84916555595854,False,False,False,False,False,False,False
2020-07-01,2020,7,3,2,LA GUAJIRA,0.0,0.0,0.0,0.0,0.0,0.0,0.0,534.0,12.0,12.0,5075.0,9119.0,1757.0,3657.8667741935483,98.84916555595854,False,False,False,False,False,False,False
2020-07-01,2020,7,3,2,MAGDALENA,4.0,4.0,1.0,4.0,0.0,0.0,0.0,3181.0,15.0,12.0,16910.0,35209.0,16721.0,3657.8667741935483,98.84916555595854,False,False,False,False,False,False,False
2020-07-01,2020,7,3,2,META,5.0,2.0,2.0,1.0,0.0,1.0,0.0,1268.0,29.0,13.0,15179.0,24666.0,4078.0,3657.8667741935483,98.84916555595854,False,False,False,False,False,False,False
2020-07-01,2020,7,3,2,NARINO,74.0,9.0,4.0,5.0,0.0,0.0,0.0,672.0,23.0,11.0,9418.0,13445.0,3172.0,3657.8667741935483,98.84916555595854,False,False,False,False,False,False,False
2020-07-01,2020,7,3,2,NORTE DE SANTANDER,2.0,2.0,1.0,2.0,295.0,1.0,0.0,716.0,25.0,12.0,8903.0,13312.0,2248.0,3657.8667741935483,98.84916555595854,False,False,False,False,False,False,False
2020-07-01,2020,7,3,2,PUTUMAYO,0.0,0.0,0.0,0.0,0.0,1.0,0.0,313.0,13.0,8.0,3469.0,4155.0,905.0,3657.8667741935483,98.84916555595854,False,False,False,False,False,False,False
2020-07-01,2020,7,3,2,QUINDIO,4.0,4.0,3.0,4.0,0.0,0.0,0.0,1942.0,12.0,12.0,12960.0,26268.0,7157.0,3657.8667741935483,98.84916555595854,False,False,False,False,False,False,False
2020-07-01,2020,7,3,2,RISARALDA,8.0,4.0,1.0,4.0,0.0,0.0,0.0,1020.0,14.0,13.0,7721.0,14100.0,4001.0,3657.8667741935483,98.84916555595854,False,False,False,False,False,False,False
2020-07-01,2020,7,3,2,"SAN ANDRES, PROVIDENCIA Y SANTA CATALINA",0.0,0.0,0.0,0.0,0.0,1.0,0.0,1365.0,2.0,11.0,8277.0,17370.0,8829.0,3657.8667741935483,98.84916555595854,False,False,False,False,False,False,False
2020-07-01,2020,7,3,2,SANTANDER,11.0,7.0,3.0,6.0,303.0,1.0,0.0,2008.0,67.0,14.0,20047.0,31815.0,6862.0,3657.8667741935483,98.84916555595854,False,False,False,False,False,False,False
2020-07-01,2020,7,3,2,SUCRE,3.0,2.0,1.0,2.0,0.0,0.0,0.0,639.0,14.0,6.0,7204.0,17026.0,1856.0,3657.8667741935483,98.84916555595854,False,False,False,False,False,False,False
2020-07-01,2020,7,3,2,TOLIMA,3.0,2.0,1.0,2.0,0.0,0.0,0.0,1332.0,43.0,13.0,15020.0,27646.0,5560.0,3657.8667741935483,98.84916555595854,False,False,False,False,False,False,False
2020-07-01,2020,7,3,2,VALLE DEL CAUCA,49.0,23.0,8.0,16.0,0.0,1.0,0.0,2194.0,38.0,14.0,21880.0,34292.0,12579.0,3657.8667741935483,98.84916555595854,False,False,False,False,False,False,False
2020-07-01,2020,7,3,2,VAUPES,0.0,0.0,0.0,0.0,0.0,4.0,0.0,14.0,1.0,3.0,164.0,199.0,21.0,3657.8667741935483,98.84916555595854,False,False,False,False,False,False,False
2020-07-01,2020,7,3,2,VICHADA,0.0,0.0,0.0,0.0,0.0,2.0,0.0,69.0,4.0,5.0,577.0,792.0,159.0,3657.8667741935483,98.84916555595854,False,False,False,False,False,False,False
2020-08-01,2020,8,3,2,AMAZONAS,14.0,3.0,1.0,3.0,22.0,3.0,0.0,241.0,2.0,9.0,1211.0,2718.0,717.0,3783.025806451613,99.2817256894318,False,False,False,False,False,False,False
2020-08-01,2020,8,3,2,ANTIOQUIA,81.0,31.0,10.0,19.0,802.0,1.0,0.0,5559.0,111.0,16.0,49603.0,80643.0,25819.0,3783.025806451613,99.2817256894318,False,False,False,False,False,False,False
2020-08-01,2020,8,3,2,ARAUCA,1.0,1.0,1.0,1.0,0.0,0.0,0.0,68.0,5.0,6.0,952.0,1377.0,255.0,3783.025806451613,99.2817256894318,False,False,False,False,False,False,False
2020-08-01,2020,8,3,2,ATLANTICO,65.0,14.0,2.0,13.0,0.0,1.0,0.0,692.0,17.0,14.0,10554.0,14710.0,7267.0,3783.025806451613,99.2817256894318,False,False,False,False,False,False,False
2020-08-01,2020,8,3,2,BOGOTA D.C.,1204.0,49.0,1.0,49.0,0.0,1.0,173.0,4508.0,7.0,16.0,29843.0,42412.0,37459.0,3783.025806451613,99.2817256894318,False,False,False,False,False,False,False
2020-08-01,2020,8,3,2,BOLIVAR,44.0,10.0,1.0,10.0,0.0,0.0,0.0,4716.0,18.0,14.0,24948.0,44411.0,21077.0,3783.025806451613,99.2817256894318,False,False,False,False,False,False,False
2020-08-01,2020,8,3,2,BOYACA,1.0,1.0,1.0,1.0,0.0,0.0,0.0,1558.0,91.0,15.0,13940.0,24592.0,3287.0,3783.025806451613,99.2817256894318,False,False,False,False,False,False,False
2020-08-01,2020,8,3,2,CALDAS,8.0,6.0,3.0,6.0,0.0,0.0,0.0,939.0,27.0,13.0,7547.0,14328.0,4528.0,3783.025806451613,99.2817256894318,False,False,False,False,False,False,False
2020-08-01,2020,8,3,2,CAQUETA,0.0,0.0,0.0,0.0,6.0,3.0,0.0,186.0,11.0,11.0,2048.0,2643.0,634.0,3783.025806451613,99.2817256894318,False,False,False,False,False,False,False
2020-08-01,2020,8,3,2,CASANARE,0.0,0.0,0.0,0.0,0.0,1.0,0.0,503.0,14.0,11.0,7081.0,9754.0,1519.0,3783.025806451613,99.2817256894318,False,False,False,False,False,False,False
2020-08-01,2020,8,3,2,CAUCA,2.0,1.0,1.0,1.0,0.0,0.0,0.0,357.0,24.0,13.0,3701.0,5609.0,1787.0,3783.025806451613,99.2817256894318,False,False,False,False,False,False,False
2020-08-01,2020,8,3,2,CESAR,2.0,2.0,2.0,1.0,0.0,0.0,0.0,367.0,21.0,11.0,6104.0,9402.0,1597.0,3783.025806451613,99.2817256894318,False,False,False,False,False,False,False
2020-08-01,2020,8,3,2,CHOCO,1.0,1.0,1.0,1.0,0.0,0.0,0.0,311.0,15.0,7.0,3007.0,5280.0,790.0,3783.025806451613,99.2817256894318,False,False,False,False,False,False,False
2020-08-01,2020,8,3,2,CORDOBA,2.0,2.0,2.0,2.0,0.0,0.0,0.0,378.0,21.0,11.0,5512.0,8575.0,1384.0,3783.025806451613,99.2817256894318,False,False,False,False,False,False,False
2020-08-01,2020,8,3,2,CUNDINAMARCA,22.0,6.0,4.0,5.0,0.0,0.0,0.0,2655.0,104.0,14.0,22605.0,41495.0,10256.0,3783.025806451613,99.2817256894318,False,False,False,False,False,False,False
2020-08-01,2020,8,3,2,GUAINIA,0.0,0.0,0.0,0.0,67.0,2.0,0.0,36.0,2.0,3.0,215.0,294.0,39.0,3783.025806451613,99.2817256894318,False,False,False,False,False,False,False
2020-08-01,2020,8,3,2,GUAVIARE,0.0,0.0,0.0,0.0,18.0,2.0,0.0,72.0,1.0,8.0,498.0,776.0,230.0,3783.025806451613,99.2817256894318,False,False,False,False,False,False,False
2020-08-01,2020,8,3,2,HUILA,4.0,3.0,2.0,3.0,0.0,0.0,0.0,881.0,34.0,12.0,7844.0,12790.0,2341.0,3783.025806451613,99.2817256894318,False,False,False,False,False,False,False
2020-08-01,2020,8,3,2,LA GUAJIRA,0.0,0.0,0.0,0.0,0.0,0.0,0.0,534.0,12.0,12.0,5075.0,9119.0,1757.0,3783.025806451613,99.2817256894318,False,False,False,False,False,False,False
2020-08-01,2020,8,3,2,MAGDALENA,7.0,5.0,2.0,4.0,0.0,0.0,0.0,3181.0,15.0,12.0,16910.0,35209.0,16721.0,3783.025806451613,99.2817256894318,False,False,False,False,False,False,False
2020-08-01,2020,8,3,2,META,4.0,2.0,2.0,2.0,19.0,1.0,0.0,1268.0,29.0,13.0,15179.0,24666.0,4078.0,3783.025806451613,99.2817256894318,False,False,False,False,False,False,False
2020-08-01,2020,8,3,2,NARINO,142.0,9.0,2.0,8.0,0.0,0.0,0.0,672.0,23.0,11.0,9418.0,13445.0,3172.0,3783.025806451613,99.2817256894318,False,False,False,False,False,False,False
2020-08-01,2020,8,3,2,NORTE DE SANTANDER,0.0,0.0,0.0,0.0,683.0,1.0,0.0,716.0,25.0,12.0,8903.0,13312.0,2248.0,3783.025806451613,99.2817256894318,False,False,False,False,False,False,False
2020-08-01,2020,8,3,2,PUTUMAYO,0.0,0.0,0.0,0.0,7.0,1.0,0.0,313.0,13.0,8.0,3469.0,4155.0,905.0,3783.025806451613,99.2817256894318,False,False,False,False,False,False,False
2020-08-01,2020,8,3,2,QUINDIO,4.0,4.0,2.0,4.0,0.0,0.0,0.0,1942.0,12.0,12.0,12960.0,26268.0,7157.0,3783.025806451613,99.2817256894318,False,False,False,False,False,False,False
2020-08-01,2020,8,3,2,RISARALDA,15.0,7.0,1.0,7.0,364.0,1.0,0.0,1020.0,14.0,13.0,7721.0,14100.0,4001.0,3783.025806451613,99.2817256894318,False,False,False,False,False,False,False
2020-08-01,2020,8,3,2,"SAN ANDRES, PROVIDENCIA Y SANTA CATALINA",0.0,0.0,0.0,0.0,0.0,1.0,0.0,1365.0,2.0,11.0,8277.0,17370.0,8829.0,3783.025806451613,99.2817256894318,False,False,False,False,False,False,False
2020-08-01,2020,8,3,2,SANTANDER,8.0,4.0,1.0,4.0,852.0,1.0,0.0,2008.0,67.0,14.0,20047.0,31815.0,6862.0,3783.025806451613,99.2817256894318,False,False,False,False,False,False,False
2020-08-01,2020,8,3,2,SUCRE,0.0,0.0,0.0,0.0,0.0,0.0,0.0,639.0,14.0,6.0,7204.0,17026.0,1856.0,3783.025806451613,99.2817256894318,False,False,False,False,False,False,False
2020-08-01,2020,8,3,2,TOLIMA,10.0,5.0,2.0,4.0,0.0,0.0,0.0,1332.0,43.0,13.0,15020.0,27646.0,5560.0,3783.025806451613,99.2817256894318,False,False,False,False,False,False,False
2020-08-01,2020,8,3,2,VALLE DEL CAUCA,57.0,19.0,6.0,14.0,0.0,1.0,0.0,2194.0,38.0,14.0,21880.0,34292.0,12579.0,3783.025806451613,99.2817256894318,False,False,False,False,False,False,False
2020-08-01,2020,8,3,2,VAUPES,0.0,0.0,0.0,0.0,34.0,4.0,0.0,14.0,1.0,3.0,164.0,199.0,21.0,3783.025806451613,99.2817256894318,False,False,False,False,False,False,False
2020-08-01,2020,8,3,2,VICHADA,0.0,0.0,0.0,0.0,0.0,3.0,0.0,69.0,4.0,5.0,577.0,792.0,159.0,3783.025806451613,99.2817256894318,False,False,False,False,False,False,False
2020-09-01,2020,9,3,2,AMAZONAS,13.0,2.0,1.0,2.0,1836.0,3.0,0.0,241.0,2.0,9.0,1211.0,2718.0,717.0,3750.2153333333335,102.78175874571502,False,False,False,False,False,False,False
2020-09-01,2020,9,3,2,ANTIOQUIA,1442.0,104.0,34.0,41.0,53432.0,3.0,2949.0,5559.0,111.0,16.0,49603.0,80643.0,25819.0,3750.2153333333335,102.78175874571502,False,False,False,False,False,False,False
2020-09-01,2020,9,3,2,ARAUCA,2.0,2.0,2.0,2.0,171.0,1.0,0.0,68.0,5.0,6.0,952.0,1377.0,255.0,3750.2153333333335,102.78175874571502,False,False,False,False,False,False,False
2020-09-01,2020,9,3,2,ATLANTICO,313.0,37.0,8.0,26.0,23825.0,1.0,0.0,692.0,17.0,14.0,10554.0,14710.0,7267.0,3750.2153333333335,102.78175874571502,False,False,False,False,False,False,False
2020-09-01,2020,9,3,2,BOGOTA D.C.,2238.0,65.0,1.0,65.0,111063.0,1.0,2727.0,4508.0,7.0,16.0,29843.0,42412.0,37459.0,3750.2153333333335,102.78175874571502,False,False,False,False,False,False,False
2020-09-01,2020,9,3,2,BOLIVAR,610.0,37.0,6.0,31.0,24516.0,1.0,1815.0,4716.0,18.0,14.0,24948.0,44411.0,21077.0,3750.2153333333335,102.78175874571502,False,False,False,False,False,False,False
2020-09-01,2020,9,3,2,BOYACA,4.0,4.0,3.0,3.0,0.0,0.0,0.0,1558.0,91.0,15.0,13940.0,24592.0,3287.0,3750.2153333333335,102.78175874571502,False,False,False,False,False,False,False
2020-09-01,2020,9,3,2,CALDAS,26.0,10.0,4.0,7.0,305.0,1.0,0.0,939.0,27.0,13.0,7547.0,14328.0,4528.0,3750.2153333333335,102.78175874571502,False,False,False,False,False,False,False
2020-09-01,2020,9,3,2,CAQUETA,2.0,2.0,1.0,2.0,537.0,2.0,0.0,186.0,11.0,11.0,2048.0,2643.0,634.0,3750.2153333333335,102.78175874571502,False,False,False,False,False,False,False
2020-09-01,2020,9,3,2,CASANARE,2.0,1.0,1.0,1.0,0.0,0.0,0.0,503.0,14.0,11.0,7081.0,9754.0,1519.0,3750.2153333333335,102.78175874571502,False,False,False,False,False,False,False
2020-09-01,2020,9,3,2,CAUCA,15.0,10.0,5.0,5.0,0.0,0.0,0.0,357.0,24.0,13.0,3701.0,5609.0,1787.0,3750.2153333333335,102.78175874571502,False,False,False,False,False,False,False
2020-09-01,2020,9,3,2,CESAR,18.0,8.0,6.0,4.0,0.0,0.0,0.0,367.0,21.0,11.0,6104.0,9402.0,1597.0,3750.2153333333335,102.78175874571502,False,False,False,False,False,False,False
2020-09-01,2020,9,3,2,CHOCO,0.0,0.0,0.0,0.0,1220.0,1.0,0.0,311.0,15.0,7.0,3007.0,5280.0,790.0,3750.2153333333335,102.78175874571502,False,False,False,False,False,False,False
2020-09-01,2020,9,3,2,CORDOBA,7.0,5.0,3.0,4.0,7342.0,1.0,0.0,378.0,21.0,11.0,5512.0,8575.0,1384.0,3750.2153333333335,102.78175874571502,False,False,False,False,False,False,False
2020-09-01,2020,9,3,2,CUNDINAMARCA,42.0,27.0,18.0,10.0,0.0,0.0,0.0,2655.0,104.0,14.0,22605.0,41495.0,10256.0,3750.2153333333335,102.78175874571502,False,False,False,False,False,False,False
2020-09-01,2020,9,3,2,GUAINIA,0.0,0.0,0.0,0.0,175.0,3.0,0.0,36.0,2.0,3.0,215.0,294.0,39.0,3750.2153333333335,102.78175874571502,False,False,False,False,False,False,False
2020-09-01,2020,9,3,2,GUAVIARE,2.0,2.0,1.0,2.0,102.0,2.0,0.0,72.0,1.0,8.0,498.0,776.0,230.0,3750.2153333333335,102.78175874571502,False,False,False,False,False,False,False
2020-09-01,2020,9,3,2,HUILA,6.0,4.0,2.0,4.0,201.0,1.0,0.0,881.0,34.0,12.0,7844.0,12790.0,2341.0,3750.2153333333335,102.78175874571502,False,False,False,False,False,False,False
2020-09-01,2020,9,3,2,LA GUAJIRA,12.0,6.0,4.0,5.0,0.0,0.0,0.0,534.0,12.0,12.0,5075.0,9119.0,1757.0,3750.2153333333335,102.78175874571502,False,False,False,False,False,False,False
2020-09-01,2020,9,3,2,MAGDALENA,26.0,8.0,2.0,7.0,11277.0,1.0,1.0,3181.0,15.0,12.0,16910.0,35209.0,16721.0,3750.2153333333335,102.78175874571502,False,False,False,False,False,False,False
2020-09-01,2020,9,3,2,META,11.0,5.0,4.0,2.0,723.0,1.0,0.0,1268.0,29.0,13.0,15179.0,24666.0,4078.0,3750.2153333333335,102.78175874571502,False,False,False,False,False,False,False
2020-09-01,2020,9,3,2,NARINO,100.0,16.0,4.0,11.0,3044.0,2.0,1.0,672.0,23.0,11.0,9418.0,13445.0,3172.0,3750.2153333333335,102.78175874571502,False,False,False,False,False,False,False
2020-09-01,2020,9,3,2,NORTE DE SANTANDER,72.0,16.0,6.0,13.0,8469.0,1.0,2.0,716.0,25.0,12.0,8903.0,13312.0,2248.0,3750.2153333333335,102.78175874571502,False,False,False,False,False,False,False
2020-09-01,2020,9,3,2,PUTUMAYO,0.0,0.0,0.0,0.0,107.0,2.0,0.0,313.0,13.0,8.0,3469.0,4155.0,905.0,3750.2153333333335,102.78175874571502,False,False,False,False,False,False,False
2020-09-01,2020,9,3,2,QUINDIO,47.0,11.0,4.0,8.0,356.0,1.0,0.0,1942.0,12.0,12.0,12960.0,26268.0,7157.0,3750.2153333333335,102.78175874571502,False,False,False,False,False,False,False
2020-09-01,2020,9,3,2,RISARALDA,104.0,20.0,3.0,16.0,12405.0,1.0,1.0,1020.0,14.0,13.0,7721.0,14100.0,4001.0,3750.2153333333335,102.78175874571502,False,False,False,False,False,False,False
2020-09-01,2020,9,3,2,"SAN ANDRES, PROVIDENCIA Y SANTA CATALINA",45.0,7.0,2.0,6.0,3762.0,1.0,3.0,1365.0,2.0,11.0,8277.0,17370.0,8829.0,3750.2153333333335,102.78175874571502,False,False,False,False,False,False,False
2020-09-01,2020,9,3,2,SANTANDER,56.0,22.0,6.0,16.0,10727.0,1.0,0.0,2008.0,67.0,14.0,20047.0,31815.0,6862.0,3750.2153333333335,102.78175874571502,False,False,False,False,False,False,False
2020-09-01,2020,9,3,2,SUCRE,4.0,2.0,2.0,2.0,0.0,0.0,0.0,639.0,14.0,6.0,7204.0,17026.0,1856.0,3750.2153333333335,102.78175874571502,False,False,False,False,False,False,False
2020-09-01,2020,9,3,2,TOLIMA,48.0,7.0,5.0,4.0,0.0,0.0,0.0,1332.0,43.0,13.0,15020.0,27646.0,5560.0,3750.2153333333335,102.78175874571502,False,False,False,False,False,False,False
2020-09-01,2020,9,3,2,VALLE DEL CAUCA,957.0,74.0,24.0,42.0,27437.0,1.0,2487.0,2194.0,38.0,14.0,21880.0,34292.0,12579.0,3750.2153333333335,102.78175874571502,False,False,False,False,False,False,False
2020-09-01,2020,9,3,2,VAUPES,1.0,1.0,1.0,1.0,86.0,4.0,0.0,14.0,1.0,3.0,164.0,199.0,21.0,3750.2153333333335,102.78175874571502,False,False,False,False,False,False,False
2020-09-01,2020,9,3,2,VICHADA,4.0,2.0,2.0,2.0,0.0,3.0,0.0,69.0,4.0,5.0,577.0,792.0,159.0,3750.2153333333335,102.78175874571502,False,False,False,False,False,False,False
2020-10-01,2020,10,4,2,AMAZONAS,41.0,9.0,3.0,8.0,3766.0,3.0,0.0,241.0,2.0,9.0,1211.0,2718.0,717.0,3833.7883870967744,105.37139635888644,False,False,False,False,False,False,False
2020-10-01,2020,10,4,2,ANTIOQUIA,3425.626,305.0,61.0,78.0,111137.0,4.0,20182.0,5559.0,111.0,16.0,49603.0,80643.0,25819.0,3833.7883870967744,105.37139635888644,False,False,False,False,False,False,False
2020-10-01,2020,10,4,2,ARAUCA,19.0,8.0,4.0,5.0,2526.0,3.0,0.0,68.0,5.0,6.0,952.0,1377.0,255.0,3833.7883870967744,105.37139635888644,False,False,False,False,False,False,False
2020-10-01,2020,10,4,2,ATLANTICO,1547.0,87.0,15.0,50.0,37617.0,1.0,3548.0,692.0,17.0,14.0,10554.0,14710.0,7267.0,3833.7883870967744,105.37139635888644,False,False,False,False,False,False,False
2020-10-01,2020,10,4,2,BOGOTA D.C.,7347.946,92.0,1.0,92.0,223856.0,1.0,38400.0,4508.0,7.0,16.0,29843.0,42412.0,37459.0,3833.7883870967744,105.37139635888644,False,False,False,False,False,False,False
2020-10-01,2020,10,4,2,BOLIVAR,852.891,81.0,12.0,63.0,52902.0,2.0,7220.0,4716.0,18.0,14.0,24948.0,44411.0,21077.0,3833.7883870967744,105.37139635888644,False,False,False,False,False,False,False
2020-10-01,2020,10,4,2,BOYACA,77.0,43.0,16.0,19.0,0.0,0.0,0.0,1558.0,91.0,15.0,13940.0,24592.0,3287.0,3833.7883870967744,105.37139635888644,False,False,False,False,False,False,False
2020-10-01,2020,10,4,2,CALDAS,199.0,45.0,13.0,21.0,2959.0,1.0,0.0,939.0,27.0,13.0,7547.0,14328.0,4528.0,3833.7883870967744,105.37139635888644,False,False,False,False,False,False,False
2020-10-01,2020,10,4,2,CAQUETA,12.0,10.0,4.0,7.0,1788.0,3.0,0.0,186.0,11.0,11.0,2048.0,2643.0,634.0,3833.7883870967744,105.37139635888644,False,False,False,False,False,False,False
2020-10-01,2020,10,4,2,CASANARE,17.0,9.0,3.0,8.0,1947.0,5.0,0.0,503.0,14.0,11.0,7081.0,9754.0,1519.0,3833.7883870967744,105.37139635888644,False,False,False,False,False,False,False
2020-10-01,2020,10,4,2,CAUCA,74.0,44.0,20.0,17.0,1536.0,2.0,0.0,357.0,24.0,13.0,3701.0,5609.0,1787.0,3833.7883870967744,105.37139635888644,False,False,False,False,False,False,False
2020-10-01,2020,10,4,2,CESAR,109.0,33.0,9.0,21.0,2571.0,4.0,10.0,367.0,21.0,11.0,6104.0,9402.0,1597.0,3833.7883870967744,105.37139635888644,False,False,False,False,False,False,False
2020-10-01,2020,10,4,2,CHOCO,23.0,11.0,3.0,10.0,6916.0,2.0,0.0,311.0,15.0,7.0,3007.0,5280.0,790.0,3833.7883870967744,105.37139635888644,False,False,False,False,False,False,False
2020-10-01,2020,10,4,2,CORDOBA,82.0,25.0,8.0,13.0,16421.0,1.0,82.0,378.0,21.0,11.0,5512.0,8575.0,1384.0,3833.7883870967744,105.37139635888644,False,False,False,False,False,False,False
2020-10-01,2020,10,4,2,CUNDINAMARCA,415.0,191.0,52.0,37.0,0.0,0.0,0.0,2655.0,104.0,14.0,22605.0,41495.0,10256.0,3833.7883870967744,105.37139635888644,False,False,False,False,False,False,False
2020-10-01,2020,10,4,2,GUAINIA,1.0,1.0,1.0,1.0,796.0,3.0,0.0,36.0,2.0,3.0,215.0,294.0,39.0,3833.7883870967744,105.37139635888644,False,False,False,False,False,False,False
2020-10-01,2020,10,4,2,GUAVIARE,7.0,6.0,1.0,6.0,463.0,2.0,0.0,72.0,1.0,8.0,498.0,776.0,230.0,3833.7883870967744,105.37139635888644,False,False,False,False,False,False,False
2020-10-01,2020,10,4,2,HUILA,83.0,31.0,9.0,17.0,2189.0,3.0,0.0,881.0,34.0,12.0,7844.0,12790.0,2341.0,3833.7883870967744,105.37139635888644,False,False,False,False,False,False,False
2020-10-01,2020,10,4,2,LA GUAJIRA,128.0,20.0,6.0,13.0,1891.0,1.0,70.0,534.0,12.0,12.0,5075.0,9119.0,1757.0,3833.7883870967744,105.37139635888644,False,False,False,False,False,False,False
2020-10-01,2020,10,4,2,MAGDALENA,231.0,39.0,7.0,31.0,28075.0,2.0,67.0,3181.0,15.0,12.0,16910.0,35209.0,16721.0,3833.7883870967744,105.37139635888644,False,False,False,False,False,False,False
2020-10-01,2020,10,4,2,META,179.0,36.0,9.0,20.0,1297.0,2.0,0.0,1268.0,29.0,13.0,15179.0,24666.0,4078.0,3833.7883870967744,105.37139635888644,False,False,False,False,False,False,False
2020-10-01,2020,10,4,2,NARINO,95.0,20.0,4.0,15.0,6036.0,4.0,1.0,672.0,23.0,11.0,9418.0,13445.0,3172.0,3833.7883870967744,105.37139635888644,False,False,False,False,False,False,False
2020-10-01,2020,10,4,2,NORTE DE SANTANDER,679.0,56.0,13.0,31.0,14014.0,1.0,525.0,716.0,25.0,12.0,8903.0,13312.0,2248.0,3833.7883870967744,105.37139635888644,False,False,False,False,False,False,False
2020-10-01,2020,10,4,2,PUTUMAYO,6.0,6.0,4.0,5.0,2369.0,3.0,0.0,313.0,13.0,8.0,3469.0,4155.0,905.0,3833.7883870967744,105.37139635888644,False,False,False,False,False,False,False
2020-10-01,2020,10,4,2,QUINDIO,289.0,45.0,8.0,23.0,3959.0,1.0,1444.0,1942.0,12.0,12.0,12960.0,26268.0,7157.0,3833.7883870967744,105.37139635888644,False,False,False,False,False,False,False
2020-10-01,2020,10,4,2,RISARALDA,518.0,56.0,7.0,33.0,16744.0,1.0,1229.0,1020.0,14.0,13.0,7721.0,14100.0,4001.0,3833.7883870967744,105.37139635888644,False,False,False,False,False,False,False
2020-10-01,2020,10,4,2,"SAN ANDRES, PROVIDENCIA Y SANTA CATALINA",45.0,13.0,2.0,12.0,16092.0,1.0,22.0,1365.0,2.0,11.0,8277.0,17370.0,8829.0,3833.7883870967744,105.37139635888644,False,False,False,False,False,False,False
2020-10-01,2020,10,4,2,SANTANDER,362.0,89.0,20.0,38.0,19280.0,3.0,362.0,2008.0,67.0,14.0,20047.0,31815.0,6862.0,3833.7883870967744,105.37139635888644,False,False,False,False,False,False,False
2020-10-01,2020,10,4,2,SUCRE,46.0,24.0,12.0,14.0,1234.0,1.0,0.0,639.0,14.0,6.0,7204.0,17026.0,1856.0,3833.7883870967744,105.37139635888644,False,False,False,False,False,False,False
2020-10-01,2020,10,4,2,TOLIMA,147.0,43.0,14.0,23.0,377.0,3.0,0.0,1332.0,43.0,13.0,15020.0,27646.0,5560.0,3833.7883870967744,105.37139635888644,False,False,False,False,False,False,False
2020-10-01,2020,10,4,2,VALLE DEL CAUCA,1397.38,203.0,30.0,62.0,56158.0,3.0,12384.0,2194.0,38.0,14.0,21880.0,34292.0,12579.0,3833.7883870967744,105.37139635888644,False,False,False,False,False,False,False
2020-10-01,2020,10,4,2,VAUPES,0.0,0.0,0.0,0.0,746.0,3.0,0.0,14.0,1.0,3.0,164.0,199.0,21.0,3833.7883870967744,105.37139635888644,False,False,False,False,False,False,False
2020-10-01,2020,10,4,2,VICHADA,6.0,5.0,2.0,5.0,514.0,3.0,0.0,69.0,4.0,5.0,577.0,792.0,159.0,3833.7883870967744,105.37139635888644,False,False,False,False,False,False,False
2020-11-01,2020,11,4,2,AMAZONAS,39.0,8.0,3.0,7.0,4449.0,3.0,0.0,241.0,2.0,9.0,1211.0,2718.0,717.0,3685.6266666666666,106.07024213767717,False,False,False,False,False,False,False
2020-11-01,2020,11,4,2,ANTIOQUIA,6230.158,428.0,73.0,93.0,154659.0,4.0,24834.0,5559.0,111.0,16.0,49603.0,80643.0,25819.0,3685.6266666666666,106.07024213767717,False,False,False,False,False,False,False
2020-11-01,2020,11,4,2,ARAUCA,43.0,11.0,3.0,9.0,3097.0,3.0,0.0,68.0,5.0,6.0,952.0,1377.0,255.0,3685.6266666666666,106.07024213767717,False,False,False,False,False,False,False
2020-11-01,2020,11,4,2,ATLANTICO,1283.074,99.0,12.0,56.0,49273.0,1.0,5514.0,692.0,17.0,14.0,10554.0,14710.0,7267.0,3685.6266666666666,106.07024213767717,False,False,False,False,False,False,False
2020-11-01,2020,11,4,2,BOGOTA D.C.,9133.111,113.0,1.0,113.0,331052.0,1.0,66825.0,4508.0,7.0,16.0,29843.0,42412.0,37459.0,3685.6266666666666,106.07024213767717,False,False,False,False,False,False,False
2020-11-01,2020,11,4,2,BOLIVAR,1877.972,104.0,16.0,76.0,76413.0,2.0,6354.0,4716.0,18.0,14.0,24948.0,44411.0,21077.0,3685.6266666666666,106.07024213767717,False,False,False,False,False,False,False
2020-11-01,2020,11,4,2,BOYACA,172.0,91.0,29.0,30.0,0.0,0.0,0.0,1558.0,91.0,15.0,13940.0,24592.0,3287.0,3685.6266666666666,106.07024213767717,False,False,False,False,False,False,False
2020-11-01,2020,11,4,2,CALDAS,323.0,80.0,20.0,26.0,2881.0,2.0,0.0,939.0,27.0,13.0,7547.0,14328.0,4528.0,3685.6266666666666,106.07024213767717,False,False,False,False,False,False,False
2020-11-01,2020,11,4,2,CAQUETA,20.0,15.0,6.0,12.0,2293.0,3.0,0.0,186.0,11.0,11.0,2048.0,2643.0,634.0,3685.6266666666666,106.07024213767717,False,False,False,False,False,False,False
2020-11-01,2020,11,4,2,CASANARE,31.0,18.0,6.0,15.0,3168.0,5.0,0.0,503.0,14.0,11.0,7081.0,9754.0,1519.0,3685.6266666666666,106.07024213767717,False,False,False,False,False,False,False
2020-11-01,2020,11,4,2,CAUCA,136.0,67.0,24.0,27.0,1810.0,2.0,0.0,357.0,24.0,13.0,3701.0,5609.0,1787.0,3685.6266666666666,106.07024213767717,False,False,False,False,False,False,False
2020-11-01,2020,11,4,2,CESAR,140.0,41.0,12.0,23.0,6115.0,3.0,41.0,367.0,21.0,11.0,6104.0,9402.0,1597.0,3685.6266666666666,106.07024213767717,False,False,False,False,False,False,False
2020-11-01,2020,11,4,2,CHOCO,18.0,13.0,6.0,9.0,8811.0,3.0,0.0,311.0,15.0,7.0,3007.0,5280.0,790.0,3685.6266666666666,106.07024213767717,False,False,False,False,False,False,False
2020-11-01,2020,11,4,2,CORDOBA,163.0,43.0,14.0,25.0,25075.0,1.0,220.0,378.0,21.0,11.0,5512.0,8575.0,1384.0,3685.6266666666666,106.07024213767717,False,False,False,False,False,False,False
2020-11-01,2020,11,4,2,CUNDINAMARCA,774.0,290.0,60.0,42.0,0.0,0.0,0.0,2655.0,104.0,14.0,22605.0,41495.0,10256.0,3685.6266666666666,106.07024213767717,False,False,False,False,False,False,False
2020-11-01,2020,11,4,2,GUAINIA,0.0,0.0,0.0,0.0,1282.0,3.0,0.0,36.0,2.0,3.0,215.0,294.0,39.0,3685.6266666666666,106.07024213767717,False,False,False,False,False,False,False
2020-11-01,2020,11,4,2,GUAVIARE,3.0,3.0,2.0,3.0,719.0,2.0,0.0,72.0,1.0,8.0,498.0,776.0,230.0,3685.6266666666666,106.07024213767717,False,False,False,False,False,False,False
2020-11-01,2020,11,4,2,HUILA,104.0,39.0,10.0,23.0,2594.0,3.0,0.0,881.0,34.0,12.0,7844.0,12790.0,2341.0,3685.6266666666666,106.07024213767717,False,False,False,False,False,False,False
2020-11-01,2020,11,4,2,LA GUAJIRA,198.0,32.0,7.0,20.0,3115.0,1.0,101.0,534.0,12.0,12.0,5075.0,9119.0,1757.0,3685.6266666666666,106.07024213767717,False,False,False,False,False,False,False
2020-11-01,2020,11,4,2,MAGDALENA,426.0,53.0,9.0,40.0,44721.0,2.0,201.0,3181.0,15.0,12.0,16910.0,35209.0,16721.0,3685.6266666666666,106.07024213767717,False,False,False,False,False,False,False
2020-11-01,2020,11,4,2,META,291.0,52.0,15.0,25.0,1463.0,2.0,0.0,1268.0,29.0,13.0,15179.0,24666.0,4078.0,3685.6266666666666,106.07024213767717,False,False,False,False,False,False,False
2020-11-01,2020,11,4,2,NARINO,81.0,37.0,11.0,21.0,8176.0,4.0,25.0,672.0,23.0,11.0,9418.0,13445.0,3172.0,3685.6266666666666,106.07024213767717,False,False,False,False,False,False,False
2020-11-01,2020,11,4,2,NORTE DE SANTANDER,1281.0,66.0,15.0,32.0,19449.0,2.0,1051.0,716.0,25.0,12.0,8903.0,13312.0,2248.0,3685.6266666666666,106.07024213767717,False,False,False,False,False,False,False
2020-11-01,2020,11,4,2,PUTUMAYO,14.0,11.0,5.0,8.0,2559.0,3.0,0.0,313.0,13.0,8.0,3469.0,4155.0,905.0,3685.6266666666666,106.07024213767717,False,False,False,False,False,False,False
2020-11-01,2020,11,4,2,QUINDIO,445.0,65.0,10.0,32.0,4458.0,1.0,101.0,1942.0,12.0,12.0,12960.0,26268.0,7157.0,3685.6266666666666,106.07024213767717,False,False,False,False,False,False,False
2020-11-01,2020,11,4,2,RISARALDA,945.0,83.0,11.0,42.0,25738.0,1.0,3828.0,1020.0,14.0,13.0,7721.0,14100.0,4001.0,3685.6266666666666,106.07024213767717,False,False,False,False,False,False,False
2020-11-01,2020,11,4,2,"SAN ANDRES, PROVIDENCIA Y SANTA CATALINA",201.0,28.0,2.0,21.0,28204.0,2.0,48.0,1365.0,2.0,11.0,8277.0,17370.0,8829.0,3685.6266666666666,106.07024213767717,False,False,False,False,False,False,False
2020-11-01,2020,11,4,2,SANTANDER,727.0,116.0,23.0,41.0,27458.0,3.0,752.0,2008.0,67.0,14.0,20047.0,31815.0,6862.0,3685.6266666666666,106.07024213767717,False,False,False,False,False,False,False
2020-11-01,2020,11,4,2,SUCRE,48.0,29.0,9.0,18.0,1490.0,2.0,0.0,639.0,14.0,6.0,7204.0,17026.0,1856.0,3685.6266666666666,106.07024213767717,False,False,False,False,False,False,False
2020-11-01,2020,11,4,2,TOLIMA,277.0,53.0,14.0,26.0,429.0,3.0,0.0,1332.0,43.0,13.0,15020.0,27646.0,5560.0,3685.6266666666666,106.07024213767717,False,False,False,False,False,False,False
2020-11-01,2020,11,4,2,VALLE DEL CAUCA,2962.082,274.0,37.0,72.0,94156.0,3.0,15885.0,2194.0,38.0,14.0,21880.0,34292.0,12579.0,3685.6266666666666,106.07024213767717,False,False,False,False,False,False,False
2020-11-01,2020,11,4,2,VAUPES,1.0,1.0,1.0,1.0,835.0,3.0,0.0,14.0,1.0,3.0,164.0,199.0,21.0,3685.6266666666666,106.07024213767717,False,False,False,False,False,False,False
2020-11-01,2020,11,4,2,VICHADA,5.0,5.0,2.0,4.0,872.0,2.0,0.0,69.0,4.0,5.0,577.0,792.0,159.0,3685.6266666666666,106.07024213767717,False,False,False,False,False,False,False
2020-12-01,2020,12,4,2,AMAZONAS,50.0,10.0,4.0,8.0,6302.0,3.0,4.0,241.0,2.0,9.0,1211.0,2718.0,717.0,3466.1270967741934,108.11392726377203,False,False,False,False,False,False,False
2020-12-01,2020,12,4,2,ANTIOQUIA,10037.335,554.0,87.0,94.0,202364.0,4.0,44865.0,5559.0,111.0,16.0,49603.0,80643.0,25819.0,3466.1270967741934,108.11392726377203,False,False,False,False,False,False,False
2020-12-01,2020,12,4,2,ARAUCA,100.0,28.0,5.0,17.0,3562.0,3.0,0.0,68.0,5.0,6.0,952.0,1377.0,255.0,3466.1270967741934,108.11392726377203,False,False,False,False,False,False,False
2020-12-01,2020,12,4,2,ATLANTICO,2115.02,152.0,21.0,69.0,73789.0,1.0,11256.0,692.0,17.0,14.0,10554.0,14710.0,7267.0,3466.1270967741934,108.11392726377203,False,False,False,False,False,False,False
2020-12-01,2020,12,4,2,BOGOTA D.C.,11757.706,125.0,2.0,124.0,416998.0,1.0,121134.0,4508.0,7.0,16.0,29843.0,42412.0,37459.0,3466.1270967741934,108.11392726377203,False,False,False,False,False,False,False
2020-12-01,2020,12,4,2,BOLIVAR,4323.231,146.0,26.0,86.0,104327.0,2.0,15315.0,4716.0,18.0,14.0,24948.0,44411.0,21077.0,3466.1270967741934,108.11392726377203,False,False,False,False,False,False,False
2020-12-01,2020,12,4,2,BOYACA,422.0,147.0,40.0,34.0,0.0,0.0,0.0,1558.0,91.0,15.0,13940.0,24592.0,3287.0,3466.1270967741934,108.11392726377203,False,False,False,False,False,False,False
2020-12-01,2020,12,4,2,CALDAS,734.0,113.0,24.0,36.0,4490.0,2.0,0.0,939.0,27.0,13.0,7547.0,14328.0,4528.0,3466.1270967741934,108.11392726377203,False,False,False,False,False,False,False
2020-12-01,2020,12,4,2,CAQUETA,50.0,20.0,6.0,14.0,2956.0,3.0,0.0,186.0,11.0,11.0,2048.0,2643.0,634.0,3466.1270967741934,108.11392726377203,False,False,False,False,False,False,False
2020-12-01,2020,12,4,2,CASANARE,56.0,26.0,8.0,16.0,4027.0,5.0,0.0,503.0,14.0,11.0,7081.0,9754.0,1519.0,3466.1270967741934,108.11392726377203,False,False,False,False,False,False,False
2020-12-01,2020,12,4,2,CAUCA,239.0,76.0,23.0,30.0,2812.0,2.0,0.0,357.0,24.0,13.0,3701.0,5609.0,1787.0,3466.1270967741934,108.11392726377203,False,False,False,False,False,False,False
2020-12-01,2020,12,4,2,CESAR,276.0,69.0,17.0,31.0,8822.0,4.0,66.0,367.0,21.0,11.0,6104.0,9402.0,1597.0,3466.1270967741934,108.11392726377203,False,False,False,False,False,False,False
2020-12-01,2020,12,4,2,CHOCO,30.0,17.0,7.0,13.0,12584.0,3.0,0.0,311.0,15.0,7.0,3007.0,5280.0,790.0,3466.1270967741934,108.11392726377203,False,False,False,False,False,False,False
2020-12-01,2020,12,4,2,CORDOBA,224.0,66.0,22.0,27.0,32324.0,1.0,272.0,378.0,21.0,11.0,5512.0,8575.0,1384.0,3466.1270967741934,108.11392726377203,False,False,False,False,False,False,False
2020-12-01,2020,12,4,2,CUNDINAMARCA,1674.0,426.0,76.0,52.0,0.0,0.0,0.0,2655.0,104.0,14.0,22605.0,41495.0,10256.0,3466.1270967741934,108.11392726377203,False,False,False,False,False,False,False
2020-12-01,2020,12,4,2,GUAINIA,1.0,1.0,1.0,1.0,1761.0,3.0,0.0,36.0,2.0,3.0,215.0,294.0,39.0,3466.1270967741934,108.11392726377203,False,False,False,False,False,False,False
2020-12-01,2020,12,4,2,GUAVIARE,6.0,5.0,1.0,5.0,810.0,2.0,0.0,72.0,1.0,8.0,498.0,776.0,230.0,3466.1270967741934,108.11392726377203,False,False,False,False,False,False,False
2020-12-01,2020,12,4,2,HUILA,345.0,81.0,22.0,32.0,3726.0,3.0,0.0,881.0,34.0,12.0,7844.0,12790.0,2341.0,3466.1270967741934,108.11392726377203,False,False,False,False,False,False,False
2020-12-01,2020,12,4,2,LA GUAJIRA,475.0,76.0,13.0,33.0,6615.0,1.0,184.0,534.0,12.0,12.0,5075.0,9119.0,1757.0,3466.1270967741934,108.11392726377203,False,False,False,False,False,False,False
2020-12-01,2020,12,4,2,MAGDALENA,956.0,76.0,12.0,54.0,70545.0,2.0,452.0,3181.0,15.0,12.0,16910.0,35209.0,16721.0,3466.1270967741934,108.11392726377203,False,False,False,False,False,False,False
2020-12-01,2020,12,4,2,META,480.0,81.0,18.0,34.0,2141.0,3.0,0.0,1268.0,29.0,13.0,15179.0,24666.0,4078.0,3466.1270967741934,108.11392726377203,False,False,False,False,False,False,False
2020-12-01,2020,12,4,2,NARINO,179.0,55.0,14.0,32.0,11582.0,4.0,58.0,672.0,23.0,11.0,9418.0,13445.0,3172.0,3466.1270967741934,108.11392726377203,False,False,False,False,False,False,False
2020-12-01,2020,12,4,2,NORTE DE SANTANDER,1276.624,106.0,19.0,45.0,24991.0,1.0,2153.0,716.0,25.0,12.0,8903.0,13312.0,2248.0,3466.1270967741934,108.11392726377203,False,False,False,False,False,False,False
2020-12-01,2020,12,4,2,PUTUMAYO,42.0,19.0,8.0,12.0,3020.0,3.0,0.0,313.0,13.0,8.0,3469.0,4155.0,905.0,3466.1270967741934,108.11392726377203,False,False,False,False,False,False,False
2020-12-01,2020,12,4,2,QUINDIO,883.0,91.0,11.0,36.0,6994.0,1.0,2544.0,1942.0,12.0,12.0,12960.0,26268.0,7157.0,3466.1270967741934,108.11392726377203,False,False,False,False,False,False,False
2020-12-01,2020,12,4,2,RISARALDA,1946.0,116.0,12.0,51.0,40986.0,1.0,7265.0,1020.0,14.0,13.0,7721.0,14100.0,4001.0,3466.1270967741934,108.11392726377203,False,False,False,False,False,False,False
2020-12-01,2020,12,4,2,"SAN ANDRES, PROVIDENCIA Y SANTA CATALINA",624.0,44.0,2.0,30.0,43713.0,2.0,100.0,1365.0,2.0,11.0,8277.0,17370.0,8829.0,3466.1270967741934,108.11392726377203,False,False,False,False,False,False,False
2020-12-01,2020,12,4,2,SANTANDER,1565.0,191.0,36.0,51.0,36171.0,3.0,3068.0,2008.0,67.0,14.0,20047.0,31815.0,6862.0,3466.1270967741934,108.11392726377203,False,False,False,False,False,False,False
2020-12-01,2020,12,4,2,SUCRE,104.0,44.0,13.0,22.0,2571.0,2.0,0.0,639.0,14.0,6.0,7204.0,17026.0,1856.0,3466.1270967741934,108.11392726377203,False,False,False,False,False,False,False
2020-12-01,2020,12,4,2,TOLIMA,547.0,101.0,22.0,40.0,937.0,3.0,0.0,1332.0,43.0,13.0,15020.0,27646.0,5560.0,3466.1270967741934,108.11392726377203,False,False,False,False,False,False,False
2020-12-01,2020,12,4,2,VALLE DEL CAUCA,5332.235,441.0,41.0,85.0,139369.0,4.0,31091.0,2194.0,38.0,14.0,21880.0,34292.0,12579.0,3466.1270967741934,108.11392726377203,False,False,False,False,False,False,False
2020-12-01,2020,12,4,2,VAUPES,2.0,2.0,1.0,2.0,1128.0,4.0,0.0,14.0,1.0,3.0,164.0,199.0,21.0,3466.1270967741934,108.11392726377203,False,False,False,False,False,False,False
2020-12-01,2020,12,4,2,VICHADA,0.0,0.0,0.0,0.0,989.0,3.0,0.0,69.0,4.0,5.0,577.0,792.0,159.0,3466.1270967741934,108.11392726377203,False,False,False,False,False,False,False
2021-01-01,2021,1,1,1,AMAZONAS,51.0,13.0,3.0,12.0,4822.0,3.0,2.0,265.0,3.0,8.0,1317.0,2871.0,599.0,3491.3216129032257,107.65069822543798,False,False,False,False,False,False,False
2021-01-01,2021,1,1,1,ANTIOQUIA,7426.777,492.0,76.0,99.0,204708.0,4.0,34558.0,8372.0,115.0,18.0,59610.0,92860.0,28217.0,3491.3216129032257,107.65069822543798,False,False,False,False,False,False,False
2021-01-01,2021,1,1,1,ARAUCA,71.0,18.0,4.0,13.0,3519.0,3.0,0.0,104.0,7.0,8.0,1052.0,1531.0,268.0,3491.3216129032257,107.65069822543798,False,False,False,False,False,False,False
2021-01-01,2021,1,1,1,ATLANTICO,2378.0,121.0,19.0,60.0,62338.0,1.0,8052.0,1156.0,19.0,17.0,12017.0,17015.0,7350.0,3491.3216129032257,107.65069822543798,False,False,False,False,False,False,False
2021-01-01,2021,1,1,1,BOGOTA D.C.,7867.868,126.0,1.0,126.0,469807.0,1.0,101322.0,5988.0,7.0,18.0,32317.0,45379.0,26437.0,3491.3216129032257,107.65069822543798,False,False,False,False,False,False,False
2021-01-01,2021,1,1,1,BOLIVAR,4378.247,118.0,17.0,86.0,114101.0,1.0,10190.0,5978.0,22.0,17.0,27218.0,47730.0,17210.0,3491.3216129032257,107.65069822543798,False,False,False,False,False,False,False
2021-01-01,2021,1,1,1,BOYACA,169.0,96.0,29.0,31.0,0.0,0.0,0.0,2115.0,98.0,16.0,15660.0,26801.0,3824.0,3491.3216129032257,107.65069822543798,False,False,False,False,False,False,False
2021-01-01,2021,1,1,1,CALDAS,351.0,77.0,21.0,29.0,3301.0,2.0,0.0,1268.0,27.0,13.0,8718.0,15970.0,3793.0,3491.3216129032257,107.65069822543798,False,False,False,False,False,False,False
2021-01-01,2021,1,1,1,CAQUETA,27.0,14.0,3.0,13.0,2511.0,3.0,0.0,245.0,11.0,11.0,2201.0,2832.0,628.0,3491.3216129032257,107.65069822543798,False,False,False,False,False,False,False
2021-01-01,2021,1,1,1,CASANARE,26.0,14.0,6.0,11.0,2948.0,5.0,0.0,548.0,16.0,12.0,7497.0,10043.0,1439.0,3491.3216129032257,107.65069822543798,False,False,False,False,False,False,False
2021-01-01,2021,1,1,1,CAUCA,146.0,68.0,22.0,30.0,2331.0,2.0,0.0,425.0,28.0,13.0,3770.0,5634.0,2471.0,3491.3216129032257,107.65069822543798,False,False,False,False,False,False,False
2021-01-01,2021,1,1,1,CESAR,179.0,47.0,10.0,22.0,7882.0,4.0,92.0,405.0,22.0,13.0,6392.0,9717.0,1422.0,3491.3216129032257,107.65069822543798,False,False,False,False,False,False,False
2021-01-01,2021,1,1,1,CHOCO,53.0,26.0,7.0,17.0,9039.0,3.0,0.0,348.0,15.0,7.0,3239.0,5606.0,851.0,3491.3216129032257,107.65069822543798,False,False,False,False,False,False,False
2021-01-01,2021,1,1,1,CORDOBA,109.0,39.0,13.0,18.0,32596.0,2.0,181.0,501.0,21.0,13.0,6177.0,9586.0,1635.0,3491.3216129032257,107.65069822543798,False,False,False,False,False,False,False
2021-01-01,2021,1,1,1,CUNDINAMARCA,933.0,319.0,62.0,44.0,0.0,0.0,0.0,3815.0,108.0,15.0,26230.0,48014.0,9414.0,3491.3216129032257,107.65069822543798,False,False,False,False,False,False,False
2021-01-01,2021,1,1,1,GUAINIA,4.0,2.0,1.0,2.0,1790.0,3.0,0.0,49.0,1.0,7.0,220.0,308.0,59.0,3491.3216129032257,107.65069822543798,False,False,False,False,False,False,False
2021-01-01,2021,1,1,1,GUAVIARE,7.0,6.0,1.0,6.0,659.0,2.0,0.0,112.0,2.0,9.0,716.0,1120.0,273.0,3491.3216129032257,107.65069822543798,False,False,False,False,False,False,False
2021-01-01,2021,1,1,1,HUILA,152.0,51.0,13.0,25.0,2746.0,4.0,0.0,1092.0,36.0,13.0,8444.0,13420.0,5030.0,3491.3216129032257,107.65069822543798,False,False,False,False,False,False,False
2021-01-01,2021,1,1,1,LA GUAJIRA,350.0,57.0,14.0,24.0,6759.0,1.0,131.0,633.0,11.0,12.0,5666.0,10158.0,1797.0,3491.3216129032257,107.65069822543798,False,False,False,False,False,False,False
2021-01-01,2021,1,1,1,MAGDALENA,871.0,66.0,12.0,47.0,79250.0,2.0,274.0,4083.0,15.0,13.0,19251.0,38342.0,10423.0,3491.3216129032257,107.65069822543798,False,False,False,False,False,False,False
2021-01-01,2021,1,1,1,META,348.0,60.0,15.0,33.0,1932.0,3.0,0.0,1567.0,29.0,15.0,16080.0,26033.0,5090.0,3491.3216129032257,107.65069822543798,False,False,False,False,False,False,False
2021-01-01,2021,1,1,1,NARINO,124.0,44.0,14.0,26.0,9785.0,3.0,74.0,850.0,31.0,15.0,10495.0,14991.0,3854.0,3491.3216129032257,107.65069822543798,False,False,False,False,False,False,False
2021-01-01,2021,1,1,1,NORTE DE SANTANDER,906.01,89.0,17.0,41.0,23069.0,1.0,1405.0,886.0,25.0,14.0,10164.0,14861.0,2842.0,3491.3216129032257,107.65069822543798,False,False,False,False,False,False,False
2021-01-01,2021,1,1,1,PUTUMAYO,42.0,22.0,6.0,17.0,2991.0,3.0,0.0,368.0,12.0,8.0,3788.0,4550.0,996.0,3491.3216129032257,107.65069822543798,False,False,False,False,False,False,False
2021-01-01,2021,1,1,1,QUINDIO,476.0,72.0,11.0,31.0,6141.0,1.0,1972.0,2209.0,12.0,13.0,13644.0,26848.0,7292.0,3491.3216129032257,107.65069822543798,False,False,False,False,False,False,False
2021-01-01,2021,1,1,1,RISARALDA,983.0,96.0,12.0,44.0,33900.0,2.0,4312.0,1279.0,14.0,15.0,8237.0,14562.0,3693.0,3491.3216129032257,107.65069822543798,False,False,False,False,False,False,False
2021-01-01,2021,1,1,1,"SAN ANDRES, PROVIDENCIA Y SANTA CATALINA",1209.0,43.0,2.0,30.0,66258.0,2.0,126.0,1636.0,2.0,13.0,8913.0,17675.0,7460.0,3491.3216129032257,107.65069822543798,False,False,False,False,False,False,False
2021-01-01,2021,1,1,1,SANTANDER,875.0,161.0,27.0,48.0,26520.0,2.0,2289.0,2505.0,73.0,15.0,21754.0,34707.0,8185.0,3491.3216129032257,107.65069822543798,False,False,False,False,False,False,False
2021-01-01,2021,1,1,1,SUCRE,84.0,45.0,14.0,17.0,2045.0,2.0,0.0,743.0,17.0,7.0,7547.0,17802.0,1911.0,3491.3216129032257,107.65069822543798,False,False,False,False,False,False,False
2021-01-01,2021,1,1,1,TOLIMA,272.0,78.0,19.0,35.0,967.0,3.0,0.0,1764.0,43.0,13.0,16256.0,30087.0,5407.0,3491.3216129032257,107.65069822543798,False,False,False,False,False,False,False
2021-01-01,2021,1,1,1,VALLE DEL CAUCA,3181.759,334.0,38.0,76.0,126234.0,4.0,20011.0,2877.0,39.0,16.0,23515.0,37346.0,11671.0,3491.3216129032257,107.65069822543798,False,False,False,False,False,False,False
2021-01-01,2021,1,1,1,VAUPES,2.0,2.0,1.0,2.0,1033.0,4.0,0.0,20.0,2.0,4.0,179.0,234.0,56.0,3491.3216129032257,107.65069822543798,False,False,False,False,False,False,False
2021-01-01,2021,1,1,1,VICHADA,19.0,9.0,2.0,8.0,1259.0,3.0,0.0,73.0,4.0,6.0,601.0,829.0,147.0,3491.3216129032257,107.65069822543798,False,False,False,False,False,False,False
2021-02-01,2021,2,1,1,AMAZONAS,42.0,7.0,3.0,7.0,85.0,3.0,0.0,265.0,3.0,8.0,1317.0,2871.0,599.0,3554.5042857142857,109.88907136238757,False,False,False,False,False,False,False
2021-02-01,2021,2,1,1,ANTIOQUIA,6461.625,399.0,70.0,88.0,197960.0,4.0,24637.0,8372.0,115.0,18.0,59610.0,92860.0,28217.0,3554.5042857142857,109.88907136238757,False,False,False,False,False,False,False
2021-02-01,2021,2,1,1,ARAUCA,47.0,11.0,3.0,8.0,4194.0,3.0,0.0,104.0,7.0,8.0,1052.0,1531.0,268.0,3554.5042857142857,109.88907136238757,False,False,False,False,False,False,False
2021-02-01,2021,2,1,1,ATLANTICO,2158.0,109.0,15.0,60.0,51410.0,1.0,5583.0,1156.0,19.0,17.0,12017.0,17015.0,7350.0,3554.5042857142857,109.88907136238757,False,False,False,False,False,False,False
2021-02-01,2021,2,1,1,BOGOTA D.C.,7797.95,117.0,1.0,117.0,413129.0,1.0,66171.0,5988.0,7.0,18.0,32317.0,45379.0,26437.0,3554.5042857142857,109.88907136238757,False,False,False,False,False,False,False
2021-02-01,2021,2,1,1,BOLIVAR,3980.502,102.0,16.0,78.0,106745.0,2.0,8484.0,5978.0,22.0,17.0,27218.0,47730.0,17210.0,3554.5042857142857,109.88907136238757,False,False,False,False,False,False,False
2021-02-01,2021,2,1,1,BOYACA,133.0,62.0,25.0,24.0,0.0,0.0,0.0,2115.0,98.0,16.0,15660.0,26801.0,3824.0,3554.5042857142857,109.88907136238757,False,False,False,False,False,False,False
2021-02-01,2021,2,1,1,CALDAS,201.0,59.0,18.0,30.0,2855.0,2.0,0.0,1268.0,27.0,13.0,8718.0,15970.0,3793.0,3554.5042857142857,109.88907136238757,False,False,False,False,False,False,False
2021-02-01,2021,2,1,1,CAQUETA,26.0,15.0,2.0,13.0,2517.0,3.0,0.0,245.0,11.0,11.0,2201.0,2832.0,628.0,3554.5042857142857,109.88907136238757,False,False,False,False,False,False,False
2021-02-01,2021,2,1,1,CASANARE,29.0,18.0,4.0,16.0,4126.0,5.0,0.0,548.0,16.0,12.0,7497.0,10043.0,1439.0,3554.5042857142857,109.88907136238757,False,False,False,False,False,False,False
2021-02-01,2021,2,1,1,CAUCA,95.0,47.0,19.0,21.0,2678.0,2.0,0.0,425.0,28.0,13.0,3770.0,5634.0,2471.0,3554.5042857142857,109.88907136238757,False,False,False,False,False,False,False
2021-02-01,2021,2,1,1,CESAR,109.0,32.0,11.0,17.0,7699.0,4.0,40.0,405.0,22.0,13.0,6392.0,9717.0,1422.0,3554.5042857142857,109.88907136238757,False,False,False,False,False,False,False
2021-02-01,2021,2,1,1,CHOCO,10.0,7.0,5.0,7.0,8669.0,3.0,0.0,348.0,15.0,7.0,3239.0,5606.0,851.0,3554.5042857142857,109.88907136238757,False,False,False,False,False,False,False
2021-02-01,2021,2,1,1,CORDOBA,77.0,32.0,14.0,19.0,29856.0,1.0,84.0,501.0,21.0,13.0,6177.0,9586.0,1635.0,3554.5042857142857,109.88907136238757,False,False,False,False,False,False,False
2021-02-01,2021,2,1,1,CUNDINAMARCA,621.0,251.0,61.0,44.0,0.0,0.0,0.0,3815.0,108.0,15.0,26230.0,48014.0,9414.0,3554.5042857142857,109.88907136238757,False,False,False,False,False,False,False
2021-02-01,2021,2,1,1,GUAINIA,5.0,3.0,1.0,3.0,1668.0,3.0,0.0,49.0,1.0,7.0,220.0,308.0,59.0,3554.5042857142857,109.88907136238757,False,False,False,False,False,False,False
2021-02-01,2021,2,1,1,GUAVIARE,5.0,3.0,1.0,3.0,665.0,2.0,0.0,112.0,2.0,9.0,716.0,1120.0,273.0,3554.5042857142857,109.88907136238757,False,False,False,False,False,False,False
2021-02-01,2021,2,1,1,HUILA,122.0,53.0,14.0,29.0,3290.0,4.0,0.0,1092.0,36.0,13.0,8444.0,13420.0,5030.0,3554.5042857142857,109.88907136238757,False,False,False,False,False,False,False
2021-02-01,2021,2,1,1,LA GUAJIRA,190.0,40.0,9.0,21.0,6297.0,1.0,116.0,633.0,11.0,12.0,5666.0,10158.0,1797.0,3554.5042857142857,109.88907136238757,False,False,False,False,False,False,False
2021-02-01,2021,2,1,1,MAGDALENA,675.0,68.0,10.0,51.0,73378.0,3.0,153.0,4083.0,15.0,13.0,19251.0,38342.0,10423.0,3554.5042857142857,109.88907136238757,False,False,False,False,False,False,False
2021-02-01,2021,2,1,1,META,203.0,51.0,10.0,27.0,1685.0,2.0,0.0,1567.0,29.0,15.0,16080.0,26033.0,5090.0,3554.5042857142857,109.88907136238757,False,False,False,False,False,False,False
2021-02-01,2021,2,1,1,NARINO,98.0,38.0,9.0,22.0,11380.0,4.0,27.0,850.0,31.0,15.0,10495.0,14991.0,3854.0,3554.5042857142857,109.88907136238757,False,False,False,False,False,False,False
2021-02-01,2021,2,1,1,NORTE DE SANTANDER,1354.0,77.0,17.0,38.0,21601.0,1.0,997.0,886.0,25.0,14.0,10164.0,14861.0,2842.0,3554.5042857142857,109.88907136238757,False,False,False,False,False,False,False
2021-02-01,2021,2,1,1,PUTUMAYO,20.0,10.0,2.0,9.0,3326.0,3.0,0.0,368.0,12.0,8.0,3788.0,4550.0,996.0,3554.5042857142857,109.88907136238757,False,False,False,False,False,False,False
2021-02-01,2021,2,1,1,QUINDIO,436.0,73.0,10.0,32.0,4900.0,1.0,1306.0,2209.0,12.0,13.0,13644.0,26848.0,7292.0,3554.5042857142857,109.88907136238757,False,False,False,False,False,False,False
2021-02-01,2021,2,1,1,RISARALDA,882.0,80.0,10.0,40.0,36081.0,1.0,3438.0,1279.0,14.0,15.0,8237.0,14562.0,3693.0,3554.5042857142857,109.88907136238757,False,False,False,False,False,False,False
2021-02-01,2021,2,1,1,"SAN ANDRES, PROVIDENCIA Y SANTA CATALINA",1693.0,43.0,2.0,33.0,61738.0,2.0,188.0,1636.0,2.0,13.0,8913.0,17675.0,7460.0,3554.5042857142857,109.88907136238757,False,False,False,False,False,False,False
2021-02-01,2021,2,1,1,SANTANDER,569.0,112.0,23.0,42.0,29840.0,3.0,1281.0,2505.0,73.0,15.0,21754.0,34707.0,8185.0,3554.5042857142857,109.88907136238757,False,False,False,False,False,False,False
2021-02-01,2021,2,1,1,SUCRE,46.0,27.0,11.0,16.0,1800.0,2.0,0.0,743.0,17.0,7.0,7547.0,17802.0,1911.0,3554.5042857142857,109.88907136238757,False,False,False,False,False,False,False
2021-02-01,2021,2,1,1,TOLIMA,374.0,54.0,13.0,31.0,947.0,3.0,0.0,1764.0,43.0,13.0,16256.0,30087.0,5407.0,3554.5042857142857,109.88907136238757,False,False,False,False,False,False,False
2021-02-01,2021,2,1,1,VALLE DEL CAUCA,2434.936,275.0,38.0,72.0,116224.0,3.0,14082.0,2877.0,39.0,16.0,23515.0,37346.0,11671.0,3554.5042857142857,109.88907136238757,False,False,False,False,False,False,False
2021-02-01,2021,2,1,1,VAUPES,0.0,0.0,0.0,0.0,1041.0,3.0,0.0,20.0,2.0,4.0,179.0,234.0,56.0,3554.5042857142857,109.88907136238757,False,False,False,False,False,False,False
2021-02-01,2021,2,1,1,VICHADA,9.0,3.0,1.0,3.0,1317.0,3.0,0.0,73.0,4.0,6.0,601.0,829.0,147.0,3554.5042857142857,109.88907136238757,False,False,False,False,False,False,False
2021-03-01,2021,3,1,1,AMAZONAS,33.0,9.0,3.0,6.0,48.0,3.0,0.0,265.0,3.0,8.0,1317.0,2871.0,599.0,3612.7683870967744,111.86626676044791,False,False,False,False,False,False,False
2021-03-01,2021,3,1,1,ANTIOQUIA,7551.9400000000005,437.0,77.0,95.0,248406.0,4.0,35882.0,8372.0,115.0,18.0,59610.0,92860.0,28217.0,3612.7683870967744,111.86626676044791,False,False,False,False,False,False,False
2021-03-01,2021,3,1,1,ARAUCA,43.0,15.0,5.0,10.0,5678.0,3.0,0.0,104.0,7.0,8.0,1052.0,1531.0,268.0,3612.7683870967744,111.86626676044791,False,False,False,False,False,False,False
2021-03-01,2021,3,1,1,ATLANTICO,1315.404,133.0,22.0,67.0,69372.0,1.0,7165.0,1156.0,19.0,17.0,12017.0,17015.0,7350.0,3612.7683870967744,111.86626676044791,False,False,False,False,False,False,False
2021-03-01,2021,3,1,1,BOGOTA D.C.,7694.759,120.0,1.0,120.0,512673.0,1.0,83616.0,5988.0,7.0,18.0,32317.0,45379.0,26437.0,3612.7683870967744,111.86626676044791,False,False,False,False,False,False,False
2021-03-01,2021,3,1,1,BOLIVAR,4634.215,123.0,17.0,87.0,142751.0,2.0,13729.0,5978.0,22.0,17.0,27218.0,47730.0,17210.0,3612.7683870967744,111.86626676044791,False,False,False,False,False,False,False
2021-03-01,2021,3,1,1,BOYACA,191.0,85.0,27.0,28.0,0.0,0.0,0.0,2115.0,98.0,16.0,15660.0,26801.0,3824.0,3612.7683870967744,111.86626676044791,False,False,False,False,False,False,False
2021-03-01,2021,3,1,1,CALDAS,349.0,68.0,18.0,30.0,3734.0,2.0,0.0,1268.0,27.0,13.0,8718.0,15970.0,3793.0,3612.7683870967744,111.86626676044791,False,False,False,False,False,False,False
2021-03-01,2021,3,1,1,CAQUETA,27.0,17.0,6.0,13.0,3263.0,3.0,0.0,245.0,11.0,11.0,2201.0,2832.0,628.0,3612.7683870967744,111.86626676044791,False,False,False,False,False,False,False
2021-03-01,2021,3,1,1,CASANARE,33.0,18.0,5.0,12.0,5318.0,5.0,0.0,548.0,16.0,12.0,7497.0,10043.0,1439.0,3612.7683870967744,111.86626676044791,False,False,False,False,False,False,False
2021-03-01,2021,3,1,1,CAUCA,124.0,54.0,17.0,22.0,3729.0,2.0,0.0,425.0,28.0,13.0,3770.0,5634.0,2471.0,3612.7683870967744,111.86626676044791,False,False,False,False,False,False,False
2021-03-01,2021,3,1,1,CESAR,184.0,43.0,11.0,25.0,10849.0,4.0,87.0,405.0,22.0,13.0,6392.0,9717.0,1422.0,3612.7683870967744,111.86626676044791,False,False,False,False,False,False,False
2021-03-01,2021,3,1,1,CHOCO,38.0,20.0,14.0,9.0,11604.0,3.0,0.0,348.0,15.0,7.0,3239.0,5606.0,851.0,3612.7683870967744,111.86626676044791,False,False,False,False,False,False,False
2021-03-01,2021,3,1,1,CORDOBA,107.0,48.0,14.0,20.0,40921.0,1.0,121.0,501.0,21.0,13.0,6177.0,9586.0,1635.0,3612.7683870967744,111.86626676044791,False,False,False,False,False,False,False
2021-03-01,2021,3,1,1,CUNDINAMARCA,854.0,293.0,72.0,49.0,0.0,0.0,0.0,3815.0,108.0,15.0,26230.0,48014.0,9414.0,3612.7683870967744,111.86626676044791,False,False,False,False,False,False,False
2021-03-01,2021,3,1,1,GUAINIA,3.0,2.0,1.0,2.0,1789.0,3.0,0.0,49.0,1.0,7.0,220.0,308.0,59.0,3612.7683870967744,111.86626676044791,False,False,False,False,False,False,False
2021-03-01,2021,3,1,1,GUAVIARE,5.0,4.0,1.0,4.0,573.0,2.0,0.0,112.0,2.0,9.0,716.0,1120.0,273.0,3612.7683870967744,111.86626676044791,False,False,False,False,False,False,False
2021-03-01,2021,3,1,1,HUILA,158.0,51.0,14.0,25.0,4775.0,4.0,0.0,1092.0,36.0,13.0,8444.0,13420.0,5030.0,3612.7683870967744,111.86626676044791,False,False,False,False,False,False,False
2021-03-01,2021,3,1,1,LA GUAJIRA,164.0,38.0,11.0,21.0,7444.0,1.0,95.0,633.0,11.0,12.0,5666.0,10158.0,1797.0,3612.7683870967744,111.86626676044791,False,False,False,False,False,False,False
2021-03-01,2021,3,1,1,MAGDALENA,715.0,58.0,10.0,44.0,88724.0,2.0,176.0,4083.0,15.0,13.0,19251.0,38342.0,10423.0,3612.7683870967744,111.86626676044791,False,False,False,False,False,False,False
2021-03-01,2021,3,1,1,META,291.0,49.0,13.0,26.0,1807.0,3.0,0.0,1567.0,29.0,15.0,16080.0,26033.0,5090.0,3612.7683870967744,111.86626676044791,False,False,False,False,False,False,False
2021-03-01,2021,3,1,1,NARINO,115.0,44.0,12.0,19.0,15116.0,4.0,23.0,850.0,31.0,15.0,10495.0,14991.0,3854.0,3612.7683870967744,111.86626676044791,False,False,False,False,False,False,False
2021-03-01,2021,3,1,1,NORTE DE SANTANDER,1617.0,82.0,15.0,37.0,27235.0,2.0,1360.0,886.0,25.0,14.0,10164.0,14861.0,2842.0,3612.7683870967744,111.86626676044791,False,False,False,False,False,False,False
2021-03-01,2021,3,1,1,PUTUMAYO,53.0,22.0,4.0,17.0,4721.0,3.0,0.0,368.0,12.0,8.0,3788.0,4550.0,996.0,3612.7683870967744,111.86626676044791,False,False,False,False,False,False,False
2021-03-01,2021,3,1,1,QUINDIO,682.0,94.0,10.0,38.0,6803.0,1.0,1379.0,2209.0,12.0,13.0,13644.0,26848.0,7292.0,3612.7683870967744,111.86626676044791,False,False,False,False,False,False,False
2021-03-01,2021,3,1,1,RISARALDA,1226.0,83.0,8.0,47.0,47882.0,1.0,4513.0,1279.0,14.0,15.0,8237.0,14562.0,3693.0,3612.7683870967744,111.86626676044791,False,False,False,False,False,False,False
2021-03-01,2021,3,1,1,"SAN ANDRES, PROVIDENCIA Y SANTA CATALINA",1275.0,39.0,2.0,32.0,78729.0,2.0,140.0,1636.0,2.0,13.0,8913.0,17675.0,7460.0,3612.7683870967744,111.86626676044791,False,False,False,False,False,False,False
2021-03-01,2021,3,1,1,SANTANDER,804.0,122.0,26.0,40.0,40826.0,3.0,1912.0,2505.0,73.0,15.0,21754.0,34707.0,8185.0,3612.7683870967744,111.86626676044791,False,False,False,False,False,False,False
2021-03-01,2021,3,1,1,SUCRE,62.0,24.0,8.0,14.0,2400.0,2.0,0.0,743.0,17.0,7.0,7547.0,17802.0,1911.0,3612.7683870967744,111.86626676044791,False,False,False,False,False,False,False
2021-03-01,2021,3,1,1,TOLIMA,217.0,65.0,19.0,32.0,1161.0,3.0,0.0,1764.0,43.0,13.0,16256.0,30087.0,5407.0,3612.7683870967744,111.86626676044791,False,False,False,False,False,False,False
2021-03-01,2021,3,1,1,VALLE DEL CAUCA,3211.68,306.0,39.0,80.0,156522.0,4.0,20068.0,2877.0,39.0,16.0,23515.0,37346.0,11671.0,3612.7683870967744,111.86626676044791,False,False,False,False,False,False,False
2021-03-01,2021,3,1,1,VAUPES,0.0,0.0,0.0,0.0,963.0,3.0,0.0,20.0,2.0,4.0,179.0,234.0,56.0,3612.7683870967744,111.86626676044791,False,False,False,False,False,False,False
2021-03-01,2021,3,1,1,VICHADA,14.0,9.0,3.0,8.0,1524.0,3.0,0.0,73.0,4.0,6.0,601.0,829.0,147.0,3612.7683870967744,111.86626676044791,False,False,False,False,False,False,False
2021-04-01,2021,4,2,1,AMAZONAS,15.0,7.0,4.0,6.0,29.0,3.0,0.0,265.0,3.0,8.0,1317.0,2871.0,599.0,3650.776,108.69857011543071,False,False,False,False,False,False,False
2021-04-01,2021,4,2,1,ANTIOQUIA,6178.277,417.0,76.0,93.0,180144.0,4.0,36086.0,8372.0,115.0,18.0,59610.0,92860.0,28217.0,3650.776,108.69857011543071,False,False,False,False,False,False,False
2021-04-01,2021,4,2,1,ARAUCA,31.0,13.0,5.0,10.0,5700.0,3.0,0.0,104.0,7.0,8.0,1052.0,1531.0,268.0,3650.776,108.69857011543071,False,False,False,False,False,False,False
2021-04-01,2021,4,2,1,ATLANTICO,1735.0,98.0,15.0,59.0,43201.0,1.0,7329.0,1156.0,19.0,17.0,12017.0,17015.0,7350.0,3650.776,108.69857011543071,False,False,False,False,False,False,False
2021-04-01,2021,4,2,1,BOGOTA D.C.,8315.965,114.0,1.0,114.0,427820.0,1.0,93344.0,5988.0,7.0,18.0,32317.0,45379.0,26437.0,3650.776,108.69857011543071,False,False,False,False,False,False,False
2021-04-01,2021,4,2,1,BOLIVAR,3515.572,118.0,15.0,92.0,111817.0,2.0,15779.0,5978.0,22.0,17.0,27218.0,47730.0,17210.0,3650.776,108.69857011543071,False,False,False,False,False,False,False
2021-04-01,2021,4,2,1,BOYACA,126.0,67.0,23.0,24.0,0.0,0.0,0.0,2115.0,98.0,16.0,15660.0,26801.0,3824.0,3650.776,108.69857011543071,False,False,False,False,False,False,False
2021-04-01,2021,4,2,1,CALDAS,302.0,67.0,18.0,30.0,3001.0,2.0,0.0,1268.0,27.0,13.0,8718.0,15970.0,3793.0,3650.776,108.69857011543071,False,False,False,False,False,False,False
2021-04-01,2021,4,2,1,CAQUETA,23.0,12.0,4.0,11.0,2874.0,3.0,0.0,245.0,11.0,11.0,2201.0,2832.0,628.0,3650.776,108.69857011543071,False,False,False,False,False,False,False
2021-04-01,2021,4,2,1,CASANARE,44.0,18.0,6.0,12.0,4388.0,5.0,0.0,548.0,16.0,12.0,7497.0,10043.0,1439.0,3650.776,108.69857011543071,False,False,False,False,False,False,False
2021-04-01,2021,4,2,1,CAUCA,124.0,60.0,23.0,25.0,3230.0,2.0,0.0,425.0,28.0,13.0,3770.0,5634.0,2471.0,3650.776,108.69857011543071,False,False,False,False,False,False,False
2021-04-01,2021,4,2,1,CESAR,130.0,38.0,9.0,24.0,8254.0,4.0,17.0,405.0,22.0,13.0,6392.0,9717.0,1422.0,3650.776,108.69857011543071,False,False,False,False,False,False,False
2021-04-01,2021,4,2,1,CHOCO,35.0,13.0,6.0,8.0,9456.0,3.0,0.0,348.0,15.0,7.0,3239.0,5606.0,851.0,3650.776,108.69857011543071,False,False,False,False,False,False,False
2021-04-01,2021,4,2,1,CORDOBA,89.0,36.0,15.0,19.0,30154.0,2.0,114.0,501.0,21.0,13.0,6177.0,9586.0,1635.0,3650.776,108.69857011543071,False,False,False,False,False,False,False
2021-04-01,2021,4,2,1,CUNDINAMARCA,732.0,259.0,59.0,45.0,0.0,0.0,0.0,3815.0,108.0,15.0,26230.0,48014.0,9414.0,3650.776,108.69857011543071,False,False,False,False,False,False,False
2021-04-01,2021,4,2,1,GUAINIA,0.0,0.0,0.0,0.0,1729.0,3.0,0.0,49.0,1.0,7.0,220.0,308.0,59.0,3650.776,108.69857011543071,False,False,False,False,False,False,False
2021-04-01,2021,4,2,1,GUAVIARE,6.0,4.0,1.0,4.0,554.0,2.0,0.0,112.0,2.0,9.0,716.0,1120.0,273.0,3650.776,108.69857011543071,False,False,False,False,False,False,False
2021-04-01,2021,4,2,1,HUILA,141.0,43.0,12.0,20.0,4253.0,4.0,0.0,1092.0,36.0,13.0,8444.0,13420.0,5030.0,3650.776,108.69857011543071,False,False,False,False,False,False,False
2021-04-01,2021,4,2,1,LA GUAJIRA,145.0,44.0,10.0,23.0,5030.0,1.0,56.0,633.0,11.0,12.0,5666.0,10158.0,1797.0,3650.776,108.69857011543071,False,False,False,False,False,False,False
2021-04-01,2021,4,2,1,MAGDALENA,526.0,58.0,8.0,46.0,52334.0,2.0,216.0,4083.0,15.0,13.0,19251.0,38342.0,10423.0,3650.776,108.69857011543071,False,False,False,False,False,False,False
2021-04-01,2021,4,2,1,META,289.0,56.0,16.0,32.0,1564.0,4.0,0.0,1567.0,29.0,15.0,16080.0,26033.0,5090.0,3650.776,108.69857011543071,False,False,False,False,False,False,False
2021-04-01,2021,4,2,1,NARINO,84.0,28.0,6.0,18.0,13725.0,4.0,41.0,850.0,31.0,15.0,10495.0,14991.0,3854.0,3650.776,108.69857011543071,False,False,False,False,False,False,False
2021-04-01,2021,4,2,1,NORTE DE SANTANDER,1102.0,68.0,14.0,36.0,26958.0,1.0,912.0,886.0,25.0,14.0,10164.0,14861.0,2842.0,3650.776,108.69857011543071,False,False,False,False,False,False,False
2021-04-01,2021,4,2,1,PUTUMAYO,14.0,11.0,5.0,10.0,4416.0,3.0,0.0,368.0,12.0,8.0,3788.0,4550.0,996.0,3650.776,108.69857011543071,False,False,False,False,False,False,False
2021-04-01,2021,4,2,1,QUINDIO,540.0,76.0,11.0,34.0,6537.0,1.0,2049.0,2209.0,12.0,13.0,13644.0,26848.0,7292.0,3650.776,108.69857011543071,False,False,False,False,False,False,False
2021-04-01,2021,4,2,1,RISARALDA,995.0,84.0,7.0,44.0,38669.0,1.0,3698.0,1279.0,14.0,15.0,8237.0,14562.0,3693.0,3650.776,108.69857011543071,False,False,False,False,False,False,False
2021-04-01,2021,4,2,1,"SAN ANDRES, PROVIDENCIA Y SANTA CATALINA",404.0,37.0,2.0,27.0,76269.0,2.0,89.0,1636.0,2.0,13.0,8913.0,17675.0,7460.0,3650.776,108.69857011543071,False,False,False,False,False,False,False
2021-04-01,2021,4,2,1,SANTANDER,726.0,106.0,19.0,45.0,36767.0,3.0,2163.0,2505.0,73.0,15.0,21754.0,34707.0,8185.0,3650.776,108.69857011543071,False,False,False,False,False,False,False
2021-04-01,2021,4,2,1,SUCRE,66.0,24.0,9.0,16.0,1743.0,2.0,0.0,743.0,17.0,7.0,7547.0,17802.0,1911.0,3650.776,108.69857011543071,False,False,False,False,False,False,False
2021-04-01,2021,4,2,1,TOLIMA,256.0,57.0,17.0,30.0,936.0,3.0,0.0,1764.0,43.0,13.0,16256.0,30087.0,5407.0,3650.776,108.69857011543071,False,False,False,False,False,False,False
2021-04-01,2021,4,2,1,VALLE DEL CAUCA,2753.474,277.0,37.0,85.0,125572.0,4.0,20568.0,2877.0,39.0,16.0,23515.0,37346.0,11671.0,3650.776,108.69857011543071,False,False,False,False,False,False,False
2021-04-01,2021,4,2,1,VAUPES,4.0,3.0,1.0,3.0,870.0,3.0,0.0,20.0,2.0,4.0,179.0,234.0,56.0,3650.776,108.69857011543071,False,False,False,False,False,False,False
2021-04-01,2021,4,2,1,VICHADA,12.0,8.0,4.0,5.0,1242.0,3.0,0.0,73.0,4.0,6.0,601.0,829.0,147.0,3650.776,108.69857011543071,False,False,False,False,False,False,False
2021-05-01,2021,5,2,1,AMAZONAS,57.0,15.0,4.0,12.0,2203.0,3.0,0.0,265.0,3.0,8.0,1317.0,2871.0,599.0,3735.6661290322577,102.81271364105271,False,False,False,False,False,False,False
2021-05-01,2021,5,2,1,ANTIOQUIA,6588.475,410.0,75.0,91.0,189911.0,4.0,52534.0,8372.0,115.0,18.0,59610.0,92860.0,28217.0,3735.6661290322577,102.81271364105271,False,False,False,False,False,False,False
2021-05-01,2021,5,2,1,ARAUCA,48.0,13.0,3.0,9.0,5928.0,3.0,0.0,104.0,7.0,8.0,1052.0,1531.0,268.0,3735.6661290322577,102.81271364105271,False,False,False,False,False,False,False
2021-05-01,2021,5,2,1,ATLANTICO,1994.0,88.0,15.0,56.0,45585.0,1.0,10869.0,1156.0,19.0,17.0,12017.0,17015.0,7350.0,3735.6661290322577,102.81271364105271,False,False,False,False,False,False,False
2021-05-01,2021,5,2,1,BOGOTA D.C.,6802.713,120.0,1.0,120.0,428589.0,1.0,111441.0,5988.0,7.0,18.0,32317.0,45379.0,26437.0,3735.6661290322577,102.81271364105271,False,False,False,False,False,False,False
2021-05-01,2021,5,2,1,BOLIVAR,2868.992,116.0,15.0,87.0,98882.0,2.0,20969.0,5978.0,22.0,17.0,27218.0,47730.0,17210.0,3735.6661290322577,102.81271364105271,False,False,False,False,False,False,False
2021-05-01,2021,5,2,1,BOYACA,146.0,69.0,27.0,29.0,0.0,0.0,0.0,2115.0,98.0,16.0,15660.0,26801.0,3824.0,3735.6661290322577,102.81271364105271,False,False,False,False,False,False,False
2021-05-01,2021,5,2,1,CALDAS,241.0,53.0,19.0,25.0,4177.0,2.0,0.0,1268.0,27.0,13.0,8718.0,15970.0,3793.0,3735.6661290322577,102.81271364105271,False,False,False,False,False,False,False
2021-05-01,2021,5,2,1,CAQUETA,28.0,11.0,4.0,8.0,3550.0,3.0,0.0,245.0,11.0,11.0,2201.0,2832.0,628.0,3735.6661290322577,102.81271364105271,False,False,False,False,False,False,False
2021-05-01,2021,5,2,1,CASANARE,25.0,15.0,5.0,11.0,4971.0,5.0,0.0,548.0,16.0,12.0,7497.0,10043.0,1439.0,3735.6661290322577,102.81271364105271,False,False,False,False,False,False,False
2021-05-01,2021,5,2,1,CAUCA,52.0,31.0,13.0,19.0,4197.0,2.0,0.0,425.0,28.0,13.0,3770.0,5634.0,2471.0,3735.6661290322577,102.81271364105271,False,False,False,False,False,False,False
2021-05-01,2021,5,2,1,CESAR,88.0,34.0,13.0,16.0,8299.0,4.0,18.0,405.0,22.0,13.0,6392.0,9717.0,1422.0,3735.6661290322577,102.81271364105271,False,False,False,False,False,False,False
2021-05-01,2021,5,2,1,CHOCO,36.0,17.0,5.0,12.0,9401.0,3.0,0.0,348.0,15.0,7.0,3239.0,5606.0,851.0,3735.6661290322577,102.81271364105271,False,False,False,False,False,False,False
2021-05-01,2021,5,2,1,CORDOBA,71.0,33.0,10.0,20.0,32154.0,1.0,116.0,501.0,21.0,13.0,6177.0,9586.0,1635.0,3735.6661290322577,102.81271364105271,False,False,False,False,False,False,False
2021-05-01,2021,5,2,1,CUNDINAMARCA,658.0,232.0,57.0,42.0,0.0,0.0,0.0,3815.0,108.0,15.0,26230.0,48014.0,9414.0,3735.6661290322577,102.81271364105271,False,False,False,False,False,False,False
2021-05-01,2021,5,2,1,GUAINIA,0.0,0.0,0.0,0.0,1644.0,3.0,0.0,49.0,1.0,7.0,220.0,308.0,59.0,3735.6661290322577,102.81271364105271,False,False,False,False,False,False,False
2021-05-01,2021,5,2,1,GUAVIARE,5.0,5.0,1.0,5.0,648.0,1.0,0.0,112.0,2.0,9.0,716.0,1120.0,273.0,3735.6661290322577,102.81271364105271,False,False,False,False,False,False,False
2021-05-01,2021,5,2,1,HUILA,87.0,31.0,10.0,19.0,6256.0,4.0,0.0,1092.0,36.0,13.0,8444.0,13420.0,5030.0,3735.6661290322577,102.81271364105271,False,False,False,False,False,False,False
2021-05-01,2021,5,2,1,LA GUAJIRA,98.0,29.0,7.0,17.0,5834.0,1.0,67.0,633.0,11.0,12.0,5666.0,10158.0,1797.0,3735.6661290322577,102.81271364105271,False,False,False,False,False,False,False
2021-05-01,2021,5,2,1,MAGDALENA,514.0,58.0,9.0,43.0,68926.0,2.0,197.0,4083.0,15.0,13.0,19251.0,38342.0,10423.0,3735.6661290322577,102.81271364105271,False,False,False,False,False,False,False
2021-05-01,2021,5,2,1,META,212.0,35.0,10.0,24.0,2694.0,3.0,0.0,1567.0,29.0,15.0,16080.0,26033.0,5090.0,3735.6661290322577,102.81271364105271,False,False,False,False,False,False,False
2021-05-01,2021,5,2,1,NARINO,185.0,34.0,8.0,21.0,14126.0,4.0,29.0,850.0,31.0,15.0,10495.0,14991.0,3854.0,3735.6661290322577,102.81271364105271,False,False,False,False,False,False,False
2021-05-01,2021,5,2,1,NORTE DE SANTANDER,1123.0,75.0,13.0,39.0,29732.0,1.0,1054.0,886.0,25.0,14.0,10164.0,14861.0,2842.0,3735.6661290322577,102.81271364105271,False,False,False,False,False,False,False
2021-05-01,2021,5,2,1,PUTUMAYO,19.0,13.0,3.0,12.0,3883.0,3.0,0.0,368.0,12.0,8.0,3788.0,4550.0,996.0,3735.6661290322577,102.81271364105271,False,False,False,False,False,False,False
2021-05-01,2021,5,2,1,QUINDIO,482.0,61.0,11.0,32.0,7120.0,1.0,2168.0,2209.0,12.0,13.0,13644.0,26848.0,7292.0,3735.6661290322577,102.81271364105271,False,False,False,False,False,False,False
2021-05-01,2021,5,2,1,RISARALDA,910.0,79.0,10.0,39.0,42071.0,1.0,4809.0,1279.0,14.0,15.0,8237.0,14562.0,3693.0,3735.6661290322577,102.81271364105271,False,False,False,False,False,False,False
2021-05-01,2021,5,2,1,"SAN ANDRES, PROVIDENCIA Y SANTA CATALINA",337.0,34.0,2.0,26.0,71859.0,2.0,108.0,1636.0,2.0,13.0,8913.0,17675.0,7460.0,3735.6661290322577,102.81271364105271,False,False,False,False,False,False,False
2021-05-01,2021,5,2,1,SANTANDER,699.0,120.0,25.0,43.0,39499.0,3.0,2333.0,2505.0,73.0,15.0,21754.0,34707.0,8185.0,3735.6661290322577,102.81271364105271,False,False,False,False,False,False,False
2021-05-01,2021,5,2,1,SUCRE,58.0,30.0,9.0,17.0,1737.0,2.0,0.0,743.0,17.0,7.0,7547.0,17802.0,1911.0,3735.6661290322577,102.81271364105271,False,False,False,False,False,False,False
2021-05-01,2021,5,2,1,TOLIMA,233.0,46.0,11.0,26.0,1733.0,3.0,0.0,1764.0,43.0,13.0,16256.0,30087.0,5407.0,3735.6661290322577,102.81271364105271,False,False,False,False,False,False,False
2021-05-01,2021,5,2,1,VALLE DEL CAUCA,1414.892,194.0,32.0,62.0,81690.0,4.0,14368.0,2877.0,39.0,16.0,23515.0,37346.0,11671.0,3735.6661290322577,102.81271364105271,False,False,False,False,False,False,False
2021-05-01,2021,5,2,1,VAUPES,1.0,1.0,1.0,1.0,913.0,2.0,0.0,20.0,2.0,4.0,179.0,234.0,56.0,3735.6661290322577,102.81271364105271,False,False,False,False,False,False,False
2021-05-01,2021,5,2,1,VICHADA,4.0,3.0,1.0,3.0,1332.0,3.0,0.0,73.0,4.0,6.0,601.0,829.0,147.0,3735.6661290322577,102.81271364105271,False,False,False,False,False,False,False
2021-06-01,2021,6,2,1,AMAZONAS,101.0,25.0,7.0,19.0,5358.0,3.0,0.0,265.0,3.0,8.0,1317.0,2871.0,599.0,3685.0426666666667,110.52563329964312,False,False,False,False,False,False,False
2021-06-01,2021,6,2,1,ANTIOQUIA,8714.968,485.0,80.0,96.0,284134.0,4.0,68199.0,8372.0,115.0,18.0,59610.0,92860.0,28217.0,3685.0426666666667,110.52563329964312,False,False,False,False,False,False,False
2021-06-01,2021,6,2,1,ARAUCA,76.0,20.0,5.0,12.0,7383.0,3.0,0.0,104.0,7.0,8.0,1052.0,1531.0,268.0,3685.0426666666667,110.52563329964312,False,False,False,False,False,False,False
2021-06-01,2021,6,2,1,ATLANTICO,2247.965,125.0,17.0,67.0,75942.0,1.0,14911.0,1156.0,19.0,17.0,12017.0,17015.0,7350.0,3685.0426666666667,110.52563329964312,False,False,False,False,False,False,False
2021-06-01,2021,6,2,1,BOGOTA D.C.,9641.739,134.0,1.0,134.0,592110.0,1.0,150443.0,5988.0,7.0,18.0,32317.0,45379.0,26437.0,3685.0426666666667,110.52563329964312,False,False,False,False,False,False,False
2021-06-01,2021,6,2,1,BOLIVAR,3654.805,123.0,23.0,81.0,166620.0,2.0,20966.0,5978.0,22.0,17.0,27218.0,47730.0,17210.0,3685.0426666666667,110.52563329964312,False,False,False,False,False,False,False
2021-06-01,2021,6,2,1,BOYACA,298.0,96.0,29.0,31.0,0.0,0.0,0.0,2115.0,98.0,16.0,15660.0,26801.0,3824.0,3685.0426666666667,110.52563329964312,False,False,False,False,False,False,False
2021-06-01,2021,6,2,1,CALDAS,482.0,90.0,22.0,40.0,4818.0,2.0,0.0,1268.0,27.0,13.0,8718.0,15970.0,3793.0,3685.0426666666667,110.52563329964312,False,False,False,False,False,False,False
2021-06-01,2021,6,2,1,CAQUETA,32.0,14.0,4.0,12.0,4196.0,3.0,0.0,245.0,11.0,11.0,2201.0,2832.0,628.0,3685.0426666666667,110.52563329964312,False,False,False,False,False,False,False
2021-06-01,2021,6,2,1,CASANARE,46.0,25.0,9.0,18.0,5519.0,5.0,0.0,548.0,16.0,12.0,7497.0,10043.0,1439.0,3685.0426666666667,110.52563329964312,False,False,False,False,False,False,False
2021-06-01,2021,6,2,1,CAUCA,144.0,60.0,28.0,20.0,5269.0,2.0,0.0,425.0,28.0,13.0,3770.0,5634.0,2471.0,3685.0426666666667,110.52563329964312,False,False,False,False,False,False,False
2021-06-01,2021,6,2,1,CESAR,193.0,40.0,14.0,20.0,11353.0,5.0,80.0,405.0,22.0,13.0,6392.0,9717.0,1422.0,3685.0426666666667,110.52563329964312,False,False,False,False,False,False,False
2021-06-01,2021,6,2,1,CHOCO,21.0,14.0,8.0,9.0,12223.0,3.0,0.0,348.0,15.0,7.0,3239.0,5606.0,851.0,3685.0426666666667,110.52563329964312,False,False,False,False,False,False,False
2021-06-01,2021,6,2,1,CORDOBA,176.0,60.0,18.0,26.0,46191.0,1.0,204.0,501.0,21.0,13.0,6177.0,9586.0,1635.0,3685.0426666666667,110.52563329964312,False,False,False,False,False,False,False
2021-06-01,2021,6,2,1,CUNDINAMARCA,1366.0,328.0,72.0,55.0,0.0,0.0,0.0,3815.0,108.0,15.0,26230.0,48014.0,9414.0,3685.0426666666667,110.52563329964312,False,False,False,False,False,False,False
2021-06-01,2021,6,2,1,GUAINIA,17.0,2.0,1.0,2.0,1847.0,3.0,0.0,49.0,1.0,7.0,220.0,308.0,59.0,3685.0426666666667,110.52563329964312,False,False,False,False,False,False,False
2021-06-01,2021,6,2,1,GUAVIARE,3.0,3.0,1.0,3.0,645.0,2.0,0.0,112.0,2.0,9.0,716.0,1120.0,273.0,3685.0426666666667,110.52563329964312,False,False,False,False,False,False,False
2021-06-01,2021,6,2,1,HUILA,259.0,57.0,17.0,32.0,6488.0,3.0,0.0,1092.0,36.0,13.0,8444.0,13420.0,5030.0,3685.0426666666667,110.52563329964312,False,False,False,False,False,False,False
2021-06-01,2021,6,2,1,LA GUAJIRA,723.0,60.0,14.0,23.0,8332.0,1.0,43.0,633.0,11.0,12.0,5666.0,10158.0,1797.0,3685.0426666666667,110.52563329964312,False,False,False,False,False,False,False
2021-06-01,2021,6,2,1,MAGDALENA,855.0,76.0,14.0,56.0,110478.0,2.0,372.0,4083.0,15.0,13.0,19251.0,38342.0,10423.0,3685.0426666666667,110.52563329964312,False,False,False,False,False,False,False
2021-06-01,2021,6,2,1,META,337.0,61.0,15.0,34.0,2641.0,4.0,0.0,1567.0,29.0,15.0,16080.0,26033.0,5090.0,3685.0426666666667,110.52563329964312,False,False,False,False,False,False,False
2021-06-01,2021,6,2,1,NARINO,306.0,41.0,9.0,25.0,18191.0,4.0,98.0,850.0,31.0,15.0,10495.0,14991.0,3854.0,3685.0426666666667,110.52563329964312,False,False,False,False,False,False,False
2021-06-01,2021,6,2,1,NORTE DE SANTANDER,928.148,90.0,17.0,41.0,40733.0,1.0,1583.0,886.0,25.0,14.0,10164.0,14861.0,2842.0,3685.0426666666667,110.52563329964312,False,False,False,False,False,False,False
2021-06-01,2021,6,2,1,PUTUMAYO,30.0,22.0,8.0,16.0,4915.0,3.0,0.0,368.0,12.0,8.0,3788.0,4550.0,996.0,3685.0426666666667,110.52563329964312,False,False,False,False,False,False,False
2021-06-01,2021,6,2,1,QUINDIO,819.0,82.0,11.0,37.0,10590.0,1.0,2880.0,2209.0,12.0,13.0,13644.0,26848.0,7292.0,3685.0426666666667,110.52563329964312,False,False,False,False,False,False,False
2021-06-01,2021,6,2,1,RISARALDA,1620.0,87.0,11.0,45.0,59333.0,1.0,7529.0,1279.0,14.0,15.0,8237.0,14562.0,3693.0,3685.0426666666667,110.52563329964312,False,False,False,False,False,False,False
2021-06-01,2021,6,2,1,"SAN ANDRES, PROVIDENCIA Y SANTA CATALINA",458.0,36.0,2.0,30.0,100026.0,2.0,167.0,1636.0,2.0,13.0,8913.0,17675.0,7460.0,3685.0426666666667,110.52563329964312,False,False,False,False,False,False,False
2021-06-01,2021,6,2,1,SANTANDER,1399.0,153.0,36.0,43.0,50850.0,3.0,3467.0,2505.0,73.0,15.0,21754.0,34707.0,8185.0,3685.0426666666667,110.52563329964312,False,False,False,False,False,False,False
2021-06-01,2021,6,2,1,SUCRE,114.0,40.0,12.0,21.0,2581.0,2.0,0.0,743.0,17.0,7.0,7547.0,17802.0,1911.0,3685.0426666666667,110.52563329964312,False,False,False,False,False,False,False
2021-06-01,2021,6,2,1,TOLIMA,401.0,67.0,18.0,35.0,1901.0,3.0,0.0,1764.0,43.0,13.0,16256.0,30087.0,5407.0,3685.0426666666667,110.52563329964312,False,False,False,False,False,False,False
2021-06-01,2021,6,2,1,VALLE DEL CAUCA,3108.93,312.0,41.0,83.0,166476.0,3.0,26209.0,2877.0,39.0,16.0,23515.0,37346.0,11671.0,3685.0426666666667,110.52563329964312,False,False,False,False,False,False,False
2021-06-01,2021,6,2,1,VAUPES,3.0,3.0,1.0,3.0,926.0,3.0,0.0,20.0,2.0,4.0,179.0,234.0,56.0,3685.0426666666667,110.52563329964312,False,False,False,False,False,False,False
2021-06-01,2021,6,2,1,VICHADA,24.0,5.0,2.0,4.0,1309.0,2.0,0.0,73.0,4.0,6.0,601.0,829.0,147.0,3685.0426666666667,110.52563329964312,False,False,False,False,False,False,False
2021-07-01,2021,7,3,2,AMAZONAS,113.0,24.0,6.0,16.0,7338.0,3.0,2.0,265.0,3.0,8.0,1317.0,2871.0,599.0,3829.418064516129,111.93433937631593,False,False,False,False,False,False,False
2021-07-01,2021,7,3,2,ANTIOQUIA,10533.372,606.0,94.0,111.0,340986.0,4.0,82861.0,8372.0,115.0,18.0,59610.0,92860.0,28217.0,3829.418064516129,111.93433937631593,False,False,False,False,False,False,False
2021-07-01,2021,7,3,2,ARAUCA,65.0,19.0,5.0,13.0,7637.0,3.0,0.0,104.0,7.0,8.0,1052.0,1531.0,268.0,3829.418064516129,111.93433937631593,False,False,False,False,False,False,False
2021-07-01,2021,7,3,2,ATLANTICO,2848.728,144.0,18.0,74.0,79402.0,1.0,17735.0,1156.0,19.0,17.0,12017.0,17015.0,7350.0,3829.418064516129,111.93433937631593,False,False,False,False,False,False,False
2021-07-01,2021,7,3,2,BOGOTA D.C.,8911.824,143.0,1.0,143.0,663951.0,1.0,210664.0,5988.0,7.0,18.0,32317.0,45379.0,26437.0,3829.418064516129,111.93433937631593,False,False,False,False,False,False,False
2021-07-01,2021,7,3,2,BOLIVAR,6192.879,144.0,21.0,90.0,183226.0,2.0,24033.0,5978.0,22.0,17.0,27218.0,47730.0,17210.0,3829.418064516129,111.93433937631593,False,False,False,False,False,False,False
2021-07-01,2021,7,3,2,BOYACA,331.0,107.0,30.0,32.0,0.0,0.0,0.0,2115.0,98.0,16.0,15660.0,26801.0,3824.0,3829.418064516129,111.93433937631593,False,False,False,False,False,False,False
2021-07-01,2021,7,3,2,CALDAS,895.0,114.0,21.0,41.0,4874.0,2.0,0.0,1268.0,27.0,13.0,8718.0,15970.0,3793.0,3829.418064516129,111.93433937631593,False,False,False,False,False,False,False
2021-07-01,2021,7,3,2,CAQUETA,59.0,24.0,7.0,18.0,4315.0,2.0,0.0,245.0,11.0,11.0,2201.0,2832.0,628.0,3829.418064516129,111.93433937631593,False,False,False,False,False,False,False
2021-07-01,2021,7,3,2,CASANARE,55.0,29.0,9.0,17.0,5831.0,5.0,0.0,548.0,16.0,12.0,7497.0,10043.0,1439.0,3829.418064516129,111.93433937631593,False,False,False,False,False,False,False
2021-07-01,2021,7,3,2,CAUCA,267.0,101.0,32.0,32.0,5492.0,2.0,0.0,425.0,28.0,13.0,3770.0,5634.0,2471.0,3829.418064516129,111.93433937631593,False,False,False,False,False,False,False
2021-07-01,2021,7,3,2,CESAR,282.0,52.0,16.0,27.0,13682.0,5.0,93.0,405.0,22.0,13.0,6392.0,9717.0,1422.0,3829.418064516129,111.93433937631593,False,False,False,False,False,False,False
2021-07-01,2021,7,3,2,CHOCO,70.0,28.0,7.0,18.0,13017.0,3.0,0.0,348.0,15.0,7.0,3239.0,5606.0,851.0,3829.418064516129,111.93433937631593,False,False,False,False,False,False,False
2021-07-01,2021,7,3,2,CORDOBA,204.0,62.0,17.0,28.0,45600.0,1.0,284.0,501.0,21.0,13.0,6177.0,9586.0,1635.0,3829.418064516129,111.93433937631593,False,False,False,False,False,False,False
2021-07-01,2021,7,3,2,CUNDINAMARCA,1799.0,446.0,76.0,55.0,0.0,0.0,0.0,3815.0,108.0,15.0,26230.0,48014.0,9414.0,3829.418064516129,111.93433937631593,False,False,False,False,False,False,False
2021-07-01,2021,7,3,2,GUAINIA,11.0,2.0,1.0,2.0,1788.0,3.0,0.0,49.0,1.0,7.0,220.0,308.0,59.0,3829.418064516129,111.93433937631593,False,False,False,False,False,False,False
2021-07-01,2021,7,3,2,GUAVIARE,5.0,5.0,3.0,4.0,589.0,1.0,0.0,112.0,2.0,9.0,716.0,1120.0,273.0,3829.418064516129,111.93433937631593,False,False,False,False,False,False,False
2021-07-01,2021,7,3,2,HUILA,267.0,70.0,18.0,33.0,7352.0,4.0,0.0,1092.0,36.0,13.0,8444.0,13420.0,5030.0,3829.418064516129,111.93433937631593,False,False,False,False,False,False,False
2021-07-01,2021,7,3,2,LA GUAJIRA,801.0,68.0,12.0,29.0,9022.0,1.0,82.0,633.0,11.0,12.0,5666.0,10158.0,1797.0,3829.418064516129,111.93433937631593,False,False,False,False,False,False,False
2021-07-01,2021,7,3,2,MAGDALENA,1261.0,94.0,17.0,56.0,122620.0,1.0,427.0,4083.0,15.0,13.0,19251.0,38342.0,10423.0,3829.418064516129,111.93433937631593,False,False,False,False,False,False,False
2021-07-01,2021,7,3,2,META,598.0,75.0,19.0,41.0,3148.0,4.0,0.0,1567.0,29.0,15.0,16080.0,26033.0,5090.0,3829.418064516129,111.93433937631593,False,False,False,False,False,False,False
2021-07-01,2021,7,3,2,NARINO,246.0,56.0,17.0,26.0,17721.0,4.0,163.0,850.0,31.0,15.0,10495.0,14991.0,3854.0,3829.418064516129,111.93433937631593,False,False,False,False,False,False,False
2021-07-01,2021,7,3,2,NORTE DE SANTANDER,1327.742,105.0,22.0,45.0,45028.0,1.0,1655.0,886.0,25.0,14.0,10164.0,14861.0,2842.0,3829.418064516129,111.93433937631593,False,False,False,False,False,False,False
2021-07-01,2021,7,3,2,PUTUMAYO,31.0,15.0,5.0,12.0,5371.0,3.0,0.0,368.0,12.0,8.0,3788.0,4550.0,996.0,3829.418064516129,111.93433937631593,False,False,False,False,False,False,False
2021-07-01,2021,7,3,2,QUINDIO,1109.0,105.0,10.0,41.0,12307.0,1.0,3497.0,2209.0,12.0,13.0,13644.0,26848.0,7292.0,3829.418064516129,111.93433937631593,False,False,False,False,False,False,False
2021-07-01,2021,7,3,2,RISARALDA,2172.0,119.0,11.0,55.0,63836.0,2.0,9175.0,1279.0,14.0,15.0,8237.0,14562.0,3693.0,3829.418064516129,111.93433937631593,False,False,False,False,False,False,False
2021-07-01,2021,7,3,2,"SAN ANDRES, PROVIDENCIA Y SANTA CATALINA",1239.0,46.0,2.0,33.0,112679.0,2.0,483.0,1636.0,2.0,13.0,8913.0,17675.0,7460.0,3829.418064516129,111.93433937631593,False,False,False,False,False,False,False
2021-07-01,2021,7,3,2,SANTANDER,1562.0,181.0,33.0,56.0,53894.0,3.0,4434.0,2505.0,73.0,15.0,21754.0,34707.0,8185.0,3829.418064516129,111.93433937631593,False,False,False,False,False,False,False
2021-07-01,2021,7,3,2,SUCRE,114.0,40.0,14.0,21.0,2760.0,2.0,0.0,743.0,17.0,7.0,7547.0,17802.0,1911.0,3829.418064516129,111.93433937631593,False,False,False,False,False,False,False
2021-07-01,2021,7,3,2,TOLIMA,481.0,83.0,19.0,36.0,1837.0,3.0,0.0,1764.0,43.0,13.0,16256.0,30087.0,5407.0,3829.418064516129,111.93433937631593,False,False,False,False,False,False,False
2021-07-01,2021,7,3,2,VALLE DEL CAUCA,5099.457,380.0,41.0,80.0,206851.0,4.0,39359.0,2877.0,39.0,16.0,23515.0,37346.0,11671.0,3829.418064516129,111.93433937631593,False,False,False,False,False,False,False
2021-07-01,2021,7,3,2,VAUPES,3.0,3.0,2.0,2.0,1035.0,2.0,0.0,20.0,2.0,4.0,179.0,234.0,56.0,3829.418064516129,111.93433937631593,False,False,False,False,False,False,False
2021-07-01,2021,7,3,2,VICHADA,5.0,4.0,3.0,3.0,1461.0,1.0,0.0,73.0,4.0,6.0,601.0,829.0,147.0,3829.418064516129,111.93433937631593,False,False,False,False,False,False,False
2021-08-01,2021,8,3,2,AMAZONAS,135.0,35.0,5.0,27.0,7628.0,3.0,3.0,265.0,3.0,8.0,1317.0,2871.0,599.0,3881.183548387097,110.96611813928862,False,False,False,False,False,False,False
2021-08-01,2021,8,3,2,ANTIOQUIA,10601.256,616.0,92.0,116.0,348900.0,4.0,71105.0,8372.0,115.0,18.0,59610.0,92860.0,28217.0,3881.183548387097,110.96611813928862,False,False,False,False,False,False,False
2021-08-01,2021,8,3,2,ARAUCA,109.0,24.0,6.0,15.0,8210.0,3.0,0.0,104.0,7.0,8.0,1052.0,1531.0,268.0,3881.183548387097,110.96611813928862,False,False,False,False,False,False,False
2021-08-01,2021,8,3,2,ATLANTICO,2031.437,153.0,22.0,69.0,81544.0,1.0,14246.0,1156.0,19.0,17.0,12017.0,17015.0,7350.0,3881.183548387097,110.96611813928862,False,False,False,False,False,False,False
2021-08-01,2021,8,3,2,BOGOTA D.C.,10447.624,141.0,1.0,141.0,694681.0,1.0,199796.0,5988.0,7.0,18.0,32317.0,45379.0,26437.0,3881.183548387097,110.96611813928862,False,False,False,False,False,False,False
2021-08-01,2021,8,3,2,BOLIVAR,6385.878,172.0,21.0,112.0,175803.0,2.0,23249.0,5978.0,22.0,17.0,27218.0,47730.0,17210.0,3881.183548387097,110.96611813928862,False,False,False,False,False,False,False
2021-08-01,2021,8,3,2,BOYACA,294.0,117.0,32.0,34.0,0.0,0.0,0.0,2115.0,98.0,16.0,15660.0,26801.0,3824.0,3881.183548387097,110.96611813928862,False,False,False,False,False,False,False
2021-08-01,2021,8,3,2,CALDAS,531.0,96.0,19.0,36.0,5747.0,2.0,0.0,1268.0,27.0,13.0,8718.0,15970.0,3793.0,3881.183548387097,110.96611813928862,False,False,False,False,False,False,False
2021-08-01,2021,8,3,2,CAQUETA,38.0,17.0,6.0,12.0,4598.0,2.0,0.0,245.0,11.0,11.0,2201.0,2832.0,628.0,3881.183548387097,110.96611813928862,False,False,False,False,False,False,False
2021-08-01,2021,8,3,2,CASANARE,57.0,28.0,8.0,18.0,6690.0,5.0,0.0,548.0,16.0,12.0,7497.0,10043.0,1439.0,3881.183548387097,110.96611813928862,False,False,False,False,False,False,False
2021-08-01,2021,8,3,2,CAUCA,240.0,95.0,28.0,35.0,6476.0,2.0,0.0,425.0,28.0,13.0,3770.0,5634.0,2471.0,3881.183548387097,110.96611813928862,False,False,False,False,False,False,False
2021-08-01,2021,8,3,2,CESAR,307.0,61.0,16.0,34.0,12265.0,5.0,94.0,405.0,22.0,13.0,6392.0,9717.0,1422.0,3881.183548387097,110.96611813928862,False,False,False,False,False,False,False
2021-08-01,2021,8,3,2,CHOCO,52.0,26.0,10.0,18.0,13075.0,3.0,0.0,348.0,15.0,7.0,3239.0,5606.0,851.0,3881.183548387097,110.96611813928862,False,False,False,False,False,False,False
2021-08-01,2021,8,3,2,CORDOBA,192.0,69.0,18.0,29.0,47785.0,2.0,138.0,501.0,21.0,13.0,6177.0,9586.0,1635.0,3881.183548387097,110.96611813928862,False,False,False,False,False,False,False
2021-08-01,2021,8,3,2,CUNDINAMARCA,1490.0,425.0,75.0,56.0,0.0,0.0,0.0,3815.0,108.0,15.0,26230.0,48014.0,9414.0,3881.183548387097,110.96611813928862,False,False,False,False,False,False,False
2021-08-01,2021,8,3,2,GUAINIA,14.0,8.0,3.0,7.0,1636.0,1.0,0.0,49.0,1.0,7.0,220.0,308.0,59.0,3881.183548387097,110.96611813928862,False,False,False,False,False,False,False
2021-08-01,2021,8,3,2,GUAVIARE,6.0,5.0,2.0,4.0,665.0,1.0,0.0,112.0,2.0,9.0,716.0,1120.0,273.0,3881.183548387097,110.96611813928862,False,False,False,False,False,False,False
2021-08-01,2021,8,3,2,HUILA,231.0,58.0,17.0,24.0,7608.0,4.0,0.0,1092.0,36.0,13.0,8444.0,13420.0,5030.0,3881.183548387097,110.96611813928862,False,False,False,False,False,False,False
2021-08-01,2021,8,3,2,LA GUAJIRA,607.0,65.0,10.0,31.0,8298.0,1.0,111.0,633.0,11.0,12.0,5666.0,10158.0,1797.0,3881.183548387097,110.96611813928862,False,False,False,False,False,False,False
2021-08-01,2021,8,3,2,MAGDALENA,1381.0,85.0,12.0,58.0,122540.0,3.0,370.0,4083.0,15.0,13.0,19251.0,38342.0,10423.0,3881.183548387097,110.96611813928862,False,False,False,False,False,False,False
2021-08-01,2021,8,3,2,META,520.0,81.0,14.0,37.0,3732.0,4.0,0.0,1567.0,29.0,15.0,16080.0,26033.0,5090.0,3881.183548387097,110.96611813928862,False,False,False,False,False,False,False
2021-08-01,2021,8,3,2,NARINO,278.0,45.0,9.0,29.0,19426.0,4.0,84.0,850.0,31.0,15.0,10495.0,14991.0,3854.0,3881.183548387097,110.96611813928862,False,False,False,False,False,False,False
2021-08-01,2021,8,3,2,NORTE DE SANTANDER,1442.956,117.0,21.0,47.0,45740.0,1.0,1720.0,886.0,25.0,14.0,10164.0,14861.0,2842.0,3881.183548387097,110.96611813928862,False,False,False,False,False,False,False
2021-08-01,2021,8,3,2,PUTUMAYO,36.0,20.0,5.0,15.0,5994.0,3.0,0.0,368.0,12.0,8.0,3788.0,4550.0,996.0,3881.183548387097,110.96611813928862,False,False,False,False,False,False,False
2021-08-01,2021,8,3,2,QUINDIO,910.0,101.0,12.0,39.0,13135.0,1.0,2611.0,2209.0,12.0,13.0,13644.0,26848.0,7292.0,3881.183548387097,110.96611813928862,False,False,False,False,False,False,False
2021-08-01,2021,8,3,2,RISARALDA,2131.0,123.0,13.0,51.0,64021.0,1.0,8556.0,1279.0,14.0,15.0,8237.0,14562.0,3693.0,3881.183548387097,110.96611813928862,False,False,False,False,False,False,False
2021-08-01,2021,8,3,2,"SAN ANDRES, PROVIDENCIA Y SANTA CATALINA",1571.0,50.0,2.0,37.0,120776.0,2.0,465.0,1636.0,2.0,13.0,8913.0,17675.0,7460.0,3881.183548387097,110.96611813928862,False,False,False,False,False,False,False
2021-08-01,2021,8,3,2,SANTANDER,1452.0,168.0,34.0,52.0,53772.0,3.0,3003.0,2505.0,73.0,15.0,21754.0,34707.0,8185.0,3881.183548387097,110.96611813928862,False,False,False,False,False,False,False
2021-08-01,2021,8,3,2,SUCRE,135.0,53.0,18.0,20.0,2063.0,2.0,0.0,743.0,17.0,7.0,7547.0,17802.0,1911.0,3881.183548387097,110.96611813928862,False,False,False,False,False,False,False
2021-08-01,2021,8,3,2,TOLIMA,467.0,87.0,24.0,38.0,2182.0,4.0,0.0,1764.0,43.0,13.0,16256.0,30087.0,5407.0,3881.183548387097,110.96611813928862,False,False,False,False,False,False,False
2021-08-01,2021,8,3,2,VALLE DEL CAUCA,5872.467,364.0,40.0,91.0,219762.0,4.0,40977.0,2877.0,39.0,16.0,23515.0,37346.0,11671.0,3881.183548387097,110.96611813928862,False,False,False,False,False,False,False
2021-08-01,2021,8,3,2,VAUPES,1.0,1.0,1.0,1.0,870.0,1.0,0.0,20.0,2.0,4.0,179.0,234.0,56.0,3881.183548387097,110.96611813928862,False,False,False,False,False,False,False
2021-08-01,2021,8,3,2,VICHADA,30.0,10.0,4.0,9.0,1467.0,1.0,0.0,73.0,4.0,6.0,601.0,829.0,147.0,3881.183548387097,110.96611813928862,False,False,False,False,False,False,False
2021-09-01,2021,9,3,2,AMAZONAS,135.0,31.0,7.0,21.0,7678.0,3.0,0.0,265.0,3.0,8.0,1317.0,2871.0,599.0,3821.5376666666666,116.73529234643635,False,False,False,False,False,False,False
2021-09-01,2021,9,3,2,ANTIOQUIA,10614.139,590.0,98.0,116.0,348778.0,4.0,70915.0,8372.0,115.0,18.0,59610.0,92860.0,28217.0,3821.5376666666666,116.73529234643635,False,False,False,False,False,False,False
2021-09-01,2021,9,3,2,ARAUCA,108.0,23.0,5.0,14.0,8299.0,3.0,0.0,104.0,7.0,8.0,1052.0,1531.0,268.0,3821.5376666666666,116.73529234643635,False,False,False,False,False,False,False
2021-09-01,2021,9,3,2,ATLANTICO,2117.882,146.0,21.0,69.0,84610.0,1.0,12721.0,1156.0,19.0,17.0,12017.0,17015.0,7350.0,3821.5376666666666,116.73529234643635,False,False,False,False,False,False,False
2021-09-01,2021,9,3,2,BOGOTA D.C.,9667.81,139.0,1.0,139.0,686970.0,1.0,181892.0,5988.0,7.0,18.0,32317.0,45379.0,26437.0,3821.5376666666666,116.73529234643635,False,False,False,False,False,False,False
2021-09-01,2021,9,3,2,BOLIVAR,8608.955,145.0,19.0,96.0,163843.0,2.0,20716.0,5978.0,22.0,17.0,27218.0,47730.0,17210.0,3821.5376666666666,116.73529234643635,False,False,False,False,False,False,False
2021-09-01,2021,9,3,2,BOYACA,335.0,134.0,37.0,36.0,0.0,0.0,0.0,2115.0,98.0,16.0,15660.0,26801.0,3824.0,3821.5376666666666,116.73529234643635,False,False,False,False,False,False,False
2021-09-01,2021,9,3,2,CALDAS,503.0,112.0,22.0,39.0,5962.0,2.0,0.0,1268.0,27.0,13.0,8718.0,15970.0,3793.0,3821.5376666666666,116.73529234643635,False,False,False,False,False,False,False
2021-09-01,2021,9,3,2,CAQUETA,30.0,18.0,4.0,14.0,4501.0,3.0,0.0,245.0,11.0,11.0,2201.0,2832.0,628.0,3821.5376666666666,116.73529234643635,False,False,False,False,False,False,False
2021-09-01,2021,9,3,2,CASANARE,52.0,23.0,7.0,17.0,8183.0,5.0,0.0,548.0,16.0,12.0,7497.0,10043.0,1439.0,3821.5376666666666,116.73529234643635,False,False,False,False,False,False,False
2021-09-01,2021,9,3,2,CAUCA,195.0,86.0,27.0,23.0,6274.0,2.0,0.0,425.0,28.0,13.0,3770.0,5634.0,2471.0,3821.5376666666666,116.73529234643635,False,False,False,False,False,False,False
2021-09-01,2021,9,3,2,CESAR,248.0,48.0,15.0,27.0,11869.0,5.0,37.0,405.0,22.0,13.0,6392.0,9717.0,1422.0,3821.5376666666666,116.73529234643635,False,False,False,False,False,False,False
2021-09-01,2021,9,3,2,CHOCO,68.0,33.0,6.0,19.0,13498.0,3.0,0.0,348.0,15.0,7.0,3239.0,5606.0,851.0,3821.5376666666666,116.73529234643635,False,False,False,False,False,False,False
2021-09-01,2021,9,3,2,CORDOBA,203.0,68.0,19.0,33.0,47053.0,1.0,163.0,501.0,21.0,13.0,6177.0,9586.0,1635.0,3821.5376666666666,116.73529234643635,False,False,False,False,False,False,False
2021-09-01,2021,9,3,2,CUNDINAMARCA,1527.0,405.0,71.0,47.0,0.0,0.0,0.0,3815.0,108.0,15.0,26230.0,48014.0,9414.0,3821.5376666666666,116.73529234643635,False,False,False,False,False,False,False
2021-09-01,2021,9,3,2,GUAINIA,9.0,7.0,4.0,6.0,1560.0,1.0,0.0,49.0,1.0,7.0,220.0,308.0,59.0,3821.5376666666666,116.73529234643635,False,False,False,False,False,False,False
2021-09-01,2021,9,3,2,GUAVIARE,12.0,5.0,2.0,5.0,618.0,1.0,0.0,112.0,2.0,9.0,716.0,1120.0,273.0,3821.5376666666666,116.73529234643635,False,False,False,False,False,False,False
2021-09-01,2021,9,3,2,HUILA,193.0,67.0,22.0,29.0,8171.0,4.0,0.0,1092.0,36.0,13.0,8444.0,13420.0,5030.0,3821.5376666666666,116.73529234643635,False,False,False,False,False,False,False
2021-09-01,2021,9,3,2,LA GUAJIRA,962.0,63.0,12.0,24.0,4206.0,1.0,43.0,633.0,11.0,12.0,5666.0,10158.0,1797.0,3821.5376666666666,116.73529234643635,False,False,False,False,False,False,False
2021-09-01,2021,9,3,2,MAGDALENA,1578.0,94.0,16.0,62.0,112340.0,2.0,287.0,4083.0,15.0,13.0,19251.0,38342.0,10423.0,3821.5376666666666,116.73529234643635,False,False,False,False,False,False,False
2021-09-01,2021,9,3,2,META,441.0,74.0,18.0,33.0,4057.0,3.0,0.0,1567.0,29.0,15.0,16080.0,26033.0,5090.0,3821.5376666666666,116.73529234643635,False,False,False,False,False,False,False
2021-09-01,2021,9,3,2,NARINO,293.0,64.0,18.0,24.0,18273.0,4.0,57.0,850.0,31.0,15.0,10495.0,14991.0,3854.0,3821.5376666666666,116.73529234643635,False,False,False,False,False,False,False
2021-09-01,2021,9,3,2,NORTE DE SANTANDER,1570.057,105.0,20.0,44.0,47514.0,1.0,1650.0,886.0,25.0,14.0,10164.0,14861.0,2842.0,3821.5376666666666,116.73529234643635,False,False,False,False,False,False,False
2021-09-01,2021,9,3,2,PUTUMAYO,34.0,22.0,6.0,15.0,5751.0,3.0,0.0,368.0,12.0,8.0,3788.0,4550.0,996.0,3821.5376666666666,116.73529234643635,False,False,False,False,False,False,False
2021-09-01,2021,9,3,2,QUINDIO,937.0,113.0,10.0,44.0,15726.0,1.0,2521.0,2209.0,12.0,13.0,13644.0,26848.0,7292.0,3821.5376666666666,116.73529234643635,False,False,False,False,False,False,False
2021-09-01,2021,9,3,2,RISARALDA,1669.0,100.0,11.0,49.0,62468.0,1.0,8274.0,1279.0,14.0,15.0,8237.0,14562.0,3693.0,3821.5376666666666,116.73529234643635,False,False,False,False,False,False,False
2021-09-01,2021,9,3,2,"SAN ANDRES, PROVIDENCIA Y SANTA CATALINA",2080.0,50.0,2.0,36.0,116490.0,2.0,663.0,1636.0,2.0,13.0,8913.0,17675.0,7460.0,3821.5376666666666,116.73529234643635,False,False,False,False,False,False,False
2021-09-01,2021,9,3,2,SANTANDER,1434.0,182.0,35.0,50.0,54977.0,3.0,3154.0,2505.0,73.0,15.0,21754.0,34707.0,8185.0,3821.5376666666666,116.73529234643635,False,False,False,False,False,False,False
2021-09-01,2021,9,3,2,SUCRE,125.0,44.0,12.0,24.0,2054.0,2.0,0.0,743.0,17.0,7.0,7547.0,17802.0,1911.0,3821.5376666666666,116.73529234643635,False,False,False,False,False,False,False
2021-09-01,2021,9,3,2,TOLIMA,457.0,78.0,18.0,35.0,2387.0,4.0,0.0,1764.0,43.0,13.0,16256.0,30087.0,5407.0,3821.5376666666666,116.73529234643635,False,False,False,False,False,False,False
2021-09-01,2021,9,3,2,VALLE DEL CAUCA,5330.9130000000005,375.0,39.0,89.0,204769.0,4.0,34841.0,2877.0,39.0,16.0,23515.0,37346.0,11671.0,3821.5376666666666,116.73529234643635,False,False,False,False,False,False,False
2021-09-01,2021,9,3,2,VAUPES,3.0,2.0,1.0,2.0,1074.0,2.0,0.0,20.0,2.0,4.0,179.0,234.0,56.0,3821.5376666666666,116.73529234643635,False,False,False,False,False,False,False
2021-09-01,2021,9,3,2,VICHADA,22.0,6.0,2.0,6.0,1501.0,3.0,0.0,73.0,4.0,6.0,601.0,829.0,147.0,3821.5376666666666,116.73529234643635,False,False,False,False,False,False,False
2021-10-01,2021,10,4,2,AMAZONAS,159.0,31.0,5.0,26.0,9000.0,3.0,2.0,265.0,3.0,8.0,1317.0,2871.0,599.0,3773.3841935483874,115.91385167763339,False,False,False,False,False,False,False
2021-10-01,2021,10,4,2,ANTIOQUIA,11244.172,660.0,97.0,112.0,382334.0,4.0,84207.0,8372.0,115.0,18.0,59610.0,92860.0,28217.0,3773.3841935483874,115.91385167763339,False,False,False,False,False,False,False
2021-10-01,2021,10,4,2,ARAUCA,125.0,24.0,4.0,17.0,9088.0,3.0,0.0,104.0,7.0,8.0,1052.0,1531.0,268.0,3773.3841935483874,115.91385167763339,False,False,False,False,False,False,False
2021-10-01,2021,10,4,2,ATLANTICO,2536.562,150.0,18.0,77.0,88280.0,1.0,15454.0,1156.0,19.0,17.0,12017.0,17015.0,7350.0,3773.3841935483874,115.91385167763339,False,False,False,False,False,False,False
2021-10-01,2021,10,4,2,BOGOTA D.C.,9952.159,147.0,1.0,147.0,704575.0,1.0,226564.0,5988.0,7.0,18.0,32317.0,45379.0,26437.0,3773.3841935483874,115.91385167763339,False,False,False,False,False,False,False
2021-10-01,2021,10,4,2,BOLIVAR,7178.457,166.0,21.0,107.0,151720.0,1.0,23289.0,5978.0,22.0,17.0,27218.0,47730.0,17210.0,3773.3841935483874,115.91385167763339,False,False,False,False,False,False,False
2021-10-01,2021,10,4,2,BOYACA,363.0,139.0,32.0,36.0,0.0,0.0,0.0,2115.0,98.0,16.0,15660.0,26801.0,3824.0,3773.3841935483874,115.91385167763339,False,False,False,False,False,False,False
2021-10-01,2021,10,4,2,CALDAS,577.0,110.0,23.0,38.0,6272.0,2.0,0.0,1268.0,27.0,13.0,8718.0,15970.0,3793.0,3773.3841935483874,115.91385167763339,False,False,False,False,False,False,False
2021-10-01,2021,10,4,2,CAQUETA,49.0,23.0,5.0,16.0,5153.0,3.0,0.0,245.0,11.0,11.0,2201.0,2832.0,628.0,3773.3841935483874,115.91385167763339,False,False,False,False,False,False,False
2021-10-01,2021,10,4,2,CASANARE,54.0,23.0,6.0,15.0,9064.0,5.0,0.0,548.0,16.0,12.0,7497.0,10043.0,1439.0,3773.3841935483874,115.91385167763339,False,False,False,False,False,False,False
2021-10-01,2021,10,4,2,CAUCA,281.0,96.0,28.0,26.0,6140.0,2.0,0.0,425.0,28.0,13.0,3770.0,5634.0,2471.0,3773.3841935483874,115.91385167763339,False,False,False,False,False,False,False
2021-10-01,2021,10,4,2,CESAR,341.0,51.0,13.0,24.0,11604.0,5.0,79.0,405.0,22.0,13.0,6392.0,9717.0,1422.0,3773.3841935483874,115.91385167763339,False,False,False,False,False,False,False
2021-10-01,2021,10,4,2,CHOCO,57.0,23.0,8.0,14.0,13947.0,3.0,0.0,348.0,15.0,7.0,3239.0,5606.0,851.0,3773.3841935483874,115.91385167763339,False,False,False,False,False,False,False
2021-10-01,2021,10,4,2,CORDOBA,284.0,65.0,20.0,29.0,49894.0,1.0,201.0,501.0,21.0,13.0,6177.0,9586.0,1635.0,3773.3841935483874,115.91385167763339,False,False,False,False,False,False,False
2021-10-01,2021,10,4,2,CUNDINAMARCA,1844.0,449.0,73.0,61.0,0.0,0.0,0.0,3815.0,108.0,15.0,26230.0,48014.0,9414.0,3773.3841935483874,115.91385167763339,False,False,False,False,False,False,False
2021-10-01,2021,10,4,2,GUAINIA,5.0,2.0,1.0,2.0,1884.0,3.0,0.0,49.0,1.0,7.0,220.0,308.0,59.0,3773.3841935483874,115.91385167763339,False,False,False,False,False,False,False
2021-10-01,2021,10,4,2,GUAVIARE,10.0,8.0,3.0,7.0,725.0,2.0,0.0,112.0,2.0,9.0,716.0,1120.0,273.0,3773.3841935483874,115.91385167763339,False,False,False,False,False,False,False
2021-10-01,2021,10,4,2,HUILA,265.0,79.0,15.0,35.0,9244.0,3.0,0.0,1092.0,36.0,13.0,8444.0,13420.0,5030.0,3773.3841935483874,115.91385167763339,False,False,False,False,False,False,False
2021-10-01,2021,10,4,2,LA GUAJIRA,1087.0,64.0,13.0,27.0,4393.0,1.0,47.0,633.0,11.0,12.0,5666.0,10158.0,1797.0,3773.3841935483874,115.91385167763339,False,False,False,False,False,False,False
2021-10-01,2021,10,4,2,MAGDALENA,1697.0,90.0,15.0,57.0,115987.0,3.0,304.0,4083.0,15.0,13.0,19251.0,38342.0,10423.0,3773.3841935483874,115.91385167763339,False,False,False,False,False,False,False
2021-10-01,2021,10,4,2,META,522.0,82.0,17.0,38.0,3854.0,3.0,0.0,1567.0,29.0,15.0,16080.0,26033.0,5090.0,3773.3841935483874,115.91385167763339,False,False,False,False,False,False,False
2021-10-01,2021,10,4,2,NARINO,272.0,49.0,12.0,28.0,18550.0,3.0,89.0,850.0,31.0,15.0,10495.0,14991.0,3854.0,3773.3841935483874,115.91385167763339,False,False,False,False,False,False,False
2021-10-01,2021,10,4,2,NORTE DE SANTANDER,1573.757,108.0,19.0,42.0,49933.0,1.0,1567.0,886.0,25.0,14.0,10164.0,14861.0,2842.0,3773.3841935483874,115.91385167763339,False,False,False,False,False,False,False
2021-10-01,2021,10,4,2,PUTUMAYO,33.0,23.0,7.0,16.0,5908.0,3.0,0.0,368.0,12.0,8.0,3788.0,4550.0,996.0,3773.3841935483874,115.91385167763339,False,False,False,False,False,False,False
2021-10-01,2021,10,4,2,QUINDIO,887.0,108.0,10.0,41.0,13199.0,1.0,3199.0,2209.0,12.0,13.0,13644.0,26848.0,7292.0,3773.3841935483874,115.91385167763339,False,False,False,False,False,False,False
2021-10-01,2021,10,4,2,RISARALDA,1967.0,115.0,9.0,55.0,68457.0,1.0,9512.0,1279.0,14.0,15.0,8237.0,14562.0,3693.0,3773.3841935483874,115.91385167763339,False,False,False,False,False,False,False
2021-10-01,2021,10,4,2,"SAN ANDRES, PROVIDENCIA Y SANTA CATALINA",2486.0,56.0,2.0,45.0,123525.0,2.0,754.0,1636.0,2.0,13.0,8913.0,17675.0,7460.0,3773.3841935483874,115.91385167763339,False,False,False,False,False,False,False
2021-10-01,2021,10,4,2,SANTANDER,1754.0,188.0,38.0,52.0,63715.0,2.0,3865.0,2505.0,73.0,15.0,21754.0,34707.0,8185.0,3773.3841935483874,115.91385167763339,False,False,False,False,False,False,False
2021-10-01,2021,10,4,2,SUCRE,107.0,37.0,11.0,21.0,2399.0,2.0,0.0,743.0,17.0,7.0,7547.0,17802.0,1911.0,3773.3841935483874,115.91385167763339,False,False,False,False,False,False,False
2021-10-01,2021,10,4,2,TOLIMA,766.0,92.0,24.0,44.0,2708.0,2.0,0.0,1764.0,43.0,13.0,16256.0,30087.0,5407.0,3773.3841935483874,115.91385167763339,False,False,False,False,False,False,False
2021-10-01,2021,10,4,2,VALLE DEL CAUCA,6435.11,422.0,40.0,89.0,222939.0,4.0,41308.0,2877.0,39.0,16.0,23515.0,37346.0,11671.0,3773.3841935483874,115.91385167763339,False,False,False,False,False,False,False
2021-10-01,2021,10,4,2,VAUPES,2.0,1.0,1.0,1.0,1047.0,3.0,0.0,20.0,2.0,4.0,179.0,234.0,56.0,3773.3841935483874,115.91385167763339,False,False,False,False,False,False,False
2021-10-01,2021,10,4,2,VICHADA,17.0,6.0,1.0,6.0,1530.0,2.0,0.0,73.0,4.0,6.0,601.0,829.0,147.0,3773.3841935483874,115.91385167763339,False,False,False,False,False,False,False
2021-11-01,2021,11,4,2,AMAZONAS,243.0,37.0,6.0,31.0,12075.0,3.0,7.0,265.0,3.0,8.0,1317.0,2871.0,599.0,3902.901,117.18682953278608,False,False,False,False,False,False,False
2021-11-01,2021,11,4,2,ANTIOQUIA,13506.428,698.0,91.0,122.0,383756.0,4.0,88692.0,8372.0,115.0,18.0,59610.0,92860.0,28217.0,3902.901,117.18682953278608,False,False,False,False,False,False,False
2021-11-01,2021,11,4,2,ARAUCA,149.0,27.0,6.0,17.0,8899.0,3.0,0.0,104.0,7.0,8.0,1052.0,1531.0,268.0,3902.901,117.18682953278608,False,False,False,False,False,False,False
2021-11-01,2021,11,4,2,ATLANTICO,2987.935,163.0,18.0,80.0,99683.0,1.0,17729.0,1156.0,19.0,17.0,12017.0,17015.0,7350.0,3902.901,117.18682953278608,False,False,False,False,False,False,False
2021-11-01,2021,11,4,2,BOGOTA D.C.,11048.263,146.0,1.0,146.0,851161.0,1.0,261739.0,5988.0,7.0,18.0,32317.0,45379.0,26437.0,3902.901,117.18682953278608,False,False,False,False,False,False,False
2021-11-01,2021,11,4,2,BOLIVAR,6709.101,187.0,27.0,114.0,232541.0,2.0,29129.0,5978.0,22.0,17.0,27218.0,47730.0,17210.0,3902.901,117.18682953278608,False,False,False,False,False,False,False
2021-11-01,2021,11,4,2,BOYACA,546.0,148.0,37.0,38.0,0.0,0.0,0.0,2115.0,98.0,16.0,15660.0,26801.0,3824.0,3902.901,117.18682953278608,False,False,False,False,False,False,False
2021-11-01,2021,11,4,2,CALDAS,743.0,121.0,21.0,42.0,5918.0,2.0,0.0,1268.0,27.0,13.0,8718.0,15970.0,3793.0,3902.901,117.18682953278608,False,False,False,False,False,False,False
2021-11-01,2021,11,4,2,CAQUETA,66.0,32.0,10.0,23.0,5349.0,3.0,0.0,245.0,11.0,11.0,2201.0,2832.0,628.0,3902.901,117.18682953278608,False,False,False,False,False,False,False
2021-11-01,2021,11,4,2,CASANARE,101.0,39.0,7.0,25.0,12800.0,6.0,0.0,548.0,16.0,12.0,7497.0,10043.0,1439.0,3902.901,117.18682953278608,False,False,False,False,False,False,False
2021-11-01,2021,11,4,2,CAUCA,388.0,113.0,33.0,38.0,5643.0,2.0,0.0,425.0,28.0,13.0,3770.0,5634.0,2471.0,3902.901,117.18682953278608,False,False,False,False,False,False,False
2021-11-01,2021,11,4,2,CESAR,395.0,64.0,13.0,35.0,20759.0,5.0,158.0,405.0,22.0,13.0,6392.0,9717.0,1422.0,3902.901,117.18682953278608,False,False,False,False,False,False,False
2021-11-01,2021,11,4,2,CHOCO,54.0,24.0,11.0,16.0,14261.0,3.0,0.0,348.0,15.0,7.0,3239.0,5606.0,851.0,3902.901,117.18682953278608,False,False,False,False,False,False,False
2021-11-01,2021,11,4,2,CORDOBA,259.0,74.0,19.0,27.0,58372.0,2.0,288.0,501.0,21.0,13.0,6177.0,9586.0,1635.0,3902.901,117.18682953278608,False,False,False,False,False,False,False
2021-11-01,2021,11,4,2,CUNDINAMARCA,2160.0,540.0,83.0,65.0,0.0,0.0,0.0,3815.0,108.0,15.0,26230.0,48014.0,9414.0,3902.901,117.18682953278608,False,False,False,False,False,False,False
2021-11-01,2021,11,4,2,GUAINIA,3.0,3.0,3.0,3.0,2092.0,3.0,0.0,49.0,1.0,7.0,220.0,308.0,59.0,3902.901,117.18682953278608,False,False,False,False,False,False,False
2021-11-01,2021,11,4,2,GUAVIARE,8.0,4.0,1.0,4.0,788.0,2.0,0.0,112.0,2.0,9.0,716.0,1120.0,273.0,3902.901,117.18682953278608,False,False,False,False,False,False,False
2021-11-01,2021,11,4,2,HUILA,329.0,86.0,17.0,37.0,9675.0,3.0,0.0,1092.0,36.0,13.0,8444.0,13420.0,5030.0,3902.901,117.18682953278608,False,False,False,False,False,False,False
2021-11-01,2021,11,4,2,LA GUAJIRA,1273.0,73.0,13.0,27.0,13614.0,1.0,131.0,633.0,11.0,12.0,5666.0,10158.0,1797.0,3902.901,117.18682953278608,False,False,False,False,False,False,False
2021-11-01,2021,11,4,2,MAGDALENA,2256.0,100.0,16.0,66.0,146207.0,3.0,582.0,4083.0,15.0,13.0,19251.0,38342.0,10423.0,3902.901,117.18682953278608,False,False,False,False,False,False,False
2021-11-01,2021,11,4,2,META,557.0,84.0,19.0,35.0,3778.0,4.0,0.0,1567.0,29.0,15.0,16080.0,26033.0,5090.0,3902.901,117.18682953278608,False,False,False,False,False,False,False
2021-11-01,2021,11,4,2,NARINO,430.0,60.0,14.0,31.0,24843.0,4.0,148.0,850.0,31.0,15.0,10495.0,14991.0,3854.0,3902.901,117.18682953278608,False,False,False,False,False,False,False
2021-11-01,2021,11,4,2,NORTE DE SANTANDER,2202.477,135.0,26.0,52.0,45776.0,1.0,2212.0,886.0,25.0,14.0,10164.0,14861.0,2842.0,3902.901,117.18682953278608,False,False,False,False,False,False,False
2021-11-01,2021,11,4,2,PUTUMAYO,52.0,25.0,7.0,20.0,6179.0,3.0,0.0,368.0,12.0,8.0,3788.0,4550.0,996.0,3902.901,117.18682953278608,False,False,False,False,False,False,False
2021-11-01,2021,11,4,2,QUINDIO,1315.0,130.0,11.0,49.0,16890.0,1.0,4373.0,2209.0,12.0,13.0,13644.0,26848.0,7292.0,3902.901,117.18682953278608,False,False,False,False,False,False,False
2021-11-01,2021,11,4,2,RISARALDA,2516.0,141.0,13.0,56.0,82424.0,1.0,11203.0,1279.0,14.0,15.0,8237.0,14562.0,3693.0,3902.901,117.18682953278608,False,False,False,False,False,False,False
2021-11-01,2021,11,4,2,"SAN ANDRES, PROVIDENCIA Y SANTA CATALINA",2762.0950000000003,57.0,2.0,43.0,130619.0,2.0,1270.0,1636.0,2.0,13.0,8913.0,17675.0,7460.0,3902.901,117.18682953278608,False,False,False,False,False,False,False
2021-11-01,2021,11,4,2,SANTANDER,2187.0,206.0,35.0,62.0,73654.0,3.0,5217.0,2505.0,73.0,15.0,21754.0,34707.0,8185.0,3902.901,117.18682953278608,False,False,False,False,False,False,False
2021-11-01,2021,11,4,2,SUCRE,137.0,58.0,13.0,28.0,3107.0,2.0,0.0,743.0,17.0,7.0,7547.0,17802.0,1911.0,3902.901,117.18682953278608,False,False,False,False,False,False,False
2021-11-01,2021,11,4,2,TOLIMA,845.0,107.0,23.0,52.0,3772.0,4.0,0.0,1764.0,43.0,13.0,16256.0,30087.0,5407.0,3902.901,117.18682953278608,False,False,False,False,False,False,False
2021-11-01,2021,11,4,2,VALLE DEL CAUCA,11088.464,535.0,40.0,108.0,229171.0,4.0,47478.0,2877.0,39.0,16.0,23515.0,37346.0,11671.0,3902.901,117.18682953278608,False,False,False,False,False,False,False
2021-11-01,2021,11,4,2,VAUPES,2.0,2.0,2.0,2.0,1082.0,3.0,0.0,20.0,2.0,4.0,179.0,234.0,56.0,3902.901,117.18682953278608,False,False,False,False,False,False,False
2021-11-01,2021,11,4,2,VICHADA,29.0,10.0,4.0,8.0,1521.0,2.0,0.0,73.0,4.0,6.0,601.0,829.0,147.0,3902.901,117.18682953278608,False,False,False,False,False,False,False
2021-12-01,2021,12,4,2,AMAZONAS,219.0,50.0,9.0,31.0,14838.0,3.0,16.0,265.0,3.0,8.0,1317.0,2871.0,599.0,3963.1335483870967,119.06639297908572,False,False,False,False,False,False,False
2021-12-01,2021,12,4,2,ANTIOQUIA,16325.528,838.0,110.0,118.0,421651.0,4.0,110914.0,8372.0,115.0,18.0,59610.0,92860.0,28217.0,3963.1335483870967,119.06639297908572,False,False,False,False,False,False,False
2021-12-01,2021,12,4,2,ARAUCA,239.0,32.0,5.0,19.0,9435.0,3.0,0.0,104.0,7.0,8.0,1052.0,1531.0,268.0,3963.1335483870967,119.06639297908572,False,False,False,False,False,False,False
2021-12-01,2021,12,4,2,ATLANTICO,4351.651,228.0,22.0,81.0,115555.0,1.0,25408.0,1156.0,19.0,17.0,12017.0,17015.0,7350.0,3963.1335483870967,119.06639297908572,False,False,False,False,False,False,False
2021-12-01,2021,12,4,2,BOGOTA D.C.,11399.918,161.0,1.0,161.0,858906.0,1.0,318022.0,5988.0,7.0,18.0,32317.0,45379.0,26437.0,3963.1335483870967,119.06639297908572,False,False,False,False,False,False,False
2021-12-01,2021,12,4,2,BOLIVAR,10402.182,211.0,31.0,113.0,262043.0,2.0,36517.0,5978.0,22.0,17.0,27218.0,47730.0,17210.0,3963.1335483870967,119.06639297908572,False,False,False,False,False,False,False
2021-12-01,2021,12,4,2,BOYACA,1098.0,258.0,60.0,51.0,0.0,0.0,0.0,2115.0,98.0,16.0,15660.0,26801.0,3824.0,3963.1335483870967,119.06639297908572,False,False,False,False,False,False,False
2021-12-01,2021,12,4,2,CALDAS,1823.0,184.0,22.0,54.0,7578.0,2.0,0.0,1268.0,27.0,13.0,8718.0,15970.0,3793.0,3963.1335483870967,119.06639297908572,False,False,False,False,False,False,False
2021-12-01,2021,12,4,2,CAQUETA,109.0,36.0,8.0,22.0,5490.0,2.0,0.0,245.0,11.0,11.0,2201.0,2832.0,628.0,3963.1335483870967,119.06639297908572,False,False,False,False,False,False,False
2021-12-01,2021,12,4,2,CASANARE,234.0,49.0,10.0,26.0,13016.0,5.0,0.0,548.0,16.0,12.0,7497.0,10043.0,1439.0,3963.1335483870967,119.06639297908572,False,False,False,False,False,False,False
2021-12-01,2021,12,4,2,CAUCA,765.0,152.0,32.0,43.0,6510.0,2.0,0.0,425.0,28.0,13.0,3770.0,5634.0,2471.0,3963.1335483870967,119.06639297908572,False,False,False,False,False,False,False
2021-12-01,2021,12,4,2,CESAR,677.0,97.0,23.0,35.0,24167.0,5.0,337.0,405.0,22.0,13.0,6392.0,9717.0,1422.0,3963.1335483870967,119.06639297908572,False,False,False,False,False,False,False
2021-12-01,2021,12,4,2,CHOCO,116.0,44.0,13.0,22.0,16853.0,3.0,0.0,348.0,15.0,7.0,3239.0,5606.0,851.0,3963.1335483870967,119.06639297908572,False,False,False,False,False,False,False
2021-12-01,2021,12,4,2,CORDOBA,514.0,124.0,21.0,39.0,72569.0,2.0,412.0,501.0,21.0,13.0,6177.0,9586.0,1635.0,3963.1335483870967,119.06639297908572,False,False,False,False,False,False,False
2021-12-01,2021,12,4,2,CUNDINAMARCA,3804.0,690.0,88.0,77.0,0.0,0.0,0.0,3815.0,108.0,15.0,26230.0,48014.0,9414.0,3963.1335483870967,119.06639297908572,False,False,False,False,False,False,False
2021-12-01,2021,12,4,2,GUAINIA,8.0,6.0,2.0,5.0,2170.0,3.0,0.0,49.0,1.0,7.0,220.0,308.0,59.0,3963.1335483870967,119.06639297908572,False,False,False,False,False,False,False
2021-12-01,2021,12,4,2,GUAVIARE,9.0,8.0,2.0,8.0,706.0,2.0,0.0,112.0,2.0,9.0,716.0,1120.0,273.0,3963.1335483870967,119.06639297908572,False,False,False,False,False,False,False
2021-12-01,2021,12,4,2,HUILA,790.0,126.0,27.0,41.0,10622.0,3.0,0.0,1092.0,36.0,13.0,8444.0,13420.0,5030.0,3963.1335483870967,119.06639297908572,False,False,False,False,False,False,False
2021-12-01,2021,12,4,2,LA GUAJIRA,1185.0,97.0,15.0,32.0,15425.0,1.0,199.0,633.0,11.0,12.0,5666.0,10158.0,1797.0,3963.1335483870967,119.06639297908572,False,False,False,False,False,False,False
2021-12-01,2021,12,4,2,MAGDALENA,3082.0,130.0,18.0,71.0,165776.0,3.0,916.0,4083.0,15.0,13.0,19251.0,38342.0,10423.0,3963.1335483870967,119.06639297908572,False,False,False,False,False,False,False
2021-12-01,2021,12,4,2,META,937.0,132.0,22.0,42.0,3728.0,3.0,0.0,1567.0,29.0,15.0,16080.0,26033.0,5090.0,3963.1335483870967,119.06639297908572,False,False,False,False,False,False,False
2021-12-01,2021,12,4,2,NARINO,1098.0,110.0,23.0,41.0,28024.0,4.0,215.0,850.0,31.0,15.0,10495.0,14991.0,3854.0,3963.1335483870967,119.06639297908572,False,False,False,False,False,False,False
2021-12-01,2021,12,4,2,NORTE DE SANTANDER,4203.424,189.0,29.0,61.0,50667.0,1.0,4538.0,886.0,25.0,14.0,10164.0,14861.0,2842.0,3963.1335483870967,119.06639297908572,False,False,False,False,False,False,False
2021-12-01,2021,12,4,2,PUTUMAYO,123.0,38.0,9.0,20.0,6844.0,3.0,0.0,368.0,12.0,8.0,3788.0,4550.0,996.0,3963.1335483870967,119.06639297908572,False,False,False,False,False,False,False
2021-12-01,2021,12,4,2,QUINDIO,2468.0,171.0,12.0,49.0,18758.0,1.0,4634.0,2209.0,12.0,13.0,13644.0,26848.0,7292.0,3963.1335483870967,119.06639297908572,False,False,False,False,False,False,False
2021-12-01,2021,12,4,2,RISARALDA,2947.712,172.0,13.0,65.0,88347.0,1.0,15098.0,1279.0,14.0,15.0,8237.0,14562.0,3693.0,3963.1335483870967,119.06639297908572,False,False,False,False,False,False,False
2021-12-01,2021,12,4,2,"SAN ANDRES, PROVIDENCIA Y SANTA CATALINA",3720.0,62.0,2.0,47.0,140090.0,2.0,829.0,1636.0,2.0,13.0,8913.0,17675.0,7460.0,3963.1335483870967,119.06639297908572,False,False,False,False,False,False,False
2021-12-01,2021,12,4,2,SANTANDER,3955.0,342.0,50.0,75.0,83985.0,3.0,6533.0,2505.0,73.0,15.0,21754.0,34707.0,8185.0,3963.1335483870967,119.06639297908572,False,False,False,False,False,False,False
2021-12-01,2021,12,4,2,SUCRE,313.0,80.0,17.0,30.0,3603.0,2.0,0.0,743.0,17.0,7.0,7547.0,17802.0,1911.0,3963.1335483870967,119.06639297908572,False,False,False,False,False,False,False
2021-12-01,2021,12,4,2,TOLIMA,1182.0,151.0,34.0,47.0,4251.0,4.0,0.0,1764.0,43.0,13.0,16256.0,30087.0,5407.0,3963.1335483870967,119.06639297908572,False,False,False,False,False,False,False
2021-12-01,2021,12,4,2,VALLE DEL CAUCA,9988.757,669.0,42.0,111.0,245112.0,4.0,69855.0,2877.0,39.0,16.0,23515.0,37346.0,11671.0,3963.1335483870967,119.06639297908572,False,False,False,False,False,False,False
2021-12-01,2021,12,4,2,VAUPES,2.0,2.0,2.0,2.0,1103.0,2.0,0.0,20.0,2.0,4.0,179.0,234.0,56.0,3963.1335483870967,119.06639297908572,False,False,False,False,False,False,False
2021-12-01,2021,12,4,2,VICHADA,25.0,10.0,3.0,9.0,1595.0,1.0,0.0,73.0,4.0,6.0,601.0,829.0,147.0,3963.1335483870967,119.06639297908572,False,False,False,False,False,False,False
2022-01-01,2022,1,1,1,AMAZONAS,200.0,42.0,4.0,36.0,14331.0,3.0,6.0,364.0,4.0,9.0,1596.0,3396.0,933.0,3999.6161290322584,115.87433567520759,False,False,False,False,False,False,False
2022-01-01,2022,1,1,1,ANTIOQUIA,14259.976,750.0,98.0,121.0,411568.0,3.0,92950.0,14347.0,120.0,19.0,81481.0,136035.0,39767.0,3999.6161290322584,115.87433567520759,False,False,False,False,False,False,False
2022-01-01,2022,1,1,1,ARAUCA,151.0,28.0,6.0,17.0,8752.0,3.0,0.0,95.0,6.0,8.0,999.0,1442.0,179.0,3999.6161290322584,115.87433567520759,False,False,False,False,False,False,False
2022-01-01,2022,1,1,1,ATLANTICO,3229.636,189.0,19.0,90.0,102307.0,1.0,19671.0,1864.0,18.0,18.0,14884.0,22481.0,8743.0,3999.6161290322584,115.87433567520759,False,False,False,False,False,False,False
2022-01-01,2022,1,1,1,BOGOTA D.C.,9867.091,153.0,1.0,153.0,877771.0,1.0,304963.0,9885.0,7.0,19.0,46905.0,69715.0,41925.0,3999.6161290322584,115.87433567520759,False,False,False,False,False,False,False
2022-01-01,2022,1,1,1,BOLIVAR,9860.48,176.0,20.0,106.0,251023.0,2.0,31368.0,8235.0,25.0,19.0,36996.0,65908.0,23398.0,3999.6161290322584,115.87433567520759,False,False,False,False,False,False,False
2022-01-01,2022,1,1,1,BOYACA,533.0,171.0,50.0,43.0,0.0,0.0,0.0,3145.0,103.0,16.0,19345.0,34290.0,4441.0,3999.6161290322584,115.87433567520759,False,False,False,False,False,False,False
2022-01-01,2022,1,1,1,CALDAS,919.0,143.0,24.0,45.0,6159.0,1.0,0.0,1704.0,27.0,13.0,10426.0,19334.0,4384.0,3999.6161290322584,115.87433567520759,False,False,False,False,False,False,False
2022-01-01,2022,1,1,1,CAQUETA,147.0,35.0,7.0,26.0,4666.0,3.0,0.0,283.0,13.0,11.0,2402.0,3178.0,553.0,3999.6161290322584,115.87433567520759,False,False,False,False,False,False,False
2022-01-01,2022,1,1,1,CASANARE,87.0,32.0,7.0,20.0,10629.0,2.0,0.0,653.0,16.0,13.0,7748.0,10748.0,1252.0,3999.6161290322584,115.87433567520759,False,False,False,False,False,False,False
2022-01-01,2022,1,1,1,CAUCA,438.0,122.0,32.0,34.0,5595.0,2.0,0.0,515.0,29.0,13.0,4014.0,6065.0,1625.0,3999.6161290322584,115.87433567520759,False,False,False,False,False,False,False
2022-01-01,2022,1,1,1,CESAR,446.0,77.0,18.0,35.0,16295.0,2.0,197.0,630.0,21.0,14.0,7440.0,11491.0,1842.0,3999.6161290322584,115.87433567520759,False,False,False,False,False,False,False
2022-01-01,2022,1,1,1,CHOCO,97.0,40.0,10.0,19.0,13697.0,3.0,0.0,399.0,17.0,8.0,3535.0,6017.0,725.0,3999.6161290322584,115.87433567520759,False,False,False,False,False,False,False
2022-01-01,2022,1,1,1,CORDOBA,296.0,86.0,22.0,32.0,60834.0,2.0,363.0,737.0,23.0,14.0,7457.0,12108.0,2145.0,3999.6161290322584,115.87433567520759,False,False,False,False,False,False,False
2022-01-01,2022,1,1,1,CUNDINAMARCA,2093.0,518.0,79.0,60.0,0.0,0.0,0.0,6198.0,108.0,19.0,35478.0,66985.0,12181.0,3999.6161290322584,115.87433567520759,False,False,False,False,False,False,False
2022-01-01,2022,1,1,1,GUAINIA,17.0,10.0,4.0,8.0,2382.0,3.0,0.0,59.0,1.0,8.0,270.0,390.0,65.0,3999.6161290322584,115.87433567520759,False,False,False,False,False,False,False
2022-01-01,2022,1,1,1,GUAVIARE,7.0,5.0,2.0,5.0,709.0,2.0,0.0,153.0,3.0,9.0,840.0,1417.0,341.0,3999.6161290322584,115.87433567520759,False,False,False,False,False,False,False
2022-01-01,2022,1,1,1,HUILA,305.0,88.0,18.0,39.0,10868.0,2.0,0.0,1510.0,37.0,15.0,9989.0,16229.0,26294.0,3999.6161290322584,115.87433567520759,False,False,False,False,False,False,False
2022-01-01,2022,1,1,1,LA GUAJIRA,830.0,95.0,12.0,37.0,14963.0,1.0,109.0,947.0,13.0,14.0,7154.0,13390.0,2575.0,3999.6161290322584,115.87433567520759,False,False,False,False,False,False,False
2022-01-01,2022,1,1,1,MAGDALENA,2955.0,123.0,20.0,71.0,160277.0,1.0,672.0,6115.0,15.0,15.0,27735.0,54829.0,12453.0,3999.6161290322584,115.87433567520759,False,False,False,False,False,False,False
2022-01-01,2022,1,1,1,META,531.0,89.0,17.0,42.0,3190.0,1.0,0.0,2125.0,29.0,14.0,17989.0,29691.0,4410.0,3999.6161290322584,115.87433567520759,False,False,False,False,False,False,False
2022-01-01,2022,1,1,1,NARINO,1140.0,102.0,21.0,48.0,23557.0,3.0,151.0,1173.0,37.0,15.0,11640.0,17656.0,2521.0,3999.6161290322584,115.87433567520759,False,False,False,False,False,False,False
2022-01-01,2022,1,1,1,NORTE DE SANTANDER,2467.837,132.0,26.0,50.0,44783.0,1.0,3387.0,1176.0,30.0,16.0,11030.0,16587.0,3033.0,3999.6161290322584,115.87433567520759,False,False,False,False,False,False,False
2022-01-01,2022,1,1,1,PUTUMAYO,167.0,44.0,9.0,25.0,6197.0,3.0,0.0,415.0,13.0,10.0,3910.0,4719.0,581.0,3999.6161290322584,115.87433567520759,False,False,False,False,False,False,False
2022-01-01,2022,1,1,1,QUINDIO,1309.0,150.0,12.0,50.0,15107.0,1.0,3534.0,3158.0,12.0,14.0,16920.0,33437.0,6519.0,3999.6161290322584,115.87433567520759,False,False,False,False,False,False,False
2022-01-01,2022,1,1,1,RISARALDA,2309.0,125.0,13.0,57.0,82031.0,1.0,11028.0,2148.0,14.0,15.0,11103.0,20243.0,4251.0,3999.6161290322584,115.87433567520759,False,False,False,False,False,False,False
2022-01-01,2022,1,1,1,"SAN ANDRES, PROVIDENCIA Y SANTA CATALINA",2583.313,61.0,2.0,48.0,154133.0,2.0,902.0,1912.0,2.0,15.0,10352.0,21942.0,10560.0,3999.6161290322584,115.87433567520759,False,False,False,False,False,False,False
2022-01-01,2022,1,1,1,SANTANDER,2495.0,239.0,41.0,62.0,69868.0,3.0,5371.0,3546.0,75.0,16.0,25609.0,41800.0,5739.0,3999.6161290322584,115.87433567520759,False,False,False,False,False,False,False
2022-01-01,2022,1,1,1,SUCRE,206.0,74.0,16.0,28.0,3408.0,2.0,0.0,984.0,21.0,8.0,8684.0,20995.0,2071.0,3999.6161290322584,115.87433567520759,False,False,False,False,False,False,False
2022-01-01,2022,1,1,1,TOLIMA,658.0,116.0,25.0,41.0,3107.0,2.0,0.0,2773.0,44.0,14.0,21547.0,38050.0,4749.0,3999.6161290322584,115.87433567520759,False,False,False,False,False,False,False
2022-01-01,2022,1,1,1,VALLE DEL CAUCA,8372.921,536.0,40.0,99.0,224774.0,2.0,49803.0,5090.0,41.0,16.0,31394.0,52078.0,14536.0,3999.6161290322584,115.87433567520759,False,False,False,False,False,False,False
2022-01-01,2022,1,1,1,VAUPES,1.0,1.0,1.0,1.0,1233.0,3.0,0.0,31.0,2.0,5.0,221.0,289.0,40.0,3999.6161290322584,115.87433567520759,False,False,False,False,False,False,False
2022-01-01,2022,1,1,1,VICHADA,71.0,13.0,3.0,10.0,1757.0,1.0,0.0,70.0,4.0,7.0,577.0,794.0,76.0,3999.6161290322584,115.87433567520759,False,False,False,False,False,False,False
2022-02-01,2022,2,1,1,AMAZONAS,266.0,46.0,6.0,32.0,12109.0,3.0,21.0,364.0,4.0,9.0,1596.0,3396.0,933.0,3935.835714285714,117.40153189789653,False,False,False,False,False,False,False
2022-02-01,2022,2,1,1,ANTIOQUIA,12337.647,724.0,96.0,124.0,332062.0,3.0,73681.0,14347.0,120.0,19.0,81481.0,136035.0,39767.0,3935.835714285714,117.40153189789653,False,False,False,False,False,False,False
2022-02-01,2022,2,1,1,ARAUCA,111.0,22.0,6.0,14.0,7288.0,3.0,0.0,95.0,6.0,8.0,999.0,1442.0,179.0,3935.835714285714,117.40153189789653,False,False,False,False,False,False,False
2022-02-01,2022,2,1,1,ATLANTICO,3923.568,196.0,21.0,82.0,89878.0,1.0,14577.0,1864.0,18.0,18.0,14884.0,22481.0,8743.0,3935.835714285714,117.40153189789653,False,False,False,False,False,False,False
2022-02-01,2022,2,1,1,BOGOTA D.C.,10755.954,148.0,1.0,148.0,755473.0,1.0,234836.0,9885.0,7.0,19.0,46905.0,69715.0,41925.0,3935.835714285714,117.40153189789653,False,False,False,False,False,False,False
2022-02-01,2022,2,1,1,BOLIVAR,9075.326000000001,204.0,29.0,113.0,202647.0,2.0,34537.0,8235.0,25.0,19.0,36996.0,65908.0,23398.0,3935.835714285714,117.40153189789653,False,False,False,False,False,False,False
2022-02-01,2022,2,1,1,BOYACA,500.0,159.0,41.0,38.0,0.0,0.0,0.0,3145.0,103.0,16.0,19345.0,34290.0,4441.0,3935.835714285714,117.40153189789653,False,False,False,False,False,False,False
2022-02-01,2022,2,1,1,CALDAS,725.0,123.0,24.0,38.0,5056.0,2.0,0.0,1704.0,27.0,13.0,10426.0,19334.0,4384.0,3935.835714285714,117.40153189789653,False,False,False,False,False,False,False
2022-02-01,2022,2,1,1,CAQUETA,64.0,25.0,6.0,19.0,4798.0,2.0,0.0,283.0,13.0,11.0,2402.0,3178.0,553.0,3935.835714285714,117.40153189789653,False,False,False,False,False,False,False
2022-02-01,2022,2,1,1,CASANARE,80.0,36.0,8.0,23.0,10038.0,1.0,0.0,653.0,16.0,13.0,7748.0,10748.0,1252.0,3935.835714285714,117.40153189789653,False,False,False,False,False,False,False
2022-02-01,2022,2,1,1,CAUCA,373.0,113.0,30.0,33.0,4910.0,2.0,0.0,515.0,29.0,13.0,4014.0,6065.0,1625.0,3935.835714285714,117.40153189789653,False,False,False,False,False,False,False
2022-02-01,2022,2,1,1,CESAR,346.0,57.0,14.0,25.0,15646.0,2.0,184.0,630.0,21.0,14.0,7440.0,11491.0,1842.0,3935.835714285714,117.40153189789653,False,False,False,False,False,False,False
2022-02-01,2022,2,1,1,CHOCO,123.0,42.0,9.0,24.0,12366.0,3.0,0.0,399.0,17.0,8.0,3535.0,6017.0,725.0,3935.835714285714,117.40153189789653,False,False,False,False,False,False,False
2022-02-01,2022,2,1,1,CORDOBA,277.0,85.0,22.0,35.0,51716.0,1.0,233.0,737.0,23.0,14.0,7457.0,12108.0,2145.0,3935.835714285714,117.40153189789653,False,False,False,False,False,False,False
2022-02-01,2022,2,1,1,CUNDINAMARCA,2005.0,493.0,77.0,64.0,0.0,0.0,0.0,6198.0,108.0,19.0,35478.0,66985.0,12181.0,3935.835714285714,117.40153189789653,False,False,False,False,False,False,False
2022-02-01,2022,2,1,1,GUAINIA,22.0,9.0,3.0,9.0,2171.0,3.0,0.0,59.0,1.0,8.0,270.0,390.0,65.0,3935.835714285714,117.40153189789653,False,False,False,False,False,False,False
2022-02-01,2022,2,1,1,GUAVIARE,14.0,10.0,2.0,9.0,522.0,1.0,0.0,153.0,3.0,9.0,840.0,1417.0,341.0,3935.835714285714,117.40153189789653,False,False,False,False,False,False,False
2022-02-01,2022,2,1,1,HUILA,321.0,90.0,21.0,34.0,11936.0,2.0,0.0,1510.0,37.0,15.0,9989.0,16229.0,26294.0,3935.835714285714,117.40153189789653,False,False,False,False,False,False,False
2022-02-01,2022,2,1,1,LA GUAJIRA,634.0,76.0,14.0,34.0,13233.0,1.0,82.0,947.0,13.0,14.0,7154.0,13390.0,2575.0,3935.835714285714,117.40153189789653,False,False,False,False,False,False,False
2022-02-01,2022,2,1,1,MAGDALENA,2957.0,115.0,20.0,70.0,132133.0,1.0,816.0,6115.0,15.0,15.0,27735.0,54829.0,12453.0,3935.835714285714,117.40153189789653,False,False,False,False,False,False,False
2022-02-01,2022,2,1,1,META,493.0,76.0,15.0,38.0,3048.0,1.0,0.0,2125.0,29.0,14.0,17989.0,29691.0,4410.0,3935.835714285714,117.40153189789653,False,False,False,False,False,False,False
2022-02-01,2022,2,1,1,NARINO,982.0,94.0,20.0,40.0,23536.0,3.0,117.0,1173.0,37.0,15.0,11640.0,17656.0,2521.0,3935.835714285714,117.40153189789653,False,False,False,False,False,False,False
2022-02-01,2022,2,1,1,NORTE DE SANTANDER,2316.312,124.0,21.0,48.0,42888.0,1.0,2581.0,1176.0,30.0,16.0,11030.0,16587.0,3033.0,3935.835714285714,117.40153189789653,False,False,False,False,False,False,False
2022-02-01,2022,2,1,1,PUTUMAYO,104.0,37.0,10.0,17.0,6098.0,3.0,0.0,415.0,13.0,10.0,3910.0,4719.0,581.0,3935.835714285714,117.40153189789653,False,False,False,False,False,False,False
2022-02-01,2022,2,1,1,QUINDIO,1664.0,152.0,11.0,51.0,14261.0,1.0,2836.0,3158.0,12.0,14.0,16920.0,33437.0,6519.0,3935.835714285714,117.40153189789653,False,False,False,False,False,False,False
2022-02-01,2022,2,1,1,RISARALDA,2641.0,144.0,13.0,63.0,77242.0,1.0,9016.0,2148.0,14.0,15.0,11103.0,20243.0,4251.0,3935.835714285714,117.40153189789653,False,False,False,False,False,False,False
2022-02-01,2022,2,1,1,"SAN ANDRES, PROVIDENCIA Y SANTA CATALINA",3128.663,64.0,2.0,48.0,128182.0,2.0,2175.0,1912.0,2.0,15.0,10352.0,21942.0,10560.0,3935.835714285714,117.40153189789653,False,False,False,False,False,False,False
2022-02-01,2022,2,1,1,SANTANDER,1973.0,227.0,38.0,59.0,69432.0,3.0,3636.0,3546.0,75.0,16.0,25609.0,41800.0,5739.0,3935.835714285714,117.40153189789653,False,False,False,False,False,False,False
2022-02-01,2022,2,1,1,SUCRE,138.0,66.0,16.0,27.0,2794.0,2.0,0.0,984.0,21.0,8.0,8684.0,20995.0,2071.0,3935.835714285714,117.40153189789653,False,False,False,False,False,False,False
2022-02-01,2022,2,1,1,TOLIMA,515.0,103.0,24.0,42.0,3944.0,2.0,0.0,2773.0,44.0,14.0,21547.0,38050.0,4749.0,3935.835714285714,117.40153189789653,False,False,False,False,False,False,False
2022-02-01,2022,2,1,1,VALLE DEL CAUCA,6812.178,467.0,41.0,97.0,194370.0,2.0,38224.0,5090.0,41.0,16.0,31394.0,52078.0,14536.0,3935.835714285714,117.40153189789653,False,False,False,False,False,False,False
2022-02-01,2022,2,1,1,VAUPES,3.0,2.0,2.0,1.0,1106.0,2.0,0.0,31.0,2.0,5.0,221.0,289.0,40.0,3935.835714285714,117.40153189789653,False,False,False,False,False,False,False
2022-02-01,2022,2,1,1,VICHADA,44.0,14.0,3.0,11.0,1720.0,1.0,0.0,70.0,4.0,7.0,577.0,794.0,76.0,3935.835714285714,117.40153189789653,False,False,False,False,False,False,False
2022-03-01,2022,3,1,1,AMAZONAS,281.0,54.0,7.0,35.0,12942.0,3.0,7.0,364.0,4.0,9.0,1596.0,3396.0,933.0,3807.170967741936,119.46308781268407,False,False,False,False,False,False,False
2022-03-01,2022,3,1,1,ANTIOQUIA,15435.604,744.0,102.0,130.0,432404.0,3.0,89049.0,14347.0,120.0,19.0,81481.0,136035.0,39767.0,3807.170967741936,119.46308781268407,False,False,False,False,False,False,False
2022-03-01,2022,3,1,1,ARAUCA,129.0,21.0,4.0,16.0,8213.0,3.0,0.0,95.0,6.0,8.0,999.0,1442.0,179.0,3807.170967741936,119.46308781268407,False,False,False,False,False,False,False
2022-03-01,2022,3,1,1,ATLANTICO,4102.367,195.0,21.0,82.0,117685.0,1.0,18480.0,1864.0,18.0,18.0,14884.0,22481.0,8743.0,3807.170967741936,119.46308781268407,False,False,False,False,False,False,False
2022-03-01,2022,3,1,1,BOGOTA D.C.,11253.356,161.0,1.0,161.0,912474.0,1.0,271840.0,9885.0,7.0,19.0,46905.0,69715.0,41925.0,3807.170967741936,119.46308781268407,False,False,False,False,False,False,False
2022-03-01,2022,3,1,1,BOLIVAR,9893.0,233.0,33.0,128.0,247910.0,2.0,40437.0,8235.0,25.0,19.0,36996.0,65908.0,23398.0,3807.170967741936,119.46308781268407,False,False,False,False,False,False,False
2022-03-01,2022,3,1,1,BOYACA,436.0,145.0,36.0,36.0,0.0,0.0,0.0,3145.0,103.0,16.0,19345.0,34290.0,4441.0,3807.170967741936,119.46308781268407,False,False,False,False,False,False,False
2022-03-01,2022,3,1,1,CALDAS,799.0,132.0,22.0,37.0,4797.0,2.0,0.0,1704.0,27.0,13.0,10426.0,19334.0,4384.0,3807.170967741936,119.46308781268407,False,False,False,False,False,False,False
2022-03-01,2022,3,1,1,CAQUETA,79.0,27.0,7.0,19.0,5889.0,2.0,0.0,283.0,13.0,11.0,2402.0,3178.0,553.0,3807.170967741936,119.46308781268407,False,False,False,False,False,False,False
2022-03-01,2022,3,1,1,CASANARE,105.0,41.0,10.0,27.0,11731.0,1.0,0.0,653.0,16.0,13.0,7748.0,10748.0,1252.0,3807.170967741936,119.46308781268407,False,False,False,False,False,False,False
2022-03-01,2022,3,1,1,CAUCA,432.0,135.0,37.0,37.0,6373.0,2.0,0.0,515.0,29.0,13.0,4014.0,6065.0,1625.0,3807.170967741936,119.46308781268407,False,False,False,False,False,False,False
2022-03-01,2022,3,1,1,CESAR,308.0,58.0,14.0,27.0,17676.0,2.0,178.0,630.0,21.0,14.0,7440.0,11491.0,1842.0,3807.170967741936,119.46308781268407,False,False,False,False,False,False,False
2022-03-01,2022,3,1,1,CHOCO,196.0,56.0,9.0,34.0,13718.0,3.0,0.0,399.0,17.0,8.0,3535.0,6017.0,725.0,3807.170967741936,119.46308781268407,False,False,False,False,False,False,False
2022-03-01,2022,3,1,1,CORDOBA,281.0,86.0,21.0,30.0,60375.0,2.0,303.0,737.0,23.0,14.0,7457.0,12108.0,2145.0,3807.170967741936,119.46308781268407,False,False,False,False,False,False,False
2022-03-01,2022,3,1,1,CUNDINAMARCA,2409.0,560.0,80.0,65.0,0.0,0.0,0.0,6198.0,108.0,19.0,35478.0,66985.0,12181.0,3807.170967741936,119.46308781268407,False,False,False,False,False,False,False
2022-03-01,2022,3,1,1,GUAINIA,7.0,5.0,1.0,5.0,2372.0,3.0,0.0,59.0,1.0,8.0,270.0,390.0,65.0,3807.170967741936,119.46308781268407,False,False,False,False,False,False,False
2022-03-01,2022,3,1,1,GUAVIARE,3.0,3.0,2.0,3.0,576.0,1.0,0.0,153.0,3.0,9.0,840.0,1417.0,341.0,3807.170967741936,119.46308781268407,False,False,False,False,False,False,False
2022-03-01,2022,3,1,1,HUILA,349.0,84.0,19.0,36.0,16179.0,2.0,0.0,1510.0,37.0,15.0,9989.0,16229.0,26294.0,3807.170967741936,119.46308781268407,False,False,False,False,False,False,False
2022-03-01,2022,3,1,1,LA GUAJIRA,703.0,99.0,14.0,35.0,15036.0,1.0,125.0,947.0,13.0,14.0,7154.0,13390.0,2575.0,3807.170967741936,119.46308781268407,False,False,False,False,False,False,False
2022-03-01,2022,3,1,1,MAGDALENA,3440.0,139.0,22.0,74.0,151640.0,1.0,915.0,6115.0,15.0,15.0,27735.0,54829.0,12453.0,3807.170967741936,119.46308781268407,False,False,False,False,False,False,False
2022-03-01,2022,3,1,1,META,515.0,92.0,16.0,41.0,4666.0,2.0,0.0,2125.0,29.0,14.0,17989.0,29691.0,4410.0,3807.170967741936,119.46308781268407,False,False,False,False,False,False,False
2022-03-01,2022,3,1,1,NARINO,966.0,99.0,16.0,42.0,26855.0,4.0,116.0,1173.0,37.0,15.0,11640.0,17656.0,2521.0,3807.170967741936,119.46308781268407,False,False,False,False,False,False,False
2022-03-01,2022,3,1,1,NORTE DE SANTANDER,2479.17,134.0,19.0,54.0,48864.0,1.0,2885.0,1176.0,30.0,16.0,11030.0,16587.0,3033.0,3807.170967741936,119.46308781268407,False,False,False,False,False,False,False
2022-03-01,2022,3,1,1,PUTUMAYO,118.0,38.0,11.0,17.0,6649.0,3.0,0.0,415.0,13.0,10.0,3910.0,4719.0,581.0,3807.170967741936,119.46308781268407,False,False,False,False,False,False,False
2022-03-01,2022,3,1,1,QUINDIO,1636.0,158.0,11.0,55.0,16853.0,1.0,3330.0,3158.0,12.0,14.0,16920.0,33437.0,6519.0,3807.170967741936,119.46308781268407,False,False,False,False,False,False,False
2022-03-01,2022,3,1,1,RISARALDA,1716.07,138.0,12.0,65.0,93174.0,1.0,9515.0,2148.0,14.0,15.0,11103.0,20243.0,4251.0,3807.170967741936,119.46308781268407,False,False,False,False,False,False,False
2022-03-01,2022,3,1,1,"SAN ANDRES, PROVIDENCIA Y SANTA CATALINA",2628.206,67.0,2.0,53.0,136988.0,2.0,2809.0,1912.0,2.0,15.0,10352.0,21942.0,10560.0,3807.170967741936,119.46308781268407,False,False,False,False,False,False,False
2022-03-01,2022,3,1,1,SANTANDER,1993.0,217.0,41.0,63.0,83944.0,3.0,3787.0,3546.0,75.0,16.0,25609.0,41800.0,5739.0,3807.170967741936,119.46308781268407,False,False,False,False,False,False,False
2022-03-01,2022,3,1,1,SUCRE,219.0,76.0,17.0,36.0,3473.0,2.0,0.0,984.0,21.0,8.0,8684.0,20995.0,2071.0,3807.170967741936,119.46308781268407,False,False,False,False,False,False,False
2022-03-01,2022,3,1,1,TOLIMA,885.0,103.0,24.0,40.0,4730.0,1.0,0.0,2773.0,44.0,14.0,21547.0,38050.0,4749.0,3807.170967741936,119.46308781268407,False,False,False,False,False,False,False
2022-03-01,2022,3,1,1,VALLE DEL CAUCA,7955.116,485.0,40.0,105.0,236535.0,2.0,43749.0,5090.0,41.0,16.0,31394.0,52078.0,14536.0,3807.170967741936,119.46308781268407,False,False,False,False,False,False,False
2022-03-01,2022,3,1,1,VAUPES,1.0,1.0,1.0,1.0,1151.0,2.0,0.0,31.0,2.0,5.0,221.0,289.0,40.0,3807.170967741936,119.46308781268407,False,False,False,False,False,False,False
2022-03-01,2022,3,1,1,VICHADA,29.0,12.0,4.0,8.0,1702.0,1.0,0.0,70.0,4.0,7.0,577.0,794.0,76.0,3807.170967741936,119.46308781268407,False,False,False,False,False,False,False
2022-04-01,2022,4,2,1,AMAZONAS,298.0,50.0,6.0,35.0,14302.0,3.0,5.0,364.0,4.0,9.0,1596.0,3396.0,933.0,3792.9820000000004,119.64967600365057,False,False,False,False,False,False,False
2022-04-01,2022,4,2,1,ANTIOQUIA,13295.672,791.0,106.0,122.0,436913.0,3.0,108656.0,14347.0,120.0,19.0,81481.0,136035.0,39767.0,3792.9820000000004,119.64967600365057,False,False,False,False,False,False,False
2022-04-01,2022,4,2,1,ARAUCA,98.0,29.0,5.0,20.0,7704.0,3.0,0.0,95.0,6.0,8.0,999.0,1442.0,179.0,3792.9820000000004,119.64967600365057,False,False,False,False,False,False,False
2022-04-01,2022,4,2,1,ATLANTICO,4032.434,190.0,20.0,87.0,106764.0,1.0,16901.0,1864.0,18.0,18.0,14884.0,22481.0,8743.0,3792.9820000000004,119.64967600365057,False,False,False,False,False,False,False
2022-04-01,2022,4,2,1,BOGOTA D.C.,12529.306,155.0,2.0,154.0,866697.0,1.0,312240.0,9885.0,7.0,19.0,46905.0,69715.0,41925.0,3792.9820000000004,119.64967600365057,False,False,False,False,False,False,False
2022-04-01,2022,4,2,1,BOLIVAR,11360.218,219.0,28.0,131.0,247815.0,2.0,48520.0,8235.0,25.0,19.0,36996.0,65908.0,23398.0,3792.9820000000004,119.64967600365057,False,False,False,False,False,False,False
2022-04-01,2022,4,2,1,BOYACA,486.0,169.0,44.0,37.0,0.0,0.0,0.0,3145.0,103.0,16.0,19345.0,34290.0,4441.0,3792.9820000000004,119.64967600365057,False,False,False,False,False,False,False
2022-04-01,2022,4,2,1,CALDAS,823.0,130.0,25.0,44.0,5434.0,2.0,0.0,1704.0,27.0,13.0,10426.0,19334.0,4384.0,3792.9820000000004,119.64967600365057,False,False,False,False,False,False,False
2022-04-01,2022,4,2,1,CAQUETA,89.0,36.0,6.0,24.0,4960.0,2.0,0.0,283.0,13.0,11.0,2402.0,3178.0,553.0,3792.9820000000004,119.64967600365057,False,False,False,False,False,False,False
2022-04-01,2022,4,2,1,CASANARE,106.0,35.0,10.0,22.0,9494.0,1.0,0.0,653.0,16.0,13.0,7748.0,10748.0,1252.0,3792.9820000000004,119.64967600365057,False,False,False,False,False,False,False
2022-04-01,2022,4,2,1,CAUCA,506.0,128.0,33.0,35.0,6756.0,2.0,0.0,515.0,29.0,13.0,4014.0,6065.0,1625.0,3792.9820000000004,119.64967600365057,False,False,False,False,False,False,False
2022-04-01,2022,4,2,1,CESAR,453.0,64.0,18.0,32.0,21006.0,3.0,255.0,630.0,21.0,14.0,7440.0,11491.0,1842.0,3792.9820000000004,119.64967600365057,False,False,False,False,False,False,False
2022-04-01,2022,4,2,1,CHOCO,178.0,39.0,9.0,25.0,13403.0,3.0,0.0,399.0,17.0,8.0,3535.0,6017.0,725.0,3792.9820000000004,119.64967600365057,False,False,False,False,False,False,False
2022-04-01,2022,4,2,1,CORDOBA,315.0,103.0,23.0,38.0,63922.0,1.0,342.0,737.0,23.0,14.0,7457.0,12108.0,2145.0,3792.9820000000004,119.64967600365057,False,False,False,False,False,False,False
2022-04-01,2022,4,2,1,CUNDINAMARCA,2149.0,473.0,78.0,60.0,0.0,0.0,0.0,6198.0,108.0,19.0,35478.0,66985.0,12181.0,3792.9820000000004,119.64967600365057,False,False,False,False,False,False,False
2022-04-01,2022,4,2,1,GUAINIA,7.0,5.0,3.0,4.0,1791.0,3.0,0.0,59.0,1.0,8.0,270.0,390.0,65.0,3792.9820000000004,119.64967600365057,False,False,False,False,False,False,False
2022-04-01,2022,4,2,1,GUAVIARE,6.0,6.0,1.0,6.0,594.0,1.0,0.0,153.0,3.0,9.0,840.0,1417.0,341.0,3792.9820000000004,119.64967600365057,False,False,False,False,False,False,False
2022-04-01,2022,4,2,1,HUILA,360.0,89.0,21.0,34.0,16100.0,2.0,0.0,1510.0,37.0,15.0,9989.0,16229.0,26294.0,3792.9820000000004,119.64967600365057,False,False,False,False,False,False,False
2022-04-01,2022,4,2,1,LA GUAJIRA,769.0,95.0,12.0,32.0,17172.0,1.0,267.0,947.0,13.0,14.0,7154.0,13390.0,2575.0,3792.9820000000004,119.64967600365057,False,False,False,False,False,False,False
2022-04-01,2022,4,2,1,MAGDALENA,3702.0,121.0,19.0,69.0,153963.0,1.0,1422.0,6115.0,15.0,15.0,27735.0,54829.0,12453.0,3792.9820000000004,119.64967600365057,False,False,False,False,False,False,False
2022-04-01,2022,4,2,1,META,504.0,88.0,19.0,35.0,6964.0,2.0,5.0,2125.0,29.0,14.0,17989.0,29691.0,4410.0,3792.9820000000004,119.64967600365057,False,False,False,False,False,False,False
2022-04-01,2022,4,2,1,NARINO,1085.0,99.0,18.0,44.0,32505.0,3.0,175.0,1173.0,37.0,15.0,11640.0,17656.0,2521.0,3792.9820000000004,119.64967600365057,False,False,False,False,False,False,False
2022-04-01,2022,4,2,1,NORTE DE SANTANDER,2767.291,151.0,28.0,57.0,57287.0,1.0,4271.0,1176.0,30.0,16.0,11030.0,16587.0,3033.0,3792.9820000000004,119.64967600365057,False,False,False,False,False,False,False
2022-04-01,2022,4,2,1,PUTUMAYO,182.0,47.0,9.0,23.0,6495.0,3.0,0.0,415.0,13.0,10.0,3910.0,4719.0,581.0,3792.9820000000004,119.64967600365057,False,False,False,False,False,False,False
2022-04-01,2022,4,2,1,QUINDIO,1851.0,172.0,12.0,60.0,19151.0,1.0,3367.0,3158.0,12.0,14.0,16920.0,33437.0,6519.0,3792.9820000000004,119.64967600365057,False,False,False,False,False,False,False
2022-04-01,2022,4,2,1,RISARALDA,1941.032,143.0,11.0,63.0,97378.0,1.0,10962.0,2148.0,14.0,15.0,11103.0,20243.0,4251.0,3792.9820000000004,119.64967600365057,False,False,False,False,False,False,False
2022-04-01,2022,4,2,1,"SAN ANDRES, PROVIDENCIA Y SANTA CATALINA",3221.531,68.0,2.0,50.0,121450.0,2.0,2934.0,1912.0,2.0,15.0,10352.0,21942.0,10560.0,3792.9820000000004,119.64967600365057,False,False,False,False,False,False,False
2022-04-01,2022,4,2,1,SANTANDER,2020.0,227.0,41.0,57.0,87004.0,3.0,4577.0,3546.0,75.0,16.0,25609.0,41800.0,5739.0,3792.9820000000004,119.64967600365057,False,False,False,False,False,False,False
2022-04-01,2022,4,2,1,SUCRE,166.0,69.0,13.0,30.0,4391.0,2.0,0.0,984.0,21.0,8.0,8684.0,20995.0,2071.0,3792.9820000000004,119.64967600365057,False,False,False,False,False,False,False
2022-04-01,2022,4,2,1,TOLIMA,560.0,93.0,24.0,41.0,5079.0,1.0,0.0,2773.0,44.0,14.0,21547.0,38050.0,4749.0,3792.9820000000004,119.64967600365057,False,False,False,False,False,False,False
2022-04-01,2022,4,2,1,VALLE DEL CAUCA,8650.226,495.0,40.0,104.0,229171.0,2.0,49312.0,5090.0,41.0,16.0,31394.0,52078.0,14536.0,3792.9820000000004,119.64967600365057,False,False,False,False,False,False,False
2022-04-01,2022,4,2,1,VAUPES,1.0,1.0,1.0,1.0,1012.0,2.0,0.0,31.0,2.0,5.0,221.0,289.0,40.0,3792.9820000000004,119.64967600365057,False,False,False,False,False,False,False
2022-04-01,2022,4,2,1,VICHADA,27.0,12.0,3.0,12.0,1537.0,1.0,0.0,70.0,4.0,7.0,577.0,794.0,76.0,3792.9820000000004,119.64967600365057,False,False,False,False,False,False,False
2022-05-01,2022,5,2,1,AMAZONAS,287.0,51.0,7.0,38.0,14099.0,3.0,0.0,364.0,4.0,9.0,1596.0,3396.0,933.0,4019.07935483871,119.80043043410879,False,False,False,False,False,False,False
2022-05-01,2022,5,2,1,ANTIOQUIA,15052.359,759.0,100.0,130.0,432102.0,3.0,102943.0,14347.0,120.0,19.0,81481.0,136035.0,39767.0,4019.07935483871,119.80043043410879,False,False,False,False,False,False,False
2022-05-01,2022,5,2,1,ARAUCA,113.0,23.0,5.0,16.0,8606.0,3.0,0.0,95.0,6.0,8.0,999.0,1442.0,179.0,4019.07935483871,119.80043043410879,False,False,False,False,False,False,False
2022-05-01,2022,5,2,1,ATLANTICO,3569.785,182.0,20.0,79.0,99684.0,1.0,14776.0,1864.0,18.0,18.0,14884.0,22481.0,8743.0,4019.07935483871,119.80043043410879,False,False,False,False,False,False,False
2022-05-01,2022,5,2,1,BOGOTA D.C.,9568.781,156.0,1.0,156.0,870509.0,1.0,400910.0,9885.0,7.0,19.0,46905.0,69715.0,41925.0,4019.07935483871,119.80043043410879,False,False,False,False,False,False,False
2022-05-01,2022,5,2,1,BOLIVAR,9554.769,208.0,25.0,119.0,225765.0,2.0,40265.0,8235.0,25.0,19.0,36996.0,65908.0,23398.0,4019.07935483871,119.80043043410879,False,False,False,False,False,False,False
2022-05-01,2022,5,2,1,BOYACA,405.0,171.0,39.0,39.0,0.0,0.0,0.0,3145.0,103.0,16.0,19345.0,34290.0,4441.0,4019.07935483871,119.80043043410879,False,False,False,False,False,False,False
2022-05-01,2022,5,2,1,CALDAS,752.0,120.0,23.0,46.0,6212.0,2.0,0.0,1704.0,27.0,13.0,10426.0,19334.0,4384.0,4019.07935483871,119.80043043410879,False,False,False,False,False,False,False
2022-05-01,2022,5,2,1,CAQUETA,64.0,25.0,7.0,16.0,5799.0,2.0,0.0,283.0,13.0,11.0,2402.0,3178.0,553.0,4019.07935483871,119.80043043410879,False,False,False,False,False,False,False
2022-05-01,2022,5,2,1,CASANARE,101.0,35.0,9.0,20.0,11339.0,1.0,0.0,653.0,16.0,13.0,7748.0,10748.0,1252.0,4019.07935483871,119.80043043410879,False,False,False,False,False,False,False
2022-05-01,2022,5,2,1,CAUCA,372.0,112.0,27.0,39.0,6900.0,2.0,0.0,515.0,29.0,13.0,4014.0,6065.0,1625.0,4019.07935483871,119.80043043410879,False,False,False,False,False,False,False
2022-05-01,2022,5,2,1,CESAR,352.0,60.0,14.0,24.0,17519.0,3.0,10.0,630.0,21.0,14.0,7440.0,11491.0,1842.0,4019.07935483871,119.80043043410879,False,False,False,False,False,False,False
2022-05-01,2022,5,2,1,CHOCO,181.0,41.0,8.0,22.0,13930.0,3.0,0.0,399.0,17.0,8.0,3535.0,6017.0,725.0,4019.07935483871,119.80043043410879,False,False,False,False,False,False,False
2022-05-01,2022,5,2,1,CORDOBA,263.0,87.0,19.0,32.0,54592.0,1.0,61.0,737.0,23.0,14.0,7457.0,12108.0,2145.0,4019.07935483871,119.80043043410879,False,False,False,False,False,False,False
2022-05-01,2022,5,2,1,CUNDINAMARCA,2169.0,503.0,79.0,57.0,0.0,0.0,0.0,6198.0,108.0,19.0,35478.0,66985.0,12181.0,4019.07935483871,119.80043043410879,False,False,False,False,False,False,False
2022-05-01,2022,5,2,1,GUAINIA,11.0,5.0,4.0,5.0,2109.0,2.0,0.0,59.0,1.0,8.0,270.0,390.0,65.0,4019.07935483871,119.80043043410879,False,False,False,False,False,False,False
2022-05-01,2022,5,2,1,GUAVIARE,4.0,3.0,1.0,3.0,529.0,1.0,0.0,153.0,3.0,9.0,840.0,1417.0,341.0,4019.07935483871,119.80043043410879,False,False,False,False,False,False,False
2022-05-01,2022,5,2,1,HUILA,354.0,101.0,19.0,41.0,17968.0,2.0,0.0,1510.0,37.0,15.0,9989.0,16229.0,26294.0,4019.07935483871,119.80043043410879,False,False,False,False,False,False,False
2022-05-01,2022,5,2,1,LA GUAJIRA,717.0,91.0,12.0,38.0,15801.0,1.0,92.0,947.0,13.0,14.0,7154.0,13390.0,2575.0,4019.07935483871,119.80043043410879,False,False,False,False,False,False,False
2022-05-01,2022,5,2,1,MAGDALENA,2960.0,129.0,18.0,78.0,144529.0,1.0,303.0,6115.0,15.0,15.0,27735.0,54829.0,12453.0,4019.07935483871,119.80043043410879,False,False,False,False,False,False,False
2022-05-01,2022,5,2,1,META,471.0,79.0,16.0,39.0,7640.0,1.0,0.0,2125.0,29.0,14.0,17989.0,29691.0,4410.0,4019.07935483871,119.80043043410879,False,False,False,False,False,False,False
2022-05-01,2022,5,2,1,NARINO,967.0,111.0,25.0,48.0,34356.0,3.0,3.0,1173.0,37.0,15.0,11640.0,17656.0,2521.0,4019.07935483871,119.80043043410879,False,False,False,False,False,False,False
2022-05-01,2022,5,2,1,NORTE DE SANTANDER,2876.954,142.0,27.0,57.0,57493.0,1.0,2706.0,1176.0,30.0,16.0,11030.0,16587.0,3033.0,4019.07935483871,119.80043043410879,False,False,False,False,False,False,False
2022-05-01,2022,5,2,1,PUTUMAYO,104.0,37.0,11.0,20.0,7632.0,3.0,0.0,415.0,13.0,10.0,3910.0,4719.0,581.0,4019.07935483871,119.80043043410879,False,False,False,False,False,False,False
2022-05-01,2022,5,2,1,QUINDIO,1535.0,149.0,12.0,55.0,21497.0,1.0,3389.0,3158.0,12.0,14.0,16920.0,33437.0,6519.0,4019.07935483871,119.80043043410879,False,False,False,False,False,False,False
2022-05-01,2022,5,2,1,RISARALDA,1612.056,127.0,13.0,58.0,96984.0,1.0,5879.0,2148.0,14.0,15.0,11103.0,20243.0,4251.0,4019.07935483871,119.80043043410879,False,False,False,False,False,False,False
2022-05-01,2022,5,2,1,"SAN ANDRES, PROVIDENCIA Y SANTA CATALINA",3307.2889999999998,64.0,2.0,46.0,117818.0,2.0,2011.0,1912.0,2.0,15.0,10352.0,21942.0,10560.0,4019.07935483871,119.80043043410879,False,False,False,False,False,False,False
2022-05-01,2022,5,2,1,SANTANDER,2244.0,236.0,41.0,65.0,85841.0,3.0,2419.0,3546.0,75.0,16.0,25609.0,41800.0,5739.0,4019.07935483871,119.80043043410879,False,False,False,False,False,False,False
2022-05-01,2022,5,2,1,SUCRE,113.0,44.0,12.0,23.0,3773.0,2.0,0.0,984.0,21.0,8.0,8684.0,20995.0,2071.0,4019.07935483871,119.80043043410879,False,False,False,False,False,False,False
2022-05-01,2022,5,2,1,TOLIMA,625.0,84.0,19.0,40.0,5253.0,1.0,0.0,2773.0,44.0,14.0,21547.0,38050.0,4749.0,4019.07935483871,119.80043043410879,False,False,False,False,False,False,False
2022-05-01,2022,5,2,1,VALLE DEL CAUCA,8423.22,484.0,40.0,103.0,228715.0,2.0,40968.0,5090.0,41.0,16.0,31394.0,52078.0,14536.0,4019.07935483871,119.80043043410879,False,False,False,False,False,False,False
2022-05-01,2022,5,2,1,VAUPES,1.0,1.0,1.0,1.0,1422.0,2.0,0.0,31.0,2.0,5.0,221.0,289.0,40.0,4019.07935483871,119.80043043410879,False,False,False,False,False,False,False
2022-05-01,2022,5,2,1,VICHADA,29.0,10.0,2.0,9.0,2007.0,1.0,0.0,70.0,4.0,7.0,577.0,794.0,76.0,4019.07935483871,119.80043043410879,False,False,False,False,False,False,False
2022-06-01,2022,6,2,1,AMAZONAS,316.0,53.0,8.0,35.0,14386.0,3.0,0.0,364.0,4.0,9.0,1596.0,3396.0,933.0,3930.766666666667,119.32481181445185,False,False,False,False,False,False,False
2022-06-01,2022,6,2,1,ANTIOQUIA,16168.486,796.0,100.0,122.0,453657.0,4.0,111782.0,14347.0,120.0,19.0,81481.0,136035.0,39767.0,3930.766666666667,119.32481181445185,False,False,False,False,False,False,False
2022-06-01,2022,6,2,1,ARAUCA,122.0,26.0,6.0,17.0,8278.0,3.0,0.0,95.0,6.0,8.0,999.0,1442.0,179.0,3930.766666666667,119.32481181445185,False,False,False,False,False,False,False
2022-06-01,2022,6,2,1,ATLANTICO,4129.643,177.0,23.0,80.0,104075.0,1.0,14994.0,1864.0,18.0,18.0,14884.0,22481.0,8743.0,3930.766666666667,119.32481181445185,False,False,False,False,False,False,False
2022-06-01,2022,6,2,1,BOGOTA D.C.,9857.904,159.0,1.0,159.0,857165.0,1.0,420003.0,9885.0,7.0,19.0,46905.0,69715.0,41925.0,3930.766666666667,119.32481181445185,False,False,False,False,False,False,False
2022-06-01,2022,6,2,1,BOLIVAR,8869.413,219.0,26.0,125.0,263348.0,2.0,37108.0,8235.0,25.0,19.0,36996.0,65908.0,23398.0,3930.766666666667,119.32481181445185,False,False,False,False,False,False,False
2022-06-01,2022,6,2,1,BOYACA,631.0,181.0,50.0,40.0,221.0,1.0,0.0,3145.0,103.0,16.0,19345.0,34290.0,4441.0,3930.766666666667,119.32481181445185,False,False,False,False,False,False,False
2022-06-01,2022,6,2,1,CALDAS,1165.0,143.0,26.0,50.0,6071.0,1.0,0.0,1704.0,27.0,13.0,10426.0,19334.0,4384.0,3930.766666666667,119.32481181445185,False,False,False,False,False,False,False
2022-06-01,2022,6,2,1,CAQUETA,67.0,32.0,9.0,20.0,5268.0,2.0,0.0,283.0,13.0,11.0,2402.0,3178.0,553.0,3930.766666666667,119.32481181445185,False,False,False,False,False,False,False
2022-06-01,2022,6,2,1,CASANARE,92.0,31.0,10.0,18.0,11520.0,2.0,0.0,653.0,16.0,13.0,7748.0,10748.0,1252.0,3930.766666666667,119.32481181445185,False,False,False,False,False,False,False
2022-06-01,2022,6,2,1,CAUCA,479.0,112.0,27.0,38.0,7129.0,2.0,0.0,515.0,29.0,13.0,4014.0,6065.0,1625.0,3930.766666666667,119.32481181445185,False,False,False,False,False,False,False
2022-06-01,2022,6,2,1,CESAR,2773.0,91.0,18.0,41.0,20492.0,3.0,4.0,630.0,21.0,14.0,7440.0,11491.0,1842.0,3930.766666666667,119.32481181445185,False,False,False,False,False,False,False
2022-06-01,2022,6,2,1,CHOCO,177.0,52.0,13.0,30.0,17091.0,3.0,0.0,399.0,17.0,8.0,3535.0,6017.0,725.0,3930.766666666667,119.32481181445185,False,False,False,False,False,False,False
2022-06-01,2022,6,2,1,CORDOBA,482.0,94.0,24.0,37.0,68423.0,1.0,29.0,737.0,23.0,14.0,7457.0,12108.0,2145.0,3930.766666666667,119.32481181445185,False,False,False,False,False,False,False
2022-06-01,2022,6,2,1,CUNDINAMARCA,3044.0,578.0,83.0,63.0,0.0,0.0,0.0,6198.0,108.0,19.0,35478.0,66985.0,12181.0,3930.766666666667,119.32481181445185,False,False,False,False,False,False,False
2022-06-01,2022,6,2,1,GUAINIA,6.0,2.0,2.0,2.0,1895.0,3.0,0.0,59.0,1.0,8.0,270.0,390.0,65.0,3930.766666666667,119.32481181445185,False,False,False,False,False,False,False
2022-06-01,2022,6,2,1,GUAVIARE,8.0,8.0,2.0,7.0,562.0,1.0,0.0,153.0,3.0,9.0,840.0,1417.0,341.0,3930.766666666667,119.32481181445185,False,False,False,False,False,False,False
2022-06-01,2022,6,2,1,HUILA,755.0,112.0,24.0,45.0,19188.0,2.0,0.0,1510.0,37.0,15.0,9989.0,16229.0,26294.0,3930.766666666667,119.32481181445185,False,False,False,False,False,False,False
2022-06-01,2022,6,2,1,LA GUAJIRA,738.0,96.0,13.0,35.0,17301.0,1.0,9.0,947.0,13.0,14.0,7154.0,13390.0,2575.0,3930.766666666667,119.32481181445185,False,False,False,False,False,False,False
2022-06-01,2022,6,2,1,MAGDALENA,3212.0,121.0,18.0,71.0,166084.0,1.0,108.0,6115.0,15.0,15.0,27735.0,54829.0,12453.0,3930.766666666667,119.32481181445185,False,False,False,False,False,False,False
2022-06-01,2022,6,2,1,META,642.0,101.0,19.0,35.0,8302.0,2.0,0.0,2125.0,29.0,14.0,17989.0,29691.0,4410.0,3930.766666666667,119.32481181445185,False,False,False,False,False,False,False
2022-06-01,2022,6,2,1,NARINO,821.0,101.0,23.0,43.0,36087.0,3.0,3.0,1173.0,37.0,15.0,11640.0,17656.0,2521.0,3930.766666666667,119.32481181445185,False,False,False,False,False,False,False
2022-06-01,2022,6,2,1,NORTE DE SANTANDER,2922.204,158.0,23.0,62.0,60432.0,2.0,1679.0,1176.0,30.0,16.0,11030.0,16587.0,3033.0,3930.766666666667,119.32481181445185,False,False,False,False,False,False,False
2022-06-01,2022,6,2,1,PUTUMAYO,107.0,47.0,9.0,24.0,7153.0,3.0,0.0,415.0,13.0,10.0,3910.0,4719.0,581.0,3930.766666666667,119.32481181445185,False,False,False,False,False,False,False
2022-06-01,2022,6,2,1,QUINDIO,2545.0,152.0,12.0,48.0,23019.0,1.0,4094.0,3158.0,12.0,14.0,16920.0,33437.0,6519.0,3930.766666666667,119.32481181445185,False,False,False,False,False,False,False
2022-06-01,2022,6,2,1,RISARALDA,2044.662,146.0,13.0,58.0,97303.0,1.0,5989.0,2148.0,14.0,15.0,11103.0,20243.0,4251.0,3930.766666666667,119.32481181445185,False,False,False,False,False,False,False
2022-06-01,2022,6,2,1,"SAN ANDRES, PROVIDENCIA Y SANTA CATALINA",3808.188,63.0,2.0,47.0,123243.0,2.0,1309.0,1912.0,2.0,15.0,10352.0,21942.0,10560.0,3930.766666666667,119.32481181445185,False,False,False,False,False,False,False
2022-06-01,2022,6,2,1,SANTANDER,2937.0,256.0,38.0,71.0,87439.0,3.0,3035.0,3546.0,75.0,16.0,25609.0,41800.0,5739.0,3930.766666666667,119.32481181445185,False,False,False,False,False,False,False
2022-06-01,2022,6,2,1,SUCRE,223.0,54.0,12.0,30.0,5671.0,2.0,0.0,984.0,21.0,8.0,8684.0,20995.0,2071.0,3930.766666666667,119.32481181445185,False,False,False,False,False,False,False
2022-06-01,2022,6,2,1,TOLIMA,928.0,113.0,23.0,47.0,5963.0,1.0,0.0,2773.0,44.0,14.0,21547.0,38050.0,4749.0,3930.766666666667,119.32481181445185,False,False,False,False,False,False,False
2022-06-01,2022,6,2,1,VALLE DEL CAUCA,10663.485,531.0,41.0,110.0,228597.0,2.0,46924.0,5090.0,41.0,16.0,31394.0,52078.0,14536.0,3930.766666666667,119.32481181445185,False,False,False,False,False,False,False
2022-06-01,2022,6,2,1,VAUPES,3.0,2.0,1.0,2.0,1313.0,1.0,0.0,31.0,2.0,5.0,221.0,289.0,40.0,3930.766666666667,119.32481181445185,False,False,False,False,False,False,False
2022-06-01,2022,6,2,1,VICHADA,23.0,6.0,1.0,6.0,1941.0,1.0,0.0,70.0,4.0,7.0,577.0,794.0,76.0,3930.766666666667,119.32481181445185,False,False,False,False,False,False,False
2022-07-01,2022,7,3,2,AMAZONAS,512.0,60.0,8.0,37.0,15419.0,4.0,0.0,364.0,4.0,9.0,1596.0,3396.0,933.0,4367.8058064516135,118.53746595603721,False,False,False,False,False,False,False
2022-07-01,2022,7,3,2,ANTIOQUIA,16239.999,889.0,104.0,148.0,474128.0,3.0,132437.0,14347.0,120.0,19.0,81481.0,136035.0,39767.0,4367.8058064516135,118.53746595603721,False,False,False,False,False,False,False
2022-07-01,2022,7,3,2,ARAUCA,116.0,27.0,5.0,16.0,8771.0,3.0,0.0,95.0,6.0,8.0,999.0,1442.0,179.0,4367.8058064516135,118.53746595603721,False,False,False,False,False,False,False
2022-07-01,2022,7,3,2,ATLANTICO,4123.256,191.0,19.0,82.0,108950.0,1.0,16184.0,1864.0,18.0,18.0,14884.0,22481.0,8743.0,4367.8058064516135,118.53746595603721,False,False,False,False,False,False,False
2022-07-01,2022,7,3,2,BOGOTA D.C.,13256.574,166.0,1.0,166.0,938505.0,1.0,510064.0,9885.0,7.0,19.0,46905.0,69715.0,41925.0,4367.8058064516135,118.53746595603721,False,False,False,False,False,False,False
2022-07-01,2022,7,3,2,BOLIVAR,10102.572,243.0,30.0,133.0,280065.0,2.0,43911.0,8235.0,25.0,19.0,36996.0,65908.0,23398.0,4367.8058064516135,118.53746595603721,False,False,False,False,False,False,False
2022-07-01,2022,7,3,2,BOYACA,765.0,192.0,54.0,45.0,591.0,1.0,0.0,3145.0,103.0,16.0,19345.0,34290.0,4441.0,4367.8058064516135,118.53746595603721,False,False,False,False,False,False,False
2022-07-01,2022,7,3,2,CALDAS,1298.0,142.0,24.0,41.0,6827.0,1.0,0.0,1704.0,27.0,13.0,10426.0,19334.0,4384.0,4367.8058064516135,118.53746595603721,False,False,False,False,False,False,False
2022-07-01,2022,7,3,2,CAQUETA,69.0,29.0,6.0,20.0,5672.0,2.0,0.0,283.0,13.0,11.0,2402.0,3178.0,553.0,4367.8058064516135,118.53746595603721,False,False,False,False,False,False,False
2022-07-01,2022,7,3,2,CASANARE,101.0,35.0,8.0,24.0,11741.0,2.0,0.0,653.0,16.0,13.0,7748.0,10748.0,1252.0,4367.8058064516135,118.53746595603721,False,False,False,False,False,False,False
2022-07-01,2022,7,3,2,CAUCA,823.0,152.0,36.0,42.0,8147.0,2.0,0.0,515.0,29.0,13.0,4014.0,6065.0,1625.0,4367.8058064516135,118.53746595603721,False,False,False,False,False,False,False
2022-07-01,2022,7,3,2,CESAR,727.0,79.0,18.0,37.0,21539.0,3.0,0.0,630.0,21.0,14.0,7440.0,11491.0,1842.0,4367.8058064516135,118.53746595603721,False,False,False,False,False,False,False
2022-07-01,2022,7,3,2,CHOCO,186.0,48.0,8.0,27.0,17981.0,3.0,0.0,399.0,17.0,8.0,3535.0,6017.0,725.0,4367.8058064516135,118.53746595603721,False,False,False,False,False,False,False
2022-07-01,2022,7,3,2,CORDOBA,413.0,98.0,21.0,36.0,68215.0,1.0,72.0,737.0,23.0,14.0,7457.0,12108.0,2145.0,4367.8058064516135,118.53746595603721,False,False,False,False,False,False,False
2022-07-01,2022,7,3,2,CUNDINAMARCA,3011.0,581.0,83.0,71.0,9.0,1.0,0.0,6198.0,108.0,19.0,35478.0,66985.0,12181.0,4367.8058064516135,118.53746595603721,False,False,False,False,False,False,False
2022-07-01,2022,7,3,2,GUAINIA,14.0,7.0,3.0,6.0,2460.0,3.0,0.0,59.0,1.0,8.0,270.0,390.0,65.0,4367.8058064516135,118.53746595603721,False,False,False,False,False,False,False
2022-07-01,2022,7,3,2,GUAVIARE,10.0,8.0,1.0,8.0,574.0,1.0,0.0,153.0,3.0,9.0,840.0,1417.0,341.0,4367.8058064516135,118.53746595603721,False,False,False,False,False,False,False
2022-07-01,2022,7,3,2,HUILA,573.0,96.0,18.0,41.0,18265.0,3.0,0.0,1510.0,37.0,15.0,9989.0,16229.0,26294.0,4367.8058064516135,118.53746595603721,False,False,False,False,False,False,False
2022-07-01,2022,7,3,2,LA GUAJIRA,766.0,107.0,13.0,38.0,19885.0,1.0,18.0,947.0,13.0,14.0,7154.0,13390.0,2575.0,4367.8058064516135,118.53746595603721,False,False,False,False,False,False,False
2022-07-01,2022,7,3,2,MAGDALENA,3560.114,126.0,21.0,67.0,174748.0,1.0,1571.0,6115.0,15.0,15.0,27735.0,54829.0,12453.0,4367.8058064516135,118.53746595603721,False,False,False,False,False,False,False
2022-07-01,2022,7,3,2,META,748.0,95.0,15.0,34.0,10055.0,3.0,3.0,2125.0,29.0,14.0,17989.0,29691.0,4410.0,4367.8058064516135,118.53746595603721,False,False,False,False,False,False,False
2022-07-01,2022,7,3,2,NARINO,1448.0,125.0,26.0,47.0,38797.0,3.0,0.0,1173.0,37.0,15.0,11640.0,17656.0,2521.0,4367.8058064516135,118.53746595603721,False,False,False,False,False,False,False
2022-07-01,2022,7,3,2,NORTE DE SANTANDER,3030.834,161.0,26.0,58.0,66856.0,1.0,2024.0,1176.0,30.0,16.0,11030.0,16587.0,3033.0,4367.8058064516135,118.53746595603721,False,False,False,False,False,False,False
2022-07-01,2022,7,3,2,PUTUMAYO,85.0,37.0,9.0,17.0,7872.0,3.0,0.0,415.0,13.0,10.0,3910.0,4719.0,581.0,4367.8058064516135,118.53746595603721,False,False,False,False,False,False,False
2022-07-01,2022,7,3,2,QUINDIO,3323.0,183.0,12.0,60.0,25990.0,1.0,4567.0,3158.0,12.0,14.0,16920.0,33437.0,6519.0,4367.8058064516135,118.53746595603721,False,False,False,False,False,False,False
2022-07-01,2022,7,3,2,RISARALDA,2674.689,154.0,12.0,66.0,102504.0,1.0,6412.0,2148.0,14.0,15.0,11103.0,20243.0,4251.0,4367.8058064516135,118.53746595603721,False,False,False,False,False,False,False
2022-07-01,2022,7,3,2,"SAN ANDRES, PROVIDENCIA Y SANTA CATALINA",3609.907,66.0,2.0,47.0,128340.0,2.0,1819.0,1912.0,2.0,15.0,10352.0,21942.0,10560.0,4367.8058064516135,118.53746595603721,False,False,False,False,False,False,False
2022-07-01,2022,7,3,2,SANTANDER,3168.0,273.0,42.0,69.0,84978.0,3.0,2928.0,3546.0,75.0,16.0,25609.0,41800.0,5739.0,4367.8058064516135,118.53746595603721,False,False,False,False,False,False,False
2022-07-01,2022,7,3,2,SUCRE,276.0,66.0,10.0,34.0,6404.0,2.0,0.0,984.0,21.0,8.0,8684.0,20995.0,2071.0,4367.8058064516135,118.53746595603721,False,False,False,False,False,False,False
2022-07-01,2022,7,3,2,TOLIMA,884.0,128.0,30.0,41.0,5979.0,2.0,0.0,2773.0,44.0,14.0,21547.0,38050.0,4749.0,4367.8058064516135,118.53746595603721,False,False,False,False,False,False,False
2022-07-01,2022,7,3,2,VALLE DEL CAUCA,13569.266,609.0,41.0,148.0,264295.0,2.0,59454.0,5090.0,41.0,16.0,31394.0,52078.0,14536.0,4367.8058064516135,118.53746595603721,False,False,False,False,False,False,False
2022-07-01,2022,7,3,2,VAUPES,11.0,6.0,3.0,4.0,1491.0,1.0,0.0,31.0,2.0,5.0,221.0,289.0,40.0,4367.8058064516135,118.53746595603721,False,False,False,False,False,False,False
2022-07-01,2022,7,3,2,VICHADA,21.0,10.0,1.0,10.0,2052.0,1.0,0.0,70.0,4.0,7.0,577.0,794.0,76.0,4367.8058064516135,118.53746595603721,False,False,False,False,False,False,False
2022-08-01,2022,8,3,2,AMAZONAS,409.0,61.0,8.0,39.0,14775.0,3.0,0.0,364.0,4.0,9.0,1596.0,3396.0,933.0,4322.4693548387095,120.44105084628838,False,False,False,False,False,False,False
2022-08-01,2022,8,3,2,ANTIOQUIA,17572.219,855.0,104.0,131.0,461194.0,3.0,121679.0,14347.0,120.0,19.0,81481.0,136035.0,39767.0,4322.4693548387095,120.44105084628838,False,False,False,False,False,False,False
2022-08-01,2022,8,3,2,ARAUCA,129.0,28.0,5.0,19.0,8364.0,3.0,0.0,95.0,6.0,8.0,999.0,1442.0,179.0,4322.4693548387095,120.44105084628838,False,False,False,False,False,False,False
2022-08-01,2022,8,3,2,ATLANTICO,4519.008,200.0,22.0,81.0,100145.0,1.0,14766.0,1864.0,18.0,18.0,14884.0,22481.0,8743.0,4322.4693548387095,120.44105084628838,False,False,False,False,False,False,False
2022-08-01,2022,8,3,2,BOGOTA D.C.,12862.807,168.0,2.0,167.0,903327.0,1.0,461783.0,9885.0,7.0,19.0,46905.0,69715.0,41925.0,4322.4693548387095,120.44105084628838,False,False,False,False,False,False,False
2022-08-01,2022,8,3,2,BOLIVAR,8744.717,244.0,29.0,129.0,263595.0,1.0,41010.0,8235.0,25.0,19.0,36996.0,65908.0,23398.0,4322.4693548387095,120.44105084628838,False,False,False,False,False,False,False
2022-08-01,2022,8,3,2,BOYACA,650.0,187.0,51.0,43.0,540.0,1.0,0.0,3145.0,103.0,16.0,19345.0,34290.0,4441.0,4322.4693548387095,120.44105084628838,False,False,False,False,False,False,False
2022-08-01,2022,8,3,2,CALDAS,1048.0,149.0,22.0,47.0,6802.0,1.0,0.0,1704.0,27.0,13.0,10426.0,19334.0,4384.0,4322.4693548387095,120.44105084628838,False,False,False,False,False,False,False
2022-08-01,2022,8,3,2,CAQUETA,75.0,34.0,10.0,20.0,5225.0,2.0,0.0,283.0,13.0,11.0,2402.0,3178.0,553.0,4322.4693548387095,120.44105084628838,False,False,False,False,False,False,False
2022-08-01,2022,8,3,2,CASANARE,119.0,32.0,10.0,22.0,11210.0,1.0,0.0,653.0,16.0,13.0,7748.0,10748.0,1252.0,4322.4693548387095,120.44105084628838,False,False,False,False,False,False,False
2022-08-01,2022,8,3,2,CAUCA,615.0,139.0,28.0,42.0,7962.0,2.0,0.0,515.0,29.0,13.0,4014.0,6065.0,1625.0,4322.4693548387095,120.44105084628838,False,False,False,False,False,False,False
2022-08-01,2022,8,3,2,CESAR,405.0,60.0,17.0,26.0,19609.0,3.0,1.0,630.0,21.0,14.0,7440.0,11491.0,1842.0,4322.4693548387095,120.44105084628838,False,False,False,False,False,False,False
2022-08-01,2022,8,3,2,CHOCO,187.0,38.0,10.0,21.0,17723.0,3.0,0.0,399.0,17.0,8.0,3535.0,6017.0,725.0,4322.4693548387095,120.44105084628838,False,False,False,False,False,False,False
2022-08-01,2022,8,3,2,CORDOBA,365.0,96.0,23.0,42.0,63895.0,2.0,38.0,737.0,23.0,14.0,7457.0,12108.0,2145.0,4322.4693548387095,120.44105084628838,False,False,False,False,False,False,False
2022-08-01,2022,8,3,2,CUNDINAMARCA,2875.0,596.0,80.0,68.0,0.0,0.0,0.0,6198.0,108.0,19.0,35478.0,66985.0,12181.0,4322.4693548387095,120.44105084628838,False,False,False,False,False,False,False
2022-08-01,2022,8,3,2,GUAINIA,8.0,6.0,2.0,4.0,2425.0,3.0,0.0,59.0,1.0,8.0,270.0,390.0,65.0,4322.4693548387095,120.44105084628838,False,False,False,False,False,False,False
2022-08-01,2022,8,3,2,GUAVIARE,22.0,9.0,4.0,9.0,618.0,1.0,0.0,153.0,3.0,9.0,840.0,1417.0,341.0,4322.4693548387095,120.44105084628838,False,False,False,False,False,False,False
2022-08-01,2022,8,3,2,HUILA,508.0,94.0,23.0,32.0,17468.0,2.0,0.0,1510.0,37.0,15.0,9989.0,16229.0,26294.0,4322.4693548387095,120.44105084628838,False,False,False,False,False,False,False
2022-08-01,2022,8,3,2,LA GUAJIRA,801.0,86.0,11.0,38.0,17780.0,1.0,15.0,947.0,13.0,14.0,7154.0,13390.0,2575.0,4322.4693548387095,120.44105084628838,False,False,False,False,False,False,False
2022-08-01,2022,8,3,2,MAGDALENA,4429.0,126.0,16.0,74.0,161059.0,1.0,1570.0,6115.0,15.0,15.0,27735.0,54829.0,12453.0,4322.4693548387095,120.44105084628838,False,False,False,False,False,False,False
2022-08-01,2022,8,3,2,META,697.0,95.0,20.0,48.0,9565.0,2.0,4.0,2125.0,29.0,14.0,17989.0,29691.0,4410.0,4322.4693548387095,120.44105084628838,False,False,False,False,False,False,False
2022-08-01,2022,8,3,2,NARINO,1646.0,118.0,25.0,53.0,37932.0,3.0,2.0,1173.0,37.0,15.0,11640.0,17656.0,2521.0,4322.4693548387095,120.44105084628838,False,False,False,False,False,False,False
2022-08-01,2022,8,3,2,NORTE DE SANTANDER,3519.196,155.0,26.0,57.0,66735.0,1.0,2500.0,1176.0,30.0,16.0,11030.0,16587.0,3033.0,4322.4693548387095,120.44105084628838,False,False,False,False,False,False,False
2022-08-01,2022,8,3,2,PUTUMAYO,92.0,32.0,10.0,18.0,7441.0,3.0,0.0,415.0,13.0,10.0,3910.0,4719.0,581.0,4322.4693548387095,120.44105084628838,False,False,False,False,False,False,False
2022-08-01,2022,8,3,2,QUINDIO,2857.0,164.0,12.0,51.0,25294.0,1.0,3791.0,3158.0,12.0,14.0,16920.0,33437.0,6519.0,4322.4693548387095,120.44105084628838,False,False,False,False,False,False,False
2022-08-01,2022,8,3,2,RISARALDA,2665.24,160.0,13.0,67.0,98531.0,1.0,6749.0,2148.0,14.0,15.0,11103.0,20243.0,4251.0,4322.4693548387095,120.44105084628838,False,False,False,False,False,False,False
2022-08-01,2022,8,3,2,"SAN ANDRES, PROVIDENCIA Y SANTA CATALINA",2220.159,74.0,2.0,50.0,127515.0,2.0,1728.0,1912.0,2.0,15.0,10352.0,21942.0,10560.0,4322.4693548387095,120.44105084628838,False,False,False,False,False,False,False
2022-08-01,2022,8,3,2,SANTANDER,2568.0,271.0,44.0,66.0,79876.0,3.0,2842.0,3546.0,75.0,16.0,25609.0,41800.0,5739.0,4322.4693548387095,120.44105084628838,False,False,False,False,False,False,False
2022-08-01,2022,8,3,2,SUCRE,183.0,60.0,13.0,28.0,2663.0,2.0,0.0,984.0,21.0,8.0,8684.0,20995.0,2071.0,4322.4693548387095,120.44105084628838,False,False,False,False,False,False,False
2022-08-01,2022,8,3,2,TOLIMA,798.0,120.0,26.0,40.0,5373.0,2.0,0.0,2773.0,44.0,14.0,21547.0,38050.0,4749.0,4322.4693548387095,120.44105084628838,False,False,False,False,False,False,False
2022-08-01,2022,8,3,2,VALLE DEL CAUCA,11237.76,558.0,41.0,112.0,250465.0,2.0,50849.0,5090.0,41.0,16.0,31394.0,52078.0,14536.0,4322.4693548387095,120.44105084628838,False,False,False,False,False,False,False
2022-08-01,2022,8,3,2,VAUPES,3.0,1.0,1.0,1.0,1474.0,2.0,0.0,31.0,2.0,5.0,221.0,289.0,40.0,4322.4693548387095,120.44105084628838,False,False,False,False,False,False,False
2022-08-01,2022,8,3,2,VICHADA,24.0,11.0,3.0,8.0,2095.0,1.0,0.0,70.0,4.0,7.0,577.0,794.0,76.0,4322.4693548387095,120.44105084628838,False,False,False,False,False,False,False
2022-09-01,2022,9,3,2,AMAZONAS,417.0,59.0,9.0,42.0,14173.0,3.0,0.0,364.0,4.0,9.0,1596.0,3396.0,933.0,4433.651,121.73056455243858,False,False,False,False,False,False,False
2022-09-01,2022,9,3,2,ANTIOQUIA,15878.243,813.0,100.0,137.0,424424.0,3.0,103263.0,14347.0,120.0,19.0,81481.0,136035.0,39767.0,4433.651,121.73056455243858,False,False,False,False,False,False,False
2022-09-01,2022,9,3,2,ARAUCA,145.0,20.0,6.0,14.0,8129.0,3.0,0.0,95.0,6.0,8.0,999.0,1442.0,179.0,4433.651,121.73056455243858,False,False,False,False,False,False,False
2022-09-01,2022,9,3,2,ATLANTICO,3560.217,171.0,21.0,76.0,91918.0,1.0,12618.0,1864.0,18.0,18.0,14884.0,22481.0,8743.0,4433.651,121.73056455243858,False,False,False,False,False,False,False
2022-09-01,2022,9,3,2,BOGOTA D.C.,11041.404,165.0,1.0,165.0,870373.0,1.0,440600.0,9885.0,7.0,19.0,46905.0,69715.0,41925.0,4433.651,121.73056455243858,False,False,False,False,False,False,False
2022-09-01,2022,9,3,2,BOLIVAR,8330.324,222.0,27.0,123.0,233948.0,2.0,35473.0,8235.0,25.0,19.0,36996.0,65908.0,23398.0,4433.651,121.73056455243858,False,False,False,False,False,False,False
2022-09-01,2022,9,3,2,BOYACA,636.0,190.0,42.0,52.0,676.0,1.0,0.0,3145.0,103.0,16.0,19345.0,34290.0,4441.0,4433.651,121.73056455243858,False,False,False,False,False,False,False
2022-09-01,2022,9,3,2,CALDAS,851.0,135.0,24.0,48.0,6707.0,1.0,0.0,1704.0,27.0,13.0,10426.0,19334.0,4384.0,4433.651,121.73056455243858,False,False,False,False,False,False,False
2022-09-01,2022,9,3,2,CAQUETA,56.0,25.0,6.0,16.0,5112.0,2.0,0.0,283.0,13.0,11.0,2402.0,3178.0,553.0,4433.651,121.73056455243858,False,False,False,False,False,False,False
2022-09-01,2022,9,3,2,CASANARE,94.0,28.0,7.0,20.0,12170.0,1.0,0.0,653.0,16.0,13.0,7748.0,10748.0,1252.0,4433.651,121.73056455243858,False,False,False,False,False,False,False
2022-09-01,2022,9,3,2,CAUCA,471.0,112.0,32.0,35.0,7181.0,2.0,0.0,515.0,29.0,13.0,4014.0,6065.0,1625.0,4433.651,121.73056455243858,False,False,False,False,False,False,False
2022-09-01,2022,9,3,2,CESAR,433.0,63.0,16.0,31.0,20299.0,3.0,7.0,630.0,21.0,14.0,7440.0,11491.0,1842.0,4433.651,121.73056455243858,False,False,False,False,False,False,False
2022-09-01,2022,9,3,2,CHOCO,151.0,56.0,16.0,29.0,19127.0,3.0,0.0,399.0,17.0,8.0,3535.0,6017.0,725.0,4433.651,121.73056455243858,False,False,False,False,False,False,False
2022-09-01,2022,9,3,2,CORDOBA,329.0,83.0,22.0,38.0,61053.0,2.0,55.0,737.0,23.0,14.0,7457.0,12108.0,2145.0,4433.651,121.73056455243858,False,False,False,False,False,False,False
2022-09-01,2022,9,3,2,CUNDINAMARCA,2409.0,507.0,76.0,62.0,0.0,0.0,0.0,6198.0,108.0,19.0,35478.0,66985.0,12181.0,4433.651,121.73056455243858,False,False,False,False,False,False,False
2022-09-01,2022,9,3,2,GUAINIA,13.0,3.0,1.0,3.0,2277.0,3.0,0.0,59.0,1.0,8.0,270.0,390.0,65.0,4433.651,121.73056455243858,False,False,False,False,False,False,False
2022-09-01,2022,9,3,2,GUAVIARE,33.0,9.0,1.0,9.0,568.0,1.0,0.0,153.0,3.0,9.0,840.0,1417.0,341.0,4433.651,121.73056455243858,False,False,False,False,False,False,False
2022-09-01,2022,9,3,2,HUILA,399.0,102.0,22.0,36.0,17090.0,2.0,0.0,1510.0,37.0,15.0,9989.0,16229.0,26294.0,4433.651,121.73056455243858,False,False,False,False,False,False,False
2022-09-01,2022,9,3,2,LA GUAJIRA,768.0,91.0,13.0,39.0,16972.0,1.0,46.0,947.0,13.0,14.0,7154.0,13390.0,2575.0,4433.651,121.73056455243858,False,False,False,False,False,False,False
2022-09-01,2022,9,3,2,MAGDALENA,3605.0,118.0,19.0,66.0,141102.0,1.0,1353.0,6115.0,15.0,15.0,27735.0,54829.0,12453.0,4433.651,121.73056455243858,False,False,False,False,False,False,False
2022-09-01,2022,9,3,2,META,615.0,80.0,16.0,39.0,9347.0,2.0,3.0,2125.0,29.0,14.0,17989.0,29691.0,4410.0,4433.651,121.73056455243858,False,False,False,False,False,False,False
2022-09-01,2022,9,3,2,NARINO,1102.0,113.0,26.0,48.0,35310.0,3.0,12.0,1173.0,37.0,15.0,11640.0,17656.0,2521.0,4433.651,121.73056455243858,False,False,False,False,False,False,False
2022-09-01,2022,9,3,2,NORTE DE SANTANDER,3295.145,140.0,27.0,53.0,65846.0,1.0,2704.0,1176.0,30.0,16.0,11030.0,16587.0,3033.0,4433.651,121.73056455243858,False,False,False,False,False,False,False
2022-09-01,2022,9,3,2,PUTUMAYO,110.0,40.0,11.0,18.0,7614.0,3.0,0.0,415.0,13.0,10.0,3910.0,4719.0,581.0,4433.651,121.73056455243858,False,False,False,False,False,False,False
2022-09-01,2022,9,3,2,QUINDIO,2064.0,159.0,12.0,48.0,21831.0,1.0,3753.0,3158.0,12.0,14.0,16920.0,33437.0,6519.0,4433.651,121.73056455243858,False,False,False,False,False,False,False
2022-09-01,2022,9,3,2,RISARALDA,2722.0,153.0,13.0,61.0,86525.0,1.0,6419.0,2148.0,14.0,15.0,11103.0,20243.0,4251.0,4433.651,121.73056455243858,False,False,False,False,False,False,False
2022-09-01,2022,9,3,2,"SAN ANDRES, PROVIDENCIA Y SANTA CATALINA",4573.394,56.0,2.0,41.0,120995.0,2.0,1830.0,1912.0,2.0,15.0,10352.0,21942.0,10560.0,4433.651,121.73056455243858,False,False,False,False,False,False,False
2022-09-01,2022,9,3,2,SANTANDER,2372.0,220.0,37.0,64.0,77684.0,3.0,2870.0,3546.0,75.0,16.0,25609.0,41800.0,5739.0,4433.651,121.73056455243858,False,False,False,False,False,False,False
2022-09-01,2022,9,3,2,SUCRE,206.0,74.0,16.0,28.0,2585.0,2.0,0.0,984.0,21.0,8.0,8684.0,20995.0,2071.0,4433.651,121.73056455243858,False,False,False,False,False,False,False
2022-09-01,2022,9,3,2,TOLIMA,865.0,102.0,24.0,42.0,5188.0,2.0,0.0,2773.0,44.0,14.0,21547.0,38050.0,4749.0,4433.651,121.73056455243858,False,False,False,False,False,False,False
2022-09-01,2022,9,3,2,VALLE DEL CAUCA,9341.762,494.0,39.0,103.0,224832.0,2.0,38211.0,5090.0,41.0,16.0,31394.0,52078.0,14536.0,4433.651,121.73056455243858,False,False,False,False,False,False,False
2022-09-01,2022,9,3,2,VAUPES,1.0,1.0,1.0,1.0,1437.0,2.0,0.0,31.0,2.0,5.0,221.0,289.0,40.0,4433.651,121.73056455243858,False,False,False,False,False,False,False
2022-09-01,2022,9,3,2,VICHADA,21.0,11.0,3.0,11.0,1963.0,1.0,0.0,70.0,4.0,7.0,577.0,794.0,76.0,4433.651,121.73056455243858,False,False,False,False,False,False,False
2022-10-01,2022,10,4,2,AMAZONAS,453.0,61.0,9.0,39.0,16224.0,3.0,0.0,364.0,4.0,9.0,1596.0,3396.0,933.0,4711.830322580645,120.487641032206,False,False,False,False,False,False,False
2022-10-01,2022,10,4,2,ANTIOQUIA,15928.963,838.0,95.0,138.0,458947.0,3.0,114462.0,14347.0,120.0,19.0,81481.0,136035.0,39767.0,4711.830322580645,120.487641032206,False,False,False,False,False,False,False
2022-10-01,2022,10,4,2,ARAUCA,143.0,23.0,5.0,14.0,8919.0,3.0,0.0,95.0,6.0,8.0,999.0,1442.0,179.0,4711.830322580645,120.487641032206,False,False,False,False,False,False,False
2022-10-01,2022,10,4,2,ATLANTICO,4232.9619999999995,175.0,18.0,79.0,100194.0,1.0,12940.0,1864.0,18.0,18.0,14884.0,22481.0,8743.0,4711.830322580645,120.487641032206,False,False,False,False,False,False,False
2022-10-01,2022,10,4,2,BOGOTA D.C.,15569.186,170.0,1.0,170.0,890781.0,1.0,489231.0,9885.0,7.0,19.0,46905.0,69715.0,41925.0,4711.830322580645,120.487641032206,False,False,False,False,False,False,False
2022-10-01,2022,10,4,2,BOLIVAR,9335.185,234.0,30.0,131.0,233270.0,1.0,38153.0,8235.0,25.0,19.0,36996.0,65908.0,23398.0,4711.830322580645,120.487641032206,False,False,False,False,False,False,False
2022-10-01,2022,10,4,2,BOYACA,1100.0,207.0,46.0,49.0,973.0,1.0,0.0,3145.0,103.0,16.0,19345.0,34290.0,4441.0,4711.830322580645,120.487641032206,False,False,False,False,False,False,False
2022-10-01,2022,10,4,2,CALDAS,1057.0,140.0,25.0,46.0,6226.0,1.0,0.0,1704.0,27.0,13.0,10426.0,19334.0,4384.0,4711.830322580645,120.487641032206,False,False,False,False,False,False,False
2022-10-01,2022,10,4,2,CAQUETA,64.0,31.0,8.0,21.0,5580.0,2.0,0.0,283.0,13.0,11.0,2402.0,3178.0,553.0,4711.830322580645,120.487641032206,False,False,False,False,False,False,False
2022-10-01,2022,10,4,2,CASANARE,125.0,41.0,9.0,23.0,11896.0,2.0,0.0,653.0,16.0,13.0,7748.0,10748.0,1252.0,4711.830322580645,120.487641032206,False,False,False,False,False,False,False
2022-10-01,2022,10,4,2,CAUCA,606.0,130.0,32.0,38.0,7641.0,2.0,0.0,515.0,29.0,13.0,4014.0,6065.0,1625.0,4711.830322580645,120.487641032206,False,False,False,False,False,False,False
2022-10-01,2022,10,4,2,CESAR,379.0,62.0,17.0,29.0,21761.0,2.0,1.0,630.0,21.0,14.0,7440.0,11491.0,1842.0,4711.830322580645,120.487641032206,False,False,False,False,False,False,False
2022-10-01,2022,10,4,2,CHOCO,168.0,51.0,9.0,31.0,18789.0,3.0,0.0,399.0,17.0,8.0,3535.0,6017.0,725.0,4711.830322580645,120.487641032206,False,False,False,False,False,False,False
2022-10-01,2022,10,4,2,CORDOBA,491.0,101.0,24.0,36.0,68353.0,2.0,40.0,737.0,23.0,14.0,7457.0,12108.0,2145.0,4711.830322580645,120.487641032206,False,False,False,False,False,False,False
2022-10-01,2022,10,4,2,CUNDINAMARCA,2575.0,571.0,77.0,74.0,0.0,0.0,0.0,6198.0,108.0,19.0,35478.0,66985.0,12181.0,4711.830322580645,120.487641032206,False,False,False,False,False,False,False
2022-10-01,2022,10,4,2,GUAINIA,12.0,5.0,4.0,3.0,2457.0,3.0,0.0,59.0,1.0,8.0,270.0,390.0,65.0,4711.830322580645,120.487641032206,False,False,False,False,False,False,False
2022-10-01,2022,10,4,2,GUAVIARE,21.0,10.0,3.0,8.0,634.0,1.0,0.0,153.0,3.0,9.0,840.0,1417.0,341.0,4711.830322580645,120.487641032206,False,False,False,False,False,False,False
2022-10-01,2022,10,4,2,HUILA,385.0,92.0,20.0,35.0,17814.0,2.0,0.0,1510.0,37.0,15.0,9989.0,16229.0,26294.0,4711.830322580645,120.487641032206,False,False,False,False,False,False,False
2022-10-01,2022,10,4,2,LA GUAJIRA,720.0,96.0,13.0,38.0,17341.0,1.0,20.0,947.0,13.0,14.0,7154.0,13390.0,2575.0,4711.830322580645,120.487641032206,False,False,False,False,False,False,False
2022-10-01,2022,10,4,2,MAGDALENA,3436.0,113.0,20.0,66.0,148200.0,1.0,1418.0,6115.0,15.0,15.0,27735.0,54829.0,12453.0,4711.830322580645,120.487641032206,False,False,False,False,False,False,False
2022-10-01,2022,10,4,2,META,618.0,92.0,14.0,43.0,10709.0,2.0,0.0,2125.0,29.0,14.0,17989.0,29691.0,4410.0,4711.830322580645,120.487641032206,False,False,False,False,False,False,False
2022-10-01,2022,10,4,2,NARINO,1246.0,107.0,18.0,46.0,39784.0,3.0,5.0,1173.0,37.0,15.0,11640.0,17656.0,2521.0,4711.830322580645,120.487641032206,False,False,False,False,False,False,False
2022-10-01,2022,10,4,2,NORTE DE SANTANDER,3500.149,173.0,27.0,65.0,71140.0,1.0,2672.0,1176.0,30.0,16.0,11030.0,16587.0,3033.0,4711.830322580645,120.487641032206,False,False,False,False,False,False,False
2022-10-01,2022,10,4,2,PUTUMAYO,119.0,50.0,10.0,25.0,7666.0,3.0,0.0,415.0,13.0,10.0,3910.0,4719.0,581.0,4711.830322580645,120.487641032206,False,False,False,False,False,False,False
2022-10-01,2022,10,4,2,QUINDIO,1906.0,163.0,11.0,57.0,24518.0,1.0,2975.0,3158.0,12.0,14.0,16920.0,33437.0,6519.0,4711.830322580645,120.487641032206,False,False,False,False,False,False,False
2022-10-01,2022,10,4,2,RISARALDA,2974.0,144.0,12.0,57.0,91221.0,1.0,7068.0,2148.0,14.0,15.0,11103.0,20243.0,4251.0,4711.830322580645,120.487641032206,False,False,False,False,False,False,False
2022-10-01,2022,10,4,2,"SAN ANDRES, PROVIDENCIA Y SANTA CATALINA",3645.518,60.0,2.0,42.0,110823.0,2.0,1708.0,1912.0,2.0,15.0,10352.0,21942.0,10560.0,4711.830322580645,120.487641032206,False,False,False,False,False,False,False
2022-10-01,2022,10,4,2,SANTANDER,2518.0,249.0,43.0,64.0,82562.0,2.0,2728.0,3546.0,75.0,16.0,25609.0,41800.0,5739.0,4711.830322580645,120.487641032206,False,False,False,False,False,False,False
2022-10-01,2022,10,4,2,SUCRE,176.0,63.0,11.0,32.0,3065.0,2.0,0.0,984.0,21.0,8.0,8684.0,20995.0,2071.0,4711.830322580645,120.487641032206,False,False,False,False,False,False,False
2022-10-01,2022,10,4,2,TOLIMA,637.0,110.0,26.0,47.0,5463.0,1.0,0.0,2773.0,44.0,14.0,21547.0,38050.0,4749.0,4711.830322580645,120.487641032206,False,False,False,False,False,False,False
2022-10-01,2022,10,4,2,VALLE DEL CAUCA,9913.268,512.0,39.0,113.0,228271.0,2.0,41254.0,5090.0,41.0,16.0,31394.0,52078.0,14536.0,4711.830322580645,120.487641032206,False,False,False,False,False,False,False
2022-10-01,2022,10,4,2,VAUPES,1.0,1.0,1.0,1.0,1577.0,2.0,0.0,31.0,2.0,5.0,221.0,289.0,40.0,4711.830322580645,120.487641032206,False,False,False,False,False,False,False
2022-10-01,2022,10,4,2,VICHADA,27.0,7.0,2.0,6.0,2144.0,1.0,0.0,70.0,4.0,7.0,577.0,794.0,76.0,4711.830322580645,120.487641032206,False,False,False,False,False,False,False
2022-11-01,2022,11,4,2,AMAZONAS,471.0,55.0,7.0,38.0,16275.0,3.0,0.0,364.0,4.0,9.0,1596.0,3396.0,933.0,4926.660666666667,117.26918005962226,False,False,False,False,False,False,False
2022-11-01,2022,11,4,2,ANTIOQUIA,16950.277,885.0,104.0,138.0,445181.0,3.0,119002.0,14347.0,120.0,19.0,81481.0,136035.0,39767.0,4926.660666666667,117.26918005962226,False,False,False,False,False,False,False
2022-11-01,2022,11,4,2,ARAUCA,167.0,26.0,5.0,16.0,8803.0,3.0,0.0,95.0,6.0,8.0,999.0,1442.0,179.0,4926.660666666667,117.26918005962226,False,False,False,False,False,False,False
2022-11-01,2022,11,4,2,ATLANTICO,4299.577,200.0,23.0,79.0,94895.0,1.0,14497.0,1864.0,18.0,18.0,14884.0,22481.0,8743.0,4926.660666666667,117.26918005962226,False,False,False,False,False,False,False
2022-11-01,2022,11,4,2,BOGOTA D.C.,13253.497,183.0,1.0,183.0,838981.0,1.0,476723.0,9885.0,7.0,19.0,46905.0,69715.0,41925.0,4926.660666666667,117.26918005962226,False,False,False,False,False,False,False
2022-11-01,2022,11,4,2,BOLIVAR,9714.599,225.0,28.0,123.0,214853.0,1.0,41882.0,8235.0,25.0,19.0,36996.0,65908.0,23398.0,4926.660666666667,117.26918005962226,False,False,False,False,False,False,False
2022-11-01,2022,11,4,2,BOYACA,1084.0,209.0,46.0,49.0,1029.0,1.0,0.0,3145.0,103.0,16.0,19345.0,34290.0,4441.0,4926.660666666667,117.26918005962226,False,False,False,False,False,False,False
2022-11-01,2022,11,4,2,CALDAS,1098.0,157.0,26.0,45.0,5665.0,1.0,0.0,1704.0,27.0,13.0,10426.0,19334.0,4384.0,4926.660666666667,117.26918005962226,False,False,False,False,False,False,False
2022-11-01,2022,11,4,2,CAQUETA,72.0,29.0,12.0,19.0,5108.0,2.0,0.0,283.0,13.0,11.0,2402.0,3178.0,553.0,4926.660666666667,117.26918005962226,False,False,False,False,False,False,False
2022-11-01,2022,11,4,2,CASANARE,110.0,38.0,8.0,23.0,12436.0,2.0,0.0,653.0,16.0,13.0,7748.0,10748.0,1252.0,4926.660666666667,117.26918005962226,False,False,False,False,False,False,False
2022-11-01,2022,11,4,2,CAUCA,660.0,108.0,28.0,37.0,6652.0,2.0,0.0,515.0,29.0,13.0,4014.0,6065.0,1625.0,4926.660666666667,117.26918005962226,False,False,False,False,False,False,False
2022-11-01,2022,11,4,2,CESAR,416.0,66.0,17.0,31.0,21929.0,2.0,2.0,630.0,21.0,14.0,7440.0,11491.0,1842.0,4926.660666666667,117.26918005962226,False,False,False,False,False,False,False
2022-11-01,2022,11,4,2,CHOCO,252.0,56.0,14.0,29.0,16312.0,3.0,0.0,399.0,17.0,8.0,3535.0,6017.0,725.0,4926.660666666667,117.26918005962226,False,False,False,False,False,False,False
2022-11-01,2022,11,4,2,CORDOBA,395.0,94.0,24.0,31.0,62879.0,1.0,46.0,737.0,23.0,14.0,7457.0,12108.0,2145.0,4926.660666666667,117.26918005962226,False,False,False,False,False,False,False
2022-11-01,2022,11,4,2,CUNDINAMARCA,2909.0,647.0,87.0,73.0,0.0,0.0,0.0,6198.0,108.0,19.0,35478.0,66985.0,12181.0,4926.660666666667,117.26918005962226,False,False,False,False,False,False,False
2022-11-01,2022,11,4,2,GUAINIA,21.0,10.0,4.0,7.0,2542.0,3.0,0.0,59.0,1.0,8.0,270.0,390.0,65.0,4926.660666666667,117.26918005962226,False,False,False,False,False,False,False
2022-11-01,2022,11,4,2,GUAVIARE,15.0,10.0,2.0,10.0,541.0,1.0,0.0,153.0,3.0,9.0,840.0,1417.0,341.0,4926.660666666667,117.26918005962226,False,False,False,False,False,False,False
2022-11-01,2022,11,4,2,HUILA,432.0,98.0,22.0,37.0,15862.0,2.0,0.0,1510.0,37.0,15.0,9989.0,16229.0,26294.0,4926.660666666667,117.26918005962226,False,False,False,False,False,False,False
2022-11-01,2022,11,4,2,LA GUAJIRA,810.0,93.0,12.0,40.0,17428.0,1.0,59.0,947.0,13.0,14.0,7154.0,13390.0,2575.0,4926.660666666667,117.26918005962226,False,False,False,False,False,False,False
2022-11-01,2022,11,4,2,MAGDALENA,5141.0,145.0,16.0,84.0,137901.0,1.0,1410.0,6115.0,15.0,15.0,27735.0,54829.0,12453.0,4926.660666666667,117.26918005962226,False,False,False,False,False,False,False
2022-11-01,2022,11,4,2,META,605.0,88.0,15.0,38.0,9409.0,2.0,0.0,2125.0,29.0,14.0,17989.0,29691.0,4410.0,4926.660666666667,117.26918005962226,False,False,False,False,False,False,False
2022-11-01,2022,11,4,2,NARINO,1309.0,111.0,21.0,52.0,41009.0,3.0,0.0,1173.0,37.0,15.0,11640.0,17656.0,2521.0,4926.660666666667,117.26918005962226,False,False,False,False,False,False,False
2022-11-01,2022,11,4,2,NORTE DE SANTANDER,3651.891,171.0,30.0,58.0,66853.0,1.0,2265.0,1176.0,30.0,16.0,11030.0,16587.0,3033.0,4926.660666666667,117.26918005962226,False,False,False,False,False,False,False
2022-11-01,2022,11,4,2,PUTUMAYO,193.0,57.0,10.0,25.0,7555.0,3.0,0.0,415.0,13.0,10.0,3910.0,4719.0,581.0,4926.660666666667,117.26918005962226,False,False,False,False,False,False,False
2022-11-01,2022,11,4,2,QUINDIO,1988.0,176.0,12.0,57.0,23681.0,1.0,2621.0,3158.0,12.0,14.0,16920.0,33437.0,6519.0,4926.660666666667,117.26918005962226,False,False,False,False,False,False,False
2022-11-01,2022,11,4,2,RISARALDA,2218.221,158.0,13.0,67.0,88264.0,1.0,6548.0,2148.0,14.0,15.0,11103.0,20243.0,4251.0,4926.660666666667,117.26918005962226,False,False,False,False,False,False,False
2022-11-01,2022,11,4,2,"SAN ANDRES, PROVIDENCIA Y SANTA CATALINA",3972.5950000000003,69.0,2.0,52.0,106234.0,2.0,1476.0,1912.0,2.0,15.0,10352.0,21942.0,10560.0,4926.660666666667,117.26918005962226,False,False,False,False,False,False,False
2022-11-01,2022,11,4,2,SANTANDER,2689.0,243.0,38.0,65.0,82010.0,2.0,2771.0,3546.0,75.0,16.0,25609.0,41800.0,5739.0,4926.660666666667,117.26918005962226,False,False,False,False,False,False,False
2022-11-01,2022,11,4,2,SUCRE,170.0,68.0,15.0,29.0,2736.0,2.0,0.0,984.0,21.0,8.0,8684.0,20995.0,2071.0,4926.660666666667,117.26918005962226,False,False,False,False,False,False,False
2022-11-01,2022,11,4,2,TOLIMA,632.0,103.0,25.0,47.0,5606.0,1.0,0.0,2773.0,44.0,14.0,21547.0,38050.0,4749.0,4926.660666666667,117.26918005962226,False,False,False,False,False,False,False
2022-11-01,2022,11,4,2,VALLE DEL CAUCA,9968.783,548.0,40.0,118.0,207908.0,2.0,39405.0,5090.0,41.0,16.0,31394.0,52078.0,14536.0,4926.660666666667,117.26918005962226,False,False,False,False,False,False,False
2022-11-01,2022,11,4,2,VAUPES,3.0,2.0,2.0,2.0,1377.0,2.0,0.0,31.0,2.0,5.0,221.0,289.0,40.0,4926.660666666667,117.26918005962226,False,False,False,False,False,False,False
2022-11-01,2022,11,4,2,VICHADA,47.0,12.0,4.0,11.0,2272.0,1.0,0.0,70.0,4.0,7.0,577.0,794.0,76.0,4926.660666666667,117.26918005962226,False,False,False,False,False,False,False
2022-12-01,2022,12,4,2,AMAZONAS,437.0,67.0,9.0,43.0,15966.0,3.0,0.0,364.0,4.0,9.0,1596.0,3396.0,933.0,4788.49064516129,119.44244820610616,False,False,False,False,False,False,False
2022-12-01,2022,12,4,2,ANTIOQUIA,19849.904,1021.0,108.0,140.0,471742.0,3.0,142096.0,14347.0,120.0,19.0,81481.0,136035.0,39767.0,4788.49064516129,119.44244820610616,False,False,False,False,False,False,False
2022-12-01,2022,12,4,2,ARAUCA,251.0,35.0,5.0,23.0,9295.0,3.0,0.0,95.0,6.0,8.0,999.0,1442.0,179.0,4788.49064516129,119.44244820610616,False,False,False,False,False,False,False
2022-12-01,2022,12,4,2,ATLANTICO,5780.896,254.0,22.0,88.0,107689.0,1.0,19736.0,1864.0,18.0,18.0,14884.0,22481.0,8743.0,4788.49064516129,119.44244820610616,False,False,False,False,False,False,False
2022-12-01,2022,12,4,2,BOGOTA D.C.,12640.417,172.0,1.0,172.0,815469.0,1.0,512221.0,9885.0,7.0,19.0,46905.0,69715.0,41925.0,4788.49064516129,119.44244820610616,False,False,False,False,False,False,False
2022-12-01,2022,12,4,2,BOLIVAR,10550.65,287.0,38.0,135.0,241033.0,1.0,48794.0,8235.0,25.0,19.0,36996.0,65908.0,23398.0,4788.49064516129,119.44244820610616,False,False,False,False,False,False,False
2022-12-01,2022,12,4,2,BOYACA,1122.0,274.0,72.0,54.0,1273.0,1.0,0.0,3145.0,103.0,16.0,19345.0,34290.0,4441.0,4788.49064516129,119.44244820610616,False,False,False,False,False,False,False
2022-12-01,2022,12,4,2,CALDAS,2062.0,237.0,26.0,51.0,6497.0,1.0,0.0,1704.0,27.0,13.0,10426.0,19334.0,4384.0,4788.49064516129,119.44244820610616,False,False,False,False,False,False,False
2022-12-01,2022,12,4,2,CAQUETA,148.0,46.0,11.0,28.0,5683.0,3.0,0.0,283.0,13.0,11.0,2402.0,3178.0,553.0,4788.49064516129,119.44244820610616,False,False,False,False,False,False,False
2022-12-01,2022,12,4,2,CASANARE,246.0,47.0,8.0,27.0,13228.0,1.0,0.0,653.0,16.0,13.0,7748.0,10748.0,1252.0,4788.49064516129,119.44244820610616,False,False,False,False,False,False,False
2022-12-01,2022,12,4,2,CAUCA,953.0,176.0,34.0,42.0,7776.0,2.0,0.0,515.0,29.0,13.0,4014.0,6065.0,1625.0,4788.49064516129,119.44244820610616,False,False,False,False,False,False,False
2022-12-01,2022,12,4,2,CESAR,713.0,86.0,16.0,34.0,27641.0,2.0,4.0,630.0,21.0,14.0,7440.0,11491.0,1842.0,4788.49064516129,119.44244820610616,False,False,False,False,False,False,False
2022-12-01,2022,12,4,2,CHOCO,290.0,61.0,13.0,36.0,21614.0,3.0,0.0,399.0,17.0,8.0,3535.0,6017.0,725.0,4788.49064516129,119.44244820610616,False,False,False,False,False,False,False
2022-12-01,2022,12,4,2,CORDOBA,649.0,132.0,26.0,44.0,74419.0,1.0,85.0,737.0,23.0,14.0,7457.0,12108.0,2145.0,4788.49064516129,119.44244820610616,False,False,False,False,False,False,False
2022-12-01,2022,12,4,2,CUNDINAMARCA,4039.0,716.0,87.0,75.0,1.0,1.0,0.0,6198.0,108.0,19.0,35478.0,66985.0,12181.0,4788.49064516129,119.44244820610616,False,False,False,False,False,False,False
2022-12-01,2022,12,4,2,GUAINIA,14.0,5.0,2.0,5.0,2554.0,3.0,0.0,59.0,1.0,8.0,270.0,390.0,65.0,4788.49064516129,119.44244820610616,False,False,False,False,False,False,False
2022-12-01,2022,12,4,2,GUAVIARE,28.0,12.0,2.0,11.0,564.0,1.0,0.0,153.0,3.0,9.0,840.0,1417.0,341.0,4788.49064516129,119.44244820610616,False,False,False,False,False,False,False
2022-12-01,2022,12,4,2,HUILA,940.0,176.0,29.0,51.0,16503.0,2.0,0.0,1510.0,37.0,15.0,9989.0,16229.0,26294.0,4788.49064516129,119.44244820610616,False,False,False,False,False,False,False
2022-12-01,2022,12,4,2,LA GUAJIRA,1153.0,117.0,14.0,38.0,20259.0,1.0,33.0,947.0,13.0,14.0,7154.0,13390.0,2575.0,4788.49064516129,119.44244820610616,False,False,False,False,False,False,False
2022-12-01,2022,12,4,2,MAGDALENA,3693.323,168.0,23.0,84.0,167967.0,2.0,2093.0,6115.0,15.0,15.0,27735.0,54829.0,12453.0,4788.49064516129,119.44244820610616,False,False,False,False,False,False,False
2022-12-01,2022,12,4,2,META,1132.0,136.0,24.0,47.0,9690.0,1.0,1.0,2125.0,29.0,14.0,17989.0,29691.0,4410.0,4788.49064516129,119.44244820610616,False,False,False,False,False,False,False
2022-12-01,2022,12,4,2,NARINO,1696.0,163.0,33.0,55.0,46856.0,3.0,7.0,1173.0,37.0,15.0,11640.0,17656.0,2521.0,4788.49064516129,119.44244820610616,False,False,False,False,False,False,False
2022-12-01,2022,12,4,2,NORTE DE SANTANDER,4952.626,219.0,30.0,74.0,81567.0,1.0,2479.0,1176.0,30.0,16.0,11030.0,16587.0,3033.0,4788.49064516129,119.44244820610616,False,False,False,False,False,False,False
2022-12-01,2022,12,4,2,PUTUMAYO,207.0,62.0,12.0,27.0,8241.0,3.0,0.0,415.0,13.0,10.0,3910.0,4719.0,581.0,4788.49064516129,119.44244820610616,False,False,False,False,False,False,False
2022-12-01,2022,12,4,2,QUINDIO,2851.0,211.0,12.0,64.0,29363.0,1.0,2955.0,3158.0,12.0,14.0,16920.0,33437.0,6519.0,4788.49064516129,119.44244820610616,False,False,False,False,False,False,False
2022-12-01,2022,12,4,2,RISARALDA,3717.114,208.0,13.0,74.0,96387.0,1.0,9796.0,2148.0,14.0,15.0,11103.0,20243.0,4251.0,4788.49064516129,119.44244820610616,False,False,False,False,False,False,False
2022-12-01,2022,12,4,2,"SAN ANDRES, PROVIDENCIA Y SANTA CATALINA",4527.0,77.0,2.0,56.0,113767.0,2.0,1671.0,1912.0,2.0,15.0,10352.0,21942.0,10560.0,4788.49064516129,119.44244820610616,False,False,False,False,False,False,False
2022-12-01,2022,12,4,2,SANTANDER,3160.076,370.0,56.0,81.0,94130.0,2.0,3815.0,3546.0,75.0,16.0,25609.0,41800.0,5739.0,4788.49064516129,119.44244820610616,False,False,False,False,False,False,False
2022-12-01,2022,12,4,2,SUCRE,389.0,101.0,20.0,36.0,6164.0,2.0,0.0,984.0,21.0,8.0,8684.0,20995.0,2071.0,4788.49064516129,119.44244820610616,False,False,False,False,False,False,False
2022-12-01,2022,12,4,2,TOLIMA,1433.0,179.0,33.0,56.0,6125.0,2.0,0.0,2773.0,44.0,14.0,21547.0,38050.0,4749.0,4788.49064516129,119.44244820610616,False,False,False,False,False,False,False
2022-12-01,2022,12,4,2,VALLE DEL CAUCA,12637.837,709.0,41.0,111.0,239422.0,2.0,53584.0,5090.0,41.0,16.0,31394.0,52078.0,14536.0,4788.49064516129,119.44244820610616,False,False,False,False,False,False,False
2022-12-01,2022,12,4,2,VAUPES,3.0,2.0,2.0,2.0,1684.0,2.0,0.0,31.0,2.0,5.0,221.0,289.0,40.0,4788.49064516129,119.44244820610616,False,False,False,False,False,False,False
2022-12-01,2022,12,4,2,VICHADA,34.0,10.0,3.0,9.0,2413.0,2.0,0.0,70.0,4.0,7.0,577.0,794.0,76.0,4788.49064516129,119.44244820610616,False,False,False,False,False,False,False
2023-01-01,2023,1,1,1,AMAZONAS,620.0,66.0,8.0,41.0,17680.0,3.0,0.0,439.0,4.0,9.0,1839.0,4302.0,1452.0,4715.203870967742,120.52266606126413,False,False,False,False,False,False,False
2023-01-01,2023,1,1,1,ANTIOQUIA,16828.601,898.0,107.0,132.0,446402.0,3.0,128465.0,20817.0,121.0,18.0,88846.0,177499.0,54588.0,4715.203870967742,120.52266606126413,False,False,False,False,False,False,False
2023-01-01,2023,1,1,1,ARAUCA,189.0,25.0,5.0,14.0,7241.0,3.0,0.0,129.0,6.0,6.0,1362.0,1940.0,262.0,4715.203870967742,120.52266606126413,False,False,False,False,False,False,False
2023-01-01,2023,1,1,1,ATLANTICO,4707.5380000000005,214.0,20.0,87.0,86738.0,1.0,18232.0,2307.0,17.0,17.0,14461.0,25546.0,10313.0,4715.203870967742,120.52266606126413,False,False,False,False,False,False,False
2023-01-01,2023,1,1,1,BOGOTA D.C.,14823.371,169.0,1.0,169.0,881156.0,1.0,507234.0,12147.0,7.0,18.0,44490.0,70907.0,43002.0,4715.203870967742,120.52266606126413,False,False,False,False,False,False,False
2023-01-01,2023,1,1,1,BOLIVAR,11646.978000000001,257.0,31.0,130.0,232877.0,1.0,50845.0,9354.0,26.0,19.0,35172.0,73952.0,29387.0,4715.203870967742,120.52266606126413,False,False,False,False,False,False,False
2023-01-01,2023,1,1,1,BOYACA,764.0,219.0,57.0,49.0,972.0,1.0,0.0,3527.0,107.0,14.0,18878.0,39238.0,6736.0,4715.203870967742,120.52266606126413,False,False,False,False,False,False,False
2023-01-01,2023,1,1,1,CALDAS,1279.0,160.0,24.0,49.0,5075.0,1.0,0.0,2056.0,27.0,14.0,10618.0,21988.0,4685.0,4715.203870967742,120.52266606126413,False,False,False,False,False,False,False
2023-01-01,2023,1,1,1,CAQUETA,99.0,35.0,8.0,23.0,4192.0,2.0,0.0,337.0,13.0,12.0,2541.0,3419.0,800.0,4715.203870967742,120.52266606126413,False,False,False,False,False,False,False
2023-01-01,2023,1,1,1,CASANARE,243.0,50.0,12.0,24.0,10373.0,1.0,0.0,733.0,17.0,11.0,7959.0,11719.0,1444.0,4715.203870967742,120.52266606126413,False,False,False,False,False,False,False
2023-01-01,2023,1,1,1,CAUCA,552.0,136.0,36.0,38.0,5750.0,2.0,0.0,597.0,28.0,13.0,4166.0,6905.0,1642.0,4715.203870967742,120.52266606126413,False,False,False,False,False,False,False
2023-01-01,2023,1,1,1,CESAR,451.0,83.0,18.0,34.0,17882.0,2.0,5.0,666.0,22.0,14.0,7477.0,11885.0,1936.0,4715.203870967742,120.52266606126413,False,False,False,False,False,False,False
2023-01-01,2023,1,1,1,CHOCO,256.0,68.0,13.0,36.0,15138.0,3.0,0.0,493.0,20.0,6.0,4029.0,7232.0,844.0,4715.203870967742,120.52266606126413,False,False,False,False,False,False,False
2023-01-01,2023,1,1,1,CORDOBA,393.0,119.0,25.0,41.0,60855.0,1.0,66.0,850.0,26.0,12.0,7470.0,14024.0,2901.0,4715.203870967742,120.52266606126413,False,False,False,False,False,False,False
2023-01-01,2023,1,1,1,CUNDINAMARCA,2504.0,635.0,80.0,71.0,0.0,0.0,0.0,7132.0,110.0,15.0,34088.0,80697.0,15085.0,4715.203870967742,120.52266606126413,False,False,False,False,False,False,False
2023-01-01,2023,1,1,1,GUAINIA,17.0,9.0,2.0,7.0,2794.0,3.0,0.0,75.0,1.0,7.0,333.0,683.0,86.0,4715.203870967742,120.52266606126413,False,False,False,False,False,False,False
2023-01-01,2023,1,1,1,GUAVIARE,15.0,8.0,1.0,8.0,470.0,1.0,0.0,193.0,3.0,9.0,912.0,1660.0,242.0,4715.203870967742,120.52266606126413,False,False,False,False,False,False,False
2023-01-01,2023,1,1,1,HUILA,567.0,115.0,19.0,40.0,13704.0,2.0,0.0,1840.0,37.0,15.0,11350.0,19940.0,5247.0,4715.203870967742,120.52266606126413,False,False,False,False,False,False,False
2023-01-01,2023,1,1,1,LA GUAJIRA,936.0,120.0,15.0,44.0,20833.0,1.0,8.0,968.0,14.0,14.0,8082.0,13483.0,3199.0,4715.203870967742,120.52266606126413,False,False,False,False,False,False,False
2023-01-01,2023,1,1,1,MAGDALENA,5449.0,149.0,17.0,80.0,165691.0,1.0,1716.0,7084.0,18.0,14.0,27614.0,66283.0,18981.0,4715.203870967742,120.52266606126413,False,False,False,False,False,False,False
2023-01-01,2023,1,1,1,META,921.0,109.0,19.0,41.0,8460.0,1.0,1.0,2463.0,29.0,14.0,19338.0,35071.0,5196.0,4715.203870967742,120.52266606126413,False,False,False,False,False,False,False
2023-01-01,2023,1,1,1,NARINO,1614.0,140.0,24.0,58.0,45653.0,3.0,6.0,1322.0,40.0,15.0,12079.0,18643.0,4639.0,4715.203870967742,120.52266606126413,False,False,False,False,False,False,False
2023-01-01,2023,1,1,1,NORTE DE SANTANDER,4041.85,166.0,29.0,56.0,71697.0,1.0,2408.0,1323.0,29.0,14.0,11350.0,17869.0,3733.0,4715.203870967742,120.52266606126413,False,False,False,False,False,False,False
2023-01-01,2023,1,1,1,PUTUMAYO,334.0,83.0,13.0,32.0,6907.0,3.0,0.0,469.0,12.0,11.0,4130.0,5165.0,755.0,4715.203870967742,120.52266606126413,False,False,False,False,False,False,False
2023-01-01,2023,1,1,1,QUINDIO,2015.0,164.0,12.0,54.0,22243.0,1.0,3598.0,3785.0,12.0,16.0,17420.0,41739.0,9868.0,4715.203870967742,120.52266606126413,False,False,False,False,False,False,False
2023-01-01,2023,1,1,1,RISARALDA,2314.21,156.0,13.0,67.0,82124.0,1.0,8534.0,2669.0,14.0,16.0,11628.0,24974.0,6409.0,4715.203870967742,120.52266606126413,False,False,False,False,False,False,False
2023-01-01,2023,1,1,1,"SAN ANDRES, PROVIDENCIA Y SANTA CATALINA",2521.029,73.0,2.0,53.0,112992.0,2.0,1679.0,1802.0,2.0,16.0,9986.0,23735.0,9949.0,4715.203870967742,120.52266606126413,False,False,False,False,False,False,False
2023-01-01,2023,1,1,1,SANTANDER,2705.0,287.0,37.0,70.0,71237.0,2.0,3187.0,4319.0,78.0,16.0,26753.0,49654.0,7882.0,4715.203870967742,120.52266606126413,False,False,False,False,False,False,False
2023-01-01,2023,1,1,1,SUCRE,226.0,77.0,15.0,30.0,5105.0,2.0,0.0,1119.0,21.0,12.0,8805.0,22053.0,1982.0,4715.203870967742,120.52266606126413,False,False,False,False,False,False,False
2023-01-01,2023,1,1,1,TOLIMA,713.0,139.0,30.0,47.0,3963.0,1.0,0.0,3352.0,46.0,16.0,21540.0,45195.0,5779.0,4715.203870967742,120.52266606126413,False,False,False,False,False,False,False
2023-01-01,2023,1,1,1,VALLE DEL CAUCA,10178.509,625.0,42.0,111.0,214550.0,2.0,48994.0,6288.0,41.0,19.0,33508.0,61012.0,17175.0,4715.203870967742,120.52266606126413,False,False,False,False,False,False,False
2023-01-01,2023,1,1,1,VAUPES,3.0,2.0,1.0,2.0,1579.0,2.0,0.0,35.0,2.0,5.0,217.0,296.0,47.0,4715.203870967742,120.52266606126413,False,False,False,False,False,False,False
2023-01-01,2023,1,1,1,VICHADA,75.0,18.0,4.0,16.0,2726.0,1.0,0.0,79.0,4.0,6.0,675.0,973.0,102.0,4715.203870967742,120.52266606126413,False,False,False,False,False,False,False
2023-02-01,2023,2,1,1,AMAZONAS,730.0,77.0,7.0,55.0,15347.0,3.0,0.0,439.0,4.0,9.0,1839.0,4302.0,1452.0,4803.1125,120.45464201850753,False,False,False,False,False,False,False
2023-02-01,2023,2,1,1,ANTIOQUIA,15908.211,872.0,98.0,131.0,389663.0,3.0,97461.0,20817.0,121.0,18.0,88846.0,177499.0,54588.0,4803.1125,120.45464201850753,False,False,False,False,False,False,False
2023-02-01,2023,2,1,1,ARAUCA,149.0,22.0,5.0,12.0,6153.0,3.0,0.0,129.0,6.0,6.0,1362.0,1940.0,262.0,4803.1125,120.45464201850753,False,False,False,False,False,False,False
2023-02-01,2023,2,1,1,ATLANTICO,6456.24,243.0,23.0,93.0,84005.0,1.0,15627.0,2307.0,17.0,17.0,14461.0,25546.0,10313.0,4803.1125,120.45464201850753,False,False,False,False,False,False,False
2023-02-01,2023,2,1,1,BOGOTA D.C.,15016.286,168.0,1.0,168.0,747611.0,1.0,427956.0,12147.0,7.0,18.0,44490.0,70907.0,43002.0,4803.1125,120.45464201850753,False,False,False,False,False,False,False
2023-02-01,2023,2,1,1,BOLIVAR,10800.836,262.0,31.0,138.0,195640.0,1.0,45082.0,9354.0,26.0,19.0,35172.0,73952.0,29387.0,4803.1125,120.45464201850753,False,False,False,False,False,False,False
2023-02-01,2023,2,1,1,BOYACA,555.0,178.0,45.0,42.0,554.0,1.0,0.0,3527.0,107.0,14.0,18878.0,39238.0,6736.0,4803.1125,120.45464201850753,False,False,False,False,False,False,False
2023-02-01,2023,2,1,1,CALDAS,837.0,149.0,25.0,45.0,4433.0,1.0,0.0,2056.0,27.0,14.0,10618.0,21988.0,4685.0,4803.1125,120.45464201850753,False,False,False,False,False,False,False
2023-02-01,2023,2,1,1,CAQUETA,61.0,25.0,10.0,17.0,3924.0,2.0,0.0,337.0,13.0,12.0,2541.0,3419.0,800.0,4803.1125,120.45464201850753,False,False,False,False,False,False,False
2023-02-01,2023,2,1,1,CASANARE,109.0,44.0,10.0,24.0,10434.0,1.0,0.0,733.0,17.0,11.0,7959.0,11719.0,1444.0,4803.1125,120.45464201850753,False,False,False,False,False,False,False
2023-02-01,2023,2,1,1,CAUCA,464.0,130.0,31.0,37.0,5669.0,2.0,0.0,597.0,28.0,13.0,4166.0,6905.0,1642.0,4803.1125,120.45464201850753,False,False,False,False,False,False,False
2023-02-01,2023,2,1,1,CESAR,323.0,56.0,16.0,27.0,15497.0,2.0,8.0,666.0,22.0,14.0,7477.0,11885.0,1936.0,4803.1125,120.45464201850753,False,False,False,False,False,False,False
2023-02-01,2023,2,1,1,CHOCO,51.0,19.0,6.0,14.0,12324.0,3.0,0.0,493.0,20.0,6.0,4029.0,7232.0,844.0,4803.1125,120.45464201850753,False,False,False,False,False,False,False
2023-02-01,2023,2,1,1,CORDOBA,326.0,92.0,22.0,31.0,52785.0,1.0,46.0,850.0,26.0,12.0,7470.0,14024.0,2901.0,4803.1125,120.45464201850753,False,False,False,False,False,False,False
2023-02-01,2023,2,1,1,CUNDINAMARCA,2550.0,616.0,86.0,66.0,0.0,0.0,0.0,7132.0,110.0,15.0,34088.0,80697.0,15085.0,4803.1125,120.45464201850753,False,False,False,False,False,False,False
2023-02-01,2023,2,1,1,GUAINIA,14.0,8.0,2.0,7.0,2409.0,3.0,0.0,75.0,1.0,7.0,333.0,683.0,86.0,4803.1125,120.45464201850753,False,False,False,False,False,False,False
2023-02-01,2023,2,1,1,GUAVIARE,13.0,11.0,3.0,9.0,478.0,1.0,0.0,193.0,3.0,9.0,912.0,1660.0,242.0,4803.1125,120.45464201850753,False,False,False,False,False,False,False
2023-02-01,2023,2,1,1,HUILA,426.0,91.0,17.0,33.0,13116.0,2.0,0.0,1840.0,37.0,15.0,11350.0,19940.0,5247.0,4803.1125,120.45464201850753,False,False,False,False,False,False,False
2023-02-01,2023,2,1,1,LA GUAJIRA,912.0,99.0,13.0,36.0,18989.0,1.0,2.0,968.0,14.0,14.0,8082.0,13483.0,3199.0,4803.1125,120.45464201850753,False,False,False,False,False,False,False
2023-02-01,2023,2,1,1,MAGDALENA,5221.104,157.0,20.0,75.0,133929.0,1.0,1409.0,7084.0,18.0,14.0,27614.0,66283.0,18981.0,4803.1125,120.45464201850753,False,False,False,False,False,False,False
2023-02-01,2023,2,1,1,META,655.0,105.0,19.0,42.0,6725.0,1.0,0.0,2463.0,29.0,14.0,19338.0,35071.0,5196.0,4803.1125,120.45464201850753,False,False,False,False,False,False,False
2023-02-01,2023,2,1,1,NARINO,1524.0,131.0,25.0,54.0,40510.0,3.0,2.0,1322.0,40.0,15.0,12079.0,18643.0,4639.0,4803.1125,120.45464201850753,False,False,False,False,False,False,False
2023-02-01,2023,2,1,1,NORTE DE SANTANDER,3362.71,155.0,28.0,54.0,58440.0,1.0,1335.0,1323.0,29.0,14.0,11350.0,17869.0,3733.0,4803.1125,120.45464201850753,False,False,False,False,False,False,False
2023-02-01,2023,2,1,1,PUTUMAYO,209.0,62.0,10.0,31.0,6069.0,3.0,0.0,469.0,12.0,11.0,4130.0,5165.0,755.0,4803.1125,120.45464201850753,False,False,False,False,False,False,False
2023-02-01,2023,2,1,1,QUINDIO,2408.0,190.0,12.0,63.0,19713.0,1.0,2705.0,3785.0,12.0,16.0,17420.0,41739.0,9868.0,4803.1125,120.45464201850753,False,False,False,False,False,False,False
2023-02-01,2023,2,1,1,RISARALDA,2263.216,142.0,13.0,65.0,73553.0,1.0,5684.0,2669.0,14.0,16.0,11628.0,24974.0,6409.0,4803.1125,120.45464201850753,False,False,False,False,False,False,False
2023-02-01,2023,2,1,1,"SAN ANDRES, PROVIDENCIA Y SANTA CATALINA",2446.581,79.0,2.0,57.0,88697.0,2.0,1707.0,1802.0,2.0,16.0,9986.0,23735.0,9949.0,4803.1125,120.45464201850753,False,False,False,False,False,False,False
2023-02-01,2023,2,1,1,SANTANDER,2353.0,281.0,45.0,65.0,70661.0,2.0,1978.0,4319.0,78.0,16.0,26753.0,49654.0,7882.0,4803.1125,120.45464201850753,False,False,False,False,False,False,False
2023-02-01,2023,2,1,1,SUCRE,261.0,74.0,14.0,38.0,2637.0,2.0,0.0,1119.0,21.0,12.0,8805.0,22053.0,1982.0,4803.1125,120.45464201850753,False,False,False,False,False,False,False
2023-02-01,2023,2,1,1,TOLIMA,743.0,116.0,28.0,43.0,4243.0,1.0,0.0,3352.0,46.0,16.0,21540.0,45195.0,5779.0,4803.1125,120.45464201850753,False,False,False,False,False,False,False
2023-02-01,2023,2,1,1,VALLE DEL CAUCA,8447.456,567.0,41.0,115.0,190511.0,2.0,35450.0,6288.0,41.0,19.0,33508.0,61012.0,17175.0,4803.1125,120.45464201850753,False,False,False,False,False,False,False
2023-02-01,2023,2,1,1,VAUPES,3.0,2.0,1.0,2.0,1455.0,2.0,0.0,35.0,2.0,5.0,217.0,296.0,47.0,4803.1125,120.45464201850753,False,False,False,False,False,False,False
2023-02-01,2023,2,1,1,VICHADA,51.0,11.0,2.0,10.0,2106.0,1.0,0.0,79.0,4.0,6.0,675.0,973.0,102.0,4803.1125,120.45464201850753,False,False,False,False,False,False,False
2023-03-01,2023,3,1,1,AMAZONAS,509.0,62.0,5.0,45.0,12379.0,4.0,0.0,439.0,4.0,9.0,1839.0,4302.0,1452.0,4766.3058064516135,120.99054576276723,False,False,False,False,False,False,False
2023-03-01,2023,3,1,1,ANTIOQUIA,14674.32,847.0,102.0,133.0,378417.0,3.0,92847.0,20817.0,121.0,18.0,88846.0,177499.0,54588.0,4766.3058064516135,120.99054576276723,False,False,False,False,False,False,False
2023-03-01,2023,3,1,1,ARAUCA,177.0,25.0,5.0,14.0,7050.0,3.0,0.0,129.0,6.0,6.0,1362.0,1940.0,262.0,4766.3058064516135,120.99054576276723,False,False,False,False,False,False,False
2023-03-01,2023,3,1,1,ATLANTICO,5280.419,221.0,21.0,97.0,93467.0,1.0,15545.0,2307.0,17.0,17.0,14461.0,25546.0,10313.0,4766.3058064516135,120.99054576276723,False,False,False,False,False,False,False
2023-03-01,2023,3,1,1,BOGOTA D.C.,12461.095,163.0,1.0,163.0,804605.0,1.0,470820.0,12147.0,7.0,18.0,44490.0,70907.0,43002.0,4766.3058064516135,120.99054576276723,False,False,False,False,False,False,False
2023-03-01,2023,3,1,1,BOLIVAR,11987.174,260.0,26.0,144.0,185196.0,1.0,46762.0,9354.0,26.0,19.0,35172.0,73952.0,29387.0,4766.3058064516135,120.99054576276723,False,False,False,False,False,False,False
2023-03-01,2023,3,1,1,BOYACA,614.0,196.0,47.0,48.0,680.0,1.0,0.0,3527.0,107.0,14.0,18878.0,39238.0,6736.0,4766.3058064516135,120.99054576276723,False,False,False,False,False,False,False
2023-03-01,2023,3,1,1,CALDAS,1042.0,134.0,24.0,41.0,4702.0,1.0,0.0,2056.0,27.0,14.0,10618.0,21988.0,4685.0,4766.3058064516135,120.99054576276723,False,False,False,False,False,False,False
2023-03-01,2023,3,1,1,CAQUETA,68.0,29.0,5.0,18.0,4610.0,2.0,0.0,337.0,13.0,12.0,2541.0,3419.0,800.0,4766.3058064516135,120.99054576276723,False,False,False,False,False,False,False
2023-03-01,2023,3,1,1,CASANARE,164.0,49.0,10.0,28.0,11897.0,1.0,0.0,733.0,17.0,11.0,7959.0,11719.0,1444.0,4766.3058064516135,120.99054576276723,False,False,False,False,False,False,False
2023-03-01,2023,3,1,1,CAUCA,589.0,136.0,31.0,41.0,6406.0,2.0,0.0,597.0,28.0,13.0,4166.0,6905.0,1642.0,4766.3058064516135,120.99054576276723,False,False,False,False,False,False,False
2023-03-01,2023,3,1,1,CESAR,439.0,80.0,18.0,34.0,17546.0,2.0,0.0,666.0,22.0,14.0,7477.0,11885.0,1936.0,4766.3058064516135,120.99054576276723,False,False,False,False,False,False,False
2023-03-01,2023,3,1,1,CHOCO,264.0,53.0,9.0,33.0,13820.0,2.0,0.0,493.0,20.0,6.0,4029.0,7232.0,844.0,4766.3058064516135,120.99054576276723,False,False,False,False,False,False,False
2023-03-01,2023,3,1,1,CORDOBA,380.0,94.0,22.0,34.0,50886.0,1.0,0.0,850.0,26.0,12.0,7470.0,14024.0,2901.0,4766.3058064516135,120.99054576276723,False,False,False,False,False,False,False
2023-03-01,2023,3,1,1,CUNDINAMARCA,3059.0,623.0,80.0,77.0,0.0,0.0,0.0,7132.0,110.0,15.0,34088.0,80697.0,15085.0,4766.3058064516135,120.99054576276723,False,False,False,False,False,False,False
2023-03-01,2023,3,1,1,GUAINIA,12.0,6.0,3.0,4.0,2451.0,2.0,0.0,75.0,1.0,7.0,333.0,683.0,86.0,4766.3058064516135,120.99054576276723,False,False,False,False,False,False,False
2023-03-01,2023,3,1,1,GUAVIARE,12.0,9.0,2.0,9.0,557.0,1.0,0.0,193.0,3.0,9.0,912.0,1660.0,242.0,4766.3058064516135,120.99054576276723,False,False,False,False,False,False,False
2023-03-01,2023,3,1,1,HUILA,386.0,93.0,20.0,37.0,15250.0,2.0,0.0,1840.0,37.0,15.0,11350.0,19940.0,5247.0,4766.3058064516135,120.99054576276723,False,False,False,False,False,False,False
2023-03-01,2023,3,1,1,LA GUAJIRA,847.0,111.0,13.0,43.0,14492.0,1.0,0.0,968.0,14.0,14.0,8082.0,13483.0,3199.0,4766.3058064516135,120.99054576276723,False,False,False,False,False,False,False
2023-03-01,2023,3,1,1,MAGDALENA,4037.335,153.0,20.0,84.0,118828.0,1.0,1234.0,7084.0,18.0,14.0,27614.0,66283.0,18981.0,4766.3058064516135,120.99054576276723,False,False,False,False,False,False,False
2023-03-01,2023,3,1,1,META,672.0,97.0,17.0,35.0,4218.0,2.0,0.0,2463.0,29.0,14.0,19338.0,35071.0,5196.0,4766.3058064516135,120.99054576276723,False,False,False,False,False,False,False
2023-03-01,2023,3,1,1,NARINO,1459.0,123.0,17.0,54.0,39091.0,3.0,0.0,1322.0,40.0,15.0,12079.0,18643.0,4639.0,4766.3058064516135,120.99054576276723,False,False,False,False,False,False,False
2023-03-01,2023,3,1,1,NORTE DE SANTANDER,3459.962,156.0,25.0,56.0,53489.0,1.0,1430.0,1323.0,29.0,14.0,11350.0,17869.0,3733.0,4766.3058064516135,120.99054576276723,False,False,False,False,False,False,False
2023-03-01,2023,3,1,1,PUTUMAYO,195.0,60.0,11.0,28.0,6664.0,3.0,0.0,469.0,12.0,11.0,4130.0,5165.0,755.0,4766.3058064516135,120.99054576276723,False,False,False,False,False,False,False
2023-03-01,2023,3,1,1,QUINDIO,1975.0,173.0,12.0,57.0,19417.0,1.0,2601.0,3785.0,12.0,16.0,17420.0,41739.0,9868.0,4766.3058064516135,120.99054576276723,False,False,False,False,False,False,False
2023-03-01,2023,3,1,1,RISARALDA,2161.366,151.0,12.0,64.0,63308.0,1.0,6645.0,2669.0,14.0,16.0,11628.0,24974.0,6409.0,4766.3058064516135,120.99054576276723,False,False,False,False,False,False,False
2023-03-01,2023,3,1,1,"SAN ANDRES, PROVIDENCIA Y SANTA CATALINA",2893.939,82.0,3.0,62.0,84502.0,2.0,1555.0,1802.0,2.0,16.0,9986.0,23735.0,9949.0,4766.3058064516135,120.99054576276723,False,False,False,False,False,False,False
2023-03-01,2023,3,1,1,SANTANDER,2643.0,266.0,47.0,67.0,73262.0,2.0,2278.0,4319.0,78.0,16.0,26753.0,49654.0,7882.0,4766.3058064516135,120.99054576276723,False,False,False,False,False,False,False
2023-03-01,2023,3,1,1,SUCRE,191.0,67.0,17.0,26.0,3772.0,2.0,0.0,1119.0,21.0,12.0,8805.0,22053.0,1982.0,4766.3058064516135,120.99054576276723,False,False,False,False,False,False,False
2023-03-01,2023,3,1,1,TOLIMA,691.0,122.0,28.0,42.0,5516.0,1.0,0.0,3352.0,46.0,16.0,21540.0,45195.0,5779.0,4766.3058064516135,120.99054576276723,False,False,False,False,False,False,False
2023-03-01,2023,3,1,1,VALLE DEL CAUCA,9303.3,538.0,39.0,108.0,209506.0,2.0,37330.0,6288.0,41.0,19.0,33508.0,61012.0,17175.0,4766.3058064516135,120.99054576276723,False,False,False,False,False,False,False
2023-03-01,2023,3,1,1,VAUPES,10.0,3.0,1.0,3.0,1461.0,2.0,0.0,35.0,2.0,5.0,217.0,296.0,47.0,4766.3058064516135,120.99054576276723,False,False,False,False,False,False,False
2023-03-01,2023,3,1,1,VICHADA,46.0,14.0,4.0,10.0,2314.0,1.0,0.0,79.0,4.0,6.0,675.0,973.0,102.0,4766.3058064516135,120.99054576276723,False,False,False,False,False,False,False
2023-04-01,2023,4,2,1,AMAZONAS,375.0,52.0,5.0,39.0,12410.0,3.0,0.0,439.0,4.0,9.0,1839.0,4302.0,1452.0,4542.674333333333,118.47403471861261,False,False,False,False,False,False,False
2023-04-01,2023,4,2,1,ANTIOQUIA,15130.22,798.0,95.0,131.0,340261.0,3.0,101586.0,20817.0,121.0,18.0,88846.0,177499.0,54588.0,4542.674333333333,118.47403471861261,False,False,False,False,False,False,False
2023-04-01,2023,4,2,1,ARAUCA,198.0,34.0,6.0,20.0,6617.0,3.0,0.0,129.0,6.0,6.0,1362.0,1940.0,262.0,4542.674333333333,118.47403471861261,False,False,False,False,False,False,False
2023-04-01,2023,4,2,1,ATLANTICO,4328.938,173.0,22.0,85.0,89396.0,1.0,15185.0,2307.0,17.0,17.0,14461.0,25546.0,10313.0,4542.674333333333,118.47403471861261,False,False,False,False,False,False,False
2023-04-01,2023,4,2,1,BOGOTA D.C.,11711.754,162.0,1.0,162.0,736866.0,1.0,487006.0,12147.0,7.0,18.0,44490.0,70907.0,43002.0,4542.674333333333,118.47403471861261,False,False,False,False,False,False,False
2023-04-01,2023,4,2,1,BOLIVAR,13138.175,246.0,29.0,132.0,166413.0,1.0,46705.0,9354.0,26.0,19.0,35172.0,73952.0,29387.0,4542.674333333333,118.47403471861261,False,False,False,False,False,False,False
2023-04-01,2023,4,2,1,BOYACA,521.0,163.0,46.0,40.0,552.0,1.0,0.0,3527.0,107.0,14.0,18878.0,39238.0,6736.0,4542.674333333333,118.47403471861261,False,False,False,False,False,False,False
2023-04-01,2023,4,2,1,CALDAS,854.0,128.0,23.0,50.0,3861.0,1.0,0.0,2056.0,27.0,14.0,10618.0,21988.0,4685.0,4542.674333333333,118.47403471861261,False,False,False,False,False,False,False
2023-04-01,2023,4,2,1,CAQUETA,66.0,26.0,6.0,18.0,4153.0,2.0,0.0,337.0,13.0,12.0,2541.0,3419.0,800.0,4542.674333333333,118.47403471861261,False,False,False,False,False,False,False
2023-04-01,2023,4,2,1,CASANARE,107.0,37.0,10.0,20.0,10292.0,1.0,0.0,733.0,17.0,11.0,7959.0,11719.0,1444.0,4542.674333333333,118.47403471861261,False,False,False,False,False,False,False
2023-04-01,2023,4,2,1,CAUCA,518.0,119.0,31.0,41.0,6367.0,2.0,0.0,597.0,28.0,13.0,4166.0,6905.0,1642.0,4542.674333333333,118.47403471861261,False,False,False,False,False,False,False
2023-04-01,2023,4,2,1,CESAR,737.0,62.0,16.0,27.0,15866.0,2.0,0.0,666.0,22.0,14.0,7477.0,11885.0,1936.0,4542.674333333333,118.47403471861261,False,False,False,False,False,False,False
2023-04-01,2023,4,2,1,CHOCO,308.0,48.0,8.0,33.0,13603.0,2.0,0.0,493.0,20.0,6.0,4029.0,7232.0,844.0,4542.674333333333,118.47403471861261,False,False,False,False,False,False,False
2023-04-01,2023,4,2,1,CORDOBA,334.0,87.0,16.0,35.0,42043.0,1.0,0.0,850.0,26.0,12.0,7470.0,14024.0,2901.0,4542.674333333333,118.47403471861261,False,False,False,False,False,False,False
2023-04-01,2023,4,2,1,CUNDINAMARCA,2302.0,537.0,78.0,72.0,0.0,0.0,0.0,7132.0,110.0,15.0,34088.0,80697.0,15085.0,4542.674333333333,118.47403471861261,False,False,False,False,False,False,False
2023-04-01,2023,4,2,1,GUAINIA,23.0,9.0,3.0,8.0,2463.0,2.0,0.0,75.0,1.0,7.0,333.0,683.0,86.0,4542.674333333333,118.47403471861261,False,False,False,False,False,False,False
2023-04-01,2023,4,2,1,GUAVIARE,21.0,13.0,1.0,13.0,481.0,1.0,0.0,193.0,3.0,9.0,912.0,1660.0,242.0,4542.674333333333,118.47403471861261,False,False,False,False,False,False,False
2023-04-01,2023,4,2,1,HUILA,416.0,91.0,21.0,35.0,13128.0,2.0,0.0,1840.0,37.0,15.0,11350.0,19940.0,5247.0,4542.674333333333,118.47403471861261,False,False,False,False,False,False,False
2023-04-01,2023,4,2,1,LA GUAJIRA,684.0,108.0,14.0,40.0,13112.0,1.0,0.0,968.0,14.0,14.0,8082.0,13483.0,3199.0,4542.674333333333,118.47403471861261,False,False,False,False,False,False,False
2023-04-01,2023,4,2,1,MAGDALENA,4478.0,150.0,21.0,83.0,93434.0,1.0,1231.0,7084.0,18.0,14.0,27614.0,66283.0,18981.0,4542.674333333333,118.47403471861261,False,False,False,False,False,False,False
2023-04-01,2023,4,2,1,META,494.0,84.0,13.0,39.0,3539.0,1.0,0.0,2463.0,29.0,14.0,19338.0,35071.0,5196.0,4542.674333333333,118.47403471861261,False,False,False,False,False,False,False
2023-04-01,2023,4,2,1,NARINO,1223.0,103.0,17.0,50.0,36567.0,3.0,0.0,1322.0,40.0,15.0,12079.0,18643.0,4639.0,4542.674333333333,118.47403471861261,False,False,False,False,False,False,False
2023-04-01,2023,4,2,1,NORTE DE SANTANDER,2964.663,147.0,26.0,56.0,48702.0,1.0,1744.0,1323.0,29.0,14.0,11350.0,17869.0,3733.0,4542.674333333333,118.47403471861261,False,False,False,False,False,False,False
2023-04-01,2023,4,2,1,PUTUMAYO,196.0,58.0,11.0,27.0,5712.0,3.0,0.0,469.0,12.0,11.0,4130.0,5165.0,755.0,4542.674333333333,118.47403471861261,False,False,False,False,False,False,False
2023-04-01,2023,4,2,1,QUINDIO,1968.0,168.0,12.0,56.0,18149.0,1.0,2573.0,3785.0,12.0,16.0,17420.0,41739.0,9868.0,4542.674333333333,118.47403471861261,False,False,False,False,False,False,False
2023-04-01,2023,4,2,1,RISARALDA,2098.093,138.0,12.0,68.0,56726.0,1.0,6653.0,2669.0,14.0,16.0,11628.0,24974.0,6409.0,4542.674333333333,118.47403471861261,False,False,False,False,False,False,False
2023-04-01,2023,4,2,1,"SAN ANDRES, PROVIDENCIA Y SANTA CATALINA",3113.173,71.0,2.0,50.0,62201.0,2.0,1467.0,1802.0,2.0,16.0,9986.0,23735.0,9949.0,4542.674333333333,118.47403471861261,False,False,False,False,False,False,False
2023-04-01,2023,4,2,1,SANTANDER,2464.0,258.0,43.0,65.0,67540.0,2.0,2093.0,4319.0,78.0,16.0,26753.0,49654.0,7882.0,4542.674333333333,118.47403471861261,False,False,False,False,False,False,False
2023-04-01,2023,4,2,1,SUCRE,141.0,57.0,13.0,29.0,4284.0,2.0,0.0,1119.0,21.0,12.0,8805.0,22053.0,1982.0,4542.674333333333,118.47403471861261,False,False,False,False,False,False,False
2023-04-01,2023,4,2,1,TOLIMA,632.0,94.0,23.0,38.0,4169.0,1.0,0.0,3352.0,46.0,16.0,21540.0,45195.0,5779.0,4542.674333333333,118.47403471861261,False,False,False,False,False,False,False
2023-04-01,2023,4,2,1,VALLE DEL CAUCA,10395.305,500.0,40.0,108.0,188263.0,2.0,35186.0,6288.0,41.0,19.0,33508.0,61012.0,17175.0,4542.674333333333,118.47403471861261,False,False,False,False,False,False,False
2023-04-01,2023,4,2,1,VAUPES,2.0,1.0,1.0,1.0,1362.0,2.0,0.0,35.0,2.0,5.0,217.0,296.0,47.0,4542.674333333333,118.47403471861261,False,False,False,False,False,False,False
2023-04-01,2023,4,2,1,VICHADA,47.0,11.0,2.0,10.0,2088.0,1.0,0.0,79.0,4.0,6.0,675.0,973.0,102.0,4542.674333333333,118.47403471861261,False,False,False,False,False,False,False
2023-05-01,2023,5,2,1,AMAZONAS,414.0,61.0,6.0,43.0,12489.0,3.0,0.0,439.0,4.0,9.0,1839.0,4302.0,1452.0,4540.089032258064,120.00431023619535,False,False,False,False,False,False,False
2023-05-01,2023,5,2,1,ANTIOQUIA,16053.603,844.0,105.0,134.0,352120.0,3.0,106308.0,20817.0,121.0,18.0,88846.0,177499.0,54588.0,4540.089032258064,120.00431023619535,False,False,False,False,False,False,False
2023-05-01,2023,5,2,1,ARAUCA,150.0,29.0,6.0,15.0,7081.0,3.0,0.0,129.0,6.0,6.0,1362.0,1940.0,262.0,4540.089032258064,120.00431023619535,False,False,False,False,False,False,False
2023-05-01,2023,5,2,1,ATLANTICO,3913.2619999999997,186.0,20.0,82.0,92933.0,1.0,16539.0,2307.0,17.0,17.0,14461.0,25546.0,10313.0,4540.089032258064,120.00431023619535,False,False,False,False,False,False,False
2023-05-01,2023,5,2,1,BOGOTA D.C.,12099.259,164.0,1.0,164.0,790444.0,1.0,510354.0,12147.0,7.0,18.0,44490.0,70907.0,43002.0,4540.089032258064,120.00431023619535,False,False,False,False,False,False,False
2023-05-01,2023,5,2,1,BOLIVAR,11490.082,267.0,31.0,140.0,173928.0,1.0,45197.0,9354.0,26.0,19.0,35172.0,73952.0,29387.0,4540.089032258064,120.00431023619535,False,False,False,False,False,False,False
2023-05-01,2023,5,2,1,BOYACA,515.0,165.0,41.0,44.0,0.0,0.0,0.0,3527.0,107.0,14.0,18878.0,39238.0,6736.0,4540.089032258064,120.00431023619535,False,False,False,False,False,False,False
2023-05-01,2023,5,2,1,CALDAS,979.0,146.0,25.0,55.0,4006.0,1.0,0.0,2056.0,27.0,14.0,10618.0,21988.0,4685.0,4540.089032258064,120.00431023619535,False,False,False,False,False,False,False
2023-05-01,2023,5,2,1,CAQUETA,62.0,31.0,7.0,18.0,4488.0,3.0,0.0,337.0,13.0,12.0,2541.0,3419.0,800.0,4540.089032258064,120.00431023619535,False,False,False,False,False,False,False
2023-05-01,2023,5,2,1,CASANARE,133.0,40.0,11.0,19.0,11686.0,1.0,0.0,733.0,17.0,11.0,7959.0,11719.0,1444.0,4540.089032258064,120.00431023619535,False,False,False,False,False,False,False
2023-05-01,2023,5,2,1,CAUCA,469.0,119.0,25.0,39.0,7518.0,2.0,0.0,597.0,28.0,13.0,4166.0,6905.0,1642.0,4540.089032258064,120.00431023619535,False,False,False,False,False,False,False
2023-05-01,2023,5,2,1,CESAR,384.0,72.0,18.0,31.0,16612.0,3.0,0.0,666.0,22.0,14.0,7477.0,11885.0,1936.0,4540.089032258064,120.00431023619535,False,False,False,False,False,False,False
2023-05-01,2023,5,2,1,CHOCO,316.0,43.0,9.0,27.0,13925.0,2.0,0.0,493.0,20.0,6.0,4029.0,7232.0,844.0,4540.089032258064,120.00431023619535,False,False,False,False,False,False,False
2023-05-01,2023,5,2,1,CORDOBA,436.0,86.0,18.0,40.0,43695.0,1.0,0.0,850.0,26.0,12.0,7470.0,14024.0,2901.0,4540.089032258064,120.00431023619535,False,False,False,False,False,False,False
2023-05-01,2023,5,2,1,CUNDINAMARCA,2414.0,517.0,72.0,65.0,0.0,0.0,0.0,7132.0,110.0,15.0,34088.0,80697.0,15085.0,4540.089032258064,120.00431023619535,False,False,False,False,False,False,False
2023-05-01,2023,5,2,1,GUAINIA,4.0,3.0,3.0,3.0,2160.0,3.0,0.0,75.0,1.0,7.0,333.0,683.0,86.0,4540.089032258064,120.00431023619535,False,False,False,False,False,False,False
2023-05-01,2023,5,2,1,GUAVIARE,8.0,6.0,2.0,6.0,600.0,1.0,0.0,193.0,3.0,9.0,912.0,1660.0,242.0,4540.089032258064,120.00431023619535,False,False,False,False,False,False,False
2023-05-01,2023,5,2,1,HUILA,425.0,102.0,25.0,37.0,14123.0,2.0,0.0,1840.0,37.0,15.0,11350.0,19940.0,5247.0,4540.089032258064,120.00431023619535,False,False,False,False,False,False,False
2023-05-01,2023,5,2,1,LA GUAJIRA,608.0,92.0,13.0,35.0,18210.0,1.0,0.0,968.0,14.0,14.0,8082.0,13483.0,3199.0,4540.089032258064,120.00431023619535,False,False,False,False,False,False,False
2023-05-01,2023,5,2,1,MAGDALENA,3882.0,147.0,24.0,84.0,96640.0,1.0,1181.0,7084.0,18.0,14.0,27614.0,66283.0,18981.0,4540.089032258064,120.00431023619535,False,False,False,False,False,False,False
2023-05-01,2023,5,2,1,META,553.0,93.0,17.0,42.0,3484.0,2.0,0.0,2463.0,29.0,14.0,19338.0,35071.0,5196.0,4540.089032258064,120.00431023619535,False,False,False,False,False,False,False
2023-05-01,2023,5,2,1,NARINO,1053.0,107.0,22.0,47.0,34835.0,3.0,0.0,1322.0,40.0,15.0,12079.0,18643.0,4639.0,4540.089032258064,120.00431023619535,False,False,False,False,False,False,False
2023-05-01,2023,5,2,1,NORTE DE SANTANDER,2913.376,139.0,25.0,51.0,52162.0,1.0,1935.0,1323.0,29.0,14.0,11350.0,17869.0,3733.0,4540.089032258064,120.00431023619535,False,False,False,False,False,False,False
2023-05-01,2023,5,2,1,PUTUMAYO,136.0,48.0,10.0,24.0,5849.0,2.0,0.0,469.0,12.0,11.0,4130.0,5165.0,755.0,4540.089032258064,120.00431023619535,False,False,False,False,False,False,False
2023-05-01,2023,5,2,1,QUINDIO,1808.0,160.0,12.0,49.0,18374.0,1.0,3188.0,3785.0,12.0,16.0,17420.0,41739.0,9868.0,4540.089032258064,120.00431023619535,False,False,False,False,False,False,False
2023-05-01,2023,5,2,1,RISARALDA,2122.385,133.0,13.0,59.0,61687.0,1.0,7182.0,2669.0,14.0,16.0,11628.0,24974.0,6409.0,4540.089032258064,120.00431023619535,False,False,False,False,False,False,False
2023-05-01,2023,5,2,1,"SAN ANDRES, PROVIDENCIA Y SANTA CATALINA",3357.858,78.0,2.0,53.0,69592.0,2.0,1101.0,1802.0,2.0,16.0,9986.0,23735.0,9949.0,4540.089032258064,120.00431023619535,False,False,False,False,False,False,False
2023-05-01,2023,5,2,1,SANTANDER,2691.0,228.0,43.0,65.0,73673.0,2.0,2781.0,4319.0,78.0,16.0,26753.0,49654.0,7882.0,4540.089032258064,120.00431023619535,False,False,False,False,False,False,False
2023-05-01,2023,5,2,1,SUCRE,186.0,66.0,14.0,31.0,3107.0,2.0,0.0,1119.0,21.0,12.0,8805.0,22053.0,1982.0,4540.089032258064,120.00431023619535,False,False,False,False,False,False,False
2023-05-01,2023,5,2,1,TOLIMA,627.0,105.0,27.0,45.0,4907.0,1.0,0.0,3352.0,46.0,16.0,21540.0,45195.0,5779.0,4540.089032258064,120.00431023619535,False,False,False,False,False,False,False
2023-05-01,2023,5,2,1,VALLE DEL CAUCA,10273.433,500.0,41.0,117.0,193926.0,2.0,37596.0,6288.0,41.0,19.0,33508.0,61012.0,17175.0,4540.089032258064,120.00431023619535,False,False,False,False,False,False,False
2023-05-01,2023,5,2,1,VAUPES,1.0,1.0,1.0,1.0,1332.0,2.0,0.0,35.0,2.0,5.0,217.0,296.0,47.0,4540.089032258064,120.00431023619535,False,False,False,False,False,False,False
2023-05-01,2023,5,2,1,VICHADA,52.0,10.0,2.0,8.0,1976.0,1.0,0.0,79.0,4.0,6.0,675.0,973.0,102.0,4540.089032258064,120.00431023619535,False,False,False,False,False,False,False
2023-06-01,2023,6,2,1,AMAZONAS,468.0,50.0,6.0,39.0,12141.0,3.0,0.0,439.0,4.0,9.0,1839.0,4302.0,1452.0,4209.268,122.55605126897218,False,False,False,False,False,False,False
2023-06-01,2023,6,2,1,ANTIOQUIA,16648.6,871.0,108.0,136.0,356953.0,3.0,117786.0,20817.0,121.0,18.0,88846.0,177499.0,54588.0,4209.268,122.55605126897218,False,False,False,False,False,False,False
2023-06-01,2023,6,2,1,ARAUCA,99.0,23.0,5.0,12.0,7159.0,3.0,0.0,129.0,6.0,6.0,1362.0,1940.0,262.0,4209.268,122.55605126897218,False,False,False,False,False,False,False
2023-06-01,2023,6,2,1,ATLANTICO,4813.477,195.0,21.0,88.0,109238.0,1.0,19259.0,2307.0,17.0,17.0,14461.0,25546.0,10313.0,4209.268,122.55605126897218,False,False,False,False,False,False,False
2023-06-01,2023,6,2,1,BOGOTA D.C.,12954.267,167.0,1.0,167.0,829682.0,1.0,531030.0,12147.0,7.0,18.0,44490.0,70907.0,43002.0,4209.268,122.55605126897218,False,False,False,False,False,False,False
2023-06-01,2023,6,2,1,BOLIVAR,10913.726,239.0,33.0,129.0,190127.0,1.0,50588.0,9354.0,26.0,19.0,35172.0,73952.0,29387.0,4209.268,122.55605126897218,False,False,False,False,False,False,False
2023-06-01,2023,6,2,1,BOYACA,661.0,174.0,51.0,41.0,0.0,0.0,0.0,3527.0,107.0,14.0,18878.0,39238.0,6736.0,4209.268,122.55605126897218,False,False,False,False,False,False,False
2023-06-01,2023,6,2,1,CALDAS,1346.0,155.0,24.0,49.0,3953.0,1.0,0.0,2056.0,27.0,14.0,10618.0,21988.0,4685.0,4209.268,122.55605126897218,False,False,False,False,False,False,False
2023-06-01,2023,6,2,1,CAQUETA,91.0,37.0,11.0,21.0,3982.0,2.0,0.0,337.0,13.0,12.0,2541.0,3419.0,800.0,4209.268,122.55605126897218,False,False,False,False,False,False,False
2023-06-01,2023,6,2,1,CASANARE,134.0,41.0,11.0,23.0,11894.0,1.0,0.0,733.0,17.0,11.0,7959.0,11719.0,1444.0,4209.268,122.55605126897218,False,False,False,False,False,False,False
2023-06-01,2023,6,2,1,CAUCA,630.0,112.0,28.0,35.0,7912.0,2.0,0.0,597.0,28.0,13.0,4166.0,6905.0,1642.0,4209.268,122.55605126897218,False,False,False,False,False,False,False
2023-06-01,2023,6,2,1,CESAR,445.0,76.0,15.0,40.0,18409.0,2.0,0.0,666.0,22.0,14.0,7477.0,11885.0,1936.0,4209.268,122.55605126897218,False,False,False,False,False,False,False
2023-06-01,2023,6,2,1,CHOCO,267.0,45.0,8.0,30.0,17186.0,3.0,0.0,493.0,20.0,6.0,4029.0,7232.0,844.0,4209.268,122.55605126897218,False,False,False,False,False,False,False
2023-06-01,2023,6,2,1,CORDOBA,448.0,88.0,18.0,41.0,45895.0,1.0,0.0,850.0,26.0,12.0,7470.0,14024.0,2901.0,4209.268,122.55605126897218,False,False,False,False,False,False,False
2023-06-01,2023,6,2,1,CUNDINAMARCA,3061.0,602.0,84.0,71.0,0.0,0.0,0.0,7132.0,110.0,15.0,34088.0,80697.0,15085.0,4209.268,122.55605126897218,False,False,False,False,False,False,False
2023-06-01,2023,6,2,1,GUAINIA,12.0,5.0,3.0,4.0,2133.0,1.0,0.0,75.0,1.0,7.0,333.0,683.0,86.0,4209.268,122.55605126897218,False,False,False,False,False,False,False
2023-06-01,2023,6,2,1,GUAVIARE,12.0,10.0,2.0,9.0,545.0,1.0,0.0,193.0,3.0,9.0,912.0,1660.0,242.0,4209.268,122.55605126897218,False,False,False,False,False,False,False
2023-06-01,2023,6,2,1,HUILA,901.0,140.0,25.0,45.0,14622.0,2.0,0.0,1840.0,37.0,15.0,11350.0,19940.0,5247.0,4209.268,122.55605126897218,False,False,False,False,False,False,False
2023-06-01,2023,6,2,1,LA GUAJIRA,578.0,104.0,14.0,47.0,21327.0,1.0,0.0,968.0,14.0,14.0,8082.0,13483.0,3199.0,4209.268,122.55605126897218,False,False,False,False,False,False,False
2023-06-01,2023,6,2,1,MAGDALENA,2596.471,126.0,18.0,72.0,100622.0,1.0,1674.0,7084.0,18.0,14.0,27614.0,66283.0,18981.0,4209.268,122.55605126897218,False,False,False,False,False,False,False
2023-06-01,2023,6,2,1,META,738.0,104.0,15.0,44.0,4703.0,2.0,0.0,2463.0,29.0,14.0,19338.0,35071.0,5196.0,4209.268,122.55605126897218,False,False,False,False,False,False,False
2023-06-01,2023,6,2,1,NARINO,1117.0,123.0,27.0,49.0,37875.0,3.0,0.0,1322.0,40.0,15.0,12079.0,18643.0,4639.0,4209.268,122.55605126897218,False,False,False,False,False,False,False
2023-06-01,2023,6,2,1,NORTE DE SANTANDER,2965.837,180.0,26.0,60.0,52624.0,1.0,1683.0,1323.0,29.0,14.0,11350.0,17869.0,3733.0,4209.268,122.55605126897218,False,False,False,False,False,False,False
2023-06-01,2023,6,2,1,PUTUMAYO,167.0,60.0,11.0,28.0,6922.0,3.0,0.0,469.0,12.0,11.0,4130.0,5165.0,755.0,4209.268,122.55605126897218,False,False,False,False,False,False,False
2023-06-01,2023,6,2,1,QUINDIO,1645.012,178.0,12.0,62.0,21857.0,1.0,3514.0,3785.0,12.0,16.0,17420.0,41739.0,9868.0,4209.268,122.55605126897218,False,False,False,False,False,False,False
2023-06-01,2023,6,2,1,RISARALDA,2480.282,153.0,14.0,65.0,65844.0,1.0,9836.0,2669.0,14.0,16.0,11628.0,24974.0,6409.0,4209.268,122.55605126897218,False,False,False,False,False,False,False
2023-06-01,2023,6,2,1,"SAN ANDRES, PROVIDENCIA Y SANTA CATALINA",3324.42,78.0,2.0,51.0,74071.0,2.0,963.0,1802.0,2.0,16.0,9986.0,23735.0,9949.0,4209.268,122.55605126897218,False,False,False,False,False,False,False
2023-06-01,2023,6,2,1,SANTANDER,2453.134,270.0,46.0,67.0,85644.0,2.0,3791.0,4319.0,78.0,16.0,26753.0,49654.0,7882.0,4209.268,122.55605126897218,False,False,False,False,False,False,False
2023-06-01,2023,6,2,1,SUCRE,251.0,68.0,15.0,30.0,4063.0,2.0,0.0,1119.0,21.0,12.0,8805.0,22053.0,1982.0,4209.268,122.55605126897218,False,False,False,False,False,False,False
2023-06-01,2023,6,2,1,TOLIMA,1108.0,121.0,27.0,47.0,5140.0,1.0,0.0,3352.0,46.0,16.0,21540.0,45195.0,5779.0,4209.268,122.55605126897218,False,False,False,False,False,False,False
2023-06-01,2023,6,2,1,VALLE DEL CAUCA,11545.707,542.0,42.0,113.0,203992.0,2.0,44431.0,6288.0,41.0,19.0,33508.0,61012.0,17175.0,4209.268,122.55605126897218,False,False,False,False,False,False,False
2023-06-01,2023,6,2,1,VAUPES,4.0,2.0,1.0,2.0,1427.0,1.0,0.0,35.0,2.0,5.0,217.0,296.0,47.0,4209.268,122.55605126897218,False,False,False,False,False,False,False
2023-06-01,2023,6,2,1,VICHADA,40.0,13.0,2.0,13.0,1923.0,1.0,0.0,79.0,4.0,6.0,675.0,973.0,102.0,4209.268,122.55605126897218,False,False,False,False,False,False,False
2023-07-01,2023,7,3,2,AMAZONAS,910.0,63.0,8.0,45.0,13604.0,3.0,0.0,439.0,4.0,9.0,1839.0,4302.0,1452.0,4069.233548387097,119.24242605269129,False,False,False,False,False,False,False
2023-07-01,2023,7,3,2,ANTIOQUIA,20742.829,938.0,105.0,140.0,387586.0,3.0,140294.0,20817.0,121.0,18.0,88846.0,177499.0,54588.0,4069.233548387097,119.24242605269129,False,False,False,False,False,False,False
2023-07-01,2023,7,3,2,ARAUCA,151.0,23.0,5.0,14.0,7795.0,3.0,0.0,129.0,6.0,6.0,1362.0,1940.0,262.0,4069.233548387097,119.24242605269129,False,False,False,False,False,False,False
2023-07-01,2023,7,3,2,ATLANTICO,5192.289,216.0,21.0,88.0,113314.0,1.0,21938.0,2307.0,17.0,17.0,14461.0,25546.0,10313.0,4069.233548387097,119.24242605269129,False,False,False,False,False,False,False
2023-07-01,2023,7,3,2,BOGOTA D.C.,12253.344,173.0,1.0,173.0,900275.0,1.0,646755.0,12147.0,7.0,18.0,44490.0,70907.0,43002.0,4069.233548387097,119.24242605269129,False,False,False,False,False,False,False
2023-07-01,2023,7,3,2,BOLIVAR,11134.26,257.0,35.0,135.0,198495.0,1.0,56929.0,9354.0,26.0,19.0,35172.0,73952.0,29387.0,4069.233548387097,119.24242605269129,False,False,False,False,False,False,False
2023-07-01,2023,7,3,2,BOYACA,1063.0,225.0,54.0,53.0,0.0,0.0,0.0,3527.0,107.0,14.0,18878.0,39238.0,6736.0,4069.233548387097,119.24242605269129,False,False,False,False,False,False,False
2023-07-01,2023,7,3,2,CALDAS,1670.0,151.0,23.0,47.0,4288.0,1.0,0.0,2056.0,27.0,14.0,10618.0,21988.0,4685.0,4069.233548387097,119.24242605269129,False,False,False,False,False,False,False
2023-07-01,2023,7,3,2,CAQUETA,152.0,49.0,9.0,30.0,4438.0,2.0,0.0,337.0,13.0,12.0,2541.0,3419.0,800.0,4069.233548387097,119.24242605269129,False,False,False,False,False,False,False
2023-07-01,2023,7,3,2,CASANARE,156.0,53.0,11.0,30.0,12956.0,1.0,0.0,733.0,17.0,11.0,7959.0,11719.0,1444.0,4069.233548387097,119.24242605269129,False,False,False,False,False,False,False
2023-07-01,2023,7,3,2,CAUCA,728.0,106.0,28.0,34.0,8421.0,2.0,0.0,597.0,28.0,13.0,4166.0,6905.0,1642.0,4069.233548387097,119.24242605269129,False,False,False,False,False,False,False
2023-07-01,2023,7,3,2,CESAR,522.0,84.0,20.0,39.0,17783.0,2.0,0.0,666.0,22.0,14.0,7477.0,11885.0,1936.0,4069.233548387097,119.24242605269129,False,False,False,False,False,False,False
2023-07-01,2023,7,3,2,CHOCO,346.0,71.0,19.0,36.0,18170.0,3.0,0.0,493.0,20.0,6.0,4029.0,7232.0,844.0,4069.233548387097,119.24242605269129,False,False,False,False,False,False,False
2023-07-01,2023,7,3,2,CORDOBA,408.0,96.0,21.0,37.0,48410.0,1.0,0.0,850.0,26.0,12.0,7470.0,14024.0,2901.0,4069.233548387097,119.24242605269129,False,False,False,False,False,False,False
2023-07-01,2023,7,3,2,CUNDINAMARCA,3368.0,619.0,82.0,65.0,0.0,0.0,0.0,7132.0,110.0,15.0,34088.0,80697.0,15085.0,4069.233548387097,119.24242605269129,False,False,False,False,False,False,False
2023-07-01,2023,7,3,2,GUAINIA,12.0,8.0,6.0,3.0,3589.0,1.0,0.0,75.0,1.0,7.0,333.0,683.0,86.0,4069.233548387097,119.24242605269129,False,False,False,False,False,False,False
2023-07-01,2023,7,3,2,GUAVIARE,18.0,12.0,4.0,7.0,649.0,1.0,0.0,193.0,3.0,9.0,912.0,1660.0,242.0,4069.233548387097,119.24242605269129,False,False,False,False,False,False,False
2023-07-01,2023,7,3,2,HUILA,785.0,135.0,27.0,42.0,14455.0,2.0,0.0,1840.0,37.0,15.0,11350.0,19940.0,5247.0,4069.233548387097,119.24242605269129,False,False,False,False,False,False,False
2023-07-01,2023,7,3,2,LA GUAJIRA,650.0,85.0,14.0,34.0,22151.0,1.0,0.0,968.0,14.0,14.0,8082.0,13483.0,3199.0,4069.233548387097,119.24242605269129,False,False,False,False,False,False,False
2023-07-01,2023,7,3,2,MAGDALENA,5421.642,165.0,24.0,79.0,107852.0,1.0,2641.0,7084.0,18.0,14.0,27614.0,66283.0,18981.0,4069.233548387097,119.24242605269129,False,False,False,False,False,False,False
2023-07-01,2023,7,3,2,META,951.0,123.0,21.0,44.0,9918.0,2.0,0.0,2463.0,29.0,14.0,19338.0,35071.0,5196.0,4069.233548387097,119.24242605269129,False,False,False,False,False,False,False
2023-07-01,2023,7,3,2,NARINO,1389.0,141.0,34.0,53.0,40729.0,3.0,0.0,1322.0,40.0,15.0,12079.0,18643.0,4639.0,4069.233548387097,119.24242605269129,False,False,False,False,False,False,False
2023-07-01,2023,7,3,2,NORTE DE SANTANDER,3476.258,203.0,28.0,58.0,53867.0,1.0,2270.0,1323.0,29.0,14.0,11350.0,17869.0,3733.0,4069.233548387097,119.24242605269129,False,False,False,False,False,False,False
2023-07-01,2023,7,3,2,PUTUMAYO,184.0,42.0,13.0,20.0,6794.0,3.0,0.0,469.0,12.0,11.0,4130.0,5165.0,755.0,4069.233548387097,119.24242605269129,False,False,False,False,False,False,False
2023-07-01,2023,7,3,2,QUINDIO,3815.0,208.0,12.0,69.0,24118.0,1.0,3749.0,3785.0,12.0,16.0,17420.0,41739.0,9868.0,4069.233548387097,119.24242605269129,False,False,False,False,False,False,False
2023-07-01,2023,7,3,2,RISARALDA,3423.159,189.0,14.0,66.0,75580.0,1.0,11706.0,2669.0,14.0,16.0,11628.0,24974.0,6409.0,4069.233548387097,119.24242605269129,False,False,False,False,False,False,False
2023-07-01,2023,7,3,2,"SAN ANDRES, PROVIDENCIA Y SANTA CATALINA",2927.029,80.0,2.0,55.0,83872.0,2.0,1000.0,1802.0,2.0,16.0,9986.0,23735.0,9949.0,4069.233548387097,119.24242605269129,False,False,False,False,False,False,False
2023-07-01,2023,7,3,2,SANTANDER,3534.0,290.0,56.0,69.0,83035.0,2.0,4392.0,4319.0,78.0,16.0,26753.0,49654.0,7882.0,4069.233548387097,119.24242605269129,False,False,False,False,False,False,False
2023-07-01,2023,7,3,2,SUCRE,670.0,79.0,15.0,31.0,4472.0,2.0,0.0,1119.0,21.0,12.0,8805.0,22053.0,1982.0,4069.233548387097,119.24242605269129,False,False,False,False,False,False,False
2023-07-01,2023,7,3,2,TOLIMA,1076.0,133.0,26.0,45.0,4663.0,1.0,0.0,3352.0,46.0,16.0,21540.0,45195.0,5779.0,4069.233548387097,119.24242605269129,False,False,False,False,False,False,False
2023-07-01,2023,7,3,2,VALLE DEL CAUCA,12545.519,616.0,42.0,117.0,220017.0,2.0,51654.0,6288.0,41.0,19.0,33508.0,61012.0,17175.0,4069.233548387097,119.24242605269129,False,False,False,False,False,False,False
2023-07-01,2023,7,3,2,VAUPES,1.0,1.0,1.0,1.0,2259.0,1.0,0.0,35.0,2.0,5.0,217.0,296.0,47.0,4069.233548387097,119.24242605269129,False,False,False,False,False,False,False
2023-07-01,2023,7,3,2,VICHADA,26.0,7.0,1.0,7.0,1997.0,1.0,0.0,79.0,4.0,6.0,675.0,973.0,102.0,4069.233548387097,119.24242605269129,False,False,False,False,False,False,False
2023-08-01,2023,8,3,2,AMAZONAS,811.0,70.0,6.0,47.0,13668.0,4.0,0.0,439.0,4.0,9.0,1839.0,4302.0,1452.0,4070.7251612903224,121.11994769235348,False,False,False,False,False,False,False
2023-08-01,2023,8,3,2,ANTIOQUIA,22130.375,973.0,105.0,139.0,395777.0,3.0,132159.0,20817.0,121.0,18.0,88846.0,177499.0,54588.0,4070.7251612903224,121.11994769235348,False,False,False,False,False,False,False
2023-08-01,2023,8,3,2,ARAUCA,90.0,21.0,6.0,11.0,7725.0,3.0,0.0,129.0,6.0,6.0,1362.0,1940.0,262.0,4070.7251612903224,121.11994769235348,False,False,False,False,False,False,False
2023-08-01,2023,8,3,2,ATLANTICO,3754.483,189.0,21.0,85.0,109847.0,1.0,18503.0,2307.0,17.0,17.0,14461.0,25546.0,10313.0,4070.7251612903224,121.11994769235348,False,False,False,False,False,False,False
2023-08-01,2023,8,3,2,BOGOTA D.C.,12472.352,172.0,2.0,171.0,897996.0,1.0,587500.0,12147.0,7.0,18.0,44490.0,70907.0,43002.0,4070.7251612903224,121.11994769235348,False,False,False,False,False,False,False
2023-08-01,2023,8,3,2,BOLIVAR,9475.553,245.0,32.0,139.0,200117.0,1.0,50998.0,9354.0,26.0,19.0,35172.0,73952.0,29387.0,4070.7251612903224,121.11994769235348,False,False,False,False,False,False,False
2023-08-01,2023,8,3,2,BOYACA,864.0,212.0,53.0,46.0,0.0,0.0,0.0,3527.0,107.0,14.0,18878.0,39238.0,6736.0,4070.7251612903224,121.11994769235348,False,False,False,False,False,False,False
2023-08-01,2023,8,3,2,CALDAS,1080.0,144.0,24.0,43.0,4405.0,1.0,0.0,2056.0,27.0,14.0,10618.0,21988.0,4685.0,4070.7251612903224,121.11994769235348,False,False,False,False,False,False,False
2023-08-01,2023,8,3,2,CAQUETA,137.0,39.0,7.0,24.0,4239.0,3.0,0.0,337.0,13.0,12.0,2541.0,3419.0,800.0,4070.7251612903224,121.11994769235348,False,False,False,False,False,False,False
2023-08-01,2023,8,3,2,CASANARE,131.0,40.0,9.0,27.0,13686.0,1.0,0.0,733.0,17.0,11.0,7959.0,11719.0,1444.0,4070.7251612903224,121.11994769235348,False,False,False,False,False,False,False
2023-08-01,2023,8,3,2,CAUCA,664.0,93.0,24.0,38.0,8176.0,2.0,0.0,597.0,28.0,13.0,4166.0,6905.0,1642.0,4070.7251612903224,121.11994769235348,False,False,False,False,False,False,False
2023-08-01,2023,8,3,2,CESAR,432.0,66.0,14.0,28.0,18630.0,2.0,0.0,666.0,22.0,14.0,7477.0,11885.0,1936.0,4070.7251612903224,121.11994769235348,False,False,False,False,False,False,False
2023-08-01,2023,8,3,2,CHOCO,286.0,57.0,12.0,29.0,19166.0,3.0,0.0,493.0,20.0,6.0,4029.0,7232.0,844.0,4070.7251612903224,121.11994769235348,False,False,False,False,False,False,False
2023-08-01,2023,8,3,2,CORDOBA,349.0,81.0,17.0,34.0,48697.0,1.0,0.0,850.0,26.0,12.0,7470.0,14024.0,2901.0,4070.7251612903224,121.11994769235348,False,False,False,False,False,False,False
2023-08-01,2023,8,3,2,CUNDINAMARCA,2452.0,528.0,87.0,58.0,0.0,0.0,0.0,7132.0,110.0,15.0,34088.0,80697.0,15085.0,4070.7251612903224,121.11994769235348,False,False,False,False,False,False,False
2023-08-01,2023,8,3,2,GUAINIA,18.0,9.0,4.0,6.0,2302.0,3.0,0.0,75.0,1.0,7.0,333.0,683.0,86.0,4070.7251612903224,121.11994769235348,False,False,False,False,False,False,False
2023-08-01,2023,8,3,2,GUAVIARE,10.0,7.0,2.0,7.0,770.0,2.0,0.0,193.0,3.0,9.0,912.0,1660.0,242.0,4070.7251612903224,121.11994769235348,False,False,False,False,False,False,False
2023-08-01,2023,8,3,2,HUILA,564.0,127.0,24.0,38.0,14659.0,2.0,0.0,1840.0,37.0,15.0,11350.0,19940.0,5247.0,4070.7251612903224,121.11994769235348,False,False,False,False,False,False,False
2023-08-01,2023,8,3,2,LA GUAJIRA,775.0,96.0,12.0,37.0,19975.0,1.0,0.0,968.0,14.0,14.0,8082.0,13483.0,3199.0,4070.7251612903224,121.11994769235348,False,False,False,False,False,False,False
2023-08-01,2023,8,3,2,MAGDALENA,6242.659,155.0,19.0,93.0,105985.0,1.0,1922.0,7084.0,18.0,14.0,27614.0,66283.0,18981.0,4070.7251612903224,121.11994769235348,False,False,False,False,False,False,False
2023-08-01,2023,8,3,2,META,594.0,106.0,19.0,39.0,8650.0,2.0,0.0,2463.0,29.0,14.0,19338.0,35071.0,5196.0,4070.7251612903224,121.11994769235348,False,False,False,False,False,False,False
2023-08-01,2023,8,3,2,NARINO,1598.0,135.0,28.0,51.0,40571.0,3.0,0.0,1322.0,40.0,15.0,12079.0,18643.0,4639.0,4070.7251612903224,121.11994769235348,False,False,False,False,False,False,False
2023-08-01,2023,8,3,2,NORTE DE SANTANDER,2828.197,175.0,32.0,54.0,52335.0,1.0,1988.0,1323.0,29.0,14.0,11350.0,17869.0,3733.0,4070.7251612903224,121.11994769235348,False,False,False,False,False,False,False
2023-08-01,2023,8,3,2,PUTUMAYO,166.0,39.0,9.0,18.0,6435.0,3.0,0.0,469.0,12.0,11.0,4130.0,5165.0,755.0,4070.7251612903224,121.11994769235348,False,False,False,False,False,False,False
2023-08-01,2023,8,3,2,QUINDIO,5214.0,249.0,12.0,70.0,24014.0,1.0,3413.0,3785.0,12.0,16.0,17420.0,41739.0,9868.0,4070.7251612903224,121.11994769235348,False,False,False,False,False,False,False
2023-08-01,2023,8,3,2,RISARALDA,3188.83,159.0,12.0,71.0,78643.0,1.0,10503.0,2669.0,14.0,16.0,11628.0,24974.0,6409.0,4070.7251612903224,121.11994769235348,False,False,False,False,False,False,False
2023-08-01,2023,8,3,2,"SAN ANDRES, PROVIDENCIA Y SANTA CATALINA",5254.659,87.0,2.0,60.0,80997.0,2.0,1014.0,1802.0,2.0,16.0,9986.0,23735.0,9949.0,4070.7251612903224,121.11994769235348,False,False,False,False,False,False,False
2023-08-01,2023,8,3,2,SANTANDER,2674.0,254.0,51.0,61.0,83576.0,2.0,3928.0,4319.0,78.0,16.0,26753.0,49654.0,7882.0,4070.7251612903224,121.11994769235348,False,False,False,False,False,False,False
2023-08-01,2023,8,3,2,SUCRE,312.0,70.0,16.0,33.0,3925.0,2.0,0.0,1119.0,21.0,12.0,8805.0,22053.0,1982.0,4070.7251612903224,121.11994769235348,False,False,False,False,False,False,False
2023-08-01,2023,8,3,2,TOLIMA,717.0,107.0,24.0,45.0,4843.0,1.0,0.0,3352.0,46.0,16.0,21540.0,45195.0,5779.0,4070.7251612903224,121.11994769235348,False,False,False,False,False,False,False
2023-08-01,2023,8,3,2,VALLE DEL CAUCA,12232.937,593.0,41.0,119.0,221206.0,2.0,46708.0,6288.0,41.0,19.0,33508.0,61012.0,17175.0,4070.7251612903224,121.11994769235348,False,False,False,False,False,False,False
2023-08-01,2023,8,3,2,VAUPES,1.0,1.0,1.0,1.0,1433.0,1.0,0.0,35.0,2.0,5.0,217.0,296.0,47.0,4070.7251612903224,121.11994769235348,False,False,False,False,False,False,False
2023-08-01,2023,8,3,2,VICHADA,35.0,6.0,2.0,6.0,1949.0,1.0,0.0,79.0,4.0,6.0,675.0,973.0,102.0,4070.7251612903224,121.11994769235348,False,False,False,False,False,False,False
2023-09-01,2023,9,3,2,AMAZONAS,562.0,60.0,4.0,43.0,12979.0,3.0,0.0,439.0,4.0,9.0,1839.0,4302.0,1452.0,4004.5206666666663,121.27866870113424,False,False,False,False,False,False,False
2023-09-01,2023,9,3,2,ANTIOQUIA,19216.211,916.0,99.0,131.0,365108.0,3.0,119580.0,20817.0,121.0,18.0,88846.0,177499.0,54588.0,4004.5206666666663,121.27866870113424,False,False,False,False,False,False,False
2023-09-01,2023,9,3,2,ARAUCA,93.0,19.0,6.0,14.0,7864.0,3.0,0.0,129.0,6.0,6.0,1362.0,1940.0,262.0,4004.5206666666663,121.27866870113424,False,False,False,False,False,False,False
2023-09-01,2023,9,3,2,ATLANTICO,4494.609,190.0,21.0,81.0,101799.0,1.0,15349.0,2307.0,17.0,17.0,14461.0,25546.0,10313.0,4004.5206666666663,121.27866870113424,False,False,False,False,False,False,False
2023-09-01,2023,9,3,2,BOGOTA D.C.,11285.801,163.0,1.0,163.0,841336.0,1.0,540051.0,12147.0,7.0,18.0,44490.0,70907.0,43002.0,4004.5206666666663,121.27866870113424,False,False,False,False,False,False,False
2023-09-01,2023,9,3,2,BOLIVAR,10994.052,242.0,32.0,135.0,182365.0,1.0,45338.0,9354.0,26.0,19.0,35172.0,73952.0,29387.0,4004.5206666666663,121.27866870113424,False,False,False,False,False,False,False
2023-09-01,2023,9,3,2,BOYACA,681.0,169.0,39.0,46.0,0.0,0.0,0.0,3527.0,107.0,14.0,18878.0,39238.0,6736.0,4004.5206666666663,121.27866870113424,False,False,False,False,False,False,False
2023-09-01,2023,9,3,2,CALDAS,860.0,122.0,23.0,46.0,4572.0,1.0,0.0,2056.0,27.0,14.0,10618.0,21988.0,4685.0,4004.5206666666663,121.27866870113424,False,False,False,False,False,False,False
2023-09-01,2023,9,3,2,CAQUETA,265.0,36.0,4.0,30.0,4765.0,3.0,0.0,337.0,13.0,12.0,2541.0,3419.0,800.0,4004.5206666666663,121.27866870113424,False,False,False,False,False,False,False
2023-09-01,2023,9,3,2,CASANARE,104.0,37.0,9.0,24.0,12933.0,1.0,0.0,733.0,17.0,11.0,7959.0,11719.0,1444.0,4004.5206666666663,121.27866870113424,False,False,False,False,False,False,False
2023-09-01,2023,9,3,2,CAUCA,481.0,88.0,25.0,37.0,7704.0,2.0,0.0,597.0,28.0,13.0,4166.0,6905.0,1642.0,4004.5206666666663,121.27866870113424,False,False,False,False,False,False,False
2023-09-01,2023,9,3,2,CESAR,396.0,62.0,14.0,33.0,17330.0,2.0,0.0,666.0,22.0,14.0,7477.0,11885.0,1936.0,4004.5206666666663,121.27866870113424,False,False,False,False,False,False,False
2023-09-01,2023,9,3,2,CHOCO,240.0,67.0,12.0,36.0,19852.0,3.0,0.0,493.0,20.0,6.0,4029.0,7232.0,844.0,4004.5206666666663,121.27866870113424,False,False,False,False,False,False,False
2023-09-01,2023,9,3,2,CORDOBA,287.0,74.0,20.0,36.0,45339.0,1.0,0.0,850.0,26.0,12.0,7470.0,14024.0,2901.0,4004.5206666666663,121.27866870113424,False,False,False,False,False,False,False
2023-09-01,2023,9,3,2,CUNDINAMARCA,1743.0,455.0,71.0,60.0,0.0,0.0,0.0,7132.0,110.0,15.0,34088.0,80697.0,15085.0,4004.5206666666663,121.27866870113424,False,False,False,False,False,False,False
2023-09-01,2023,9,3,2,GUAINIA,17.0,9.0,3.0,7.0,2052.0,2.0,0.0,75.0,1.0,7.0,333.0,683.0,86.0,4004.5206666666663,121.27866870113424,False,False,False,False,False,False,False
2023-09-01,2023,9,3,2,GUAVIARE,21.0,10.0,3.0,9.0,850.0,2.0,0.0,193.0,3.0,9.0,912.0,1660.0,242.0,4004.5206666666663,121.27866870113424,False,False,False,False,False,False,False
2023-09-01,2023,9,3,2,HUILA,481.0,123.0,22.0,37.0,13869.0,2.0,0.0,1840.0,37.0,15.0,11350.0,19940.0,5247.0,4004.5206666666663,121.27866870113424,False,False,False,False,False,False,False
2023-09-01,2023,9,3,2,LA GUAJIRA,639.0,105.0,14.0,46.0,18803.0,1.0,0.0,968.0,14.0,14.0,8082.0,13483.0,3199.0,4004.5206666666663,121.27866870113424,False,False,False,False,False,False,False
2023-09-01,2023,9,3,2,MAGDALENA,5068.067,128.0,18.0,82.0,97246.0,1.0,1226.0,7084.0,18.0,14.0,27614.0,66283.0,18981.0,4004.5206666666663,121.27866870113424,False,False,False,False,False,False,False
2023-09-01,2023,9,3,2,META,578.0,105.0,15.0,44.0,7167.0,2.0,0.0,2463.0,29.0,14.0,19338.0,35071.0,5196.0,4004.5206666666663,121.27866870113424,False,False,False,False,False,False,False
2023-09-01,2023,9,3,2,NARINO,1062.0,138.0,32.0,52.0,34913.0,3.0,0.0,1322.0,40.0,15.0,12079.0,18643.0,4639.0,4004.5206666666663,121.27866870113424,False,False,False,False,False,False,False
2023-09-01,2023,9,3,2,NORTE DE SANTANDER,2256.881,167.0,23.0,48.0,53194.0,1.0,2367.0,1323.0,29.0,14.0,11350.0,17869.0,3733.0,4004.5206666666663,121.27866870113424,False,False,False,False,False,False,False
2023-09-01,2023,9,3,2,PUTUMAYO,133.0,41.0,10.0,23.0,6816.0,3.0,0.0,469.0,12.0,11.0,4130.0,5165.0,755.0,4004.5206666666663,121.27866870113424,False,False,False,False,False,False,False
2023-09-01,2023,9,3,2,QUINDIO,3537.0,246.0,11.0,78.0,21248.0,1.0,3038.0,3785.0,12.0,16.0,17420.0,41739.0,9868.0,4004.5206666666663,121.27866870113424,False,False,False,False,False,False,False
2023-09-01,2023,9,3,2,RISARALDA,3108.0,150.0,13.0,68.0,69492.0,1.0,6603.0,2669.0,14.0,16.0,11628.0,24974.0,6409.0,4004.5206666666663,121.27866870113424,False,False,False,False,False,False,False
2023-09-01,2023,9,3,2,"SAN ANDRES, PROVIDENCIA Y SANTA CATALINA",4520.0,90.0,2.0,63.0,69867.0,2.0,816.0,1802.0,2.0,16.0,9986.0,23735.0,9949.0,4004.5206666666663,121.27866870113424,False,False,False,False,False,False,False
2023-09-01,2023,9,3,2,SANTANDER,2311.0,254.0,47.0,65.0,83491.0,2.0,2954.0,4319.0,78.0,16.0,26753.0,49654.0,7882.0,4004.5206666666663,121.27866870113424,False,False,False,False,False,False,False
2023-09-01,2023,9,3,2,SUCRE,222.0,74.0,13.0,38.0,3742.0,2.0,0.0,1119.0,21.0,12.0,8805.0,22053.0,1982.0,4004.5206666666663,121.27866870113424,False,False,False,False,False,False,False
2023-09-01,2023,9,3,2,TOLIMA,1537.0,121.0,27.0,46.0,5017.0,1.0,0.0,3352.0,46.0,16.0,21540.0,45195.0,5779.0,4004.5206666666663,121.27866870113424,False,False,False,False,False,False,False
2023-09-01,2023,9,3,2,VALLE DEL CAUCA,10564.862000000001,550.0,40.0,109.0,195986.0,2.0,33282.0,6288.0,41.0,19.0,33508.0,61012.0,17175.0,4004.5206666666663,121.27866870113424,False,False,False,False,False,False,False
2023-09-01,2023,9,3,2,VAUPES,0.0,0.0,0.0,0.0,1467.0,1.0,0.0,35.0,2.0,5.0,217.0,296.0,47.0,4004.5206666666663,121.27866870113424,False,False,False,False,False,False,False
2023-09-01,2023,9,3,2,VICHADA,39.0,7.0,1.0,7.0,2000.0,1.0,0.0,79.0,4.0,6.0,675.0,973.0,102.0,4004.5206666666663,121.27866870113424,False,False,False,False,False,False,False
2023-10-01,2023,10,4,2,AMAZONAS,596.0,58.0,6.0,44.0,13640.0,3.0,0.0,439.0,4.0,9.0,1839.0,4302.0,1452.0,4222.433225806451,119.70778530306774,False,False,False,False,False,False,False
2023-10-01,2023,10,4,2,ANTIOQUIA,18707.729,928.0,104.0,129.0,364473.0,3.0,124740.0,20817.0,121.0,18.0,88846.0,177499.0,54588.0,4222.433225806451,119.70778530306774,False,False,False,False,False,False,False
2023-10-01,2023,10,4,2,ARAUCA,117.0,22.0,6.0,11.0,7855.0,3.0,0.0,129.0,6.0,6.0,1362.0,1940.0,262.0,4222.433225806451,119.70778530306774,False,False,False,False,False,False,False
2023-10-01,2023,10,4,2,ATLANTICO,4833.3009999999995,202.0,17.0,81.0,107772.0,1.0,16997.0,2307.0,17.0,17.0,14461.0,25546.0,10313.0,4222.433225806451,119.70778530306774,False,False,False,False,False,False,False
2023-10-01,2023,10,4,2,BOGOTA D.C.,11527.351,169.0,1.0,169.0,866247.0,1.0,572769.0,12147.0,7.0,18.0,44490.0,70907.0,43002.0,4222.433225806451,119.70778530306774,False,False,False,False,False,False,False
2023-10-01,2023,10,4,2,BOLIVAR,10768.672,214.0,27.0,127.0,175803.0,2.0,46226.0,9354.0,26.0,19.0,35172.0,73952.0,29387.0,4222.433225806451,119.70778530306774,False,False,False,False,False,False,False
2023-10-01,2023,10,4,2,BOYACA,824.0,191.0,53.0,46.0,0.0,0.0,0.0,3527.0,107.0,14.0,18878.0,39238.0,6736.0,4222.433225806451,119.70778530306774,False,False,False,False,False,False,False
2023-10-01,2023,10,4,2,CALDAS,1004.0,132.0,25.0,51.0,3884.0,1.0,0.0,2056.0,27.0,14.0,10618.0,21988.0,4685.0,4222.433225806451,119.70778530306774,False,False,False,False,False,False,False
2023-10-01,2023,10,4,2,CAQUETA,475.0,59.0,8.0,41.0,4377.0,3.0,0.0,337.0,13.0,12.0,2541.0,3419.0,800.0,4222.433225806451,119.70778530306774,False,False,False,False,False,False,False
2023-10-01,2023,10,4,2,CASANARE,136.0,44.0,8.0,31.0,12312.0,1.0,0.0,733.0,17.0,11.0,7959.0,11719.0,1444.0,4222.433225806451,119.70778530306774,False,False,False,False,False,False,False
2023-10-01,2023,10,4,2,CAUCA,381.0,82.0,26.0,38.0,8052.0,2.0,0.0,597.0,28.0,13.0,4166.0,6905.0,1642.0,4222.433225806451,119.70778530306774,False,False,False,False,False,False,False
2023-10-01,2023,10,4,2,CESAR,322.0,70.0,15.0,30.0,18650.0,2.0,0.0,666.0,22.0,14.0,7477.0,11885.0,1936.0,4222.433225806451,119.70778530306774,False,False,False,False,False,False,False
2023-10-01,2023,10,4,2,CHOCO,245.0,65.0,17.0,32.0,18184.0,3.0,0.0,493.0,20.0,6.0,4029.0,7232.0,844.0,4222.433225806451,119.70778530306774,False,False,False,False,False,False,False
2023-10-01,2023,10,4,2,CORDOBA,380.0,65.0,17.0,36.0,45077.0,1.0,0.0,850.0,26.0,12.0,7470.0,14024.0,2901.0,4222.433225806451,119.70778530306774,False,False,False,False,False,False,False
2023-10-01,2023,10,4,2,CUNDINAMARCA,1950.0,456.0,75.0,61.0,0.0,0.0,0.0,7132.0,110.0,15.0,34088.0,80697.0,15085.0,4222.433225806451,119.70778530306774,False,False,False,False,False,False,False
2023-10-01,2023,10,4,2,GUAINIA,17.0,9.0,4.0,6.0,2479.0,2.0,0.0,75.0,1.0,7.0,333.0,683.0,86.0,4222.433225806451,119.70778530306774,False,False,False,False,False,False,False
2023-10-01,2023,10,4,2,GUAVIARE,17.0,10.0,4.0,6.0,776.0,2.0,0.0,193.0,3.0,9.0,912.0,1660.0,242.0,4222.433225806451,119.70778530306774,False,False,False,False,False,False,False
2023-10-01,2023,10,4,2,HUILA,432.0,119.0,22.0,44.0,14226.0,2.0,0.0,1840.0,37.0,15.0,11350.0,19940.0,5247.0,4222.433225806451,119.70778530306774,False,False,False,False,False,False,False
2023-10-01,2023,10,4,2,LA GUAJIRA,576.0,109.0,14.0,44.0,18669.0,1.0,0.0,968.0,14.0,14.0,8082.0,13483.0,3199.0,4222.433225806451,119.70778530306774,False,False,False,False,False,False,False
2023-10-01,2023,10,4,2,MAGDALENA,4629.062,131.0,17.0,83.0,95646.0,1.0,1360.0,7084.0,18.0,14.0,27614.0,66283.0,18981.0,4222.433225806451,119.70778530306774,False,False,False,False,False,False,False
2023-10-01,2023,10,4,2,META,598.0,102.0,20.0,43.0,7297.0,2.0,0.0,2463.0,29.0,14.0,19338.0,35071.0,5196.0,4222.433225806451,119.70778530306774,False,False,False,False,False,False,False
2023-10-01,2023,10,4,2,NARINO,1059.0,130.0,38.0,48.0,35464.0,3.0,0.0,1322.0,40.0,15.0,12079.0,18643.0,4639.0,4222.433225806451,119.70778530306774,False,False,False,False,False,False,False
2023-10-01,2023,10,4,2,NORTE DE SANTANDER,2038.475,170.0,30.0,53.0,51777.0,1.0,2114.0,1323.0,29.0,14.0,11350.0,17869.0,3733.0,4222.433225806451,119.70778530306774,False,False,False,False,False,False,False
2023-10-01,2023,10,4,2,PUTUMAYO,238.0,65.0,11.0,37.0,6312.0,3.0,0.0,469.0,12.0,11.0,4130.0,5165.0,755.0,4222.433225806451,119.70778530306774,False,False,False,False,False,False,False
2023-10-01,2023,10,4,2,QUINDIO,3200.0,237.0,12.0,65.0,21479.0,1.0,3584.0,3785.0,12.0,16.0,17420.0,41739.0,9868.0,4222.433225806451,119.70778530306774,False,False,False,False,False,False,False
2023-10-01,2023,10,4,2,RISARALDA,2333.089,143.0,14.0,59.0,70320.0,1.0,7336.0,2669.0,14.0,16.0,11628.0,24974.0,6409.0,4222.433225806451,119.70778530306774,False,False,False,False,False,False,False
2023-10-01,2023,10,4,2,"SAN ANDRES, PROVIDENCIA Y SANTA CATALINA",4308.0,87.0,2.0,63.0,71698.0,2.0,921.0,1802.0,2.0,16.0,9986.0,23735.0,9949.0,4222.433225806451,119.70778530306774,False,False,False,False,False,False,False
2023-10-01,2023,10,4,2,SANTANDER,2600.0,285.0,46.0,69.0,82773.0,2.0,3259.0,4319.0,78.0,16.0,26753.0,49654.0,7882.0,4222.433225806451,119.70778530306774,False,False,False,False,False,False,False
2023-10-01,2023,10,4,2,SUCRE,211.0,70.0,18.0,35.0,4165.0,2.0,0.0,1119.0,21.0,12.0,8805.0,22053.0,1982.0,4222.433225806451,119.70778530306774,False,False,False,False,False,False,False
2023-10-01,2023,10,4,2,TOLIMA,651.0,96.0,23.0,45.0,4768.0,1.0,0.0,3352.0,46.0,16.0,21540.0,45195.0,5779.0,4222.433225806451,119.70778530306774,False,False,False,False,False,False,False
2023-10-01,2023,10,4,2,VALLE DEL CAUCA,11013.311,540.0,39.0,114.0,197056.0,2.0,33626.0,6288.0,41.0,19.0,33508.0,61012.0,17175.0,4222.433225806451,119.70778530306774,False,False,False,False,False,False,False
2023-10-01,2023,10,4,2,VAUPES,4.0,3.0,2.0,2.0,1671.0,2.0,0.0,35.0,2.0,5.0,217.0,296.0,47.0,4222.433225806451,119.70778530306774,False,False,False,False,False,False,False
2023-10-01,2023,10,4,2,VICHADA,17.0,4.0,1.0,4.0,2126.0,1.0,0.0,79.0,4.0,6.0,675.0,973.0,102.0,4222.433225806451,119.70778530306774,False,False,False,False,False,False,False
2023-11-01,2023,11,4,2,AMAZONAS,586.0,69.0,4.0,46.0,16715.0,3.0,0.0,439.0,4.0,9.0,1839.0,4302.0,1452.0,4038.8046666666664,121.95662137468817,False,False,False,False,False,False,False
2023-11-01,2023,11,4,2,ANTIOQUIA,18505.701,862.0,106.0,142.0,391138.0,5.0,134750.0,20817.0,121.0,18.0,88846.0,177499.0,54588.0,4038.8046666666664,121.95662137468817,False,False,False,False,False,False,False
2023-11-01,2023,11,4,2,ARAUCA,124.0,25.0,4.0,17.0,7876.0,3.0,0.0,129.0,6.0,6.0,1362.0,1940.0,262.0,4038.8046666666664,121.95662137468817,False,False,False,False,False,False,False
2023-11-01,2023,11,4,2,ATLANTICO,4730.417,207.0,21.0,92.0,114914.0,1.0,17411.0,2307.0,17.0,17.0,14461.0,25546.0,10313.0,4038.8046666666664,121.95662137468817,False,False,False,False,False,False,False
2023-11-01,2023,11,4,2,BOGOTA D.C.,13145.519,170.0,1.0,170.0,985838.0,1.0,589428.0,12147.0,7.0,18.0,44490.0,70907.0,43002.0,4038.8046666666664,121.95662137468817,False,False,False,False,False,False,False
2023-11-01,2023,11,4,2,BOLIVAR,10858.463,244.0,31.0,129.0,196136.0,1.0,53179.0,9354.0,26.0,19.0,35172.0,73952.0,29387.0,4038.8046666666664,121.95662137468817,False,False,False,False,False,False,False
2023-11-01,2023,11,4,2,BOYACA,831.0,199.0,55.0,44.0,0.0,0.0,0.0,3527.0,107.0,14.0,18878.0,39238.0,6736.0,4038.8046666666664,121.95662137468817,False,False,False,False,False,False,False
2023-11-01,2023,11,4,2,CALDAS,927.0,144.0,22.0,47.0,4392.0,1.0,0.0,2056.0,27.0,14.0,10618.0,21988.0,4685.0,4038.8046666666664,121.95662137468817,False,False,False,False,False,False,False
2023-11-01,2023,11,4,2,CAQUETA,188.0,59.0,7.0,35.0,4636.0,3.0,0.0,337.0,13.0,12.0,2541.0,3419.0,800.0,4038.8046666666664,121.95662137468817,False,False,False,False,False,False,False
2023-11-01,2023,11,4,2,CASANARE,139.0,38.0,8.0,21.0,13017.0,1.0,0.0,733.0,17.0,11.0,7959.0,11719.0,1444.0,4038.8046666666664,121.95662137468817,False,False,False,False,False,False,False
2023-11-01,2023,11,4,2,CAUCA,427.0,108.0,30.0,39.0,7595.0,2.0,0.0,597.0,28.0,13.0,4166.0,6905.0,1642.0,4038.8046666666664,121.95662137468817,False,False,False,False,False,False,False
2023-11-01,2023,11,4,2,CESAR,606.0,77.0,19.0,32.0,21087.0,2.0,0.0,666.0,22.0,14.0,7477.0,11885.0,1936.0,4038.8046666666664,121.95662137468817,False,False,False,False,False,False,False
2023-11-01,2023,11,4,2,CHOCO,163.0,48.0,10.0,32.0,16461.0,3.0,0.0,493.0,20.0,6.0,4029.0,7232.0,844.0,4038.8046666666664,121.95662137468817,False,False,False,False,False,False,False
2023-11-01,2023,11,4,2,CORDOBA,345.0,69.0,19.0,31.0,60981.0,2.0,0.0,850.0,26.0,12.0,7470.0,14024.0,2901.0,4038.8046666666664,121.95662137468817,False,False,False,False,False,False,False
2023-11-01,2023,11,4,2,CUNDINAMARCA,2574.0,599.0,82.0,66.0,0.0,0.0,0.0,7132.0,110.0,15.0,34088.0,80697.0,15085.0,4038.8046666666664,121.95662137468817,False,False,False,False,False,False,False
2023-11-01,2023,11,4,2,GUAINIA,13.0,8.0,3.0,8.0,2456.0,3.0,0.0,75.0,1.0,7.0,333.0,683.0,86.0,4038.8046666666664,121.95662137468817,False,False,False,False,False,False,False
2023-11-01,2023,11,4,2,GUAVIARE,11.0,8.0,3.0,7.0,861.0,2.0,0.0,193.0,3.0,9.0,912.0,1660.0,242.0,4038.8046666666664,121.95662137468817,False,False,False,False,False,False,False
2023-11-01,2023,11,4,2,HUILA,420.0,118.0,20.0,45.0,15725.0,2.0,0.0,1840.0,37.0,15.0,11350.0,19940.0,5247.0,4038.8046666666664,121.95662137468817,False,False,False,False,False,False,False
2023-11-01,2023,11,4,2,LA GUAJIRA,593.0,99.0,12.0,42.0,22867.0,1.0,0.0,968.0,14.0,14.0,8082.0,13483.0,3199.0,4038.8046666666664,121.95662137468817,False,False,False,False,False,False,False
2023-11-01,2023,11,4,2,MAGDALENA,4156.0,146.0,20.0,83.0,113954.0,1.0,1327.0,7084.0,18.0,14.0,27614.0,66283.0,18981.0,4038.8046666666664,121.95662137468817,False,False,False,False,False,False,False
2023-11-01,2023,11,4,2,META,609.0,109.0,19.0,41.0,8847.0,2.0,0.0,2463.0,29.0,14.0,19338.0,35071.0,5196.0,4038.8046666666664,121.95662137468817,False,False,False,False,False,False,False
2023-11-01,2023,11,4,2,NARINO,1180.0,122.0,27.0,48.0,44184.0,3.0,0.0,1322.0,40.0,15.0,12079.0,18643.0,4639.0,4038.8046666666664,121.95662137468817,False,False,False,False,False,False,False
2023-11-01,2023,11,4,2,NORTE DE SANTANDER,2975.029,173.0,28.0,54.0,61222.0,1.0,2180.0,1323.0,29.0,14.0,11350.0,17869.0,3733.0,4038.8046666666664,121.95662137468817,False,False,False,False,False,False,False
2023-11-01,2023,11,4,2,PUTUMAYO,87.0,32.0,10.0,19.0,6924.0,3.0,0.0,469.0,12.0,11.0,4130.0,5165.0,755.0,4038.8046666666664,121.95662137468817,False,False,False,False,False,False,False
2023-11-01,2023,11,4,2,QUINDIO,2295.0,168.0,12.0,62.0,27258.0,1.0,3525.0,3785.0,12.0,16.0,17420.0,41739.0,9868.0,4038.8046666666664,121.95662137468817,False,False,False,False,False,False,False
2023-11-01,2023,11,4,2,RISARALDA,2308.3379999999997,163.0,14.0,65.0,86976.0,1.0,6008.0,2669.0,14.0,16.0,11628.0,24974.0,6409.0,4038.8046666666664,121.95662137468817,False,False,False,False,False,False,False
2023-11-01,2023,11,4,2,"SAN ANDRES, PROVIDENCIA Y SANTA CATALINA",3464.2290000000003,84.0,2.0,58.0,91607.0,2.0,989.0,1802.0,2.0,16.0,9986.0,23735.0,9949.0,4038.8046666666664,121.95662137468817,False,False,False,False,False,False,False
2023-11-01,2023,11,4,2,SANTANDER,3091.0,250.0,46.0,60.0,90147.0,2.0,3305.0,4319.0,78.0,16.0,26753.0,49654.0,7882.0,4038.8046666666664,121.95662137468817,False,False,False,False,False,False,False
2023-11-01,2023,11,4,2,SUCRE,121.0,50.0,11.0,29.0,3765.0,2.0,0.0,1119.0,21.0,12.0,8805.0,22053.0,1982.0,4038.8046666666664,121.95662137468817,False,False,False,False,False,False,False
2023-11-01,2023,11,4,2,TOLIMA,516.0,107.0,22.0,44.0,4917.0,1.0,0.0,3352.0,46.0,16.0,21540.0,45195.0,5779.0,4038.8046666666664,121.95662137468817,False,False,False,False,False,False,False
2023-11-01,2023,11,4,2,VALLE DEL CAUCA,10059.819,553.0,40.0,112.0,207674.0,2.0,36715.0,6288.0,41.0,19.0,33508.0,61012.0,17175.0,4038.8046666666664,121.95662137468817,False,False,False,False,False,False,False
2023-11-01,2023,11,4,2,VAUPES,5.0,2.0,2.0,2.0,1454.0,2.0,0.0,35.0,2.0,5.0,217.0,296.0,47.0,4038.8046666666664,121.95662137468817,False,False,False,False,False,False,False
2023-11-01,2023,11,4,2,VICHADA,37.0,9.0,2.0,9.0,2203.0,1.0,0.0,79.0,4.0,6.0,675.0,973.0,102.0,4038.8046666666664,121.95662137468817,False,False,False,False,False,False,False
2023-12-01,2023,12,4,2,AMAZONAS,545.0,65.0,5.0,43.0,17773.0,3.0,0.0,439.0,4.0,9.0,1839.0,4302.0,1452.0,3948.2067741935484,120.55908346319649,False,False,False,False,False,False,False
2023-12-01,2023,12,4,2,ANTIOQUIA,18465.588,1007.0,113.0,149.0,410503.0,5.0,158942.0,20817.0,121.0,18.0,88846.0,177499.0,54588.0,3948.2067741935484,120.55908346319649,False,False,False,False,False,False,False
2023-12-01,2023,12,4,2,ARAUCA,168.0,34.0,5.0,22.0,8165.0,3.0,0.0,129.0,6.0,6.0,1362.0,1940.0,262.0,3948.2067741935484,120.55908346319649,False,False,False,False,False,False,False
2023-12-01,2023,12,4,2,ATLANTICO,4793.432,226.0,21.0,91.0,133506.0,1.0,20613.0,2307.0,17.0,17.0,14461.0,25546.0,10313.0,3948.2067741935484,120.55908346319649,False,False,False,False,False,False,False
2023-12-01,2023,12,4,2,BOGOTA D.C.,12064.574,175.0,1.0,175.0,1007445.0,1.0,650564.0,12147.0,7.0,18.0,44490.0,70907.0,43002.0,3948.2067741935484,120.55908346319649,False,False,False,False,False,False,False
2023-12-01,2023,12,4,2,BOLIVAR,10745.779,294.0,34.0,132.0,219273.0,1.0,64362.0,9354.0,26.0,19.0,35172.0,73952.0,29387.0,3948.2067741935484,120.55908346319649,False,False,False,False,False,False,False
2023-12-01,2023,12,4,2,BOYACA,1240.0,288.0,64.0,52.0,0.0,0.0,0.0,3527.0,107.0,14.0,18878.0,39238.0,6736.0,3948.2067741935484,120.55908346319649,False,False,False,False,False,False,False
2023-12-01,2023,12,4,2,CALDAS,2006.0,216.0,26.0,52.0,4527.0,1.0,0.0,2056.0,27.0,14.0,10618.0,21988.0,4685.0,3948.2067741935484,120.55908346319649,False,False,False,False,False,False,False
2023-12-01,2023,12,4,2,CAQUETA,209.0,56.0,8.0,31.0,4404.0,3.0,0.0,337.0,13.0,12.0,2541.0,3419.0,800.0,3948.2067741935484,120.55908346319649,False,False,False,False,False,False,False
2023-12-01,2023,12,4,2,CASANARE,199.0,62.0,10.0,27.0,12744.0,1.0,0.0,733.0,17.0,11.0,7959.0,11719.0,1444.0,3948.2067741935484,120.55908346319649,False,False,False,False,False,False,False
2023-12-01,2023,12,4,2,CAUCA,711.0,134.0,30.0,37.0,8763.0,2.0,0.0,597.0,28.0,13.0,4166.0,6905.0,1642.0,3948.2067741935484,120.55908346319649,False,False,False,False,False,False,False
2023-12-01,2023,12,4,2,CESAR,649.0,100.0,21.0,40.0,24613.0,2.0,0.0,666.0,22.0,14.0,7477.0,11885.0,1936.0,3948.2067741935484,120.55908346319649,False,False,False,False,False,False,False
2023-12-01,2023,12,4,2,CHOCO,207.0,48.0,13.0,28.0,19887.0,3.0,0.0,493.0,20.0,6.0,4029.0,7232.0,844.0,3948.2067741935484,120.55908346319649,False,False,False,False,False,False,False
2023-12-01,2023,12,4,2,CORDOBA,619.0,116.0,21.0,42.0,66330.0,2.0,0.0,850.0,26.0,12.0,7470.0,14024.0,2901.0,3948.2067741935484,120.55908346319649,False,False,False,False,False,False,False
2023-12-01,2023,12,4,2,CUNDINAMARCA,3853.0,747.0,90.0,78.0,0.0,0.0,0.0,7132.0,110.0,15.0,34088.0,80697.0,15085.0,3948.2067741935484,120.55908346319649,False,False,False,False,False,False,False
2023-12-01,2023,12,4,2,GUAINIA,17.0,7.0,4.0,6.0,2777.0,2.0,0.0,75.0,1.0,7.0,333.0,683.0,86.0,3948.2067741935484,120.55908346319649,False,False,False,False,False,False,False
2023-12-01,2023,12,4,2,GUAVIARE,16.0,11.0,3.0,10.0,775.0,2.0,0.0,193.0,3.0,9.0,912.0,1660.0,242.0,3948.2067741935484,120.55908346319649,False,False,False,False,False,False,False
2023-12-01,2023,12,4,2,HUILA,849.0,157.0,27.0,43.0,16200.0,2.0,0.0,1840.0,37.0,15.0,11350.0,19940.0,5247.0,3948.2067741935484,120.55908346319649,False,False,False,False,False,False,False
2023-12-01,2023,12,4,2,LA GUAJIRA,940.0,118.0,13.0,43.0,27276.0,1.0,0.0,968.0,14.0,14.0,8082.0,13483.0,3199.0,3948.2067741935484,120.55908346319649,False,False,False,False,False,False,False
2023-12-01,2023,12,4,2,MAGDALENA,3703.2870000000003,155.0,22.0,82.0,133309.0,1.0,1753.0,7084.0,18.0,14.0,27614.0,66283.0,18981.0,3948.2067741935484,120.55908346319649,False,False,False,False,False,False,False
2023-12-01,2023,12,4,2,META,1241.0,141.0,22.0,47.0,7993.0,1.0,0.0,2463.0,29.0,14.0,19338.0,35071.0,5196.0,3948.2067741935484,120.55908346319649,False,False,False,False,False,False,False
2023-12-01,2023,12,4,2,NARINO,1441.0,171.0,35.0,57.0,56293.0,3.0,0.0,1322.0,40.0,15.0,12079.0,18643.0,4639.0,3948.2067741935484,120.55908346319649,False,False,False,False,False,False,False
2023-12-01,2023,12,4,2,NORTE DE SANTANDER,5203.142,255.0,29.0,65.0,72350.0,1.0,4037.0,1323.0,29.0,14.0,11350.0,17869.0,3733.0,3948.2067741935484,120.55908346319649,False,False,False,False,False,False,False
2023-12-01,2023,12,4,2,PUTUMAYO,209.0,62.0,12.0,28.0,6556.0,3.0,0.0,469.0,12.0,11.0,4130.0,5165.0,755.0,3948.2067741935484,120.55908346319649,False,False,False,False,False,False,False
2023-12-01,2023,12,4,2,QUINDIO,3301.0,230.0,12.0,65.0,30937.0,1.0,4805.0,3785.0,12.0,16.0,17420.0,41739.0,9868.0,3948.2067741935484,120.55908346319649,False,False,False,False,False,False,False
2023-12-01,2023,12,4,2,RISARALDA,4229.316,215.0,14.0,79.0,99833.0,1.0,9892.0,2669.0,14.0,16.0,11628.0,24974.0,6409.0,3948.2067741935484,120.55908346319649,False,False,False,False,False,False,False
2023-12-01,2023,12,4,2,"SAN ANDRES, PROVIDENCIA Y SANTA CATALINA",3342.65,93.0,2.0,59.0,111586.0,2.0,1283.0,1802.0,2.0,16.0,9986.0,23735.0,9949.0,3948.2067741935484,120.55908346319649,False,False,False,False,False,False,False
2023-12-01,2023,12,4,2,SANTANDER,3742.109,379.0,53.0,77.0,106550.0,2.0,3805.0,4319.0,78.0,16.0,26753.0,49654.0,7882.0,3948.2067741935484,120.55908346319649,False,False,False,False,False,False,False
2023-12-01,2023,12,4,2,SUCRE,379.0,111.0,22.0,40.0,8051.0,2.0,0.0,1119.0,21.0,12.0,8805.0,22053.0,1982.0,3948.2067741935484,120.55908346319649,False,False,False,False,False,False,False
2023-12-01,2023,12,4,2,TOLIMA,1598.0,174.0,35.0,53.0,5127.0,1.0,0.0,3352.0,46.0,16.0,21540.0,45195.0,5779.0,3948.2067741935484,120.55908346319649,False,False,False,False,False,False,False
2023-12-01,2023,12,4,2,VALLE DEL CAUCA,13219.808,722.0,41.0,118.0,229468.0,2.0,55416.0,6288.0,41.0,19.0,33508.0,61012.0,17175.0,3948.2067741935484,120.55908346319649,False,False,False,False,False,False,False
2023-12-01,2023,12,4,2,VAUPES,2.0,2.0,2.0,2.0,1873.0,1.0,0.0,35.0,2.0,5.0,217.0,296.0,47.0,3948.2067741935484,120.55908346319649,False,False,False,False,False,False,False
2023-12-01,2023,12,4,2,VICHADA,47.0,15.0,3.0,14.0,2524.0,1.0,0.0,79.0,4.0,6.0,675.0,973.0,102.0,3948.2067741935484,120.55908346319649,False,False,False,False,False,False,False
2024-01-01,2024,1,1,1,AMAZONAS,807.0,66.0,4.0,45.0,19292.0,3.0,0.0,484.0,4.0,9.0,1880.0,4439.0,1207.0,3915.1987096774196,122.43012974347567,False,False,False,False,False,False,False
2024-01-01,2024,1,1,1,ANTIOQUIA,13743.05,894.0,106.0,138.0,375920.0,5.0,145796.0,22682.0,122.0,18.0,92803.0,194008.0,50323.0,3915.1987096774196,122.43012974347567,False,False,False,False,False,False,False
2024-01-01,2024,1,1,1,ARAUCA,147.0,26.0,5.0,14.0,6768.0,3.0,0.0,147.0,6.0,10.0,1449.0,2170.0,287.0,3915.1987096774196,122.43012974347567,False,False,False,False,False,False,False
2024-01-01,2024,1,1,1,ATLANTICO,4675.588,204.0,18.0,89.0,108215.0,1.0,17870.0,2696.0,20.0,17.0,14878.0,27390.0,10520.0,3915.1987096774196,122.43012974347567,False,False,False,False,False,False,False
2024-01-01,2024,1,1,1,BOGOTA D.C.,13086.604,166.0,1.0,166.0,1077799.0,1.0,624580.0,13968.0,7.0,18.0,80481.0,78653.0,53661.0,3915.1987096774196,122.43012974347567,False,False,False,False,False,False,False
2024-01-01,2024,1,1,1,BOLIVAR,11740.989,287.0,30.0,139.0,207030.0,1.0,61676.0,10819.0,24.0,19.0,37834.0,82127.0,31906.0,3915.1987096774196,122.43012974347567,False,False,False,False,False,False,False
2024-01-01,2024,1,1,1,BOYACA,770.0,214.0,61.0,50.0,0.0,0.0,0.0,4098.0,109.0,15.0,20461.0,44231.0,7155.0,3915.1987096774196,122.43012974347567,False,False,False,False,False,False,False
2024-01-01,2024,1,1,1,CALDAS,1317.0,182.0,22.0,55.0,3787.0,1.0,0.0,2419.0,27.0,13.0,11289.0,24308.0,4324.0,3915.1987096774196,122.43012974347567,False,False,False,False,False,False,False
2024-01-01,2024,1,1,1,CAQUETA,151.0,42.0,7.0,26.0,3529.0,3.0,0.0,377.0,14.0,12.0,2545.0,3771.0,562.0,3915.1987096774196,122.43012974347567,False,False,False,False,False,False,False
2024-01-01,2024,1,1,1,CASANARE,187.0,46.0,10.0,28.0,10790.0,1.0,0.0,858.0,17.0,12.0,8535.0,12721.0,1324.0,3915.1987096774196,122.43012974347567,False,False,False,False,False,False,False
2024-01-01,2024,1,1,1,CAUCA,475.0,98.0,30.0,40.0,6779.0,2.0,0.0,727.0,28.0,13.0,5688.0,7836.0,1383.0,3915.1987096774196,122.43012974347567,False,False,False,False,False,False,False
2024-01-01,2024,1,1,1,CESAR,448.0,81.0,18.0,36.0,18667.0,2.0,0.0,822.0,24.0,13.0,8743.0,13968.0,2048.0,3915.1987096774196,122.43012974347567,False,False,False,False,False,False,False
2024-01-01,2024,1,1,1,CHOCO,76.0,44.0,12.0,25.0,15843.0,3.0,0.0,563.0,19.0,8.0,4242.0,8053.0,951.0,3915.1987096774196,122.43012974347567,False,False,False,False,False,False,False
2024-01-01,2024,1,1,1,CORDOBA,377.0,88.0,16.0,42.0,59274.0,2.0,0.0,935.0,25.0,11.0,8014.0,15514.0,1517.0,3915.1987096774196,122.43012974347567,False,False,False,False,False,False,False
2024-01-01,2024,1,1,1,CUNDINAMARCA,2371.0,567.0,78.0,70.0,10.0,1.0,0.0,8125.0,112.0,17.0,37221.0,88632.0,15678.0,3915.1987096774196,122.43012974347567,False,False,False,False,False,False,False
2024-01-01,2024,1,1,1,GUAINIA,24.0,10.0,3.0,10.0,2973.0,2.0,0.0,98.0,2.0,8.0,454.0,762.0,110.0,3915.1987096774196,122.43012974347567,False,False,False,False,False,False,False
2024-01-01,2024,1,1,1,GUAVIARE,16.0,11.0,3.0,9.0,693.0,2.0,0.0,216.0,3.0,10.0,884.0,1557.0,273.0,3915.1987096774196,122.43012974347567,False,False,False,False,False,False,False
2024-01-01,2024,1,1,1,HUILA,460.0,110.0,24.0,42.0,12868.0,2.0,0.0,2055.0,37.0,15.0,11143.0,21503.0,3495.0,3915.1987096774196,122.43012974347567,False,False,False,False,False,False,False
2024-01-01,2024,1,1,1,LA GUAJIRA,782.0,101.0,13.0,44.0,24481.0,1.0,0.0,1005.0,14.0,13.0,8313.0,14115.0,3499.0,3915.1987096774196,122.43012974347567,False,False,False,False,False,False,False
2024-01-01,2024,1,1,1,MAGDALENA,3897.038,154.0,19.0,77.0,128576.0,1.0,1360.0,7906.0,17.0,14.0,28131.0,71560.0,15156.0,3915.1987096774196,122.43012974347567,False,False,False,False,False,False,False
2024-01-01,2024,1,1,1,META,801.0,123.0,23.0,44.0,7405.0,1.0,0.0,2733.0,29.0,15.0,20433.0,37720.0,3766.0,3915.1987096774196,122.43012974347567,False,False,False,False,False,False,False
2024-01-01,2024,1,1,1,NARINO,1176.0,134.0,30.0,56.0,43599.0,3.0,0.0,1553.0,43.0,15.0,12172.0,19703.0,2846.0,3915.1987096774196,122.43012974347567,False,False,False,False,False,False,False
2024-01-01,2024,1,1,1,NORTE DE SANTANDER,4286.373,191.0,28.0,57.0,62501.0,1.0,2176.0,1441.0,31.0,14.0,11254.0,18298.0,3254.0,3915.1987096774196,122.43012974347567,False,False,False,False,False,False,False
2024-01-01,2024,1,1,1,PUTUMAYO,221.0,77.0,12.0,36.0,5554.0,3.0,0.0,543.0,13.0,11.0,4392.0,5650.0,823.0,3915.1987096774196,122.43012974347567,False,False,False,False,False,False,False
2024-01-01,2024,1,1,1,QUINDIO,2265.0,175.0,12.0,60.0,28074.0,1.0,3921.0,4258.0,12.0,15.0,17988.0,43693.0,7738.0,3915.1987096774196,122.43012974347567,False,False,False,False,False,False,False
2024-01-01,2024,1,1,1,RISARALDA,2460.464,166.0,14.0,70.0,82349.0,1.0,7846.0,2966.0,14.0,17.0,11905.0,26877.0,5386.0,3915.1987096774196,122.43012974347567,False,False,False,False,False,False,False
2024-01-01,2024,1,1,1,"SAN ANDRES, PROVIDENCIA Y SANTA CATALINA",3279.616,85.0,2.0,58.0,111401.0,2.0,1810.0,1793.0,2.0,14.0,9664.0,23644.0,8871.0,3915.1987096774196,122.43012974347567,False,False,False,False,False,False,False
2024-01-01,2024,1,1,1,SANTANDER,2570.0,292.0,52.0,69.0,80734.0,2.0,2190.0,4738.0,82.0,16.0,27753.0,53487.0,7676.0,3915.1987096774196,122.43012974347567,False,False,False,False,False,False,False
2024-01-01,2024,1,1,1,SUCRE,176.0,70.0,17.0,32.0,7220.0,2.0,0.0,1265.0,21.0,9.0,9245.0,24949.0,1951.0,3915.1987096774196,122.43012974347567,False,False,False,False,False,False,False
2024-01-01,2024,1,1,1,TOLIMA,617.0,113.0,25.0,49.0,4079.0,1.0,0.0,3827.0,46.0,16.0,21308.0,49207.0,5340.0,3915.1987096774196,122.43012974347567,False,False,False,False,False,False,False
2024-01-01,2024,1,1,1,VALLE DEL CAUCA,10568.474,628.0,41.0,114.0,197090.0,2.0,48615.0,7681.0,42.0,18.0,36315.0,71628.0,18269.0,3915.1987096774196,122.43012974347567,False,False,False,False,False,False,False
2024-01-01,2024,1,1,1,VAUPES,1.0,1.0,1.0,1.0,1671.0,1.0,0.0,43.0,2.0,5.0,270.0,625.0,52.0,3915.1987096774196,122.43012974347567,False,False,False,False,False,False,False
2024-01-01,2024,1,1,1,VICHADA,43.0,11.0,3.0,10.0,2668.0,1.0,0.0,83.0,4.0,5.0,695.0,1049.0,125.0,3915.1987096774196,122.43012974347567,False,False,False,False,False,False,False
2024-02-01,2024,2,1,1,AMAZONAS,811.0,83.0,5.0,49.0,15510.0,3.0,0.0,484.0,4.0,9.0,1880.0,4439.0,1207.0,3931.438620689655,122.05991787278452,False,False,False,False,False,False,False
2024-02-01,2024,2,1,1,ANTIOQUIA,14820.494,884.0,103.0,132.0,337235.0,5.0,126545.0,22682.0,122.0,18.0,92803.0,194008.0,50323.0,3931.438620689655,122.05991787278452,False,False,False,False,False,False,False
2024-02-01,2024,2,1,1,ARAUCA,100.0,24.0,5.0,13.0,5918.0,3.0,0.0,147.0,6.0,10.0,1449.0,2170.0,287.0,3931.438620689655,122.05991787278452,False,False,False,False,False,False,False
2024-02-01,2024,2,1,1,ATLANTICO,5855.446,234.0,22.0,93.0,99485.0,1.0,15755.0,2696.0,20.0,17.0,14878.0,27390.0,10520.0,3931.438620689655,122.05991787278452,False,False,False,False,False,False,False
2024-02-01,2024,2,1,1,BOGOTA D.C.,13586.238,165.0,1.0,165.0,896929.0,1.0,535493.0,13968.0,7.0,18.0,80481.0,78653.0,53661.0,3931.438620689655,122.05991787278452,False,False,False,False,False,False,False
2024-02-01,2024,2,1,1,BOLIVAR,11598.431,251.0,34.0,129.0,184312.0,1.0,59858.0,10819.0,24.0,19.0,37834.0,82127.0,31906.0,3931.438620689655,122.05991787278452,False,False,False,False,False,False,False
2024-02-01,2024,2,1,1,BOYACA,673.0,189.0,49.0,48.0,0.0,0.0,0.0,4098.0,109.0,15.0,20461.0,44231.0,7155.0,3931.438620689655,122.05991787278452,False,False,False,False,False,False,False
2024-02-01,2024,2,1,1,CALDAS,831.0,142.0,25.0,43.0,2826.0,1.0,0.0,2419.0,27.0,13.0,11289.0,24308.0,4324.0,3931.438620689655,122.05991787278452,False,False,False,False,False,False,False
2024-02-01,2024,2,1,1,CAQUETA,135.0,45.0,8.0,28.0,3565.0,3.0,0.0,377.0,14.0,12.0,2545.0,3771.0,562.0,3931.438620689655,122.05991787278452,False,False,False,False,False,False,False
2024-02-01,2024,2,1,1,CASANARE,136.0,41.0,11.0,26.0,10767.0,1.0,0.0,858.0,17.0,12.0,8535.0,12721.0,1324.0,3931.438620689655,122.05991787278452,False,False,False,False,False,False,False
2024-02-01,2024,2,1,1,CAUCA,453.0,91.0,24.0,36.0,6625.0,2.0,0.0,727.0,28.0,13.0,5688.0,7836.0,1383.0,3931.438620689655,122.05991787278452,False,False,False,False,False,False,False
2024-02-01,2024,2,1,1,CESAR,334.0,66.0,18.0,30.0,17007.0,2.0,0.0,822.0,24.0,13.0,8743.0,13968.0,2048.0,3931.438620689655,122.05991787278452,False,False,False,False,False,False,False
2024-02-01,2024,2,1,1,CHOCO,32.0,21.0,10.0,12.0,11363.0,3.0,0.0,563.0,19.0,8.0,4242.0,8053.0,951.0,3931.438620689655,122.05991787278452,False,False,False,False,False,False,False
2024-02-01,2024,2,1,1,CORDOBA,296.0,87.0,22.0,38.0,50810.0,2.0,0.0,935.0,25.0,11.0,8014.0,15514.0,1517.0,3931.438620689655,122.05991787278452,False,False,False,False,False,False,False
2024-02-01,2024,2,1,1,CUNDINAMARCA,2470.0,566.0,81.0,65.0,14.0,1.0,0.0,8125.0,112.0,17.0,37221.0,88632.0,15678.0,3931.438620689655,122.05991787278452,False,False,False,False,False,False,False
2024-02-01,2024,2,1,1,GUAINIA,14.0,7.0,2.0,6.0,2658.0,3.0,0.0,98.0,2.0,8.0,454.0,762.0,110.0,3931.438620689655,122.05991787278452,False,False,False,False,False,False,False
2024-02-01,2024,2,1,1,GUAVIARE,25.0,13.0,2.0,10.0,1127.0,2.0,0.0,216.0,3.0,10.0,884.0,1557.0,273.0,3931.438620689655,122.05991787278452,False,False,False,False,False,False,False
2024-02-01,2024,2,1,1,HUILA,414.0,117.0,26.0,43.0,12842.0,2.0,0.0,2055.0,37.0,15.0,11143.0,21503.0,3495.0,3931.438620689655,122.05991787278452,False,False,False,False,False,False,False
2024-02-01,2024,2,1,1,LA GUAJIRA,508.0,84.0,12.0,36.0,20948.0,1.0,0.0,1005.0,14.0,13.0,8313.0,14115.0,3499.0,3931.438620689655,122.05991787278452,False,False,False,False,False,False,False
2024-02-01,2024,2,1,1,MAGDALENA,4762.137,151.0,18.0,76.0,112724.0,1.0,1354.0,7906.0,17.0,14.0,28131.0,71560.0,15156.0,3931.438620689655,122.05991787278452,False,False,False,False,False,False,False
2024-02-01,2024,2,1,1,META,657.0,103.0,19.0,41.0,10446.0,2.0,0.0,2733.0,29.0,15.0,20433.0,37720.0,3766.0,3931.438620689655,122.05991787278452,False,False,False,False,False,False,False
2024-02-01,2024,2,1,1,NARINO,1014.0,120.0,28.0,43.0,36577.0,3.0,0.0,1553.0,43.0,15.0,12172.0,19703.0,2846.0,3931.438620689655,122.05991787278452,False,False,False,False,False,False,False
2024-02-01,2024,2,1,1,NORTE DE SANTANDER,3606.79,171.0,28.0,56.0,52381.0,1.0,2659.0,1441.0,31.0,14.0,11254.0,18298.0,3254.0,3931.438620689655,122.05991787278452,False,False,False,False,False,False,False
2024-02-01,2024,2,1,1,PUTUMAYO,177.0,58.0,11.0,28.0,5308.0,3.0,0.0,543.0,13.0,11.0,4392.0,5650.0,823.0,3931.438620689655,122.05991787278452,False,False,False,False,False,False,False
2024-02-01,2024,2,1,1,QUINDIO,2614.0,208.0,12.0,63.0,25767.0,1.0,3243.0,4258.0,12.0,15.0,17988.0,43693.0,7738.0,3931.438620689655,122.05991787278452,False,False,False,False,False,False,False
2024-02-01,2024,2,1,1,RISARALDA,2673.503,166.0,14.0,70.0,78241.0,1.0,6634.0,2966.0,14.0,17.0,11905.0,26877.0,5386.0,3931.438620689655,122.05991787278452,False,False,False,False,False,False,False
2024-02-01,2024,2,1,1,"SAN ANDRES, PROVIDENCIA Y SANTA CATALINA",3564.514,95.0,2.0,62.0,95948.0,2.0,2077.0,1793.0,2.0,14.0,9664.0,23644.0,8871.0,3931.438620689655,122.05991787278452,False,False,False,False,False,False,False
2024-02-01,2024,2,1,1,SANTANDER,2419.0,256.0,44.0,68.0,77152.0,2.0,916.0,4738.0,82.0,16.0,27753.0,53487.0,7676.0,3931.438620689655,122.05991787278452,False,False,False,False,False,False,False
2024-02-01,2024,2,1,1,SUCRE,127.0,52.0,15.0,23.0,3463.0,2.0,0.0,1265.0,21.0,9.0,9245.0,24949.0,1951.0,3931.438620689655,122.05991787278452,False,False,False,False,False,False,False
2024-02-01,2024,2,1,1,TOLIMA,584.0,114.0,25.0,45.0,3926.0,1.0,0.0,3827.0,46.0,16.0,21308.0,49207.0,5340.0,3931.438620689655,122.05991787278452,False,False,False,False,False,False,False
2024-02-01,2024,2,1,1,VALLE DEL CAUCA,9180.887999999999,578.0,41.0,114.0,184325.0,2.0,36596.0,7681.0,42.0,18.0,36315.0,71628.0,18269.0,3931.438620689655,122.05991787278452,False,False,False,False,False,False,False
2024-02-01,2024,2,1,1,VAUPES,1.0,1.0,1.0,1.0,1493.0,1.0,0.0,43.0,2.0,5.0,270.0,625.0,52.0,3931.438620689655,122.05991787278452,False,False,False,False,False,False,False
2024-02-01,2024,2,1,1,VICHADA,24.0,10.0,1.0,10.0,2183.0,1.0,0.0,83.0,4.0,5.0,695.0,1049.0,125.0,3931.438620689655,122.05991787278452,False,False,False,False,False,False,False
2024-03-01,2024,3,1,1,AMAZONAS,826.0,87.0,6.0,53.0,16607.0,3.0,0.0,484.0,4.0,9.0,1880.0,4439.0,1207.0,3899.341290322581,120.46362343378958,False,False,False,False,False,False,False
2024-03-01,2024,3,1,1,ANTIOQUIA,15815.341,887.0,103.0,137.0,375555.0,5.0,127335.0,22682.0,122.0,18.0,92803.0,194008.0,50323.0,3899.341290322581,120.46362343378958,False,False,False,False,False,False,False
2024-03-01,2024,3,1,1,ARAUCA,140.0,27.0,6.0,18.0,6777.0,3.0,0.0,147.0,6.0,10.0,1449.0,2170.0,287.0,3899.341290322581,120.46362343378958,False,False,False,False,False,False,False
2024-03-01,2024,3,1,1,ATLANTICO,4404.371,198.0,20.0,88.0,105237.0,1.0,15515.0,2696.0,20.0,17.0,14878.0,27390.0,10520.0,3899.341290322581,120.46362343378958,False,False,False,False,False,False,False
2024-03-01,2024,3,1,1,BOGOTA D.C.,13008.038,168.0,2.0,167.0,950860.0,1.0,566523.0,13968.0,7.0,18.0,80481.0,78653.0,53661.0,3899.341290322581,120.46362343378958,False,False,False,False,False,False,False
2024-03-01,2024,3,1,1,BOLIVAR,10758.19,291.0,36.0,154.0,206274.0,2.0,61819.0,10819.0,24.0,19.0,37834.0,82127.0,31906.0,3899.341290322581,120.46362343378958,False,False,False,False,False,False,False
2024-03-01,2024,3,1,1,BOYACA,720.0,218.0,52.0,45.0,0.0,0.0,0.0,4098.0,109.0,15.0,20461.0,44231.0,7155.0,3899.341290322581,120.46362343378958,False,False,False,False,False,False,False
2024-03-01,2024,3,1,1,CALDAS,948.0,138.0,23.0,49.0,3648.0,1.0,0.0,2419.0,27.0,13.0,11289.0,24308.0,4324.0,3899.341290322581,120.46362343378958,False,False,False,False,False,False,False
2024-03-01,2024,3,1,1,CAQUETA,182.0,49.0,10.0,32.0,3800.0,3.0,0.0,377.0,14.0,12.0,2545.0,3771.0,562.0,3899.341290322581,120.46362343378958,False,False,False,False,False,False,False
2024-03-01,2024,3,1,1,CASANARE,142.0,55.0,11.0,27.0,11154.0,1.0,0.0,858.0,17.0,12.0,8535.0,12721.0,1324.0,3899.341290322581,120.46362343378958,False,False,False,False,False,False,False
2024-03-01,2024,3,1,1,CAUCA,584.0,102.0,25.0,35.0,7450.0,2.0,0.0,727.0,28.0,13.0,5688.0,7836.0,1383.0,3899.341290322581,120.46362343378958,False,False,False,False,False,False,False
2024-03-01,2024,3,1,1,CESAR,341.0,73.0,20.0,35.0,19615.0,2.0,0.0,822.0,24.0,13.0,8743.0,13968.0,2048.0,3899.341290322581,120.46362343378958,False,False,False,False,False,False,False
2024-03-01,2024,3,1,1,CHOCO,41.0,27.0,12.0,17.0,14608.0,3.0,0.0,563.0,19.0,8.0,4242.0,8053.0,951.0,3899.341290322581,120.46362343378958,False,False,False,False,False,False,False
2024-03-01,2024,3,1,1,CORDOBA,599.0,87.0,19.0,39.0,56927.0,2.0,0.0,935.0,25.0,11.0,8014.0,15514.0,1517.0,3899.341290322581,120.46362343378958,False,False,False,False,False,False,False
2024-03-01,2024,3,1,1,CUNDINAMARCA,2596.0,596.0,84.0,63.0,26.0,1.0,0.0,8125.0,112.0,17.0,37221.0,88632.0,15678.0,3899.341290322581,120.46362343378958,False,False,False,False,False,False,False
2024-03-01,2024,3,1,1,GUAINIA,15.0,9.0,3.0,9.0,2559.0,2.0,0.0,98.0,2.0,8.0,454.0,762.0,110.0,3899.341290322581,120.46362343378958,False,False,False,False,False,False,False
2024-03-01,2024,3,1,1,GUAVIARE,22.0,9.0,2.0,8.0,728.0,2.0,0.0,216.0,3.0,10.0,884.0,1557.0,273.0,3899.341290322581,120.46362343378958,False,False,False,False,False,False,False
2024-03-01,2024,3,1,1,HUILA,426.0,115.0,24.0,45.0,13676.0,2.0,0.0,2055.0,37.0,15.0,11143.0,21503.0,3495.0,3899.341290322581,120.46362343378958,False,False,False,False,False,False,False
2024-03-01,2024,3,1,1,LA GUAJIRA,579.0,85.0,13.0,39.0,22666.0,1.0,0.0,1005.0,14.0,13.0,8313.0,14115.0,3499.0,3899.341290322581,120.46362343378958,False,False,False,False,False,False,False
2024-03-01,2024,3,1,1,MAGDALENA,4003.283,150.0,20.0,87.0,122523.0,1.0,1490.0,7906.0,17.0,14.0,28131.0,71560.0,15156.0,3899.341290322581,120.46362343378958,False,False,False,False,False,False,False
2024-03-01,2024,3,1,1,META,686.0,99.0,18.0,35.0,5930.0,1.0,0.0,2733.0,29.0,15.0,20433.0,37720.0,3766.0,3899.341290322581,120.46362343378958,False,False,False,False,False,False,False
2024-03-01,2024,3,1,1,NARINO,1074.0,112.0,27.0,46.0,40863.0,3.0,0.0,1553.0,43.0,15.0,12172.0,19703.0,2846.0,3899.341290322581,120.46362343378958,False,False,False,False,False,False,False
2024-03-01,2024,3,1,1,NORTE DE SANTANDER,3840.654,179.0,25.0,54.0,56080.0,1.0,2805.0,1441.0,31.0,14.0,11254.0,18298.0,3254.0,3899.341290322581,120.46362343378958,False,False,False,False,False,False,False
2024-03-01,2024,3,1,1,PUTUMAYO,211.0,61.0,11.0,27.0,5563.0,3.0,0.0,543.0,13.0,11.0,4392.0,5650.0,823.0,3899.341290322581,120.46362343378958,False,False,False,False,False,False,False
2024-03-01,2024,3,1,1,QUINDIO,2784.0,188.0,12.0,60.0,28832.0,1.0,3229.0,4258.0,12.0,15.0,17988.0,43693.0,7738.0,3899.341290322581,120.46362343378958,False,False,False,False,False,False,False
2024-03-01,2024,3,1,1,RISARALDA,2562.508,168.0,15.0,66.0,88041.0,1.0,6843.0,2966.0,14.0,17.0,11905.0,26877.0,5386.0,3899.341290322581,120.46362343378958,False,False,False,False,False,False,False
2024-03-01,2024,3,1,1,"SAN ANDRES, PROVIDENCIA Y SANTA CATALINA",4068.0969999999998,87.0,2.0,61.0,93696.0,2.0,2172.0,1793.0,2.0,14.0,9664.0,23644.0,8871.0,3899.341290322581,120.46362343378958,False,False,False,False,False,False,False
2024-03-01,2024,3,1,1,SANTANDER,2657.0,262.0,46.0,68.0,88961.0,2.0,1370.0,4738.0,82.0,16.0,27753.0,53487.0,7676.0,3899.341290322581,120.46362343378958,False,False,False,False,False,False,False
2024-03-01,2024,3,1,1,SUCRE,209.0,74.0,16.0,35.0,5228.0,2.0,0.0,1265.0,21.0,9.0,9245.0,24949.0,1951.0,3899.341290322581,120.46362343378958,False,False,False,False,False,False,False
2024-03-01,2024,3,1,1,TOLIMA,722.0,117.0,27.0,44.0,4576.0,1.0,0.0,3827.0,46.0,16.0,21308.0,49207.0,5340.0,3899.341290322581,120.46362343378958,False,False,False,False,False,False,False
2024-03-01,2024,3,1,1,VALLE DEL CAUCA,9574.343,561.0,42.0,118.0,201352.0,2.0,36689.0,7681.0,42.0,18.0,36315.0,71628.0,18269.0,3899.341290322581,120.46362343378958,False,False,False,False,False,False,False
2024-03-01,2024,3,1,1,VAUPES,5.0,5.0,3.0,3.0,1404.0,1.0,0.0,43.0,2.0,5.0,270.0,625.0,52.0,3899.341290322581,120.46362343378958,False,False,False,False,False,False,False
2024-03-01,2024,3,1,1,VICHADA,14.0,5.0,2.0,4.0,2390.0,1.0,0.0,83.0,4.0,5.0,695.0,1049.0,125.0,3899.341290322581,120.46362343378958,False,False,False,False,False,False,False
2024-04-01,2024,4,2,1,AMAZONAS,712.0,78.0,7.0,47.0,13139.0,3.0,0.0,484.0,4.0,9.0,1880.0,4439.0,1207.0,3867.9753333333333,123.23479612063146,False,False,False,False,False,False,False
2024-04-01,2024,4,2,1,ANTIOQUIA,16956.919,827.0,100.0,142.0,381047.0,5.0,122047.0,22682.0,122.0,18.0,92803.0,194008.0,50323.0,3867.9753333333333,123.23479612063146,False,False,False,False,False,False,False
2024-04-01,2024,4,2,1,ARAUCA,101.0,25.0,6.0,16.0,7052.0,3.0,0.0,147.0,6.0,10.0,1449.0,2170.0,287.0,3867.9753333333333,123.23479612063146,False,False,False,False,False,False,False
2024-04-01,2024,4,2,1,ATLANTICO,5369.0740000000005,196.0,22.0,89.0,95520.0,1.0,15340.0,2696.0,20.0,17.0,14878.0,27390.0,10520.0,3867.9753333333333,123.23479612063146,False,False,False,False,False,False,False
2024-04-01,2024,4,2,1,BOGOTA D.C.,13057.928,177.0,1.0,177.0,948885.0,1.0,557480.0,13968.0,7.0,18.0,80481.0,78653.0,53661.0,3867.9753333333333,123.23479612063146,False,False,False,False,False,False,False
2024-04-01,2024,4,2,1,BOLIVAR,9873.827,235.0,26.0,137.0,204384.0,2.0,55276.0,10819.0,24.0,19.0,37834.0,82127.0,31906.0,3867.9753333333333,123.23479612063146,False,False,False,False,False,False,False
2024-04-01,2024,4,2,1,BOYACA,465.0,145.0,36.0,38.0,0.0,0.0,0.0,4098.0,109.0,15.0,20461.0,44231.0,7155.0,3867.9753333333333,123.23479612063146,False,False,False,False,False,False,False
2024-04-01,2024,4,2,1,CALDAS,759.0,122.0,21.0,43.0,3201.0,1.0,0.0,2419.0,27.0,13.0,11289.0,24308.0,4324.0,3867.9753333333333,123.23479612063146,False,False,False,False,False,False,False
2024-04-01,2024,4,2,1,CAQUETA,122.0,39.0,8.0,23.0,4535.0,3.0,0.0,377.0,14.0,12.0,2545.0,3771.0,562.0,3867.9753333333333,123.23479612063146,False,False,False,False,False,False,False
2024-04-01,2024,4,2,1,CASANARE,120.0,42.0,11.0,25.0,12126.0,1.0,0.0,858.0,17.0,12.0,8535.0,12721.0,1324.0,3867.9753333333333,123.23479612063146,False,False,False,False,False,False,False
2024-04-01,2024,4,2,1,CAUCA,383.0,71.0,19.0,29.0,7422.0,2.0,0.0,727.0,28.0,13.0,5688.0,7836.0,1383.0,3867.9753333333333,123.23479612063146,False,False,False,False,False,False,False
2024-04-01,2024,4,2,1,CESAR,621.0,58.0,17.0,31.0,16362.0,2.0,0.0,822.0,24.0,13.0,8743.0,13968.0,2048.0,3867.9753333333333,123.23479612063146,False,False,False,False,False,False,False
2024-04-01,2024,4,2,1,CHOCO,69.0,40.0,13.0,23.0,14410.0,3.0,0.0,563.0,19.0,8.0,4242.0,8053.0,951.0,3867.9753333333333,123.23479612063146,False,False,False,False,False,False,False
2024-04-01,2024,4,2,1,CORDOBA,356.0,75.0,15.0,35.0,51504.0,2.0,0.0,935.0,25.0,11.0,8014.0,15514.0,1517.0,3867.9753333333333,123.23479612063146,False,False,False,False,False,False,False
2024-04-01,2024,4,2,1,CUNDINAMARCA,2200.0,538.0,78.0,57.0,0.0,0.0,0.0,8125.0,112.0,17.0,37221.0,88632.0,15678.0,3867.9753333333333,123.23479612063146,False,False,False,False,False,False,False
2024-04-01,2024,4,2,1,GUAINIA,15.0,8.0,3.0,7.0,2614.0,2.0,0.0,98.0,2.0,8.0,454.0,762.0,110.0,3867.9753333333333,123.23479612063146,False,False,False,False,False,False,False
2024-04-01,2024,4,2,1,GUAVIARE,9.0,9.0,2.0,8.0,729.0,2.0,0.0,216.0,3.0,10.0,884.0,1557.0,273.0,3867.9753333333333,123.23479612063146,False,False,False,False,False,False,False
2024-04-01,2024,4,2,1,HUILA,336.0,86.0,22.0,34.0,13444.0,2.0,0.0,2055.0,37.0,15.0,11143.0,21503.0,3495.0,3867.9753333333333,123.23479612063146,False,False,False,False,False,False,False
2024-04-01,2024,4,2,1,LA GUAJIRA,466.0,75.0,13.0,28.0,20423.0,1.0,0.0,1005.0,14.0,13.0,8313.0,14115.0,3499.0,3867.9753333333333,123.23479612063146,False,False,False,False,False,False,False
2024-04-01,2024,4,2,1,MAGDALENA,3071.258,135.0,16.0,79.0,123790.0,1.0,1234.0,7906.0,17.0,14.0,28131.0,71560.0,15156.0,3867.9753333333333,123.23479612063146,False,False,False,False,False,False,False
2024-04-01,2024,4,2,1,META,532.0,78.0,14.0,34.0,6295.0,1.0,0.0,2733.0,29.0,15.0,20433.0,37720.0,3766.0,3867.9753333333333,123.23479612063146,False,False,False,False,False,False,False
2024-04-01,2024,4,2,1,NARINO,987.0,101.0,19.0,45.0,38860.0,3.0,0.0,1553.0,43.0,15.0,12172.0,19703.0,2846.0,3867.9753333333333,123.23479612063146,False,False,False,False,False,False,False
2024-04-01,2024,4,2,1,NORTE DE SANTANDER,3178.353,169.0,26.0,61.0,51543.0,1.0,2629.0,1441.0,31.0,14.0,11254.0,18298.0,3254.0,3867.9753333333333,123.23479612063146,False,False,False,False,False,False,False
2024-04-01,2024,4,2,1,PUTUMAYO,140.0,42.0,10.0,24.0,6202.0,3.0,0.0,543.0,13.0,11.0,4392.0,5650.0,823.0,3867.9753333333333,123.23479612063146,False,False,False,False,False,False,False
2024-04-01,2024,4,2,1,QUINDIO,1928.0,169.0,11.0,60.0,23247.0,1.0,3063.0,4258.0,12.0,15.0,17988.0,43693.0,7738.0,3867.9753333333333,123.23479612063146,False,False,False,False,False,False,False
2024-04-01,2024,4,2,1,RISARALDA,2132.194,148.0,13.0,72.0,90514.0,1.0,6883.0,2966.0,14.0,17.0,11905.0,26877.0,5386.0,3867.9753333333333,123.23479612063146,False,False,False,False,False,False,False
2024-04-01,2024,4,2,1,"SAN ANDRES, PROVIDENCIA Y SANTA CATALINA",3481.206,86.0,2.0,56.0,79352.0,2.0,1997.0,1793.0,2.0,14.0,9664.0,23644.0,8871.0,3867.9753333333333,123.23479612063146,False,False,False,False,False,False,False
2024-04-01,2024,4,2,1,SANTANDER,2030.0,232.0,43.0,68.0,83534.0,2.0,1370.0,4738.0,82.0,16.0,27753.0,53487.0,7676.0,3867.9753333333333,123.23479612063146,False,False,False,False,False,False,False
2024-04-01,2024,4,2,1,SUCRE,315.0,76.0,16.0,35.0,3865.0,2.0,0.0,1265.0,21.0,9.0,9245.0,24949.0,1951.0,3867.9753333333333,123.23479612063146,False,False,False,False,False,False,False
2024-04-01,2024,4,2,1,TOLIMA,565.0,91.0,21.0,40.0,8714.0,1.0,0.0,3827.0,46.0,16.0,21308.0,49207.0,5340.0,3867.9753333333333,123.23479612063146,False,False,False,False,False,False,False
2024-04-01,2024,4,2,1,VALLE DEL CAUCA,9909.353,496.0,39.0,114.0,185160.0,2.0,35396.0,7681.0,42.0,18.0,36315.0,71628.0,18269.0,3867.9753333333333,123.23479612063146,False,False,False,False,False,False,False
2024-04-01,2024,4,2,1,VAUPES,4.0,2.0,2.0,2.0,1412.0,1.0,0.0,43.0,2.0,5.0,270.0,625.0,52.0,3867.9753333333333,123.23479612063146,False,False,False,False,False,False,False
2024-04-01,2024,4,2,1,VICHADA,25.0,8.0,3.0,8.0,2332.0,1.0,0.0,83.0,4.0,5.0,695.0,1049.0,125.0,3867.9753333333333,123.23479612063146,False,False,False,False,False,False,False
2024-05-01,2024,5,2,1,AMAZONAS,1011.0,88.0,6.0,55.0,13923.0,3.0,0.0,484.0,4.0,9.0,1880.0,4439.0,1207.0,3869.1006451612902,122.77610184984673,False,False,False,False,False,False,False
2024-05-01,2024,5,2,1,ANTIOQUIA,16663.857,864.0,101.0,142.0,409768.0,5.0,133429.0,22682.0,122.0,18.0,92803.0,194008.0,50323.0,3869.1006451612902,122.77610184984673,False,False,False,False,False,False,False
2024-05-01,2024,5,2,1,ARAUCA,103.0,29.0,6.0,17.0,7604.0,3.0,0.0,147.0,6.0,10.0,1449.0,2170.0,287.0,3869.1006451612902,122.77610184984673,False,False,False,False,False,False,False
2024-05-01,2024,5,2,1,ATLANTICO,3950.2780000000002,185.0,20.0,90.0,98106.0,1.0,16818.0,2696.0,20.0,17.0,14878.0,27390.0,10520.0,3869.1006451612902,122.77610184984673,False,False,False,False,False,False,False
2024-05-01,2024,5,2,1,BOGOTA D.C.,11861.838,161.0,1.0,161.0,982684.0,1.0,585049.0,13968.0,7.0,18.0,80481.0,78653.0,53661.0,3869.1006451612902,122.77610184984673,False,False,False,False,False,False,False
2024-05-01,2024,5,2,1,BOLIVAR,9462.536,247.0,31.0,131.0,216370.0,2.0,54054.0,10819.0,24.0,19.0,37834.0,82127.0,31906.0,3869.1006451612902,122.77610184984673,False,False,False,False,False,False,False
2024-05-01,2024,5,2,1,BOYACA,556.0,163.0,41.0,38.0,0.0,0.0,0.0,4098.0,109.0,15.0,20461.0,44231.0,7155.0,3869.1006451612902,122.77610184984673,False,False,False,False,False,False,False
2024-05-01,2024,5,2,1,CALDAS,893.0,122.0,24.0,40.0,2795.0,1.0,0.0,2419.0,27.0,13.0,11289.0,24308.0,4324.0,3869.1006451612902,122.77610184984673,False,False,False,False,False,False,False
2024-05-01,2024,5,2,1,CAQUETA,113.0,39.0,6.0,25.0,4720.0,3.0,0.0,377.0,14.0,12.0,2545.0,3771.0,562.0,3869.1006451612902,122.77610184984673,False,False,False,False,False,False,False
2024-05-01,2024,5,2,1,CASANARE,95.0,38.0,10.0,20.0,12767.0,1.0,0.0,858.0,17.0,12.0,8535.0,12721.0,1324.0,3869.1006451612902,122.77610184984673,False,False,False,False,False,False,False
2024-05-01,2024,5,2,1,CAUCA,348.0,85.0,19.0,32.0,7860.0,2.0,0.0,727.0,28.0,13.0,5688.0,7836.0,1383.0,3869.1006451612902,122.77610184984673,False,False,False,False,False,False,False
2024-05-01,2024,5,2,1,CESAR,749.0,65.0,15.0,31.0,17546.0,2.0,0.0,822.0,24.0,13.0,8743.0,13968.0,2048.0,3869.1006451612902,122.77610184984673,False,False,False,False,False,False,False
2024-05-01,2024,5,2,1,CHOCO,250.0,54.0,11.0,30.0,15403.0,3.0,0.0,563.0,19.0,8.0,4242.0,8053.0,951.0,3869.1006451612902,122.77610184984673,False,False,False,False,False,False,False
2024-05-01,2024,5,2,1,CORDOBA,330.0,59.0,16.0,34.0,56056.0,2.0,0.0,935.0,25.0,11.0,8014.0,15514.0,1517.0,3869.1006451612902,122.77610184984673,False,False,False,False,False,False,False
2024-05-01,2024,5,2,1,CUNDINAMARCA,2410.0,507.0,72.0,64.0,0.0,0.0,0.0,8125.0,112.0,17.0,37221.0,88632.0,15678.0,3869.1006451612902,122.77610184984673,False,False,False,False,False,False,False
2024-05-01,2024,5,2,1,GUAINIA,10.0,7.0,5.0,6.0,2463.0,2.0,0.0,98.0,2.0,8.0,454.0,762.0,110.0,3869.1006451612902,122.77610184984673,False,False,False,False,False,False,False
2024-05-01,2024,5,2,1,GUAVIARE,12.0,5.0,1.0,5.0,732.0,2.0,0.0,216.0,3.0,10.0,884.0,1557.0,273.0,3869.1006451612902,122.77610184984673,False,False,False,False,False,False,False
2024-05-01,2024,5,2,1,HUILA,410.0,89.0,18.0,37.0,13791.0,2.0,0.0,2055.0,37.0,15.0,11143.0,21503.0,3495.0,3869.1006451612902,122.77610184984673,False,False,False,False,False,False,False
2024-05-01,2024,5,2,1,LA GUAJIRA,531.0,95.0,14.0,41.0,22379.0,1.0,0.0,1005.0,14.0,13.0,8313.0,14115.0,3499.0,3869.1006451612902,122.77610184984673,False,False,False,False,False,False,False
2024-05-01,2024,5,2,1,MAGDALENA,3572.142,151.0,19.0,91.0,140129.0,1.0,1282.0,7906.0,17.0,14.0,28131.0,71560.0,15156.0,3869.1006451612902,122.77610184984673,False,False,False,False,False,False,False
2024-05-01,2024,5,2,1,META,627.0,102.0,18.0,44.0,6712.0,1.0,0.0,2733.0,29.0,15.0,20433.0,37720.0,3766.0,3869.1006451612902,122.77610184984673,False,False,False,False,False,False,False
2024-05-01,2024,5,2,1,NARINO,1003.0,116.0,30.0,48.0,39440.0,3.0,0.0,1553.0,43.0,15.0,12172.0,19703.0,2846.0,3869.1006451612902,122.77610184984673,False,False,False,False,False,False,False
2024-05-01,2024,5,2,1,NORTE DE SANTANDER,2892.36,168.0,24.0,55.0,52637.0,1.0,2463.0,1441.0,31.0,14.0,11254.0,18298.0,3254.0,3869.1006451612902,122.77610184984673,False,False,False,False,False,False,False
2024-05-01,2024,5,2,1,PUTUMAYO,116.0,41.0,9.0,22.0,6654.0,3.0,0.0,543.0,13.0,11.0,4392.0,5650.0,823.0,3869.1006451612902,122.77610184984673,False,False,False,False,False,False,False
2024-05-01,2024,5,2,1,QUINDIO,1958.0,162.0,11.0,62.0,25044.0,1.0,3266.0,4258.0,12.0,15.0,17988.0,43693.0,7738.0,3869.1006451612902,122.77610184984673,False,False,False,False,False,False,False
2024-05-01,2024,5,2,1,RISARALDA,2127.546,131.0,12.0,55.0,97517.0,1.0,7348.0,2966.0,14.0,17.0,11905.0,26877.0,5386.0,3869.1006451612902,122.77610184984673,False,False,False,False,False,False,False
2024-05-01,2024,5,2,1,"SAN ANDRES, PROVIDENCIA Y SANTA CATALINA",2623.306,73.0,2.0,50.0,83457.0,2.0,2212.0,1793.0,2.0,14.0,9664.0,23644.0,8871.0,3869.1006451612902,122.77610184984673,False,False,False,False,False,False,False
2024-05-01,2024,5,2,1,SANTANDER,2396.0,227.0,41.0,60.0,87288.0,2.0,1445.0,4738.0,82.0,16.0,27753.0,53487.0,7676.0,3869.1006451612902,122.77610184984673,False,False,False,False,False,False,False
2024-05-01,2024,5,2,1,SUCRE,162.0,72.0,21.0,30.0,4288.0,2.0,0.0,1265.0,21.0,9.0,9245.0,24949.0,1951.0,3869.1006451612902,122.77610184984673,False,False,False,False,False,False,False
2024-05-01,2024,5,2,1,TOLIMA,670.0,112.0,24.0,45.0,9252.0,1.0,0.0,3827.0,46.0,16.0,21308.0,49207.0,5340.0,3869.1006451612902,122.77610184984673,False,False,False,False,False,False,False
2024-05-01,2024,5,2,1,VALLE DEL CAUCA,9585.22,511.0,41.0,115.0,191415.0,2.0,40831.0,7681.0,42.0,18.0,36315.0,71628.0,18269.0,3869.1006451612902,122.77610184984673,False,False,False,False,False,False,False
2024-05-01,2024,5,2,1,VAUPES,2.0,2.0,2.0,2.0,1444.0,1.0,0.0,43.0,2.0,5.0,270.0,625.0,52.0,3869.1006451612902,122.77610184984673,False,False,False,False,False,False,False
2024-05-01,2024,5,2,1,VICHADA,9.0,3.0,2.0,3.0,2281.0,1.0,0.0,83.0,4.0,5.0,695.0,1049.0,125.0,3869.1006451612902,122.77610184984673,False,False,False,False,False,False,False
2024-06-01,2024,6,2,1,AMAZONAS,686.0,70.0,4.0,46.0,14748.0,3.0,0.0,484.0,4.0,9.0,1880.0,4439.0,1207.0,4042.797,120.43035392529478,False,False,False,False,False,False,False
2024-06-01,2024,6,2,1,ANTIOQUIA,17549.936,856.0,103.0,129.0,425952.0,5.0,149130.0,22682.0,122.0,18.0,92803.0,194008.0,50323.0,4042.797,120.43035392529478,False,False,False,False,False,False,False
2024-06-01,2024,6,2,1,ARAUCA,87.0,23.0,6.0,12.0,7812.0,3.0,0.0,147.0,6.0,10.0,1449.0,2170.0,287.0,4042.797,120.43035392529478,False,False,False,False,False,False,False
2024-06-01,2024,6,2,1,ATLANTICO,5864.18,202.0,21.0,91.0,110053.0,1.0,17317.0,2696.0,20.0,17.0,14878.0,27390.0,10520.0,4042.797,120.43035392529478,False,False,False,False,False,False,False
2024-06-01,2024,6,2,1,BOGOTA D.C.,11477.543,181.0,1.0,181.0,1024472.0,1.0,604251.0,13968.0,7.0,18.0,80481.0,78653.0,53661.0,4042.797,120.43035392529478,False,False,False,False,False,False,False
2024-06-01,2024,6,2,1,BOLIVAR,10657.934,262.0,30.0,152.0,244110.0,2.0,60542.0,10819.0,24.0,19.0,37834.0,82127.0,31906.0,4042.797,120.43035392529478,False,False,False,False,False,False,False
2024-06-01,2024,6,2,1,BOYACA,707.0,203.0,57.0,39.0,0.0,0.0,0.0,4098.0,109.0,15.0,20461.0,44231.0,7155.0,4042.797,120.43035392529478,False,False,False,False,False,False,False
2024-06-01,2024,6,2,1,CALDAS,1177.0,141.0,24.0,40.0,2646.0,1.0,0.0,2419.0,27.0,13.0,11289.0,24308.0,4324.0,4042.797,120.43035392529478,False,False,False,False,False,False,False
2024-06-01,2024,6,2,1,CAQUETA,137.0,47.0,7.0,31.0,4744.0,3.0,0.0,377.0,14.0,12.0,2545.0,3771.0,562.0,4042.797,120.43035392529478,False,False,False,False,False,False,False
2024-06-01,2024,6,2,1,CASANARE,136.0,43.0,7.0,26.0,13221.0,1.0,0.0,858.0,17.0,12.0,8535.0,12721.0,1324.0,4042.797,120.43035392529478,False,False,False,False,False,False,False
2024-06-01,2024,6,2,1,CAUCA,571.0,104.0,24.0,40.0,7247.0,2.0,0.0,727.0,28.0,13.0,5688.0,7836.0,1383.0,4042.797,120.43035392529478,False,False,False,False,False,False,False
2024-06-01,2024,6,2,1,CESAR,405.0,67.0,18.0,35.0,16647.0,2.0,0.0,822.0,24.0,13.0,8743.0,13968.0,2048.0,4042.797,120.43035392529478,False,False,False,False,False,False,False
2024-06-01,2024,6,2,1,CHOCO,86.0,40.0,11.0,23.0,17191.0,5.0,0.0,563.0,19.0,8.0,4242.0,8053.0,951.0,4042.797,120.43035392529478,False,False,False,False,False,False,False
2024-06-01,2024,6,2,1,CORDOBA,547.0,87.0,18.0,35.0,59849.0,2.0,0.0,935.0,25.0,11.0,8014.0,15514.0,1517.0,4042.797,120.43035392529478,False,False,False,False,False,False,False
2024-06-01,2024,6,2,1,CUNDINAMARCA,2775.0,538.0,84.0,65.0,0.0,0.0,0.0,8125.0,112.0,17.0,37221.0,88632.0,15678.0,4042.797,120.43035392529478,False,False,False,False,False,False,False
2024-06-01,2024,6,2,1,GUAINIA,16.0,9.0,3.0,8.0,2573.0,2.0,0.0,98.0,2.0,8.0,454.0,762.0,110.0,4042.797,120.43035392529478,False,False,False,False,False,False,False
2024-06-01,2024,6,2,1,GUAVIARE,15.0,9.0,1.0,9.0,760.0,2.0,0.0,216.0,3.0,10.0,884.0,1557.0,273.0,4042.797,120.43035392529478,False,False,False,False,False,False,False
2024-06-01,2024,6,2,1,HUILA,812.0,141.0,29.0,45.0,14186.0,2.0,0.0,2055.0,37.0,15.0,11143.0,21503.0,3495.0,4042.797,120.43035392529478,False,False,False,False,False,False,False
2024-06-01,2024,6,2,1,LA GUAJIRA,495.0,77.0,11.0,34.0,26333.0,1.0,0.0,1005.0,14.0,13.0,8313.0,14115.0,3499.0,4042.797,120.43035392529478,False,False,False,False,False,False,False
2024-06-01,2024,6,2,1,MAGDALENA,2735.237,142.0,18.0,81.0,158841.0,1.0,1363.0,7906.0,17.0,14.0,28131.0,71560.0,15156.0,4042.797,120.43035392529478,False,False,False,False,False,False,False
2024-06-01,2024,6,2,1,META,614.0,86.0,18.0,38.0,7306.0,2.0,0.0,2733.0,29.0,15.0,20433.0,37720.0,3766.0,4042.797,120.43035392529478,False,False,False,False,False,False,False
2024-06-01,2024,6,2,1,NARINO,896.0,108.0,26.0,48.0,42268.0,3.0,0.0,1553.0,43.0,15.0,12172.0,19703.0,2846.0,4042.797,120.43035392529478,False,False,False,False,False,False,False
2024-06-01,2024,6,2,1,NORTE DE SANTANDER,3085.45,185.0,29.0,59.0,58129.0,1.0,2329.0,1441.0,31.0,14.0,11254.0,18298.0,3254.0,4042.797,120.43035392529478,False,False,False,False,False,False,False
2024-06-01,2024,6,2,1,PUTUMAYO,127.0,53.0,11.0,22.0,6545.0,3.0,0.0,543.0,13.0,11.0,4392.0,5650.0,823.0,4042.797,120.43035392529478,False,False,False,False,False,False,False
2024-06-01,2024,6,2,1,QUINDIO,2695.0,164.0,12.0,55.0,26796.0,1.0,3712.0,4258.0,12.0,15.0,17988.0,43693.0,7738.0,4042.797,120.43035392529478,False,False,False,False,False,False,False
2024-06-01,2024,6,2,1,RISARALDA,2509.061,149.0,12.0,62.0,101284.0,1.0,9443.0,2966.0,14.0,17.0,11905.0,26877.0,5386.0,4042.797,120.43035392529478,False,False,False,False,False,False,False
2024-06-01,2024,6,2,1,"SAN ANDRES, PROVIDENCIA Y SANTA CATALINA",3188.575,79.0,2.0,54.0,95882.0,2.0,2087.0,1793.0,2.0,14.0,9664.0,23644.0,8871.0,4042.797,120.43035392529478,False,False,False,False,False,False,False
2024-06-01,2024,6,2,1,SANTANDER,3305.0,272.0,41.0,71.0,94077.0,2.0,1459.0,4738.0,82.0,16.0,27753.0,53487.0,7676.0,4042.797,120.43035392529478,False,False,False,False,False,False,False
2024-06-01,2024,6,2,1,SUCRE,216.0,61.0,15.0,31.0,4243.0,2.0,0.0,1265.0,21.0,9.0,9245.0,24949.0,1951.0,4042.797,120.43035392529478,False,False,False,False,False,False,False
2024-06-01,2024,6,2,1,TOLIMA,1220.0,127.0,23.0,51.0,9420.0,1.0,0.0,3827.0,46.0,16.0,21308.0,49207.0,5340.0,4042.797,120.43035392529478,False,False,False,False,False,False,False
2024-06-01,2024,6,2,1,VALLE DEL CAUCA,10415.955,565.0,42.0,109.0,210514.0,2.0,43405.0,7681.0,42.0,18.0,36315.0,71628.0,18269.0,4042.797,120.43035392529478,False,False,False,False,False,False,False
2024-06-01,2024,6,2,1,VAUPES,2.0,2.0,2.0,2.0,1465.0,1.0,0.0,43.0,2.0,5.0,270.0,625.0,52.0,4042.797,120.43035392529478,False,False,False,False,False,False,False
2024-06-01,2024,6,2,1,VICHADA,14.0,5.0,1.0,5.0,2358.0,1.0,0.0,83.0,4.0,5.0,695.0,1049.0,125.0,4042.797,120.43035392529478,False,False,False,False,False,False,False
2024-07-01,2024,7,3,2,AMAZONAS,1126.0,82.0,8.0,49.0,16168.0,3.0,0.0,484.0,4.0,9.0,1880.0,4439.0,1207.0,4036.921935483871,122.95507559294572,False,False,False,False,False,False,False
2024-07-01,2024,7,3,2,ANTIOQUIA,16147.582,836.0,100.0,134.0,433089.0,5.0,176421.0,22682.0,122.0,18.0,92803.0,194008.0,50323.0,4036.921935483871,122.95507559294572,False,False,False,False,False,False,False
2024-07-01,2024,7,3,2,ARAUCA,100.0,33.0,7.0,17.0,8414.0,3.0,0.0,147.0,6.0,10.0,1449.0,2170.0,287.0,4036.921935483871,122.95507559294572,False,False,False,False,False,False,False
2024-07-01,2024,7,3,2,ATLANTICO,4718.816,214.0,21.0,93.0,106705.0,1.0,18655.0,2696.0,20.0,17.0,14878.0,27390.0,10520.0,4036.921935483871,122.95507559294572,False,False,False,False,False,False,False
2024-07-01,2024,7,3,2,BOGOTA D.C.,10903.384,171.0,1.0,171.0,1050606.0,1.0,701883.0,13968.0,7.0,18.0,80481.0,78653.0,53661.0,4036.921935483871,122.95507559294572,False,False,False,False,False,False,False
2024-07-01,2024,7,3,2,BOLIVAR,9961.294,235.0,30.0,126.0,231975.0,2.0,69899.0,10819.0,24.0,19.0,37834.0,82127.0,31906.0,4036.921935483871,122.95507559294572,False,False,False,False,False,False,False
2024-07-01,2024,7,3,2,BOYACA,872.0,193.0,51.0,45.0,0.0,0.0,0.0,4098.0,109.0,15.0,20461.0,44231.0,7155.0,4036.921935483871,122.95507559294572,False,False,False,False,False,False,False
2024-07-01,2024,7,3,2,CALDAS,1276.0,128.0,25.0,41.0,2764.0,1.0,0.0,2419.0,27.0,13.0,11289.0,24308.0,4324.0,4036.921935483871,122.95507559294572,False,False,False,False,False,False,False
2024-07-01,2024,7,3,2,CAQUETA,129.0,37.0,8.0,23.0,4616.0,3.0,0.0,377.0,14.0,12.0,2545.0,3771.0,562.0,4036.921935483871,122.95507559294572,False,False,False,False,False,False,False
2024-07-01,2024,7,3,2,CASANARE,123.0,37.0,8.0,23.0,13986.0,1.0,0.0,858.0,17.0,12.0,8535.0,12721.0,1324.0,4036.921935483871,122.95507559294572,False,False,False,False,False,False,False
2024-07-01,2024,7,3,2,CAUCA,496.0,91.0,22.0,35.0,8468.0,2.0,0.0,727.0,28.0,13.0,5688.0,7836.0,1383.0,4036.921935483871,122.95507559294572,False,False,False,False,False,False,False
2024-07-01,2024,7,3,2,CESAR,425.0,74.0,19.0,36.0,16878.0,2.0,0.0,822.0,24.0,13.0,8743.0,13968.0,2048.0,4036.921935483871,122.95507559294572,False,False,False,False,False,False,False
2024-07-01,2024,7,3,2,CHOCO,73.0,41.0,11.0,23.0,19559.0,5.0,0.0,563.0,19.0,8.0,4242.0,8053.0,951.0,4036.921935483871,122.95507559294572,False,False,False,False,False,False,False
2024-07-01,2024,7,3,2,CORDOBA,368.0,80.0,19.0,41.0,55336.0,2.0,0.0,935.0,25.0,11.0,8014.0,15514.0,1517.0,4036.921935483871,122.95507559294572,False,False,False,False,False,False,False
2024-07-01,2024,7,3,2,CUNDINAMARCA,2262.0,512.0,78.0,60.0,0.0,0.0,0.0,8125.0,112.0,17.0,37221.0,88632.0,15678.0,4036.921935483871,122.95507559294572,False,False,False,False,False,False,False
2024-07-01,2024,7,3,2,GUAINIA,19.0,9.0,3.0,7.0,2866.0,2.0,0.0,98.0,2.0,8.0,454.0,762.0,110.0,4036.921935483871,122.95507559294572,False,False,False,False,False,False,False
2024-07-01,2024,7,3,2,GUAVIARE,19.0,11.0,2.0,10.0,699.0,2.0,0.0,216.0,3.0,10.0,884.0,1557.0,273.0,4036.921935483871,122.95507559294572,False,False,False,False,False,False,False
2024-07-01,2024,7,3,2,HUILA,590.0,122.0,24.0,45.0,13564.0,2.0,0.0,2055.0,37.0,15.0,11143.0,21503.0,3495.0,4036.921935483871,122.95507559294572,False,False,False,False,False,False,False
2024-07-01,2024,7,3,2,LA GUAJIRA,535.0,99.0,13.0,44.0,25333.0,1.0,0.0,1005.0,14.0,13.0,8313.0,14115.0,3499.0,4036.921935483871,122.95507559294572,False,False,False,False,False,False,False
2024-07-01,2024,7,3,2,MAGDALENA,3884.282,133.0,17.0,72.0,159178.0,1.0,1460.0,7906.0,17.0,14.0,28131.0,71560.0,15156.0,4036.921935483871,122.95507559294572,False,False,False,False,False,False,False
2024-07-01,2024,7,3,2,META,760.0,90.0,15.0,36.0,8285.0,2.0,0.0,2733.0,29.0,15.0,20433.0,37720.0,3766.0,4036.921935483871,122.95507559294572,False,False,False,False,False,False,False
2024-07-01,2024,7,3,2,NARINO,1341.0,118.0,27.0,51.0,43814.0,3.0,0.0,1553.0,43.0,15.0,12172.0,19703.0,2846.0,4036.921935483871,122.95507559294572,False,False,False,False,False,False,False
2024-07-01,2024,7,3,2,NORTE DE SANTANDER,3083.665,166.0,25.0,58.0,53839.0,1.0,2083.0,1441.0,31.0,14.0,11254.0,18298.0,3254.0,4036.921935483871,122.95507559294572,False,False,False,False,False,False,False
2024-07-01,2024,7,3,2,PUTUMAYO,148.0,51.0,10.0,23.0,6701.0,3.0,0.0,543.0,13.0,11.0,4392.0,5650.0,823.0,4036.921935483871,122.95507559294572,False,False,False,False,False,False,False
2024-07-01,2024,7,3,2,QUINDIO,3163.0,170.0,11.0,52.0,26892.0,1.0,4040.0,4258.0,12.0,15.0,17988.0,43693.0,7738.0,4036.921935483871,122.95507559294572,False,False,False,False,False,False,False
2024-07-01,2024,7,3,2,RISARALDA,3274.399,167.0,13.0,72.0,100809.0,1.0,11242.0,2966.0,14.0,17.0,11905.0,26877.0,5386.0,4036.921935483871,122.95507559294572,False,False,False,False,False,False,False
2024-07-01,2024,7,3,2,"SAN ANDRES, PROVIDENCIA Y SANTA CATALINA",3371.286,84.0,2.0,58.0,95206.0,2.0,2217.0,1793.0,2.0,14.0,9664.0,23644.0,8871.0,4036.921935483871,122.95507559294572,False,False,False,False,False,False,False
2024-07-01,2024,7,3,2,SANTANDER,2860.0,265.0,47.0,68.0,89663.0,2.0,1914.0,4738.0,82.0,16.0,27753.0,53487.0,7676.0,4036.921935483871,122.95507559294572,False,False,False,False,False,False,False
2024-07-01,2024,7,3,2,SUCRE,214.0,56.0,15.0,30.0,3797.0,2.0,0.0,1265.0,21.0,9.0,9245.0,24949.0,1951.0,4036.921935483871,122.95507559294572,False,False,False,False,False,False,False
2024-07-01,2024,7,3,2,TOLIMA,2727.0,122.0,25.0,47.0,10216.0,1.0,0.0,3827.0,46.0,16.0,21308.0,49207.0,5340.0,4036.921935483871,122.95507559294572,False,False,False,False,False,False,False
2024-07-01,2024,7,3,2,VALLE DEL CAUCA,12123.86,577.0,41.0,125.0,219770.0,2.0,48084.0,7681.0,42.0,18.0,36315.0,71628.0,18269.0,4036.921935483871,122.95507559294572,False,False,False,False,False,False,False
2024-07-01,2024,7,3,2,VAUPES,1.0,1.0,1.0,1.0,1593.0,1.0,0.0,43.0,2.0,5.0,270.0,625.0,52.0,4036.921935483871,122.95507559294572,False,False,False,False,False,False,False
2024-07-01,2024,7,3,2,VICHADA,27.0,8.0,2.0,7.0,2471.0,1.0,0.0,83.0,4.0,5.0,695.0,1049.0,125.0,4036.921935483871,122.95507559294572,False,False,False,False,False,False,False
2024-08-01,2024,8,3,2,AMAZONAS,722.0,60.0,7.0,41.0,16681.0,3.0,0.0,484.0,4.0,9.0,1880.0,4439.0,1207.0,4065.546451612903,122.69388939624864,False,False,False,False,False,False,False
2024-08-01,2024,8,3,2,ANTIOQUIA,15217.177,762.0,94.0,141.0,459181.0,4.0,165521.0,22682.0,122.0,18.0,92803.0,194008.0,50323.0,4065.546451612903,122.69388939624864,False,False,False,False,False,False,False
2024-08-01,2024,8,3,2,ARAUCA,91.0,19.0,4.0,13.0,8071.0,3.0,0.0,147.0,6.0,10.0,1449.0,2170.0,287.0,4065.546451612903,122.69388939624864,False,False,False,False,False,False,False
2024-08-01,2024,8,3,2,ATLANTICO,4796.618,188.0,19.0,95.0,105070.0,1.0,17268.0,2696.0,20.0,17.0,14878.0,27390.0,10520.0,4065.546451612903,122.69388939624864,False,False,False,False,False,False,False
2024-08-01,2024,8,3,2,BOGOTA D.C.,13165.417,172.0,2.0,171.0,1057593.0,1.0,658438.0,13968.0,7.0,18.0,80481.0,78653.0,53661.0,4065.546451612903,122.69388939624864,False,False,False,False,False,False,False
2024-08-01,2024,8,3,2,BOLIVAR,8914.931,223.0,31.0,130.0,247061.0,2.0,64626.0,10819.0,24.0,19.0,37834.0,82127.0,31906.0,4065.546451612903,122.69388939624864,False,False,False,False,False,False,False
2024-08-01,2024,8,3,2,BOYACA,674.0,198.0,44.0,42.0,0.0,0.0,0.0,4098.0,109.0,15.0,20461.0,44231.0,7155.0,4065.546451612903,122.69388939624864,False,False,False,False,False,False,False
2024-08-01,2024,8,3,2,CALDAS,851.0,119.0,22.0,40.0,3201.0,1.0,0.0,2419.0,27.0,13.0,11289.0,24308.0,4324.0,4065.546451612903,122.69388939624864,False,False,False,False,False,False,False
2024-08-01,2024,8,3,2,CAQUETA,81.0,36.0,6.0,23.0,4758.0,3.0,0.0,377.0,14.0,12.0,2545.0,3771.0,562.0,4065.546451612903,122.69388939624864,False,False,False,False,False,False,False
2024-08-01,2024,8,3,2,CASANARE,147.0,46.0,9.0,27.0,13290.0,1.0,0.0,858.0,17.0,12.0,8535.0,12721.0,1324.0,4065.546451612903,122.69388939624864,False,False,False,False,False,False,False
2024-08-01,2024,8,3,2,CAUCA,588.0,74.0,21.0,33.0,8436.0,2.0,0.0,727.0,28.0,13.0,5688.0,7836.0,1383.0,4065.546451612903,122.69388939624864,False,False,False,False,False,False,False
2024-08-01,2024,8,3,2,CESAR,407.0,64.0,18.0,30.0,15879.0,2.0,0.0,822.0,24.0,13.0,8743.0,13968.0,2048.0,4065.546451612903,122.69388939624864,False,False,False,False,False,False,False
2024-08-01,2024,8,3,2,CHOCO,192.0,55.0,13.0,27.0,23355.0,5.0,0.0,563.0,19.0,8.0,4242.0,8053.0,951.0,4065.546451612903,122.69388939624864,False,False,False,False,False,False,False
2024-08-01,2024,8,3,2,CORDOBA,317.0,67.0,18.0,32.0,55210.0,2.0,0.0,935.0,25.0,11.0,8014.0,15514.0,1517.0,4065.546451612903,122.69388939624864,False,False,False,False,False,False,False
2024-08-01,2024,8,3,2,CUNDINAMARCA,2165.0,526.0,73.0,55.0,0.0,0.0,0.0,8125.0,112.0,17.0,37221.0,88632.0,15678.0,4065.546451612903,122.69388939624864,False,False,False,False,False,False,False
2024-08-01,2024,8,3,2,GUAINIA,6.0,4.0,2.0,4.0,2920.0,2.0,0.0,98.0,2.0,8.0,454.0,762.0,110.0,4065.546451612903,122.69388939624864,False,False,False,False,False,False,False
2024-08-01,2024,8,3,2,GUAVIARE,11.0,9.0,2.0,9.0,729.0,2.0,0.0,216.0,3.0,10.0,884.0,1557.0,273.0,4065.546451612903,122.69388939624864,False,False,False,False,False,False,False
2024-08-01,2024,8,3,2,HUILA,479.0,108.0,24.0,38.0,13833.0,2.0,0.0,2055.0,37.0,15.0,11143.0,21503.0,3495.0,4065.546451612903,122.69388939624864,False,False,False,False,False,False,False
2024-08-01,2024,8,3,2,LA GUAJIRA,735.0,76.0,12.0,31.0,24859.0,1.0,0.0,1005.0,14.0,13.0,8313.0,14115.0,3499.0,4065.546451612903,122.69388939624864,False,False,False,False,False,False,False
2024-08-01,2024,8,3,2,MAGDALENA,4298.096,137.0,14.0,84.0,166420.0,1.0,1636.0,7906.0,17.0,14.0,28131.0,71560.0,15156.0,4065.546451612903,122.69388939624864,False,False,False,False,False,False,False
2024-08-01,2024,8,3,2,META,638.0,91.0,14.0,36.0,8491.0,2.0,0.0,2733.0,29.0,15.0,20433.0,37720.0,3766.0,4065.546451612903,122.69388939624864,False,False,False,False,False,False,False
2024-08-01,2024,8,3,2,NARINO,1423.0,115.0,23.0,48.0,41502.0,3.0,0.0,1553.0,43.0,15.0,12172.0,19703.0,2846.0,4065.546451612903,122.69388939624864,False,False,False,False,False,False,False
2024-08-01,2024,8,3,2,NORTE DE SANTANDER,3539.222,188.0,28.0,61.0,54054.0,1.0,3401.0,1441.0,31.0,14.0,11254.0,18298.0,3254.0,4065.546451612903,122.69388939624864,False,False,False,False,False,False,False
2024-08-01,2024,8,3,2,PUTUMAYO,156.0,43.0,10.0,20.0,6395.0,3.0,0.0,543.0,13.0,11.0,4392.0,5650.0,823.0,4065.546451612903,122.69388939624864,False,False,False,False,False,False,False
2024-08-01,2024,8,3,2,QUINDIO,2948.0,174.0,13.0,58.0,26296.0,1.0,3352.0,4258.0,12.0,15.0,17988.0,43693.0,7738.0,4065.546451612903,122.69388939624864,False,False,False,False,False,False,False
2024-08-01,2024,8,3,2,RISARALDA,3775.991,150.0,12.0,70.0,109075.0,1.0,10275.0,2966.0,14.0,17.0,11905.0,26877.0,5386.0,4065.546451612903,122.69388939624864,False,False,False,False,False,False,False
2024-08-01,2024,8,3,2,"SAN ANDRES, PROVIDENCIA Y SANTA CATALINA",3370.621,78.0,3.0,50.0,98333.0,2.0,2308.0,1793.0,2.0,14.0,9664.0,23644.0,8871.0,4065.546451612903,122.69388939624864,False,False,False,False,False,False,False
2024-08-01,2024,8,3,2,SANTANDER,2744.0,248.0,39.0,68.0,86210.0,2.0,1714.0,4738.0,82.0,16.0,27753.0,53487.0,7676.0,4065.546451612903,122.69388939624864,False,False,False,False,False,False,False
2024-08-01,2024,8,3,2,SUCRE,143.0,58.0,15.0,26.0,2509.0,1.0,0.0,1265.0,21.0,9.0,9245.0,24949.0,1951.0,4065.546451612903,122.69388939624864,False,False,False,False,False,False,False
2024-08-01,2024,8,3,2,TOLIMA,931.0,112.0,21.0,48.0,9525.0,1.0,0.0,3827.0,46.0,16.0,21308.0,49207.0,5340.0,4065.546451612903,122.69388939624864,False,False,False,False,False,False,False
2024-08-01,2024,8,3,2,VALLE DEL CAUCA,11664.779,560.0,39.0,122.0,222729.0,2.0,43528.0,7681.0,42.0,18.0,36315.0,71628.0,18269.0,4065.546451612903,122.69388939624864,False,False,False,False,False,False,False
2024-08-01,2024,8,3,2,VAUPES,1.0,1.0,1.0,1.0,1462.0,1.0,0.0,43.0,2.0,5.0,270.0,625.0,52.0,4065.546451612903,122.69388939624864,False,False,False,False,False,False,False
2024-08-01,2024,8,3,2,VICHADA,27.0,9.0,3.0,8.0,2372.0,1.0,0.0,83.0,4.0,5.0,695.0,1049.0,125.0,4065.546451612903,122.69388939624864,False,False,False,False,False,False,False
2024-09-01,2024,9,3,2,AMAZONAS,576.0,55.0,4.0,47.0,14539.0,3.0,0.0,484.0,4.0,9.0,1880.0,4439.0,1207.0,4182.512333333333,122.18050012527513,False,False,False,False,False,False,False
2024-09-01,2024,9,3,2,ANTIOQUIA,11302.988,680.0,86.0,138.0,412977.0,4.0,134663.0,22682.0,122.0,18.0,92803.0,194008.0,50323.0,4182.512333333333,122.18050012527513,False,False,False,False,False,False,False
2024-09-01,2024,9,3,2,ARAUCA,85.0,20.0,6.0,13.0,7827.0,3.0,0.0,147.0,6.0,10.0,1449.0,2170.0,287.0,4182.512333333333,122.18050012527513,False,False,False,False,False,False,False
2024-09-01,2024,9,3,2,ATLANTICO,4252.907,158.0,18.0,83.0,106191.0,1.0,15665.0,2696.0,20.0,17.0,14878.0,27390.0,10520.0,4182.512333333333,122.18050012527513,False,False,False,False,False,False,False
2024-09-01,2024,9,3,2,BOGOTA D.C.,11457.685,162.0,2.0,161.0,1012466.0,1.0,609919.0,13968.0,7.0,18.0,80481.0,78653.0,53661.0,4182.512333333333,122.18050012527513,False,False,False,False,False,False,False
2024-09-01,2024,9,3,2,BOLIVAR,10161.664,249.0,32.0,140.0,226220.0,2.0,52437.0,10819.0,24.0,19.0,37834.0,82127.0,31906.0,4182.512333333333,122.18050012527513,False,False,False,False,False,False,False
2024-09-01,2024,9,3,2,BOYACA,706.0,163.0,42.0,40.0,260.0,1.0,0.0,4098.0,109.0,15.0,20461.0,44231.0,7155.0,4182.512333333333,122.18050012527513,False,False,False,False,False,False,False
2024-09-01,2024,9,3,2,CALDAS,862.0,119.0,22.0,46.0,3910.0,1.0,0.0,2419.0,27.0,13.0,11289.0,24308.0,4324.0,4182.512333333333,122.18050012527513,False,False,False,False,False,False,False
2024-09-01,2024,9,3,2,CAQUETA,91.0,42.0,8.0,25.0,5019.0,3.0,0.0,377.0,14.0,12.0,2545.0,3771.0,562.0,4182.512333333333,122.18050012527513,False,False,False,False,False,False,False
2024-09-01,2024,9,3,2,CASANARE,89.0,43.0,9.0,27.0,13975.0,1.0,0.0,858.0,17.0,12.0,8535.0,12721.0,1324.0,4182.512333333333,122.18050012527513,False,False,False,False,False,False,False
2024-09-01,2024,9,3,2,CAUCA,376.0,75.0,23.0,28.0,9175.0,3.0,0.0,727.0,28.0,13.0,5688.0,7836.0,1383.0,4182.512333333333,122.18050012527513,False,False,False,False,False,False,False
2024-09-01,2024,9,3,2,CESAR,320.0,54.0,13.0,32.0,17095.0,2.0,0.0,822.0,24.0,13.0,8743.0,13968.0,2048.0,4182.512333333333,122.18050012527513,False,False,False,False,False,False,False
2024-09-01,2024,9,3,2,CHOCO,133.0,47.0,9.0,27.0,21498.0,5.0,0.0,563.0,19.0,8.0,4242.0,8053.0,951.0,4182.512333333333,122.18050012527513,False,False,False,False,False,False,False
2024-09-01,2024,9,3,2,CORDOBA,296.0,69.0,15.0,30.0,53435.0,2.0,0.0,935.0,25.0,11.0,8014.0,15514.0,1517.0,4182.512333333333,122.18050012527513,False,False,False,False,False,False,False
2024-09-01,2024,9,3,2,CUNDINAMARCA,1702.0,454.0,72.0,60.0,0.0,0.0,0.0,8125.0,112.0,17.0,37221.0,88632.0,15678.0,4182.512333333333,122.18050012527513,False,False,False,False,False,False,False
2024-09-01,2024,9,3,2,GUAINIA,14.0,6.0,2.0,6.0,2656.0,2.0,0.0,98.0,2.0,8.0,454.0,762.0,110.0,4182.512333333333,122.18050012527513,False,False,False,False,False,False,False
2024-09-01,2024,9,3,2,GUAVIARE,72.0,18.0,2.0,17.0,748.0,2.0,0.0,216.0,3.0,10.0,884.0,1557.0,273.0,4182.512333333333,122.18050012527513,False,False,False,False,False,False,False
2024-09-01,2024,9,3,2,HUILA,340.0,78.0,13.0,35.0,15285.0,2.0,0.0,2055.0,37.0,15.0,11143.0,21503.0,3495.0,4182.512333333333,122.18050012527513,False,False,False,False,False,False,False
2024-09-01,2024,9,3,2,LA GUAJIRA,792.0,81.0,13.0,34.0,23929.0,1.0,0.0,1005.0,14.0,13.0,8313.0,14115.0,3499.0,4182.512333333333,122.18050012527513,False,False,False,False,False,False,False
2024-09-01,2024,9,3,2,MAGDALENA,4222.0,123.0,12.0,86.0,151875.0,1.0,1520.0,7906.0,17.0,14.0,28131.0,71560.0,15156.0,4182.512333333333,122.18050012527513,False,False,False,False,False,False,False
2024-09-01,2024,9,3,2,META,527.0,74.0,13.0,32.0,9290.0,2.0,0.0,2733.0,29.0,15.0,20433.0,37720.0,3766.0,4182.512333333333,122.18050012527513,False,False,False,False,False,False,False
2024-09-01,2024,9,3,2,NARINO,997.0,104.0,18.0,47.0,39168.0,3.0,0.0,1553.0,43.0,15.0,12172.0,19703.0,2846.0,4182.512333333333,122.18050012527513,False,False,False,False,False,False,False
2024-09-01,2024,9,3,2,NORTE DE SANTANDER,3496.284,153.0,26.0,59.0,58830.0,1.0,3983.0,1441.0,31.0,14.0,11254.0,18298.0,3254.0,4182.512333333333,122.18050012527513,False,False,False,False,False,False,False
2024-09-01,2024,9,3,2,PUTUMAYO,106.0,45.0,8.0,23.0,6652.0,3.0,0.0,543.0,13.0,11.0,4392.0,5650.0,823.0,4182.512333333333,122.18050012527513,False,False,False,False,False,False,False
2024-09-01,2024,9,3,2,QUINDIO,1906.0,144.0,11.0,54.0,25839.0,1.0,2889.0,4258.0,12.0,15.0,17988.0,43693.0,7738.0,4182.512333333333,122.18050012527513,False,False,False,False,False,False,False
2024-09-01,2024,9,3,2,RISARALDA,2494.108,140.0,13.0,70.0,95834.0,1.0,7964.0,2966.0,14.0,17.0,11905.0,26877.0,5386.0,4182.512333333333,122.18050012527513,False,False,False,False,False,False,False
2024-09-01,2024,9,3,2,"SAN ANDRES, PROVIDENCIA Y SANTA CATALINA",3488.624,69.0,2.0,48.0,83424.0,2.0,1866.0,1793.0,2.0,14.0,9664.0,23644.0,8871.0,4182.512333333333,122.18050012527513,False,False,False,False,False,False,False
2024-09-01,2024,9,3,2,SANTANDER,2767.0,211.0,37.0,69.0,82501.0,2.0,1947.0,4738.0,82.0,16.0,27753.0,53487.0,7676.0,4182.512333333333,122.18050012527513,False,False,False,False,False,False,False
2024-09-01,2024,9,3,2,SUCRE,227.0,61.0,15.0,29.0,2416.0,1.0,0.0,1265.0,21.0,9.0,9245.0,24949.0,1951.0,4182.512333333333,122.18050012527513,False,False,False,False,False,False,False
2024-09-01,2024,9,3,2,TOLIMA,581.0,112.0,25.0,48.0,10116.0,2.0,0.0,3827.0,46.0,16.0,21308.0,49207.0,5340.0,4182.512333333333,122.18050012527513,False,False,False,False,False,False,False
2024-09-01,2024,9,3,2,VALLE DEL CAUCA,9729.91,476.0,38.0,114.0,199002.0,2.0,30187.0,7681.0,42.0,18.0,36315.0,71628.0,18269.0,4182.512333333333,122.18050012527513,False,False,False,False,False,False,False
2024-09-01,2024,9,3,2,VAUPES,1.0,1.0,1.0,1.0,1565.0,1.0,0.0,43.0,2.0,5.0,270.0,625.0,52.0,4182.512333333333,122.18050012527513,False,False,False,False,False,False,False
2024-09-01,2024,9,3,2,VICHADA,18.0,8.0,1.0,8.0,2190.0,1.0,0.0,83.0,4.0,5.0,695.0,1049.0,125.0,4182.512333333333,122.18050012527513,False,False,False,False,False,False,False
2024-10-01,2024,10,4,2,AMAZONAS,545.0,64.0,5.0,49.0,15547.0,3.0,0.0,484.0,4.0,9.0,1880.0,4439.0,1207.0,4249.47,123.82268777522445,False,False,False,False,False,False,False
2024-10-01,2024,10,4,2,ANTIOQUIA,15186.648,821.0,99.0,138.0,441808.0,4.0,145773.0,22682.0,122.0,18.0,92803.0,194008.0,50323.0,4249.47,123.82268777522445,False,False,False,False,False,False,False
2024-10-01,2024,10,4,2,ARAUCA,119.0,26.0,4.0,17.0,8721.0,3.0,0.0,147.0,6.0,10.0,1449.0,2170.0,287.0,4249.47,123.82268777522445,False,False,False,False,False,False,False
2024-10-01,2024,10,4,2,ATLANTICO,5427.645,191.0,19.0,95.0,115594.0,1.0,16814.0,2696.0,20.0,17.0,14878.0,27390.0,10520.0,4249.47,123.82268777522445,False,False,False,False,False,False,False
2024-10-01,2024,10,4,2,BOGOTA D.C.,11629.423,184.0,2.0,183.0,1047630.0,1.0,649057.0,13968.0,7.0,18.0,80481.0,78653.0,53661.0,4249.47,123.82268777522445,False,False,False,False,False,False,False
2024-10-01,2024,10,4,2,BOLIVAR,10566.701000000001,224.0,24.0,137.0,227453.0,2.0,55172.0,10819.0,24.0,19.0,37834.0,82127.0,31906.0,4249.47,123.82268777522445,False,False,False,False,False,False,False
2024-10-01,2024,10,4,2,BOYACA,688.0,197.0,53.0,48.0,297.0,1.0,0.0,4098.0,109.0,15.0,20461.0,44231.0,7155.0,4249.47,123.82268777522445,False,False,False,False,False,False,False
2024-10-01,2024,10,4,2,CALDAS,845.0,118.0,20.0,45.0,3557.0,1.0,0.0,2419.0,27.0,13.0,11289.0,24308.0,4324.0,4249.47,123.82268777522445,False,False,False,False,False,False,False
2024-10-01,2024,10,4,2,CAQUETA,102.0,34.0,6.0,19.0,5148.0,3.0,0.0,377.0,14.0,12.0,2545.0,3771.0,562.0,4249.47,123.82268777522445,False,False,False,False,False,False,False
2024-10-01,2024,10,4,2,CASANARE,155.0,48.0,11.0,29.0,13872.0,1.0,0.0,858.0,17.0,12.0,8535.0,12721.0,1324.0,4249.47,123.82268777522445,False,False,False,False,False,False,False
2024-10-01,2024,10,4,2,CAUCA,437.0,80.0,19.0,32.0,12463.0,3.0,0.0,727.0,28.0,13.0,5688.0,7836.0,1383.0,4249.47,123.82268777522445,False,False,False,False,False,False,False
2024-10-01,2024,10,4,2,CESAR,413.0,75.0,17.0,38.0,17604.0,2.0,0.0,822.0,24.0,13.0,8743.0,13968.0,2048.0,4249.47,123.82268777522445,False,False,False,False,False,False,False
2024-10-01,2024,10,4,2,CHOCO,234.0,54.0,13.0,34.0,20236.0,5.0,0.0,563.0,19.0,8.0,4242.0,8053.0,951.0,4249.47,123.82268777522445,False,False,False,False,False,False,False
2024-10-01,2024,10,4,2,CORDOBA,387.0,82.0,18.0,39.0,59014.0,2.0,0.0,935.0,25.0,11.0,8014.0,15514.0,1517.0,4249.47,123.82268777522445,False,False,False,False,False,False,False
2024-10-01,2024,10,4,2,CUNDINAMARCA,2381.0,553.0,76.0,67.0,0.0,0.0,0.0,8125.0,112.0,17.0,37221.0,88632.0,15678.0,4249.47,123.82268777522445,False,False,False,False,False,False,False
2024-10-01,2024,10,4,2,GUAINIA,14.0,8.0,1.0,8.0,2952.0,2.0,0.0,98.0,2.0,8.0,454.0,762.0,110.0,4249.47,123.82268777522445,False,False,False,False,False,False,False
2024-10-01,2024,10,4,2,GUAVIARE,4.0,4.0,1.0,4.0,641.0,2.0,0.0,216.0,3.0,10.0,884.0,1557.0,273.0,4249.47,123.82268777522445,False,False,False,False,False,False,False
2024-10-01,2024,10,4,2,HUILA,433.0,101.0,19.0,37.0,21588.0,2.0,0.0,2055.0,37.0,15.0,11143.0,21503.0,3495.0,4249.47,123.82268777522445,False,False,False,False,False,False,False
2024-10-01,2024,10,4,2,LA GUAJIRA,851.0,81.0,9.0,39.0,23844.0,1.0,0.0,1005.0,14.0,13.0,8313.0,14115.0,3499.0,4249.47,123.82268777522445,False,False,False,False,False,False,False
2024-10-01,2024,10,4,2,MAGDALENA,4184.0,143.0,15.0,82.0,156951.0,1.0,1456.0,7906.0,17.0,14.0,28131.0,71560.0,15156.0,4249.47,123.82268777522445,False,False,False,False,False,False,False
2024-10-01,2024,10,4,2,META,664.0,109.0,19.0,43.0,9305.0,2.0,0.0,2733.0,29.0,15.0,20433.0,37720.0,3766.0,4249.47,123.82268777522445,False,False,False,False,False,False,False
2024-10-01,2024,10,4,2,NARINO,1040.0,109.0,23.0,44.0,43004.0,3.0,0.0,1553.0,43.0,15.0,12172.0,19703.0,2846.0,4249.47,123.82268777522445,False,False,False,False,False,False,False
2024-10-01,2024,10,4,2,NORTE DE SANTANDER,3984.061,159.0,23.0,54.0,59612.0,1.0,4735.0,1441.0,31.0,14.0,11254.0,18298.0,3254.0,4249.47,123.82268777522445,False,False,False,False,False,False,False
2024-10-01,2024,10,4,2,PUTUMAYO,114.0,44.0,9.0,23.0,6919.0,3.0,0.0,543.0,13.0,11.0,4392.0,5650.0,823.0,4249.47,123.82268777522445,False,False,False,False,False,False,False
2024-10-01,2024,10,4,2,QUINDIO,2159.0,159.0,11.0,57.0,26775.0,1.0,3351.0,4258.0,12.0,15.0,17988.0,43693.0,7738.0,4249.47,123.82268777522445,False,False,False,False,False,False,False
2024-10-01,2024,10,4,2,RISARALDA,2540.073,158.0,12.0,69.0,95800.0,1.0,6041.0,2966.0,14.0,17.0,11905.0,26877.0,5386.0,4249.47,123.82268777522445,False,False,False,False,False,False,False
2024-10-01,2024,10,4,2,"SAN ANDRES, PROVIDENCIA Y SANTA CATALINA",3608.441,78.0,2.0,55.0,88578.0,2.0,2078.0,1793.0,2.0,14.0,9664.0,23644.0,8871.0,4249.47,123.82268777522445,False,False,False,False,False,False,False
2024-10-01,2024,10,4,2,SANTANDER,2846.0,275.0,40.0,74.0,90916.0,2.0,2002.0,4738.0,82.0,16.0,27753.0,53487.0,7676.0,4249.47,123.82268777522445,False,False,False,False,False,False,False
2024-10-01,2024,10,4,2,SUCRE,116.0,56.0,14.0,32.0,2905.0,1.0,0.0,1265.0,21.0,9.0,9245.0,24949.0,1951.0,4249.47,123.82268777522445,False,False,False,False,False,False,False
2024-10-01,2024,10,4,2,TOLIMA,812.0,118.0,29.0,46.0,10056.0,1.0,0.0,3827.0,46.0,16.0,21308.0,49207.0,5340.0,4249.47,123.82268777522445,False,False,False,False,False,False,False
2024-10-01,2024,10,4,2,VALLE DEL CAUCA,16558.373,689.0,41.0,196.0,224071.0,2.0,33817.0,7681.0,42.0,18.0,36315.0,71628.0,18269.0,4249.47,123.82268777522445,False,False,False,False,False,False,False
2024-10-01,2024,10,4,2,VAUPES,1.0,1.0,1.0,1.0,1716.0,1.0,0.0,43.0,2.0,5.0,270.0,625.0,52.0,4249.47,123.82268777522445,False,False,False,False,False,False,False
2024-10-01,2024,10,4,2,VICHADA,16.0,7.0,1.0,7.0,2412.0,1.0,0.0,83.0,4.0,5.0,695.0,1049.0,125.0,4249.47,123.82268777522445,False,False,False,False,False,False,False
2024-11-01,2024,11,4,2,AMAZONAS,554.0,63.0,4.0,46.0,15199.0,3.0,0.0,484.0,4.0,9.0,1880.0,4439.0,1207.0,4408.652333333333,122.37822982109164,False,False,False,False,False,False,False
2024-11-01,2024,11,4,2,ANTIOQUIA,16067.77,920.0,98.0,165.0,418591.0,4.0,156209.0,22682.0,122.0,18.0,92803.0,194008.0,50323.0,4408.652333333333,122.37822982109164,False,False,False,False,False,False,False
2024-11-01,2024,11,4,2,ARAUCA,87.0,18.0,4.0,12.0,8419.0,3.0,0.0,147.0,6.0,10.0,1449.0,2170.0,287.0,4408.652333333333,122.37822982109164,False,False,False,False,False,False,False
2024-11-01,2024,11,4,2,ATLANTICO,5430.5470000000005,208.0,19.0,94.0,112842.0,1.0,17424.0,2696.0,20.0,17.0,14878.0,27390.0,10520.0,4408.652333333333,122.37822982109164,False,False,False,False,False,False,False
2024-11-01,2024,11,4,2,BOGOTA D.C.,13160.931,189.0,1.0,189.0,1016872.0,1.0,656075.0,13968.0,7.0,18.0,80481.0,78653.0,53661.0,4408.652333333333,122.37822982109164,False,False,False,False,False,False,False
2024-11-01,2024,11,4,2,BOLIVAR,10735.757,232.0,26.0,142.0,226081.0,2.0,61505.0,10819.0,24.0,19.0,37834.0,82127.0,31906.0,4408.652333333333,122.37822982109164,False,False,False,False,False,False,False
2024-11-01,2024,11,4,2,BOYACA,910.0,196.0,49.0,45.0,318.0,1.0,0.0,4098.0,109.0,15.0,20461.0,44231.0,7155.0,4408.652333333333,122.37822982109164,False,False,False,False,False,False,False
2024-11-01,2024,11,4,2,CALDAS,957.0,153.0,25.0,43.0,3227.0,1.0,0.0,2419.0,27.0,13.0,11289.0,24308.0,4324.0,4408.652333333333,122.37822982109164,False,False,False,False,False,False,False
2024-11-01,2024,11,4,2,CAQUETA,120.0,37.0,7.0,21.0,5256.0,2.0,0.0,377.0,14.0,12.0,2545.0,3771.0,562.0,4408.652333333333,122.37822982109164,False,False,False,False,False,False,False
2024-11-01,2024,11,4,2,CASANARE,168.0,46.0,10.0,27.0,13025.0,2.0,0.0,858.0,17.0,12.0,8535.0,12721.0,1324.0,4408.652333333333,122.37822982109164,False,False,False,False,False,False,False
2024-11-01,2024,11,4,2,CAUCA,515.0,92.0,24.0,36.0,10605.0,3.0,0.0,727.0,28.0,13.0,5688.0,7836.0,1383.0,4408.652333333333,122.37822982109164,False,False,False,False,False,False,False
2024-11-01,2024,11,4,2,CESAR,396.0,67.0,17.0,37.0,17785.0,2.0,0.0,822.0,24.0,13.0,8743.0,13968.0,2048.0,4408.652333333333,122.37822982109164,False,False,False,False,False,False,False
2024-11-01,2024,11,4,2,CHOCO,233.0,54.0,12.0,31.0,18260.0,5.0,0.0,563.0,19.0,8.0,4242.0,8053.0,951.0,4408.652333333333,122.37822982109164,False,False,False,False,False,False,False
2024-11-01,2024,11,4,2,CORDOBA,439.0,89.0,20.0,37.0,60499.0,2.0,0.0,935.0,25.0,11.0,8014.0,15514.0,1517.0,4408.652333333333,122.37822982109164,False,False,False,False,False,False,False
2024-11-01,2024,11,4,2,CUNDINAMARCA,2675.0,628.0,81.0,74.0,0.0,0.0,0.0,8125.0,112.0,17.0,37221.0,88632.0,15678.0,4408.652333333333,122.37822982109164,False,False,False,False,False,False,False
2024-11-01,2024,11,4,2,GUAINIA,22.0,9.0,4.0,5.0,3229.0,2.0,0.0,98.0,2.0,8.0,454.0,762.0,110.0,4408.652333333333,122.37822982109164,False,False,False,False,False,False,False
2024-11-01,2024,11,4,2,GUAVIARE,5.0,5.0,2.0,5.0,887.0,2.0,0.0,216.0,3.0,10.0,884.0,1557.0,273.0,4408.652333333333,122.37822982109164,False,False,False,False,False,False,False
2024-11-01,2024,11,4,2,HUILA,578.0,119.0,23.0,47.0,21108.0,2.0,0.0,2055.0,37.0,15.0,11143.0,21503.0,3495.0,4408.652333333333,122.37822982109164,False,False,False,False,False,False,False
2024-11-01,2024,11,4,2,LA GUAJIRA,1017.0,93.0,15.0,38.0,25448.0,1.0,0.0,1005.0,14.0,13.0,8313.0,14115.0,3499.0,4408.652333333333,122.37822982109164,False,False,False,False,False,False,False
2024-11-01,2024,11,4,2,MAGDALENA,4050.0879999999997,151.0,17.0,91.0,160080.0,1.0,1603.0,7906.0,17.0,14.0,28131.0,71560.0,15156.0,4408.652333333333,122.37822982109164,False,False,False,False,False,False,False
2024-11-01,2024,11,4,2,META,689.0,98.0,18.0,40.0,8490.0,2.0,0.0,2733.0,29.0,15.0,20433.0,37720.0,3766.0,4408.652333333333,122.37822982109164,False,False,False,False,False,False,False
2024-11-01,2024,11,4,2,NARINO,1294.0,108.0,24.0,43.0,42652.0,3.0,0.0,1553.0,43.0,15.0,12172.0,19703.0,2846.0,4408.652333333333,122.37822982109164,False,False,False,False,False,False,False
2024-11-01,2024,11,4,2,NORTE DE SANTANDER,3776.382,186.0,27.0,69.0,59613.0,1.0,5002.0,1441.0,31.0,14.0,11254.0,18298.0,3254.0,4408.652333333333,122.37822982109164,False,False,False,False,False,False,False
2024-11-01,2024,11,4,2,PUTUMAYO,170.0,51.0,9.0,25.0,7583.0,3.0,0.0,543.0,13.0,11.0,4392.0,5650.0,823.0,4408.652333333333,122.37822982109164,False,False,False,False,False,False,False
2024-11-01,2024,11,4,2,QUINDIO,2419.0,172.0,12.0,50.0,28941.0,1.0,3064.0,4258.0,12.0,15.0,17988.0,43693.0,7738.0,4408.652333333333,122.37822982109164,False,False,False,False,False,False,False
2024-11-01,2024,11,4,2,RISARALDA,3077.312,175.0,14.0,66.0,95565.0,1.0,4980.0,2966.0,14.0,17.0,11905.0,26877.0,5386.0,4408.652333333333,122.37822982109164,False,False,False,False,False,False,False
2024-11-01,2024,11,4,2,"SAN ANDRES, PROVIDENCIA Y SANTA CATALINA",3295.36,82.0,2.0,58.0,88928.0,2.0,2171.0,1793.0,2.0,14.0,9664.0,23644.0,8871.0,4408.652333333333,122.37822982109164,False,False,False,False,False,False,False
2024-11-01,2024,11,4,2,SANTANDER,3002.0,261.0,40.0,78.0,89546.0,2.0,1907.0,4738.0,82.0,16.0,27753.0,53487.0,7676.0,4408.652333333333,122.37822982109164,False,False,False,False,False,False,False
2024-11-01,2024,11,4,2,SUCRE,140.0,58.0,11.0,28.0,3190.0,1.0,0.0,1265.0,21.0,9.0,9245.0,24949.0,1951.0,4408.652333333333,122.37822982109164,False,False,False,False,False,False,False
2024-11-01,2024,11,4,2,TOLIMA,1203.0,122.0,28.0,50.0,10013.0,1.0,0.0,3827.0,46.0,16.0,21308.0,49207.0,5340.0,4408.652333333333,122.37822982109164,False,False,False,False,False,False,False
2024-11-01,2024,11,4,2,VALLE DEL CAUCA,9783.293,553.0,41.0,122.0,206946.0,2.0,32978.0,7681.0,42.0,18.0,36315.0,71628.0,18269.0,4408.652333333333,122.37822982109164,False,False,False,False,False,False,False
2024-11-01,2024,11,4,2,VAUPES,1.0,1.0,1.0,1.0,1696.0,2.0,0.0,43.0,2.0,5.0,270.0,625.0,52.0,4408.652333333333,122.37822982109164,False,False,False,False,False,False,False
2024-11-01,2024,11,4,2,VICHADA,36.0,17.0,3.0,15.0,2704.0,1.0,0.0,83.0,4.0,5.0,695.0,1049.0,125.0,4408.652333333333,122.37822982109164,False,False,False,False,False,False,False
2024-12-01,2024,12,4,2,AMAZONAS,585.0,60.0,4.0,42.0,16485.0,3.0,0.0,484.0,4.0,9.0,1880.0,4439.0,1207.0,4385.148709677419,124.5990460927057,False,False,False,False,False,False,False
2024-12-01,2024,12,4,2,ANTIOQUIA,17191.021,1063.0,104.0,145.0,464467.0,4.0,200181.0,22682.0,122.0,18.0,92803.0,194008.0,50323.0,4385.148709677419,124.5990460927057,False,False,False,False,False,False,False
2024-12-01,2024,12,4,2,ARAUCA,195.0,34.0,6.0,18.0,9997.0,3.0,0.0,147.0,6.0,10.0,1449.0,2170.0,287.0,4385.148709677419,124.5990460927057,False,False,False,False,False,False,False
2024-12-01,2024,12,4,2,ATLANTICO,5498.129,247.0,22.0,89.0,127662.0,1.0,24488.0,2696.0,20.0,17.0,14878.0,27390.0,10520.0,4385.148709677419,124.5990460927057,False,False,False,False,False,False,False
2024-12-01,2024,12,4,2,BOGOTA D.C.,12992.232,170.0,1.0,170.0,1011101.0,1.0,725282.0,13968.0,7.0,18.0,80481.0,78653.0,53661.0,4385.148709677419,124.5990460927057,False,False,False,False,False,False,False
2024-12-01,2024,12,4,2,BOLIVAR,12042.341,257.0,29.0,135.0,247315.0,2.0,76367.0,10819.0,24.0,19.0,37834.0,82127.0,31906.0,4385.148709677419,124.5990460927057,False,False,False,False,False,False,False
2024-12-01,2024,12,4,2,BOYACA,1420.0,292.0,69.0,49.0,408.0,1.0,0.0,4098.0,109.0,15.0,20461.0,44231.0,7155.0,4385.148709677419,124.5990460927057,False,False,False,False,False,False,False
2024-12-01,2024,12,4,2,CALDAS,2346.0,247.0,26.0,55.0,3061.0,1.0,0.0,2419.0,27.0,13.0,11289.0,24308.0,4324.0,4385.148709677419,124.5990460927057,False,False,False,False,False,False,False
2024-12-01,2024,12,4,2,CAQUETA,202.0,56.0,8.0,28.0,5083.0,3.0,0.0,377.0,14.0,12.0,2545.0,3771.0,562.0,4385.148709677419,124.5990460927057,False,False,False,False,False,False,False
2024-12-01,2024,12,4,2,CASANARE,277.0,68.0,11.0,33.0,12900.0,2.0,0.0,858.0,17.0,12.0,8535.0,12721.0,1324.0,4385.148709677419,124.5990460927057,False,False,False,False,False,False,False
2024-12-01,2024,12,4,2,CAUCA,800.0,126.0,28.0,39.0,11519.0,3.0,0.0,727.0,28.0,13.0,5688.0,7836.0,1383.0,4385.148709677419,124.5990460927057,False,False,False,False,False,False,False
2024-12-01,2024,12,4,2,CESAR,686.0,94.0,22.0,37.0,19314.0,2.0,0.0,822.0,24.0,13.0,8743.0,13968.0,2048.0,4385.148709677419,124.5990460927057,False,False,False,False,False,False,False
2024-12-01,2024,12,4,2,CHOCO,304.0,52.0,11.0,34.0,23037.0,5.0,0.0,563.0,19.0,8.0,4242.0,8053.0,951.0,4385.148709677419,124.5990460927057,False,False,False,False,False,False,False
2024-12-01,2024,12,4,2,CORDOBA,628.0,133.0,25.0,45.0,69493.0,2.0,0.0,935.0,25.0,11.0,8014.0,15514.0,1517.0,4385.148709677419,124.5990460927057,False,False,False,False,False,False,False
2024-12-01,2024,12,4,2,CUNDINAMARCA,4164.0,769.0,88.0,74.0,0.0,0.0,0.0,8125.0,112.0,17.0,37221.0,88632.0,15678.0,4385.148709677419,124.5990460927057,False,False,False,False,False,False,False
2024-12-01,2024,12,4,2,GUAINIA,6.0,6.0,2.0,6.0,3691.0,2.0,0.0,98.0,2.0,8.0,454.0,762.0,110.0,4385.148709677419,124.5990460927057,False,False,False,False,False,False,False
2024-12-01,2024,12,4,2,GUAVIARE,10.0,8.0,2.0,8.0,654.0,2.0,0.0,216.0,3.0,10.0,884.0,1557.0,273.0,4385.148709677419,124.5990460927057,False,False,False,False,False,False,False
2024-12-01,2024,12,4,2,HUILA,992.0,177.0,29.0,50.0,15471.0,2.0,0.0,2055.0,37.0,15.0,11143.0,21503.0,3495.0,4385.148709677419,124.5990460927057,False,False,False,False,False,False,False
2024-12-01,2024,12,4,2,LA GUAJIRA,1651.0,118.0,13.0,44.0,31037.0,1.0,0.0,1005.0,14.0,13.0,8313.0,14115.0,3499.0,4385.148709677419,124.5990460927057,False,False,False,False,False,False,False
2024-12-01,2024,12,4,2,MAGDALENA,4785.558,186.0,21.0,83.0,185364.0,1.0,1946.0,7906.0,17.0,14.0,28131.0,71560.0,15156.0,4385.148709677419,124.5990460927057,False,False,False,False,False,False,False
2024-12-01,2024,12,4,2,META,1314.0,156.0,19.0,50.0,8111.0,2.0,0.0,2733.0,29.0,15.0,20433.0,37720.0,3766.0,4385.148709677419,124.5990460927057,False,False,False,False,False,False,False
2024-12-01,2024,12,4,2,NARINO,1547.0,171.0,36.0,59.0,49623.0,3.0,0.0,1553.0,43.0,15.0,12172.0,19703.0,2846.0,4385.148709677419,124.5990460927057,False,False,False,False,False,False,False
2024-12-01,2024,12,4,2,NORTE DE SANTANDER,6264.349,265.0,31.0,76.0,65931.0,1.0,4692.0,1441.0,31.0,14.0,11254.0,18298.0,3254.0,4385.148709677419,124.5990460927057,False,False,False,False,False,False,False
2024-12-01,2024,12,4,2,PUTUMAYO,208.0,62.0,13.0,26.0,6930.0,3.0,0.0,543.0,13.0,11.0,4392.0,5650.0,823.0,4385.148709677419,124.5990460927057,False,False,False,False,False,False,False
2024-12-01,2024,12,4,2,QUINDIO,3800.0,229.0,13.0,66.0,27739.0,1.0,4489.0,4258.0,12.0,15.0,17988.0,43693.0,7738.0,4385.148709677419,124.5990460927057,False,False,False,False,False,False,False
2024-12-01,2024,12,4,2,RISARALDA,4693.346,224.0,15.0,78.0,100751.0,1.0,8179.0,2966.0,14.0,17.0,11905.0,26877.0,5386.0,4385.148709677419,124.5990460927057,False,False,False,False,False,False,False
2024-12-01,2024,12,4,2,"SAN ANDRES, PROVIDENCIA Y SANTA CATALINA",4590.404,94.0,2.0,67.0,106804.0,2.0,2303.0,1793.0,2.0,14.0,9664.0,23644.0,8871.0,4385.148709677419,124.5990460927057,False,False,False,False,False,False,False
2024-12-01,2024,12,4,2,SANTANDER,5530.316,380.0,56.0,80.0,91971.0,2.0,4101.0,4738.0,82.0,16.0,27753.0,53487.0,7676.0,4385.148709677419,124.5990460927057,False,False,False,False,False,False,False
2024-12-01,2024,12,4,2,SUCRE,424.0,107.0,21.0,42.0,7541.0,2.0,0.0,1265.0,21.0,9.0,9245.0,24949.0,1951.0,4385.148709677419,124.5990460927057,False,False,False,False,False,False,False
2024-12-01,2024,12,4,2,TOLIMA,1589.0,189.0,34.0,49.0,11708.0,2.0,0.0,3827.0,46.0,16.0,21308.0,49207.0,5340.0,4385.148709677419,124.5990460927057,False,False,False,False,False,False,False
2024-12-01,2024,12,4,2,VALLE DEL CAUCA,14877.499,775.0,42.0,121.0,225293.0,2.0,61522.0,7681.0,42.0,18.0,36315.0,71628.0,18269.0,4385.148709677419,124.5990460927057,False,False,False,False,False,False,False
2024-12-01,2024,12,4,2,VAUPES,5.0,3.0,2.0,3.0,1733.0,2.0,0.0,43.0,2.0,5.0,270.0,625.0,52.0,4385.148709677419,124.5990460927057,False,False,False,False,False,False,False
2024-12-01,2024,12,4,2,VICHADA,28.0,12.0,1.0,12.0,3034.0,1.0,0.0,83.0,4.0,5.0,695.0,1049.0,125.0,4385.148709677419,124.5990460927057,False,False,False,False,False,False,False
2025-01-01,2025,1,1,1,AMAZONAS,666.0,57.0,6.0,46.0,16605.0,3.0,0.0,518.0,3.0,11.0,2570.0,5944.0,1208.0,4307.567419354838,124.68410965643379,False,False,False,False,False,False,False
2025-01-01,2025,1,1,1,ANTIOQUIA,14004.848,937.0,108.0,136.0,426302.0,5.0,191196.0,22837.0,124.0,18.0,95002.0,204094.0,49839.0,4307.567419354838,124.68410965643379,False,False,False,False,False,False,False
2025-01-01,2025,1,1,1,ARAUCA,102.0,24.0,6.0,17.0,8465.0,3.0,0.0,161.0,6.0,10.0,1567.0,2387.0,338.0,4307.567419354838,124.68410965643379,False,False,False,False,False,False,False
2025-01-01,2025,1,1,1,ATLANTICO,4712.804,211.0,19.0,93.0,101328.0,1.0,20027.0,2988.0,19.0,15.0,16257.0,30668.0,11160.0,4307.567419354838,124.68410965643379,False,False,False,False,False,False,False
2025-01-01,2025,1,1,1,BOGOTA D.C.,14630.587,170.0,1.0,170.0,1068769.0,1.0,682214.0,15069.0,7.0,20.0,83870.0,84130.0,56596.0,4307.567419354838,124.68410965643379,False,False,False,False,False,False,False
2025-01-01,2025,1,1,1,BOLIVAR,12123.907,259.0,27.0,133.0,233229.0,2.0,77533.0,12483.0,28.0,19.0,40016.0,89505.0,24310.0,4307.567419354838,124.68410965643379,False,False,False,False,False,False,False
2025-01-01,2025,1,1,1,BOYACA,787.0,217.0,57.0,56.0,307.0,1.0,0.0,4406.0,111.0,15.0,21654.0,47143.0,7108.0,4307.567419354838,124.68410965643379,False,False,False,False,False,False,False
2025-01-01,2025,1,1,1,CALDAS,1265.0,168.0,23.0,48.0,2915.0,1.0,0.0,2542.0,27.0,14.0,11920.0,25048.0,5469.0,4307.567419354838,124.68410965643379,False,False,False,False,False,False,False
2025-01-01,2025,1,1,1,CAQUETA,137.0,34.0,6.0,25.0,3985.0,3.0,0.0,414.0,13.0,11.0,2715.0,4062.0,705.0,4307.567419354838,124.68410965643379,False,False,False,False,False,False,False
2025-01-01,2025,1,1,1,CASANARE,220.0,49.0,9.0,28.0,9966.0,2.0,0.0,901.0,17.0,14.0,8376.0,13322.0,1510.0,4307.567419354838,124.68410965643379,False,False,False,False,False,False,False
2025-01-01,2025,1,1,1,CAUCA,523.0,112.0,29.0,36.0,8544.0,3.0,0.0,774.0,32.0,12.0,5212.0,8055.0,1449.0,4307.567419354838,124.68410965643379,False,False,False,False,False,False,False
2025-01-01,2025,1,1,1,CESAR,391.0,76.0,17.0,36.0,14318.0,2.0,0.0,949.0,24.0,16.0,8977.0,14984.0,2184.0,4307.567419354838,124.68410965643379,False,False,False,False,False,False,False
2025-01-01,2025,1,1,1,CHOCO,329.0,59.0,13.0,38.0,17015.0,5.0,0.0,631.0,17.0,7.0,4447.0,8587.0,1011.0,4307.567419354838,124.68410965643379,False,False,False,False,False,False,False
2025-01-01,2025,1,1,1,CORDOBA,340.0,80.0,15.0,37.0,57525.0,2.0,0.0,1052.0,25.0,14.0,8645.0,17262.0,2275.0,4307.567419354838,124.68410965643379,False,False,False,False,False,False,False
2025-01-01,2025,1,1,1,CUNDINAMARCA,2394.0,591.0,80.0,69.0,0.0,0.0,0.0,8787.0,113.0,17.0,39223.0,94738.0,16399.0,4307.567419354838,124.68410965643379,False,False,False,False,False,False,False
2025-01-01,2025,1,1,1,GUAINIA,16.0,7.0,2.0,7.0,3981.0,2.0,0.0,110.0,2.0,7.0,428.0,783.0,122.0,4307.567419354838,124.68410965643379,False,False,False,False,False,False,False
2025-01-01,2025,1,1,1,GUAVIARE,12.0,8.0,1.0,8.0,710.0,2.0,0.0,217.0,3.0,10.0,937.0,1640.0,377.0,4307.567419354838,124.68410965643379,False,False,False,False,False,False,False
2025-01-01,2025,1,1,1,HUILA,426.0,104.0,22.0,38.0,12407.0,2.0,0.0,2225.0,37.0,17.0,11598.0,22809.0,3767.0,4307.567419354838,124.68410965643379,False,False,False,False,False,False,False
2025-01-01,2025,1,1,1,LA GUAJIRA,1039.0,118.0,14.0,48.0,26012.0,1.0,0.0,1067.0,13.0,13.0,8131.0,14131.0,3555.0,4307.567419354838,124.68410965643379,False,False,False,False,False,False,False
2025-01-01,2025,1,1,1,MAGDALENA,5346.095,167.0,19.0,81.0,185205.0,1.0,1800.0,8827.0,19.0,15.0,29086.0,77210.0,15484.0,4307.567419354838,124.68410965643379,False,False,False,False,False,False,False
2025-01-01,2025,1,1,1,META,824.0,133.0,22.0,48.0,7087.0,3.0,0.0,2945.0,29.0,15.0,22395.0,41373.0,4369.0,4307.567419354838,124.68410965643379,False,False,False,False,False,False,False
2025-01-01,2025,1,1,1,NARINO,1538.0,133.0,25.0,57.0,38023.0,3.0,0.0,1629.0,45.0,15.0,12642.0,20381.0,2967.0,4307.567419354838,124.68410965643379,False,False,False,False,False,False,False
2025-01-01,2025,1,1,1,NORTE DE SANTANDER,4219.045,190.0,27.0,72.0,54942.0,1.0,4024.0,1544.0,31.0,13.0,11516.0,19438.0,3870.0,4307.567419354838,124.68410965643379,False,False,False,False,False,False,False
2025-01-01,2025,1,1,1,PUTUMAYO,265.0,76.0,11.0,32.0,5998.0,3.0,0.0,612.0,13.0,11.0,4788.0,6223.0,1052.0,4307.567419354838,124.68410965643379,False,False,False,False,False,False,False
2025-01-01,2025,1,1,1,QUINDIO,2298.0,186.0,12.0,61.0,24296.0,1.0,2775.0,4356.0,12.0,14.0,17713.0,46507.0,7672.0,4307.567419354838,124.68410965643379,False,False,False,False,False,False,False
2025-01-01,2025,1,1,1,RISARALDA,3033.303,169.0,14.0,69.0,85114.0,1.0,8509.0,2994.0,14.0,16.0,12139.0,27444.0,6257.0,4307.567419354838,124.68410965643379,False,False,False,False,False,False,False
2025-01-01,2025,1,1,1,"SAN ANDRES, PROVIDENCIA Y SANTA CATALINA",3553.142,87.0,3.0,57.0,106488.0,2.0,2339.0,1733.0,2.0,14.0,9588.0,22997.0,5232.0,4307.567419354838,124.68410965643379,False,False,False,False,False,False,False
2025-01-01,2025,1,1,1,SANTANDER,3036.0,318.0,46.0,81.0,71698.0,2.0,3861.0,5123.0,83.0,15.0,28495.0,56863.0,6150.0,4307.567419354838,124.68410965643379,False,False,False,False,False,False,False
2025-01-01,2025,1,1,1,SUCRE,206.0,74.0,18.0,27.0,9269.0,2.0,0.0,1362.0,20.0,11.0,10053.0,27350.0,2682.0,4307.567419354838,124.68410965643379,False,False,False,False,False,False,False
2025-01-01,2025,1,1,1,TOLIMA,799.0,125.0,28.0,44.0,8956.0,2.0,0.0,4108.0,46.0,16.0,21432.0,51967.0,6283.0,4307.567419354838,124.68410965643379,False,False,False,False,False,False,False
2025-01-01,2025,1,1,1,VALLE DEL CAUCA,11076.702,654.0,43.0,126.0,191033.0,2.0,50352.0,7974.0,42.0,17.0,36823.0,74409.0,18956.0,4307.567419354838,124.68410965643379,False,False,False,False,False,False,False
2025-01-01,2025,1,1,1,VAUPES,5.0,4.0,1.0,4.0,1786.0,2.0,0.0,48.0,3.0,7.0,269.0,562.0,66.0,4307.567419354838,124.68410965643379,False,False,False,False,False,False,False
2025-01-01,2025,1,1,1,VICHADA,56.0,20.0,4.0,15.0,3364.0,1.0,0.0,86.0,4.0,5.0,702.0,1066.0,114.0,4307.567419354838,124.68410965643379,False,False,False,False,False,False,False
2025-02-01,2025,2,1,1,AMAZONAS,683.0,56.0,5.0,44.0,13816.0,3.0,0.0,518.0,3.0,11.0,2570.0,5944.0,1208.0,4127.953928571429,125.08499366555719,False,False,False,False,False,False,False
2025-02-01,2025,2,1,1,ANTIOQUIA,13308.706,874.0,101.0,136.0,363226.0,5.0,141967.0,22837.0,124.0,18.0,95002.0,204094.0,49839.0,4127.953928571429,125.08499366555719,False,False,False,False,False,False,False
2025-02-01,2025,2,1,1,ARAUCA,107.0,28.0,4.0,19.0,8022.0,3.0,0.0,161.0,6.0,10.0,1567.0,2387.0,338.0,4127.953928571429,125.08499366555719,False,False,False,False,False,False,False
2025-02-01,2025,2,1,1,ATLANTICO,5991.48,224.0,19.0,84.0,99208.0,1.0,16057.0,2988.0,19.0,15.0,16257.0,30668.0,11160.0,4127.953928571429,125.08499366555719,False,False,False,False,False,False,False
2025-02-01,2025,2,1,1,BOGOTA D.C.,13839.518,163.0,2.0,162.0,853818.0,1.0,552385.0,15069.0,7.0,20.0,83870.0,84130.0,56596.0,4127.953928571429,125.08499366555719,False,False,False,False,False,False,False
2025-02-01,2025,2,1,1,BOLIVAR,11315.376,249.0,31.0,132.0,198839.0,2.0,67626.0,12483.0,28.0,19.0,40016.0,89505.0,24310.0,4127.953928571429,125.08499366555719,False,False,False,False,False,False,False
2025-02-01,2025,2,1,1,BOYACA,788.0,192.0,47.0,48.0,241.0,1.0,0.0,4406.0,111.0,15.0,21654.0,47143.0,7108.0,4127.953928571429,125.08499366555719,False,False,False,False,False,False,False
2025-02-01,2025,2,1,1,CALDAS,827.0,128.0,23.0,45.0,3125.0,1.0,0.0,2542.0,27.0,14.0,11920.0,25048.0,5469.0,4127.953928571429,125.08499366555719,False,False,False,False,False,False,False
2025-02-01,2025,2,1,1,CAQUETA,124.0,41.0,9.0,26.0,4073.0,3.0,0.0,414.0,13.0,11.0,2715.0,4062.0,705.0,4127.953928571429,125.08499366555719,False,False,False,False,False,False,False
2025-02-01,2025,2,1,1,CASANARE,146.0,56.0,9.0,31.0,10183.0,3.0,0.0,901.0,17.0,14.0,8376.0,13322.0,1510.0,4127.953928571429,125.08499366555719,False,False,False,False,False,False,False
2025-02-01,2025,2,1,1,CAUCA,383.0,75.0,19.0,34.0,8234.0,3.0,0.0,774.0,32.0,12.0,5212.0,8055.0,1449.0,4127.953928571429,125.08499366555719,False,False,False,False,False,False,False
2025-02-01,2025,2,1,1,CESAR,357.0,59.0,19.0,29.0,13842.0,2.0,0.0,949.0,24.0,16.0,8977.0,14984.0,2184.0,4127.953928571429,125.08499366555719,False,False,False,False,False,False,False
2025-02-01,2025,2,1,1,CHOCO,296.0,60.0,12.0,35.0,14468.0,5.0,0.0,631.0,17.0,7.0,4447.0,8587.0,1011.0,4127.953928571429,125.08499366555719,False,False,False,False,False,False,False
2025-02-01,2025,2,1,1,CORDOBA,373.0,89.0,17.0,32.0,48545.0,3.0,0.0,1052.0,25.0,14.0,8645.0,17262.0,2275.0,4127.953928571429,125.08499366555719,False,False,False,False,False,False,False
2025-02-01,2025,2,1,1,CUNDINAMARCA,2370.0,568.0,77.0,63.0,0.0,0.0,0.0,8787.0,113.0,17.0,39223.0,94738.0,16399.0,4127.953928571429,125.08499366555719,False,False,False,False,False,False,False
2025-02-01,2025,2,1,1,GUAINIA,20.0,6.0,1.0,6.0,3288.0,2.0,0.0,110.0,2.0,7.0,428.0,783.0,122.0,4127.953928571429,125.08499366555719,False,False,False,False,False,False,False
2025-02-01,2025,2,1,1,GUAVIARE,7.0,5.0,2.0,4.0,469.0,2.0,0.0,217.0,3.0,10.0,937.0,1640.0,377.0,4127.953928571429,125.08499366555719,False,False,False,False,False,False,False
2025-02-01,2025,2,1,1,HUILA,415.0,108.0,24.0,39.0,13509.0,2.0,0.0,2225.0,37.0,17.0,11598.0,22809.0,3767.0,4127.953928571429,125.08499366555719,False,False,False,False,False,False,False
2025-02-01,2025,2,1,1,LA GUAJIRA,1045.0,110.0,14.0,39.0,19650.0,1.0,0.0,1067.0,13.0,13.0,8131.0,14131.0,3555.0,4127.953928571429,125.08499366555719,False,False,False,False,False,False,False
2025-02-01,2025,2,1,1,MAGDALENA,5373.46,166.0,23.0,84.0,142093.0,1.0,1529.0,8827.0,19.0,15.0,29086.0,77210.0,15484.0,4127.953928571429,125.08499366555719,False,False,False,False,False,False,False
2025-02-01,2025,2,1,1,META,640.0,102.0,20.0,41.0,5935.0,3.0,0.0,2945.0,29.0,15.0,22395.0,41373.0,4369.0,4127.953928571429,125.08499366555719,False,False,False,False,False,False,False
2025-02-01,2025,2,1,1,NARINO,1128.0,116.0,22.0,53.0,30568.0,3.0,0.0,1629.0,45.0,15.0,12642.0,20381.0,2967.0,4127.953928571429,125.08499366555719,False,False,False,False,False,False,False
2025-02-01,2025,2,1,1,NORTE DE SANTANDER,4074.677,159.0,24.0,57.0,47080.0,1.0,4332.0,1544.0,31.0,13.0,11516.0,19438.0,3870.0,4127.953928571429,125.08499366555719,False,False,False,False,False,False,False
2025-02-01,2025,2,1,1,PUTUMAYO,187.0,69.0,10.0,31.0,5997.0,3.0,0.0,612.0,13.0,11.0,4788.0,6223.0,1052.0,4127.953928571429,125.08499366555719,False,False,False,False,False,False,False
2025-02-01,2025,2,1,1,QUINDIO,2640.0,195.0,13.0,60.0,20887.0,1.0,1699.0,4356.0,12.0,14.0,17713.0,46507.0,7672.0,4127.953928571429,125.08499366555719,False,False,False,False,False,False,False
2025-02-01,2025,2,1,1,RISARALDA,2812.2110000000002,158.0,14.0,62.0,76561.0,1.0,5201.0,2994.0,14.0,16.0,12139.0,27444.0,6257.0,4127.953928571429,125.08499366555719,False,False,False,False,False,False,False
2025-02-01,2025,2,1,1,"SAN ANDRES, PROVIDENCIA Y SANTA CATALINA",3379.663,93.0,2.0,61.0,85324.0,2.0,2285.0,1733.0,2.0,14.0,9588.0,22997.0,5232.0,4127.953928571429,125.08499366555719,False,False,False,False,False,False,False
2025-02-01,2025,2,1,1,SANTANDER,2275.0,244.0,43.0,64.0,67571.0,2.0,1859.0,5123.0,83.0,15.0,28495.0,56863.0,6150.0,4127.953928571429,125.08499366555719,False,False,False,False,False,False,False
2025-02-01,2025,2,1,1,SUCRE,196.0,74.0,13.0,28.0,3485.0,2.0,0.0,1362.0,20.0,11.0,10053.0,27350.0,2682.0,4127.953928571429,125.08499366555719,False,False,False,False,False,False,False
2025-02-01,2025,2,1,1,TOLIMA,711.0,118.0,27.0,47.0,8566.0,1.0,0.0,4108.0,46.0,16.0,21432.0,51967.0,6283.0,4127.953928571429,125.08499366555719,False,False,False,False,False,False,False
2025-02-01,2025,2,1,1,VALLE DEL CAUCA,10362.41,579.0,41.0,118.0,172636.0,2.0,31497.0,7974.0,42.0,17.0,36823.0,74409.0,18956.0,4127.953928571429,125.08499366555719,False,False,False,False,False,False,False
2025-02-01,2025,2,1,1,VAUPES,2.0,2.0,1.0,2.0,1642.0,2.0,0.0,48.0,3.0,7.0,269.0,562.0,66.0,4127.953928571429,125.08499366555719,False,False,False,False,False,False,False
2025-02-01,2025,2,1,1,VICHADA,38.0,15.0,3.0,13.0,2804.0,1.0,0.0,86.0,4.0,5.0,702.0,1066.0,114.0,4127.953928571429,125.08499366555719,False,False,False,False,False,False,False
2025-03-01,2025,3,1,1,AMAZONAS,489.0,53.0,5.0,45.0,13910.0,3.0,0.0,518.0,3.0,11.0,2570.0,5944.0,1208.0,4137.684516129032,124.04977520363032,False,False,False,False,False,False,False
2025-03-01,2025,3,1,1,ANTIOQUIA,14763.29,861.0,101.0,135.0,400499.0,5.0,144695.0,22837.0,124.0,18.0,95002.0,204094.0,49839.0,4137.684516129032,124.04977520363032,False,False,False,False,False,False,False
2025-03-01,2025,3,1,1,ARAUCA,85.0,23.0,5.0,13.0,7981.0,3.0,0.0,161.0,6.0,10.0,1567.0,2387.0,338.0,4137.684516129032,124.04977520363032,False,False,False,False,False,False,False
2025-03-01,2025,3,1,1,ATLANTICO,4713.423,211.0,19.0,94.0,102861.0,1.0,14394.0,2988.0,19.0,15.0,16257.0,30668.0,11160.0,4137.684516129032,124.04977520363032,False,False,False,False,False,False,False
2025-03-01,2025,3,1,1,BOGOTA D.C.,14612.969,177.0,2.0,175.0,941325.0,1.0,592020.0,15069.0,7.0,20.0,83870.0,84130.0,56596.0,4137.684516129032,124.04977520363032,False,False,False,False,False,False,False
2025-03-01,2025,3,1,1,BOLIVAR,11889.379,275.0,35.0,143.0,203537.0,2.0,72956.0,12483.0,28.0,19.0,40016.0,89505.0,24310.0,4137.684516129032,124.04977520363032,False,False,False,False,False,False,False
2025-03-01,2025,3,1,1,BOYACA,646.0,187.0,55.0,41.0,254.0,1.0,0.0,4406.0,111.0,15.0,21654.0,47143.0,7108.0,4137.684516129032,124.04977520363032,False,False,False,False,False,False,False
2025-03-01,2025,3,1,1,CALDAS,865.0,129.0,23.0,43.0,3149.0,1.0,0.0,2542.0,27.0,14.0,11920.0,25048.0,5469.0,4137.684516129032,124.04977520363032,False,False,False,False,False,False,False
2025-03-01,2025,3,1,1,CAQUETA,126.0,39.0,7.0,21.0,5004.0,3.0,0.0,414.0,13.0,11.0,2715.0,4062.0,705.0,4137.684516129032,124.04977520363032,False,False,False,False,False,False,False
2025-03-01,2025,3,1,1,CASANARE,149.0,50.0,9.0,30.0,11783.0,2.0,0.0,901.0,17.0,14.0,8376.0,13322.0,1510.0,4137.684516129032,124.04977520363032,False,False,False,False,False,False,False
2025-03-01,2025,3,1,1,CAUCA,404.0,87.0,20.0,37.0,9841.0,3.0,0.0,774.0,32.0,12.0,5212.0,8055.0,1449.0,4137.684516129032,124.04977520363032,False,False,False,False,False,False,False
2025-03-01,2025,3,1,1,CESAR,342.0,68.0,14.0,31.0,15444.0,2.0,0.0,949.0,24.0,16.0,8977.0,14984.0,2184.0,4137.684516129032,124.04977520363032,False,False,False,False,False,False,False
2025-03-01,2025,3,1,1,CHOCO,304.0,59.0,9.0,34.0,16917.0,5.0,0.0,631.0,17.0,7.0,4447.0,8587.0,1011.0,4137.684516129032,124.04977520363032,False,False,False,False,False,False,False
2025-03-01,2025,3,1,1,CORDOBA,786.0,98.0,21.0,45.0,51163.0,2.0,0.0,1052.0,25.0,14.0,8645.0,17262.0,2275.0,4137.684516129032,124.04977520363032,False,False,False,False,False,False,False
2025-03-01,2025,3,1,1,CUNDINAMARCA,2227.0,524.0,74.0,63.0,0.0,0.0,0.0,8787.0,113.0,17.0,39223.0,94738.0,16399.0,4137.684516129032,124.04977520363032,False,False,False,False,False,False,False
2025-03-01,2025,3,1,1,GUAINIA,18.0,10.0,3.0,8.0,3333.0,2.0,0.0,110.0,2.0,7.0,428.0,783.0,122.0,4137.684516129032,124.04977520363032,False,False,False,False,False,False,False
2025-03-01,2025,3,1,1,GUAVIARE,16.0,11.0,2.0,10.0,569.0,1.0,0.0,217.0,3.0,10.0,937.0,1640.0,377.0,4137.684516129032,124.04977520363032,False,False,False,False,False,False,False
2025-03-01,2025,3,1,1,HUILA,441.0,100.0,19.0,40.0,16104.0,2.0,0.0,2225.0,37.0,17.0,11598.0,22809.0,3767.0,4137.684516129032,124.04977520363032,False,False,False,False,False,False,False
2025-03-01,2025,3,1,1,LA GUAJIRA,1184.0,107.0,13.0,48.0,19970.0,1.0,0.0,1067.0,13.0,13.0,8131.0,14131.0,3555.0,4137.684516129032,124.04977520363032,False,False,False,False,False,False,False
2025-03-01,2025,3,1,1,MAGDALENA,5346.472,163.0,20.0,83.0,146947.0,1.0,1501.0,8827.0,19.0,15.0,29086.0,77210.0,15484.0,4137.684516129032,124.04977520363032,False,False,False,False,False,False,False
2025-03-01,2025,3,1,1,META,590.0,102.0,15.0,45.0,6301.0,3.0,0.0,2945.0,29.0,15.0,22395.0,41373.0,4369.0,4137.684516129032,124.04977520363032,False,False,False,False,False,False,False
2025-03-01,2025,3,1,1,NARINO,1241.0,125.0,25.0,53.0,38102.0,3.0,0.0,1629.0,45.0,15.0,12642.0,20381.0,2967.0,4137.684516129032,124.04977520363032,False,False,False,False,False,False,False
2025-03-01,2025,3,1,1,NORTE DE SANTANDER,3922.044,182.0,30.0,63.0,48990.0,2.0,6079.0,1544.0,31.0,13.0,11516.0,19438.0,3870.0,4137.684516129032,124.04977520363032,False,False,False,False,False,False,False
2025-03-01,2025,3,1,1,PUTUMAYO,226.0,70.0,11.0,29.0,6256.0,3.0,0.0,612.0,13.0,11.0,4788.0,6223.0,1052.0,4137.684516129032,124.04977520363032,False,False,False,False,False,False,False
2025-03-01,2025,3,1,1,QUINDIO,2382.0,181.0,12.0,63.0,22713.0,1.0,1870.0,4356.0,12.0,14.0,17713.0,46507.0,7672.0,4137.684516129032,124.04977520363032,False,False,False,False,False,False,False
2025-03-01,2025,3,1,1,RISARALDA,2504.471,172.0,14.0,70.0,84120.0,1.0,5884.0,2994.0,14.0,16.0,12139.0,27444.0,6257.0,4137.684516129032,124.04977520363032,False,False,False,False,False,False,False
2025-03-01,2025,3,1,1,"SAN ANDRES, PROVIDENCIA Y SANTA CATALINA",4014.696,92.0,2.0,64.0,89893.0,2.0,2161.0,1733.0,2.0,14.0,9588.0,22997.0,5232.0,4137.684516129032,124.04977520363032,False,False,False,False,False,False,False
2025-03-01,2025,3,1,1,SANTANDER,3139.0,244.0,38.0,70.0,73010.0,2.0,1812.0,5123.0,83.0,15.0,28495.0,56863.0,6150.0,4137.684516129032,124.04977520363032,False,False,False,False,False,False,False
2025-03-01,2025,3,1,1,SUCRE,205.0,64.0,15.0,21.0,3675.0,1.0,0.0,1362.0,20.0,11.0,10053.0,27350.0,2682.0,4137.684516129032,124.04977520363032,False,False,False,False,False,False,False
2025-03-01,2025,3,1,1,TOLIMA,685.0,96.0,27.0,39.0,9829.0,1.0,0.0,4108.0,46.0,16.0,21432.0,51967.0,6283.0,4137.684516129032,124.04977520363032,False,False,False,False,False,False,False
2025-03-01,2025,3,1,1,VALLE DEL CAUCA,9689.406,509.0,42.0,111.0,190155.0,2.0,30627.0,7974.0,42.0,17.0,36823.0,74409.0,18956.0,4137.684516129032,124.04977520363032,False,False,False,False,False,False,False
2025-03-01,2025,3,1,1,VAUPES,2.0,2.0,1.0,2.0,1640.0,1.0,0.0,48.0,3.0,7.0,269.0,562.0,66.0,4137.684516129032,124.04977520363032,False,False,False,False,False,False,False
2025-03-01,2025,3,1,1,VICHADA,20.0,9.0,2.0,8.0,2613.0,1.0,0.0,86.0,4.0,5.0,702.0,1066.0,114.0,4137.684516129032,124.04977520363032,False,False,False,False,False,False,False
2025-04-01,2025,4,2,1,AMAZONAS,638.0,61.0,5.0,42.0,13344.0,3.0,0.0,518.0,3.0,11.0,2570.0,5944.0,1208.0,4280.258,125.2179650339413,False,False,False,False,False,False,False
2025-04-01,2025,4,2,1,ANTIOQUIA,13055.229,842.0,98.0,143.0,399210.0,5.0,148907.0,22837.0,124.0,18.0,95002.0,204094.0,49839.0,4280.258,125.2179650339413,False,False,False,False,False,False,False
2025-04-01,2025,4,2,1,ARAUCA,95.0,29.0,4.0,19.0,8161.0,3.0,0.0,161.0,6.0,10.0,1567.0,2387.0,338.0,4280.258,125.2179650339413,False,False,False,False,False,False,False
2025-04-01,2025,4,2,1,ATLANTICO,3902.756,207.0,21.0,86.0,94133.0,1.0,9768.0,2988.0,19.0,15.0,16257.0,30668.0,11160.0,4280.258,125.2179650339413,False,False,False,False,False,False,False
2025-04-01,2025,4,2,1,BOGOTA D.C.,12898.67,172.0,1.0,172.0,883051.0,1.0,626786.0,15069.0,7.0,20.0,83870.0,84130.0,56596.0,4280.258,125.2179650339413,False,False,False,False,False,False,False
2025-04-01,2025,4,2,1,BOLIVAR,8128.3820000000005,235.0,28.0,129.0,200221.0,2.0,52868.0,12483.0,28.0,19.0,40016.0,89505.0,24310.0,4280.258,125.2179650339413,False,False,False,False,False,False,False
2025-04-01,2025,4,2,1,BOYACA,634.0,160.0,44.0,37.0,294.0,1.0,0.0,4406.0,111.0,15.0,21654.0,47143.0,7108.0,4280.258,125.2179650339413,False,False,False,False,False,False,False
2025-04-01,2025,4,2,1,CALDAS,984.0,138.0,23.0,43.0,2784.0,1.0,0.0,2542.0,27.0,14.0,11920.0,25048.0,5469.0,4280.258,125.2179650339413,False,False,False,False,False,False,False
2025-04-01,2025,4,2,1,CAQUETA,120.0,29.0,5.0,20.0,4434.0,3.0,0.0,414.0,13.0,11.0,2715.0,4062.0,705.0,4280.258,125.2179650339413,False,False,False,False,False,False,False
2025-04-01,2025,4,2,1,CASANARE,146.0,47.0,8.0,26.0,11095.0,2.0,0.0,901.0,17.0,14.0,8376.0,13322.0,1510.0,4280.258,125.2179650339413,False,False,False,False,False,False,False
2025-04-01,2025,4,2,1,CAUCA,518.0,96.0,22.0,37.0,11320.0,3.0,0.0,774.0,32.0,12.0,5212.0,8055.0,1449.0,4280.258,125.2179650339413,False,False,False,False,False,False,False
2025-04-01,2025,4,2,1,CESAR,793.0,67.0,17.0,35.0,14950.0,2.0,0.0,949.0,24.0,16.0,8977.0,14984.0,2184.0,4280.258,125.2179650339413,False,False,False,False,False,False,False
2025-04-01,2025,4,2,1,CHOCO,280.0,56.0,9.0,41.0,17249.0,5.0,0.0,631.0,17.0,7.0,4447.0,8587.0,1011.0,4280.258,125.2179650339413,False,False,False,False,False,False,False
2025-04-01,2025,4,2,1,CORDOBA,328.0,77.0,15.0,34.0,52058.0,2.0,0.0,1052.0,25.0,14.0,8645.0,17262.0,2275.0,4280.258,125.2179650339413,False,False,False,False,False,False,False
2025-04-01,2025,4,2,1,CUNDINAMARCA,2650.0,597.0,81.0,66.0,0.0,0.0,0.0,8787.0,113.0,17.0,39223.0,94738.0,16399.0,4280.258,125.2179650339413,False,False,False,False,False,False,False
2025-04-01,2025,4,2,1,GUAINIA,12.0,7.0,3.0,6.0,3177.0,2.0,0.0,110.0,2.0,7.0,428.0,783.0,122.0,4280.258,125.2179650339413,False,False,False,False,False,False,False
2025-04-01,2025,4,2,1,GUAVIARE,5.0,4.0,1.0,4.0,653.0,1.0,0.0,217.0,3.0,10.0,937.0,1640.0,377.0,4280.258,125.2179650339413,False,False,False,False,False,False,False
2025-04-01,2025,4,2,1,HUILA,416.0,95.0,21.0,34.0,13446.0,2.0,0.0,2225.0,37.0,17.0,11598.0,22809.0,3767.0,4280.258,125.2179650339413,False,False,False,False,False,False,False
2025-04-01,2025,4,2,1,LA GUAJIRA,1076.0,104.0,13.0,39.0,20536.0,1.0,0.0,1067.0,13.0,13.0,8131.0,14131.0,3555.0,4280.258,125.2179650339413,False,False,False,False,False,False,False
2025-04-01,2025,4,2,1,MAGDALENA,4382.336,148.0,17.0,87.0,131084.0,1.0,1471.0,8827.0,19.0,15.0,29086.0,77210.0,15484.0,4280.258,125.2179650339413,False,False,False,False,False,False,False
2025-04-01,2025,4,2,1,META,535.0,92.0,19.0,38.0,6940.0,2.0,0.0,2945.0,29.0,15.0,22395.0,41373.0,4369.0,4280.258,125.2179650339413,False,False,False,False,False,False,False
2025-04-01,2025,4,2,1,NARINO,1027.0,110.0,21.0,41.0,36482.0,3.0,0.0,1629.0,45.0,15.0,12642.0,20381.0,2967.0,4280.258,125.2179650339413,False,False,False,False,False,False,False
2025-04-01,2025,4,2,1,NORTE DE SANTANDER,3927.573,182.0,24.0,60.0,47214.0,2.0,6305.0,1544.0,31.0,13.0,11516.0,19438.0,3870.0,4280.258,125.2179650339413,False,False,False,False,False,False,False
2025-04-01,2025,4,2,1,PUTUMAYO,158.0,57.0,11.0,25.0,6328.0,3.0,0.0,612.0,13.0,11.0,4788.0,6223.0,1052.0,4280.258,125.2179650339413,False,False,False,False,False,False,False
2025-04-01,2025,4,2,1,QUINDIO,2370.0,176.0,10.0,60.0,20873.0,1.0,1844.0,4356.0,12.0,14.0,17713.0,46507.0,7672.0,4280.258,125.2179650339413,False,False,False,False,False,False,False
2025-04-01,2025,4,2,1,RISARALDA,2779.102,166.0,14.0,65.0,74466.0,1.0,6390.0,2994.0,14.0,16.0,12139.0,27444.0,6257.0,4280.258,125.2179650339413,False,False,False,False,False,False,False
2025-04-01,2025,4,2,1,"SAN ANDRES, PROVIDENCIA Y SANTA CATALINA",3202.526,89.0,2.0,61.0,88344.0,2.0,2209.0,1733.0,2.0,14.0,9588.0,22997.0,5232.0,4280.258,125.2179650339413,False,False,False,False,False,False,False
2025-04-01,2025,4,2,1,SANTANDER,2682.0,275.0,42.0,69.0,73408.0,2.0,2045.0,5123.0,83.0,15.0,28495.0,56863.0,6150.0,4280.258,125.2179650339413,False,False,False,False,False,False,False
2025-04-01,2025,4,2,1,SUCRE,209.0,65.0,14.0,26.0,5577.0,2.0,0.0,1362.0,20.0,11.0,10053.0,27350.0,2682.0,4280.258,125.2179650339413,False,False,False,False,False,False,False
2025-04-01,2025,4,2,1,TOLIMA,654.0,118.0,25.0,45.0,8662.0,1.0,0.0,4108.0,46.0,16.0,21432.0,51967.0,6283.0,4280.258,125.2179650339413,False,False,False,False,False,False,False
2025-04-01,2025,4,2,1,VALLE DEL CAUCA,10157.752,508.0,41.0,109.0,189722.0,2.0,28909.0,7974.0,42.0,17.0,36823.0,74409.0,18956.0,4280.258,125.2179650339413,False,False,False,False,False,False,False
2025-04-01,2025,4,2,1,VAUPES,0.0,0.0,0.0,0.0,1553.0,1.0,0.0,48.0,3.0,7.0,269.0,562.0,66.0,4280.258,125.2179650339413,False,False,False,False,False,False,False
2025-04-01,2025,4,2,1,VICHADA,18.0,8.0,1.0,8.0,2839.0,1.0,0.0,86.0,4.0,5.0,702.0,1066.0,114.0,4280.258,125.2179650339413,False,False,False,False,False,False,False
2025-05-01,2025,5,2,1,AMAZONAS,656.0,71.0,6.0,52.0,12078.0,3.0,0.0,518.0,3.0,11.0,2570.0,5944.0,1208.0,4203.377096774194,125.64804245995384,False,False,False,False,False,False,False
2025-05-01,2025,5,2,1,ANTIOQUIA,15429.355,819.0,89.0,144.0,398548.0,5.0,151758.0,22837.0,124.0,18.0,95002.0,204094.0,49839.0,4203.377096774194,125.64804245995384,False,False,False,False,False,False,False
2025-05-01,2025,5,2,1,ARAUCA,63.0,22.0,5.0,14.0,9440.0,3.0,0.0,161.0,6.0,10.0,1567.0,2387.0,338.0,4203.377096774194,125.64804245995384,False,False,False,False,False,False,False
2025-05-01,2025,5,2,1,ATLANTICO,3674.134,179.0,19.0,89.0,92723.0,1.0,10744.0,2988.0,19.0,15.0,16257.0,30668.0,11160.0,4203.377096774194,125.64804245995384,False,False,False,False,False,False,False
2025-05-01,2025,5,2,1,BOGOTA D.C.,12805.82,160.0,2.0,159.0,889927.0,1.0,641591.0,15069.0,7.0,20.0,83870.0,84130.0,56596.0,4203.377096774194,125.64804245995384,False,False,False,False,False,False,False
2025-05-01,2025,5,2,1,BOLIVAR,9072.283,225.0,29.0,131.0,196697.0,2.0,44583.0,12483.0,28.0,19.0,40016.0,89505.0,24310.0,4203.377096774194,125.64804245995384,False,False,False,False,False,False,False
2025-05-01,2025,5,2,1,BOYACA,708.0,154.0,46.0,38.0,266.0,1.0,0.0,4406.0,111.0,15.0,21654.0,47143.0,7108.0,4203.377096774194,125.64804245995384,False,False,False,False,False,False,False
2025-05-01,2025,5,2,1,CALDAS,975.0,129.0,23.0,48.0,2698.0,1.0,0.0,2542.0,27.0,14.0,11920.0,25048.0,5469.0,4203.377096774194,125.64804245995384,False,False,False,False,False,False,False
2025-05-01,2025,5,2,1,CAQUETA,57.0,28.0,7.0,16.0,4638.0,3.0,0.0,414.0,13.0,11.0,2715.0,4062.0,705.0,4203.377096774194,125.64804245995384,False,False,False,False,False,False,False
2025-05-01,2025,5,2,1,CASANARE,100.0,35.0,7.0,22.0,10922.0,2.0,0.0,901.0,17.0,14.0,8376.0,13322.0,1510.0,4203.377096774194,125.64804245995384,False,False,False,False,False,False,False
2025-05-01,2025,5,2,1,CAUCA,375.0,81.0,23.0,36.0,11378.0,3.0,0.0,774.0,32.0,12.0,5212.0,8055.0,1449.0,4203.377096774194,125.64804245995384,False,False,False,False,False,False,False
2025-05-01,2025,5,2,1,CESAR,707.0,64.0,18.0,28.0,16225.0,2.0,0.0,949.0,24.0,16.0,8977.0,14984.0,2184.0,4203.377096774194,125.64804245995384,False,False,False,False,False,False,False
2025-05-01,2025,5,2,1,CHOCO,293.0,57.0,11.0,35.0,18027.0,5.0,0.0,631.0,17.0,7.0,4447.0,8587.0,1011.0,4203.377096774194,125.64804245995384,False,False,False,False,False,False,False
2025-05-01,2025,5,2,1,CORDOBA,649.0,75.0,19.0,35.0,48163.0,3.0,0.0,1052.0,25.0,14.0,8645.0,17262.0,2275.0,4203.377096774194,125.64804245995384,False,False,False,False,False,False,False
2025-05-01,2025,5,2,1,CUNDINAMARCA,2814.0,553.0,76.0,66.0,0.0,0.0,0.0,8787.0,113.0,17.0,39223.0,94738.0,16399.0,4203.377096774194,125.64804245995384,False,False,False,False,False,False,False
2025-05-01,2025,5,2,1,GUAINIA,9.0,5.0,1.0,5.0,3352.0,2.0,0.0,110.0,2.0,7.0,428.0,783.0,122.0,4203.377096774194,125.64804245995384,False,False,False,False,False,False,False
2025-05-01,2025,5,2,1,GUAVIARE,10.0,7.0,2.0,7.0,624.0,1.0,0.0,217.0,3.0,10.0,937.0,1640.0,377.0,4203.377096774194,125.64804245995384,False,False,False,False,False,False,False
2025-05-01,2025,5,2,1,HUILA,400.0,84.0,20.0,38.0,13415.0,2.0,0.0,2225.0,37.0,17.0,11598.0,22809.0,3767.0,4203.377096774194,125.64804245995384,False,False,False,False,False,False,False
2025-05-01,2025,5,2,1,LA GUAJIRA,1070.0,95.0,11.0,38.0,19765.0,1.0,0.0,1067.0,13.0,13.0,8131.0,14131.0,3555.0,4203.377096774194,125.64804245995384,False,False,False,False,False,False,False
2025-05-01,2025,5,2,1,MAGDALENA,4315.073,146.0,16.0,88.0,132974.0,1.0,1204.0,8827.0,19.0,15.0,29086.0,77210.0,15484.0,4203.377096774194,125.64804245995384,False,False,False,False,False,False,False
2025-05-01,2025,5,2,1,META,585.0,83.0,14.0,35.0,6572.0,2.0,0.0,2945.0,29.0,15.0,22395.0,41373.0,4369.0,4203.377096774194,125.64804245995384,False,False,False,False,False,False,False
2025-05-01,2025,5,2,1,NARINO,1030.0,113.0,24.0,42.0,34578.0,3.0,0.0,1629.0,45.0,15.0,12642.0,20381.0,2967.0,4203.377096774194,125.64804245995384,False,False,False,False,False,False,False
2025-05-01,2025,5,2,1,NORTE DE SANTANDER,5034.646,175.0,23.0,67.0,51781.0,2.0,5905.0,1544.0,31.0,13.0,11516.0,19438.0,3870.0,4203.377096774194,125.64804245995384,False,False,False,False,False,False,False
2025-05-01,2025,5,2,1,PUTUMAYO,113.0,46.0,12.0,22.0,6295.0,3.0,0.0,612.0,13.0,11.0,4788.0,6223.0,1052.0,4203.377096774194,125.64804245995384,False,False,False,False,False,False,False
2025-05-01,2025,5,2,1,QUINDIO,2213.0,183.0,11.0,54.0,20155.0,2.0,1902.0,4356.0,12.0,14.0,17713.0,46507.0,7672.0,4203.377096774194,125.64804245995384,False,False,False,False,False,False,False
2025-05-01,2025,5,2,1,RISARALDA,2260.2780000000002,140.0,13.0,61.0,73227.0,1.0,6665.0,2994.0,14.0,16.0,12139.0,27444.0,6257.0,4203.377096774194,125.64804245995384,False,False,False,False,False,False,False
2025-05-01,2025,5,2,1,"SAN ANDRES, PROVIDENCIA Y SANTA CATALINA",2945.645,82.0,2.0,54.0,82398.0,2.0,2126.0,1733.0,2.0,14.0,9588.0,22997.0,5232.0,4203.377096774194,125.64804245995384,False,False,False,False,False,False,False
2025-05-01,2025,5,2,1,SANTANDER,2682.0,230.0,30.0,70.0,74185.0,2.0,2073.0,5123.0,83.0,15.0,28495.0,56863.0,6150.0,4203.377096774194,125.64804245995384,False,False,False,False,False,False,False
2025-05-01,2025,5,2,1,SUCRE,192.0,65.0,13.0,34.0,4044.0,2.0,0.0,1362.0,20.0,11.0,10053.0,27350.0,2682.0,4203.377096774194,125.64804245995384,False,False,False,False,False,False,False
2025-05-01,2025,5,2,1,TOLIMA,768.0,111.0,21.0,48.0,8619.0,1.0,0.0,4108.0,46.0,16.0,21432.0,51967.0,6283.0,4203.377096774194,125.64804245995384,False,False,False,False,False,False,False
2025-05-01,2025,5,2,1,VALLE DEL CAUCA,10086.04,511.0,39.0,115.0,193755.0,2.0,27970.0,7974.0,42.0,17.0,36823.0,74409.0,18956.0,4203.377096774194,125.64804245995384,False,False,False,False,False,False,False
2025-05-01,2025,5,2,1,VAUPES,0.0,0.0,0.0,0.0,1554.0,2.0,0.0,48.0,3.0,7.0,269.0,562.0,66.0,4203.377096774194,125.64804245995384,False,False,False,False,False,False,False
2025-05-01,2025,5,2,1,VICHADA,10.0,6.0,2.0,5.0,2738.0,1.0,0.0,86.0,4.0,5.0,702.0,1066.0,114.0,4203.377096774194,125.64804245995384,False,False,False,False,False,False,False
2025-06-01,2025,6,2,1,AMAZONAS,645.0,58.0,4.0,48.0,14041.0,3.0,0.0,518.0,3.0,11.0,2570.0,5944.0,1208.0,4113.485,124.68472251156078,False,False,False,False,False,False,False
2025-06-01,2025,6,2,1,ANTIOQUIA,15162.51,885.0,98.0,143.0,439407.0,5.0,173118.0,22837.0,124.0,18.0,95002.0,204094.0,49839.0,4113.485,124.68472251156078,False,False,False,False,False,False,False
2025-06-01,2025,6,2,1,ARAUCA,80.0,15.0,4.0,10.0,10228.0,3.0,0.0,161.0,6.0,10.0,1567.0,2387.0,338.0,4113.485,124.68472251156078,False,False,False,False,False,False,False
2025-06-01,2025,6,2,1,ATLANTICO,4930.079,172.0,20.0,79.0,102804.0,1.0,16023.0,2988.0,19.0,15.0,16257.0,30668.0,11160.0,4113.485,124.68472251156078,False,False,False,False,False,False,False
2025-06-01,2025,6,2,1,BOGOTA D.C.,12749.195,177.0,1.0,177.0,946760.0,1.0,672542.0,15069.0,7.0,20.0,83870.0,84130.0,56596.0,4113.485,124.68472251156078,False,False,False,False,False,False,False
2025-06-01,2025,6,2,1,BOLIVAR,9633.944,220.0,27.0,127.0,246556.0,2.0,52286.0,12483.0,28.0,19.0,40016.0,89505.0,24310.0,4113.485,124.68472251156078,False,False,False,False,False,False,False
2025-06-01,2025,6,2,1,BOYACA,736.0,204.0,46.0,47.0,303.0,1.0,0.0,4406.0,111.0,15.0,21654.0,47143.0,7108.0,4113.485,124.68472251156078,False,False,False,False,False,False,False
2025-06-01,2025,6,2,1,CALDAS,1198.0,151.0,24.0,49.0,2716.0,1.0,0.0,2542.0,27.0,14.0,11920.0,25048.0,5469.0,4113.485,124.68472251156078,False,False,False,False,False,False,False
2025-06-01,2025,6,2,1,CAQUETA,134.0,44.0,8.0,26.0,4732.0,3.0,0.0,414.0,13.0,11.0,2715.0,4062.0,705.0,4113.485,124.68472251156078,False,False,False,False,False,False,False
2025-06-01,2025,6,2,1,CASANARE,101.0,39.0,10.0,24.0,11499.0,2.0,0.0,901.0,17.0,14.0,8376.0,13322.0,1510.0,4113.485,124.68472251156078,False,False,False,False,False,False,False
2025-06-01,2025,6,2,1,CAUCA,544.0,98.0,24.0,35.0,11607.0,3.0,0.0,774.0,32.0,12.0,5212.0,8055.0,1449.0,4113.485,124.68472251156078,False,False,False,False,False,False,False
2025-06-01,2025,6,2,1,CESAR,472.0,69.0,16.0,38.0,15792.0,2.0,0.0,949.0,24.0,16.0,8977.0,14984.0,2184.0,4113.485,124.68472251156078,False,False,False,False,False,False,False
2025-06-01,2025,6,2,1,CHOCO,278.0,57.0,8.0,35.0,19704.0,5.0,0.0,631.0,17.0,7.0,4447.0,8587.0,1011.0,4113.485,124.68472251156078,False,False,False,False,False,False,False
2025-06-01,2025,6,2,1,CORDOBA,870.0,89.0,19.0,34.0,55541.0,2.0,0.0,1052.0,25.0,14.0,8645.0,17262.0,2275.0,4113.485,124.68472251156078,False,False,False,False,False,False,False
2025-06-01,2025,6,2,1,CUNDINAMARCA,2891.0,578.0,87.0,75.0,0.0,0.0,0.0,8787.0,113.0,17.0,39223.0,94738.0,16399.0,4113.485,124.68472251156078,False,False,False,False,False,False,False
2025-06-01,2025,6,2,1,GUAINIA,6.0,3.0,1.0,3.0,3399.0,2.0,0.0,110.0,2.0,7.0,428.0,783.0,122.0,4113.485,124.68472251156078,False,False,False,False,False,False,False
2025-06-01,2025,6,2,1,GUAVIARE,11.0,6.0,1.0,6.0,668.0,1.0,0.0,217.0,3.0,10.0,937.0,1640.0,377.0,4113.485,124.68472251156078,False,False,False,False,False,False,False
2025-06-01,2025,6,2,1,HUILA,945.0,124.0,24.0,41.0,14202.0,2.0,0.0,2225.0,37.0,17.0,11598.0,22809.0,3767.0,4113.485,124.68472251156078,False,False,False,False,False,False,False
2025-06-01,2025,6,2,1,LA GUAJIRA,1178.0,113.0,14.0,48.0,23266.0,1.0,0.0,1067.0,13.0,13.0,8131.0,14131.0,3555.0,4113.485,124.68472251156078,False,False,False,False,False,False,False
2025-06-01,2025,6,2,1,MAGDALENA,3618.147,146.0,16.0,81.0,157244.0,1.0,1398.0,8827.0,19.0,15.0,29086.0,77210.0,15484.0,4113.485,124.68472251156078,False,False,False,False,False,False,False
2025-06-01,2025,6,2,1,META,674.0,87.0,16.0,38.0,7422.0,2.0,0.0,2945.0,29.0,15.0,22395.0,41373.0,4369.0,4113.485,124.68472251156078,False,False,False,False,False,False,False
2025-06-01,2025,6,2,1,NARINO,1056.0,120.0,24.0,50.0,37953.0,3.0,0.0,1629.0,45.0,15.0,12642.0,20381.0,2967.0,4113.485,124.68472251156078,False,False,False,False,False,False,False
2025-06-01,2025,6,2,1,NORTE DE SANTANDER,3242.25,167.0,27.0,58.0,51885.0,2.0,5213.0,1544.0,31.0,13.0,11516.0,19438.0,3870.0,4113.485,124.68472251156078,False,False,False,False,False,False,False
2025-06-01,2025,6,2,1,PUTUMAYO,127.0,50.0,10.0,22.0,6790.0,3.0,0.0,612.0,13.0,11.0,4788.0,6223.0,1052.0,4113.485,124.68472251156078,False,False,False,False,False,False,False
2025-06-01,2025,6,2,1,QUINDIO,2806.0,167.0,12.0,56.0,20332.0,1.0,2057.0,4356.0,12.0,14.0,17713.0,46507.0,7672.0,4113.485,124.68472251156078,False,False,False,False,False,False,False
2025-06-01,2025,6,2,1,RISARALDA,2915.094,162.0,13.0,72.0,82254.0,1.0,9504.0,2994.0,14.0,16.0,12139.0,27444.0,6257.0,4113.485,124.68472251156078,False,False,False,False,False,False,False
2025-06-01,2025,6,2,1,"SAN ANDRES, PROVIDENCIA Y SANTA CATALINA",4319.86,78.0,2.0,54.0,91133.0,2.0,2074.0,1733.0,2.0,14.0,9588.0,22997.0,5232.0,4113.485,124.68472251156078,False,False,False,False,False,False,False
2025-06-01,2025,6,2,1,SANTANDER,2284.0190000000002,256.0,42.0,73.0,78144.0,2.0,2299.0,5123.0,83.0,15.0,28495.0,56863.0,6150.0,4113.485,124.68472251156078,False,False,False,False,False,False,False
2025-06-01,2025,6,2,1,SUCRE,240.0,57.0,14.0,25.0,4177.0,2.0,0.0,1362.0,20.0,11.0,10053.0,27350.0,2682.0,4113.485,124.68472251156078,False,False,False,False,False,False,False
2025-06-01,2025,6,2,1,TOLIMA,1125.0,130.0,27.0,50.0,9134.0,1.0,0.0,4108.0,46.0,16.0,21432.0,51967.0,6283.0,4113.485,124.68472251156078,False,False,False,False,False,False,False
2025-06-01,2025,6,2,1,VALLE DEL CAUCA,12455.298999999999,544.0,42.0,118.0,207852.0,3.0,37927.0,7974.0,42.0,17.0,36823.0,74409.0,18956.0,4113.485,124.68472251156078,False,False,False,False,False,False,False
2025-06-01,2025,6,2,1,VAUPES,9.0,2.0,2.0,2.0,1711.0,1.0,0.0,48.0,3.0,7.0,269.0,562.0,66.0,4113.485,124.68472251156078,False,False,False,False,False,False,False
2025-06-01,2025,6,2,1,VICHADA,29.0,9.0,2.0,8.0,2912.0,1.0,0.0,86.0,4.0,5.0,702.0,1066.0,114.0,4113.485,124.68472251156078,False,False,False,False,False,False,False
2025-07-01,2025,7,3,2,AMAZONAS,1196.0,74.0,5.0,56.0,16417.0,3.0,0.0,518.0,3.0,11.0,2570.0,5944.0,1208.0,4040.8483870967743,128.52610597866578,False,False,False,False,False,False,False
2025-07-01,2025,7,3,2,ANTIOQUIA,17020.406,909.0,100.0,136.0,444808.0,5.0,198003.0,22837.0,124.0,18.0,95002.0,204094.0,49839.0,4040.8483870967743,128.52610597866578,False,False,False,False,False,False,False
2025-07-01,2025,7,3,2,ARAUCA,78.0,22.0,4.0,12.0,10983.0,3.0,0.0,161.0,6.0,10.0,1567.0,2387.0,338.0,4040.8483870967743,128.52610597866578,False,False,False,False,False,False,False
2025-07-01,2025,7,3,2,ATLANTICO,4840.081,207.0,22.0,90.0,106189.0,1.0,18780.0,2988.0,19.0,15.0,16257.0,30668.0,11160.0,4040.8483870967743,128.52610597866578,False,False,False,False,False,False,False
2025-07-01,2025,7,3,2,BOGOTA D.C.,13926.205,171.0,1.0,171.0,1019944.0,1.0,770024.0,15069.0,7.0,20.0,83870.0,84130.0,56596.0,4040.8483870967743,128.52610597866578,False,False,False,False,False,False,False
2025-07-01,2025,7,3,2,BOLIVAR,7547.281,229.0,27.0,122.0,252595.0,2.0,63941.0,12483.0,28.0,19.0,40016.0,89505.0,24310.0,4040.8483870967743,128.52610597866578,False,False,False,False,False,False,False
2025-07-01,2025,7,3,2,BOYACA,1150.0,226.0,55.0,50.0,374.0,1.0,0.0,4406.0,111.0,15.0,21654.0,47143.0,7108.0,4040.8483870967743,128.52610597866578,False,False,False,False,False,False,False
2025-07-01,2025,7,3,2,CALDAS,1388.0,144.0,23.0,45.0,2872.0,1.0,0.0,2542.0,27.0,14.0,11920.0,25048.0,5469.0,4040.8483870967743,128.52610597866578,False,False,False,False,False,False,False
2025-07-01,2025,7,3,2,CAQUETA,134.0,44.0,11.0,25.0,5225.0,3.0,0.0,414.0,13.0,11.0,2715.0,4062.0,705.0,4040.8483870967743,128.52610597866578,False,False,False,False,False,False,False
2025-07-01,2025,7,3,2,CASANARE,171.0,49.0,9.0,27.0,12946.0,2.0,0.0,901.0,17.0,14.0,8376.0,13322.0,1510.0,4040.8483870967743,128.52610597866578,False,False,False,False,False,False,False
2025-07-01,2025,7,3,2,CAUCA,571.0,96.0,21.0,38.0,12728.0,3.0,0.0,774.0,32.0,12.0,5212.0,8055.0,1449.0,4040.8483870967743,128.52610597866578,False,False,False,False,False,False,False
2025-07-01,2025,7,3,2,CESAR,456.0,68.0,18.0,38.0,16421.0,2.0,0.0,949.0,24.0,16.0,8977.0,14984.0,2184.0,4040.8483870967743,128.52610597866578,False,False,False,False,False,False,False
2025-07-01,2025,7,3,2,CHOCO,185.0,53.0,8.0,28.0,21548.0,5.0,0.0,631.0,17.0,7.0,4447.0,8587.0,1011.0,4040.8483870967743,128.52610597866578,False,False,False,False,False,False,False
2025-07-01,2025,7,3,2,CORDOBA,479.0,97.0,22.0,36.0,54400.0,2.0,0.0,1052.0,25.0,14.0,8645.0,17262.0,2275.0,4040.8483870967743,128.52610597866578,False,False,False,False,False,False,False
2025-07-01,2025,7,3,2,CUNDINAMARCA,3455.0,634.0,85.0,77.0,0.0,0.0,0.0,8787.0,113.0,17.0,39223.0,94738.0,16399.0,4040.8483870967743,128.52610597866578,False,False,False,False,False,False,False
2025-07-01,2025,7,3,2,GUAINIA,7.0,4.0,1.0,4.0,3492.0,2.0,0.0,110.0,2.0,7.0,428.0,783.0,122.0,4040.8483870967743,128.52610597866578,False,False,False,False,False,False,False
2025-07-01,2025,7,3,2,GUAVIARE,9.0,5.0,1.0,5.0,758.0,2.0,0.0,217.0,3.0,10.0,937.0,1640.0,377.0,4040.8483870967743,128.52610597866578,False,False,False,False,False,False,False
2025-07-01,2025,7,3,2,HUILA,578.0,99.0,19.0,35.0,15083.0,2.0,0.0,2225.0,37.0,17.0,11598.0,22809.0,3767.0,4040.8483870967743,128.52610597866578,False,False,False,False,False,False,False
2025-07-01,2025,7,3,2,LA GUAJIRA,1163.0,98.0,11.0,41.0,24184.0,1.0,0.0,1067.0,13.0,13.0,8131.0,14131.0,3555.0,4040.8483870967743,128.52610597866578,False,False,False,False,False,False,False
2025-07-01,2025,7,3,2,MAGDALENA,5007.399,173.0,17.0,85.0,162442.0,1.0,1834.0,8827.0,19.0,15.0,29086.0,77210.0,15484.0,4040.8483870967743,128.52610597866578,False,False,False,False,False,False,False
2025-07-01,2025,7,3,2,META,927.0,121.0,20.0,49.0,8972.0,2.0,0.0,2945.0,29.0,15.0,22395.0,41373.0,4369.0,4040.8483870967743,128.52610597866578,False,False,False,False,False,False,False
2025-07-01,2025,7,3,2,NARINO,1581.0,130.0,19.0,57.0,41572.0,3.0,0.0,1629.0,45.0,15.0,12642.0,20381.0,2967.0,4040.8483870967743,128.52610597866578,False,False,False,False,False,False,False
2025-07-01,2025,7,3,2,NORTE DE SANTANDER,4626.791,192.0,28.0,61.0,53116.0,2.0,3956.0,1544.0,31.0,13.0,11516.0,19438.0,3870.0,4040.8483870967743,128.52610597866578,False,False,False,False,False,False,False
2025-07-01,2025,7,3,2,PUTUMAYO,157.0,46.0,10.0,19.0,7121.0,3.0,0.0,612.0,13.0,11.0,4788.0,6223.0,1052.0,4040.8483870967743,128.52610597866578,False,False,False,False,False,False,False
2025-07-01,2025,7,3,2,QUINDIO,2694.029,196.0,12.0,57.0,23442.0,1.0,2906.0,4356.0,12.0,14.0,17713.0,46507.0,7672.0,4040.8483870967743,128.52610597866578,False,False,False,False,False,False,False
2025-07-01,2025,7,3,2,RISARALDA,3736.376,199.0,14.0,78.0,90751.0,1.0,11514.0,2994.0,14.0,16.0,12139.0,27444.0,6257.0,4040.8483870967743,128.52610597866578,False,False,False,False,False,False,False
2025-07-01,2025,7,3,2,"SAN ANDRES, PROVIDENCIA Y SANTA CATALINA",2394.25,89.0,3.0,58.0,102834.0,2.0,2513.0,1733.0,2.0,14.0,9588.0,22997.0,5232.0,4040.8483870967743,128.52610597866578,False,False,False,False,False,False,False
2025-07-01,2025,7,3,2,SANTANDER,3517.0,276.0,44.0,71.0,83141.0,2.0,2708.0,5123.0,83.0,15.0,28495.0,56863.0,6150.0,4040.8483870967743,128.52610597866578,False,False,False,False,False,False,False
2025-07-01,2025,7,3,2,SUCRE,297.0,67.0,13.0,30.0,4397.0,2.0,0.0,1362.0,20.0,11.0,10053.0,27350.0,2682.0,4040.8483870967743,128.52610597866578,False,False,False,False,False,False,False
2025-07-01,2025,7,3,2,TOLIMA,1045.0,133.0,27.0,46.0,10224.0,1.0,0.0,4108.0,46.0,16.0,21432.0,51967.0,6283.0,4040.8483870967743,128.52610597866578,False,False,False,False,False,False,False
2025-07-01,2025,7,3,2,VALLE DEL CAUCA,12290.725,604.0,42.0,114.0,236255.0,3.0,48782.0,7974.0,42.0,17.0,36823.0,74409.0,18956.0,4040.8483870967743,128.52610597866578,False,False,False,False,False,False,False
2025-07-01,2025,7,3,2,VAUPES,11.0,2.0,1.0,2.0,1779.0,1.0,0.0,48.0,3.0,7.0,269.0,562.0,66.0,4040.8483870967743,128.52610597866578,False,False,False,False,False,False,False
2025-07-01,2025,7,3,2,VICHADA,19.0,7.0,2.0,7.0,2820.0,1.0,0.0,86.0,4.0,5.0,702.0,1066.0,114.0,4040.8483870967743,128.52610597866578,False,False,False,False,False,False,False
2025-08-01,2025,8,3,2,AMAZONAS,902.0,67.0,6.0,43.0,16505.0,3.0,0.0,518.0,3.0,11.0,2570.0,5944.0,1208.0,4047.4116129032254,125.52253069029351,False,False,False,False,False,False,False
2025-08-01,2025,8,3,2,ANTIOQUIA,13670.262999999999,841.0,97.0,139.0,458355.0,5.0,180381.0,22837.0,124.0,18.0,95002.0,204094.0,49839.0,4047.4116129032254,125.52253069029351,False,False,False,False,False,False,False
2025-08-01,2025,8,3,2,ARAUCA,85.0,26.0,5.0,18.0,9161.0,3.0,0.0,161.0,6.0,10.0,1567.0,2387.0,338.0,4047.4116129032254,125.52253069029351,False,False,False,False,False,False,False
2025-08-01,2025,8,3,2,ATLANTICO,5148.363,196.0,19.0,95.0,101579.0,1.0,15986.0,2988.0,19.0,15.0,16257.0,30668.0,11160.0,4047.4116129032254,125.52253069029351,False,False,False,False,False,False,False
2025-08-01,2025,8,3,2,BOGOTA D.C.,13697.02,177.0,2.0,176.0,1002465.0,1.0,701608.0,15069.0,7.0,20.0,83870.0,84130.0,56596.0,4047.4116129032254,125.52253069029351,False,False,False,False,False,False,False
2025-08-01,2025,8,3,2,BOLIVAR,8433.849,239.0,33.0,130.0,252267.0,2.0,52362.0,12483.0,28.0,19.0,40016.0,89505.0,24310.0,4047.4116129032254,125.52253069029351,False,False,False,False,False,False,False
2025-08-01,2025,8,3,2,BOYACA,875.0,202.0,49.0,41.0,466.0,1.0,0.0,4406.0,111.0,15.0,21654.0,47143.0,7108.0,4047.4116129032254,125.52253069029351,False,False,False,False,False,False,False
2025-08-01,2025,8,3,2,CALDAS,1308.0,137.0,23.0,44.0,3014.0,1.0,0.0,2542.0,27.0,14.0,11920.0,25048.0,5469.0,4047.4116129032254,125.52253069029351,False,False,False,False,False,False,False
2025-08-01,2025,8,3,2,CAQUETA,97.0,41.0,9.0,27.0,4632.0,3.0,0.0,414.0,13.0,11.0,2715.0,4062.0,705.0,4047.4116129032254,125.52253069029351,False,False,False,False,False,False,False
2025-08-01,2025,8,3,2,CASANARE,157.0,49.0,7.0,28.0,12108.0,2.0,0.0,901.0,17.0,14.0,8376.0,13322.0,1510.0,4047.4116129032254,125.52253069029351,False,False,False,False,False,False,False
2025-08-01,2025,8,3,2,CAUCA,642.0,96.0,21.0,39.0,12159.0,3.0,0.0,774.0,32.0,12.0,5212.0,8055.0,1449.0,4047.4116129032254,125.52253069029351,False,False,False,False,False,False,False
2025-08-01,2025,8,3,2,CESAR,520.0,73.0,16.0,34.0,14715.0,2.0,0.0,949.0,24.0,16.0,8977.0,14984.0,2184.0,4047.4116129032254,125.52253069029351,False,False,False,False,False,False,False
2025-08-01,2025,8,3,2,CHOCO,327.0,63.0,14.0,35.0,25687.0,5.0,0.0,631.0,17.0,7.0,4447.0,8587.0,1011.0,4047.4116129032254,125.52253069029351,False,False,False,False,False,False,False
2025-08-01,2025,8,3,2,CORDOBA,448.0,81.0,16.0,39.0,52557.0,2.0,0.0,1052.0,25.0,14.0,8645.0,17262.0,2275.0,4047.4116129032254,125.52253069029351,False,False,False,False,False,False,False
2025-08-01,2025,8,3,2,CUNDINAMARCA,3298.0,644.0,78.0,67.0,0.0,0.0,0.0,8787.0,113.0,17.0,39223.0,94738.0,16399.0,4047.4116129032254,125.52253069029351,False,False,False,False,False,False,False
2025-08-01,2025,8,3,2,GUAINIA,19.0,10.0,3.0,9.0,3307.0,2.0,0.0,110.0,2.0,7.0,428.0,783.0,122.0,4047.4116129032254,125.52253069029351,False,False,False,False,False,False,False
2025-08-01,2025,8,3,2,GUAVIARE,14.0,8.0,3.0,7.0,849.0,2.0,0.0,217.0,3.0,10.0,937.0,1640.0,377.0,4047.4116129032254,125.52253069029351,False,False,False,False,False,False,False
2025-08-01,2025,8,3,2,HUILA,519.0,108.0,25.0,39.0,14745.0,3.0,0.0,2225.0,37.0,17.0,11598.0,22809.0,3767.0,4047.4116129032254,125.52253069029351,False,False,False,False,False,False,False
2025-08-01,2025,8,3,2,LA GUAJIRA,1195.0,121.0,13.0,62.0,23220.0,1.0,0.0,1067.0,13.0,13.0,8131.0,14131.0,3555.0,4047.4116129032254,125.52253069029351,False,False,False,False,False,False,False
2025-08-01,2025,8,3,2,MAGDALENA,4618.259,148.0,15.0,80.0,159891.0,1.0,1411.0,8827.0,19.0,15.0,29086.0,77210.0,15484.0,4047.4116129032254,125.52253069029351,False,False,False,False,False,False,False
2025-08-01,2025,8,3,2,META,836.0,105.0,21.0,44.0,8950.0,2.0,0.0,2945.0,29.0,15.0,22395.0,41373.0,4369.0,4047.4116129032254,125.52253069029351,False,False,False,False,False,False,False
2025-08-01,2025,8,3,2,NARINO,1860.0,118.0,24.0,49.0,37655.0,3.0,0.0,1629.0,45.0,15.0,12642.0,20381.0,2967.0,4047.4116129032254,125.52253069029351,False,False,False,False,False,False,False
2025-08-01,2025,8,3,2,NORTE DE SANTANDER,4179.982,179.0,28.0,53.0,51819.0,2.0,4223.0,1544.0,31.0,13.0,11516.0,19438.0,3870.0,4047.4116129032254,125.52253069029351,False,False,False,False,False,False,False
2025-08-01,2025,8,3,2,PUTUMAYO,185.0,55.0,11.0,24.0,6731.0,3.0,0.0,612.0,13.0,11.0,4788.0,6223.0,1052.0,4047.4116129032254,125.52253069029351,False,False,False,False,False,False,False
2025-08-01,2025,8,3,2,QUINDIO,3715.0,197.0,12.0,58.0,23911.0,1.0,2969.0,4356.0,12.0,14.0,17713.0,46507.0,7672.0,4047.4116129032254,125.52253069029351,False,False,False,False,False,False,False
2025-08-01,2025,8,3,2,RISARALDA,4284.996,178.0,14.0,69.0,92161.0,1.0,9867.0,2994.0,14.0,16.0,12139.0,27444.0,6257.0,4047.4116129032254,125.52253069029351,False,False,False,False,False,False,False
2025-08-01,2025,8,3,2,"SAN ANDRES, PROVIDENCIA Y SANTA CATALINA",3820.677,83.0,2.0,59.0,100577.0,2.0,2105.0,1733.0,2.0,14.0,9588.0,22997.0,5232.0,4047.4116129032254,125.52253069029351,False,False,False,False,False,False,False
2025-08-01,2025,8,3,2,SANTANDER,3067.0,249.0,44.0,66.0,79500.0,2.0,2428.0,5123.0,83.0,15.0,28495.0,56863.0,6150.0,4047.4116129032254,125.52253069029351,False,False,False,False,False,False,False
2025-08-01,2025,8,3,2,SUCRE,167.0,58.0,14.0,27.0,3950.0,2.0,0.0,1362.0,20.0,11.0,10053.0,27350.0,2682.0,4047.4116129032254,125.52253069029351,False,False,False,False,False,False,False
2025-08-01,2025,8,3,2,TOLIMA,840.0,127.0,28.0,52.0,9404.0,1.0,0.0,4108.0,46.0,16.0,21432.0,51967.0,6283.0,4047.4116129032254,125.52253069029351,False,False,False,False,False,False,False
2025-08-01,2025,8,3,2,VALLE DEL CAUCA,11516.439,579.0,42.0,121.0,230728.0,3.0,42994.0,7974.0,42.0,17.0,36823.0,74409.0,18956.0,4047.4116129032254,125.52253069029351,False,False,False,False,False,False,False
2025-08-01,2025,8,3,2,VAUPES,3.0,2.0,1.0,2.0,1665.0,1.0,0.0,48.0,3.0,7.0,269.0,562.0,66.0,4047.4116129032254,125.52253069029351,False,False,False,False,False,False,False
2025-08-01,2025,8,3,2,VICHADA,24.0,8.0,2.0,8.0,2796.0,1.0,0.0,86.0,4.0,5.0,702.0,1066.0,114.0,4047.4116129032254,125.52253069029351,False,False,False,False,False,False,False
2025-09-01,2025,9,3,2,AMAZONAS,523.0,56.0,5.0,41.0,12540.0,3.0,0.0,518.0,3.0,11.0,2570.0,5944.0,1208.0,3922.212,126.81950939308354,False,False,False,False,False,False,False
2025-09-01,2025,9,3,2,ANTIOQUIA,12567.304,825.0,95.0,146.0,429101.0,5.0,140223.0,22837.0,124.0,18.0,95002.0,204094.0,49839.0,3922.212,126.81950939308354,False,False,False,False,False,False,False
2025-09-01,2025,9,3,2,ARAUCA,86.0,19.0,6.0,12.0,9781.0,3.0,0.0,161.0,6.0,10.0,1567.0,2387.0,338.0,3922.212,126.81950939308354,False,False,False,False,False,False,False
2025-09-01,2025,9,3,2,ATLANTICO,3984.5879999999997,198.0,19.0,93.0,103117.0,1.0,14473.0,2988.0,19.0,15.0,16257.0,30668.0,11160.0,3922.212,126.81950939308354,False,False,False,False,False,False,False
2025-09-01,2025,9,3,2,BOGOTA D.C.,12840.289,169.0,1.0,169.0,960881.0,1.0,639948.0,15069.0,7.0,20.0,83870.0,84130.0,56596.0,3922.212,126.81950939308354,False,False,False,False,False,False,False
2025-09-01,2025,9,3,2,BOLIVAR,8240.879,215.0,23.0,136.0,230774.0,2.0,41345.0,12483.0,28.0,19.0,40016.0,89505.0,24310.0,3922.212,126.81950939308354,False,False,False,False,False,False,False
2025-09-01,2025,9,3,2,BOYACA,797.0,185.0,43.0,41.0,324.0,1.0,0.0,4406.0,111.0,15.0,21654.0,47143.0,7108.0,3922.212,126.81950939308354,False,False,False,False,False,False,False
2025-09-01,2025,9,3,2,CALDAS,1093.0,133.0,22.0,47.0,2788.0,1.0,0.0,2542.0,27.0,14.0,11920.0,25048.0,5469.0,3922.212,126.81950939308354,False,False,False,False,False,False,False
2025-09-01,2025,9,3,2,CAQUETA,94.0,41.0,8.0,25.0,5249.0,3.0,0.0,414.0,13.0,11.0,2715.0,4062.0,705.0,3922.212,126.81950939308354,False,False,False,False,False,False,False
2025-09-01,2025,9,3,2,CASANARE,103.0,40.0,8.0,27.0,12358.0,2.0,0.0,901.0,17.0,14.0,8376.0,13322.0,1510.0,3922.212,126.81950939308354,False,False,False,False,False,False,False
2025-09-01,2025,9,3,2,CAUCA,399.0,84.0,19.0,35.0,11935.0,3.0,0.0,774.0,32.0,12.0,5212.0,8055.0,1449.0,3922.212,126.81950939308354,False,False,False,False,False,False,False
2025-09-01,2025,9,3,2,CESAR,342.0,71.0,18.0,35.0,16923.0,2.0,0.0,949.0,24.0,16.0,8977.0,14984.0,2184.0,3922.212,126.81950939308354,False,False,False,False,False,False,False
2025-09-01,2025,9,3,2,CHOCO,213.0,62.0,8.0,33.0,25589.0,5.0,0.0,631.0,17.0,7.0,4447.0,8587.0,1011.0,3922.212,126.81950939308354,False,False,False,False,False,False,False
2025-09-01,2025,9,3,2,CORDOBA,324.0,72.0,19.0,38.0,52281.0,2.0,0.0,1052.0,25.0,14.0,8645.0,17262.0,2275.0,3922.212,126.81950939308354,False,False,False,False,False,False,False
2025-09-01,2025,9,3,2,CUNDINAMARCA,2088.0,522.0,73.0,59.0,0.0,0.0,0.0,8787.0,113.0,17.0,39223.0,94738.0,16399.0,3922.212,126.81950939308354,False,False,False,False,False,False,False
2025-09-01,2025,9,3,2,GUAINIA,7.0,3.0,2.0,3.0,3040.0,2.0,0.0,110.0,2.0,7.0,428.0,783.0,122.0,3922.212,126.81950939308354,False,False,False,False,False,False,False
2025-09-01,2025,9,3,2,GUAVIARE,9.0,5.0,1.0,5.0,847.0,2.0,0.0,217.0,3.0,10.0,937.0,1640.0,377.0,3922.212,126.81950939308354,False,False,False,False,False,False,False
2025-09-01,2025,9,3,2,HUILA,415.0,90.0,21.0,37.0,14287.0,2.0,0.0,2225.0,37.0,17.0,11598.0,22809.0,3767.0,3922.212,126.81950939308354,False,False,False,False,False,False,False
2025-09-01,2025,9,3,2,LA GUAJIRA,979.0,114.0,13.0,52.0,21502.0,1.0,0.0,1067.0,13.0,13.0,8131.0,14131.0,3555.0,3922.212,126.81950939308354,False,False,False,False,False,False,False
2025-09-01,2025,9,3,2,MAGDALENA,4449.0,144.0,15.0,88.0,140727.0,1.0,1289.0,8827.0,19.0,15.0,29086.0,77210.0,15484.0,3922.212,126.81950939308354,False,False,False,False,False,False,False
2025-09-01,2025,9,3,2,META,586.0,100.0,18.0,42.0,11430.0,2.0,0.0,2945.0,29.0,15.0,22395.0,41373.0,4369.0,3922.212,126.81950939308354,False,False,False,False,False,False,False
2025-09-01,2025,9,3,2,NARINO,1153.0,115.0,24.0,50.0,36570.0,3.0,0.0,1629.0,45.0,15.0,12642.0,20381.0,2967.0,3922.212,126.81950939308354,False,False,False,False,False,False,False
2025-09-01,2025,9,3,2,NORTE DE SANTANDER,3761.535,163.0,21.0,59.0,51063.0,2.0,4001.0,1544.0,31.0,13.0,11516.0,19438.0,3870.0,3922.212,126.81950939308354,False,False,False,False,False,False,False
2025-09-01,2025,9,3,2,PUTUMAYO,108.0,51.0,11.0,24.0,6614.0,3.0,0.0,612.0,13.0,11.0,4788.0,6223.0,1052.0,3922.212,126.81950939308354,False,False,False,False,False,False,False
2025-09-01,2025,9,3,2,QUINDIO,2111.0,180.0,11.0,62.0,20822.0,1.0,2504.0,4356.0,12.0,14.0,17713.0,46507.0,7672.0,3922.212,126.81950939308354,False,False,False,False,False,False,False
2025-09-01,2025,9,3,2,RISARALDA,2834.125,148.0,14.0,66.0,86427.0,1.0,7763.0,2994.0,14.0,16.0,12139.0,27444.0,6257.0,3922.212,126.81950939308354,False,False,False,False,False,False,False
2025-09-01,2025,9,3,2,"SAN ANDRES, PROVIDENCIA Y SANTA CATALINA",2677.491,78.0,2.0,54.0,88087.0,2.0,2188.0,1733.0,2.0,14.0,9588.0,22997.0,5232.0,3922.212,126.81950939308354,False,False,False,False,False,False,False
2025-09-01,2025,9,3,2,SANTANDER,2486.0,245.0,36.0,70.0,78469.0,3.0,3359.0,5123.0,83.0,15.0,28495.0,56863.0,6150.0,3922.212,126.81950939308354,False,False,False,False,False,False,False
2025-09-01,2025,9,3,2,SUCRE,155.0,51.0,12.0,28.0,2423.0,1.0,0.0,1362.0,20.0,11.0,10053.0,27350.0,2682.0,3922.212,126.81950939308354,False,False,False,False,False,False,False
2025-09-01,2025,9,3,2,TOLIMA,593.0,114.0,26.0,47.0,9317.0,1.0,0.0,4108.0,46.0,16.0,21432.0,51967.0,6283.0,3922.212,126.81950939308354,False,False,False,False,False,False,False
2025-09-01,2025,9,3,2,VALLE DEL CAUCA,9563.245,514.0,42.0,115.0,219025.0,3.0,33742.0,7974.0,42.0,17.0,36823.0,74409.0,18956.0,3922.212,126.81950939308354,False,False,False,False,False,False,False
2025-09-01,2025,9,3,2,VAUPES,0.0,0.0,0.0,0.0,1681.0,1.0,0.0,48.0,3.0,7.0,269.0,562.0,66.0,3922.212,126.81950939308354,False,False,False,False,False,False,False
2025-09-01,2025,9,3,2,VICHADA,30.0,12.0,2.0,11.0,2645.0,1.0,0.0,86.0,4.0,5.0,702.0,1066.0,114.0,3922.212,126.81950939308354,False,False,False,False,False,False,False
2025-10-01,2025,10,4,2,AMAZONAS,626.0,75.0,5.0,51.0,,,,518.0,3.0,11.0,2570.0,5944.0,1208.0,3877.8448387096773,126.99332022220045,True,True,False,False,False,False,False
2025-10-01,2025,10,4,2,ANTIOQUIA,14033.903,846.0,96.0,144.0,,,,22837.0,124.0,18.0,95002.0,204094.0,49839.0,3877.8448387096773,126.99332022220045,True,True,False,False,False,False,False
2025-10-01,2025,10,4,2,ARAUCA,97.0,24.0,5.0,14.0,,,,161.0,6.0,10.0,1567.0,2387.0,338.0,3877.8448387096773,126.99332022220045,True,True,False,False,False,False,False
2025-10-01,2025,10,4,2,ATLANTICO,4704.5470000000005,192.0,19.0,91.0,,,,2988.0,19.0,15.0,16257.0,30668.0,11160.0,3877.8448387096773,126.99332022220045,True,True,False,False,False,False,False
2025-10-01,2025,10,4,2,BOGOTA D.C.,13768.12,178.0,2.0,177.0,,,,15069.0,7.0,20.0,83870.0,84130.0,56596.0,3877.8448387096773,126.99332022220045,True,True,False,False,False,False,False
2025-10-01,2025,10,4,2,BOLIVAR,9931.079,238.0,27.0,138.0,,,,12483.0,28.0,19.0,40016.0,89505.0,24310.0,3877.8448387096773,126.99332022220045,True,True,False,False,False,False,False
2025-10-01,2025,10,4,2,BOYACA,1037.0,202.0,48.0,45.0,,,,4406.0,111.0,15.0,21654.0,47143.0,7108.0,3877.8448387096773,126.99332022220045,True,True,False,False,False,False,False
2025-10-01,2025,10,4,2,CALDAS,1128.0,143.0,21.0,45.0,,,,2542.0,27.0,14.0,11920.0,25048.0,5469.0,3877.8448387096773,126.99332022220045,True,True,False,False,False,False,False
2025-10-01,2025,10,4,2,CAQUETA,78.0,29.0,6.0,17.0,,,,414.0,13.0,11.0,2715.0,4062.0,705.0,3877.8448387096773,126.99332022220045,True,True,False,False,False,False,False
2025-10-01,2025,10,4,2,CASANARE,136.0,43.0,7.0,25.0,,,,901.0,17.0,14.0,8376.0,13322.0,1510.0,3877.8448387096773,126.99332022220045,True,True,False,False,False,False,False
2025-10-01,2025,10,4,2,CAUCA,385.0,83.0,18.0,40.0,,,,774.0,32.0,12.0,5212.0,8055.0,1449.0,3877.8448387096773,126.99332022220045,True,True,False,False,False,False,False
2025-10-01,2025,10,4,2,CESAR,351.0,62.0,14.0,34.0,,,,949.0,24.0,16.0,8977.0,14984.0,2184.0,3877.8448387096773,126.99332022220045,True,True,False,False,False,False,False
2025-10-01,2025,10,4,2,CHOCO,318.0,54.0,7.0,35.0,,,,631.0,17.0,7.0,4447.0,8587.0,1011.0,3877.8448387096773,126.99332022220045,True,True,False,False,False,False,False
2025-10-01,2025,10,4,2,CORDOBA,539.0,94.0,18.0,40.0,,,,1052.0,25.0,14.0,8645.0,17262.0,2275.0,3877.8448387096773,126.99332022220045,True,True,False,False,False,False,False
2025-10-01,2025,10,4,2,CUNDINAMARCA,2754.0,604.0,84.0,65.0,,,,8787.0,113.0,17.0,39223.0,94738.0,16399.0,3877.8448387096773,126.99332022220045,True,True,False,False,False,False,False
2025-10-01,2025,10,4,2,GUAINIA,6.0,3.0,1.0,3.0,,,,110.0,2.0,7.0,428.0,783.0,122.0,3877.8448387096773,126.99332022220045,True,True,False,False,False,False,False
2025-10-01,2025,10,4,2,GUAVIARE,7.0,6.0,1.0,6.0,,,,217.0,3.0,10.0,937.0,1640.0,377.0,3877.8448387096773,126.99332022220045,True,True,False,False,False,False,False
2025-10-01,2025,10,4,2,HUILA,412.0,102.0,22.0,39.0,,,,2225.0,37.0,17.0,11598.0,22809.0,3767.0,3877.8448387096773,126.99332022220045,True,True,False,False,False,False,False
2025-10-01,2025,10,4,2,LA GUAJIRA,971.0,84.0,12.0,35.0,,,,1067.0,13.0,13.0,8131.0,14131.0,3555.0,3877.8448387096773,126.99332022220045,True,True,False,False,False,False,False
2025-10-01,2025,10,4,2,MAGDALENA,4467.0,143.0,12.0,90.0,,,,8827.0,19.0,15.0,29086.0,77210.0,15484.0,3877.8448387096773,126.99332022220045,True,True,False,False,False,False,False
2025-10-01,2025,10,4,2,META,602.0,97.0,19.0,37.0,,,,2945.0,29.0,15.0,22395.0,41373.0,4369.0,3877.8448387096773,126.99332022220045,True,True,False,False,False,False,False
2025-10-01,2025,10,4,2,NARINO,1206.0,117.0,27.0,44.0,,,,1629.0,45.0,15.0,12642.0,20381.0,2967.0,3877.8448387096773,126.99332022220045,True,True,False,False,False,False,False
2025-10-01,2025,10,4,2,NORTE DE SANTANDER,3585.285,158.0,17.0,58.0,,,,1544.0,31.0,13.0,11516.0,19438.0,3870.0,3877.8448387096773,126.99332022220045,True,True,False,False,False,False,False
2025-10-01,2025,10,4,2,PUTUMAYO,181.0,64.0,10.0,29.0,,,,612.0,13.0,11.0,4788.0,6223.0,1052.0,3877.8448387096773,126.99332022220045,True,True,False,False,False,False,False
2025-10-01,2025,10,4,2,QUINDIO,1939.0,159.0,11.0,52.0,,,,4356.0,12.0,14.0,17713.0,46507.0,7672.0,3877.8448387096773,126.99332022220045,True,True,False,False,False,False,False
2025-10-01,2025,10,4,2,RISARALDA,2603.286,164.0,13.0,69.0,,,,2994.0,14.0,16.0,12139.0,27444.0,6257.0,3877.8448387096773,126.99332022220045,True,True,False,False,False,False,False
2025-10-01,2025,10,4,2,"SAN ANDRES, PROVIDENCIA Y SANTA CATALINA",3873.881,65.0,2.0,46.0,,,,1733.0,2.0,14.0,9588.0,22997.0,5232.0,3877.8448387096773,126.99332022220045,True,True,False,False,False,False,False
2025-10-01,2025,10,4,2,SANTANDER,2672.0,248.0,39.0,72.0,,,,5123.0,83.0,15.0,28495.0,56863.0,6150.0,3877.8448387096773,126.99332022220045,True,True,False,False,False,False,False
2025-10-01,2025,10,4,2,SUCRE,128.0,52.0,16.0,25.0,,,,1362.0,20.0,11.0,10053.0,27350.0,2682.0,3877.8448387096773,126.99332022220045,True,True,False,False,False,False,False
2025-10-01,2025,10,4,2,TOLIMA,842.0,125.0,24.0,49.0,,,,4108.0,46.0,16.0,21432.0,51967.0,6283.0,3877.8448387096773,126.99332022220045,True,True,False,False,False,False,False
2025-10-01,2025,10,4,2,VALLE DEL CAUCA,10917.87,528.0,40.0,118.0,,,,7974.0,42.0,17.0,36823.0,74409.0,18956.0,3877.8448387096773,126.99332022220045,True,True,False,False,False,False,False
2025-10-01,2025,10,4,2,VAUPES,3.0,2.0,1.0,2.0,,,,48.0,3.0,7.0,269.0,562.0,66.0,3877.8448387096773,126.99332022220045,True,True,False,False,False,False,False
2025-10-01,2025,10,4,2,VICHADA,22.0,6.0,1.0,6.0,,,,86.0,4.0,5.0,702.0,1066.0,114.0,3877.8448387096773,126.99332022220045,True,True,False,False,False,False,False
